model,stage,h,n_target_months,n_series,mae,r2,r2_change,wape,coverage,base_model,variant,category
original,test,1,6,50,879.7681510416667,0.9556403077113564,0.7181425285223297,0.03158916906280995,1.0,Ensemble,original,Все категории
original,test,3,6,50,999.2400260416666,0.9426717179720451,0.7648401001817773,0.03587895524472319,1.0,Ensemble,original,Все категории
original,test,6,6,50,853.9993489583334,0.9611575476976223,0.8359638082383447,0.030663908191985414,1.0,Ensemble,original,Все категории
original,test,12,6,50,1115.1632877604168,0.9385464433664624,-0.11916053266872928,0.04004132405565384,1.0,Ensemble,original,Все категории
original,test,1,6,50,99.18536112467449,0.8756391369291052,-0.5064002773144147,0.07182192566540994,1.0,Ensemble,original,Здоровье
original,test,3,6,50,106.74257568359376,0.8479364789149966,0.35601013850390717,0.07729424230703608,1.0,Ensemble,original,Здоровье
original,test,6,6,50,117.56940856933593,0.8195045693390837,0.36696891998489156,0.08513414910269874,1.0,Ensemble,original,Здоровье
original,test,12,6,50,189.75086018880208,0.5686107280296588,-2.1000293499349336,0.13740205228770816,1.0,Ensemble,original,Здоровье
original,test,1,6,50,417.1457080078125,0.7274190794167341,-0.311180385475172,0.07992588355739705,1.0,Ensemble,original,Маркетплейсы
original,test,3,6,50,440.2503255208333,0.6629184761845723,0.22573357542995565,0.08435277069427564,1.0,Ensemble,original,Маркетплейсы
original,test,6,6,50,517.8278344726563,0.6257955114902491,0.2600920190200029,0.09921676384613662,1.0,Ensemble,original,Маркетплейсы
original,test,12,6,50,897.6612483723958,0.02220105711097775,-6.237669488993934,0.17199354334494574,1.0,Ensemble,original,Маркетплейсы
original,test,1,6,50,71.89500803629558,0.9648016241057654,-0.32796761908513106,0.11396710423609088,1.0,Ensemble,original,Общественное питание
original,test,3,6,50,81.49402308146159,0.9519467429324483,0.5887078442777938,0.1291833477291573,1.0,Ensemble,original,Общественное питание
original,test,6,6,50,63.82054228464762,0.9702970092807948,0.7279293015709026,0.10116755799354452,1.0,Ensemble,original,Общественное питание
original,test,12,6,50,63.273473510742186,0.9715386223927329,0.4861068593888753,0.10030035113617111,1.0,Ensemble,original,Общественное питание
original,test,1,6,50,610.5308138020833,0.8009495473221435,0.5643493933865504,0.05049716983110424,1.0,Ensemble,original,Продовольствие
original,test,3,6,50,765.335615234375,0.7126617493217821,0.6591004483021596,0.06330111710432233,1.0,Ensemble,original,Продовольствие
original,test,6,6,50,597.6665104166667,0.8067087253124668,0.7326096264702815,0.0494331597956946,1.0,Ensemble,original,Продовольствие
original,test,12,6,50,499.75225911458335,0.8382659647299031,-0.1385262838935919,0.04133464541261949,1.0,Ensemble,original,Продовольствие
original,test,1,6,50,82.11425231933593,0.9609673358587787,0.2647715042598465,0.054565073994056655,1.0,Ensemble,original,Транспорт
original,test,3,6,50,98.81389892578125,0.9430062832852479,0.5632997884897974,0.06566202034645881,1.0,Ensemble,original,Транспорт
original,test,6,6,50,83.94850931803386,0.9537819004082295,0.628797619244744,0.05578394119470825,1.0,Ensemble,original,Транспорт
original,test,12,6,50,122.97881856282552,0.9098580578346194,-0.25094002201642374,0.0817196545672269,1.0,Ensemble,original,Транспорт
financial_only,test,1,6,50,879.7681510416667,0.9556403077113564,0.7181425285223297,0.03158916906280995,1.0,Ensemble,financial_only,Все категории
financial_only,test,3,6,50,999.2400260416666,0.9426717179720451,0.7648401001817773,0.03587895524472319,1.0,Ensemble,financial_only,Все категории
financial_only,test,6,6,50,1025.6333647134868,0.9430059632377573,0.7593075568241151,0.036826640878090296,1.0,Ensemble,financial_only,Все категории
financial_only,test,12,6,50,1115.1632877604168,0.9385464433664624,-0.11916053266872928,0.04004132405565384,1.0,Ensemble,financial_only,Все категории
financial_only,test,1,6,50,99.18536112467449,0.8756391369291052,-0.5064002773144147,0.07182192566540994,1.0,Ensemble,financial_only,Здоровье
financial_only,test,3,6,50,106.74257568359376,0.8479364789149966,0.35601013850390717,0.07729424230703608,1.0,Ensemble,financial_only,Здоровье
financial_only,test,6,6,50,143.9095076223228,0.7429957638803386,0.0986382948113288,0.1042074943499394,1.0,Ensemble,financial_only,Здоровье
financial_only,test,12,6,50,189.75086018880208,0.5686107280296588,-2.1000293499349336,0.13740205228770816,1.0,Ensemble,financial_only,Здоровье
financial_only,test,1,6,50,417.1457080078125,0.7274190794167341,-0.311180385475172,0.07992588355739705,1.0,Ensemble,financial_only,Маркетплейсы
financial_only,test,3,6,50,440.2503255208333,0.6629184761845723,0.22573357542995565,0.08435277069427564,1.0,Ensemble,financial_only,Маркетплейсы
financial_only,test,6,6,50,388.7116106035594,0.7562438661320912,0.518025265864777,0.074477858288132,1.0,Ensemble,financial_only,Маркетплейсы
financial_only,test,12,6,50,897.6612483723958,0.02220105711097775,-6.237669488993934,0.17199354334494574,1.0,Ensemble,financial_only,Маркетплейсы
financial_only,test,1,6,50,71.89500803629558,0.9648016241057654,-0.32796761908513106,0.11396710423609088,1.0,Ensemble,financial_only,Общественное питание
financial_only,test,3,6,50,81.49402308146159,0.9519467429324483,0.5887078442777938,0.1291833477291573,1.0,Ensemble,financial_only,Общественное питание
financial_only,test,6,6,50,68.26745309856229,0.9665372818955131,0.6934912995095419,0.1082167476674946,1.0,Ensemble,financial_only,Общественное питание
financial_only,test,12,6,50,63.273473510742186,0.9715386223927329,0.4861068593888753,0.10030035113617111,1.0,Ensemble,financial_only,Общественное питание
financial_only,test,1,6,50,610.5308138020833,0.8009495473221435,0.5643493933865504,0.05049716983110424,1.0,Ensemble,financial_only,Продовольствие
financial_only,test,3,6,50,765.335615234375,0.7126617493217821,0.6591004483021596,0.06330111710432233,1.0,Ensemble,financial_only,Продовольствие
financial_only,test,6,6,50,720.1452863543412,0.7262004069867558,0.6212380741632193,0.05956341269925315,1.0,Ensemble,financial_only,Продовольствие
financial_only,test,12,6,50,499.75225911458335,0.8382659647299031,-0.1385262838935919,0.04133464541261949,1.0,Ensemble,financial_only,Продовольствие
financial_only,test,1,6,50,82.11425231933593,0.9609673358587787,0.2647715042598465,0.054565073994056655,1.0,Ensemble,financial_only,Транспорт
financial_only,test,3,6,50,98.81389892578125,0.9430062832852479,0.5632997884897974,0.06566202034645881,1.0,Ensemble,financial_only,Транспорт
financial_only,test,6,6,50,84.81505887827576,0.9538002686916378,0.6289451447940799,0.05635976499555388,1.0,Ensemble,financial_only,Транспорт
financial_only,test,12,6,50,122.97881856282552,0.9098580578346194,-0.25094002201642374,0.0817196545672269,1.0,Ensemble,financial_only,Транспорт
local_news,test,1,6,50,879.7681510416667,0.9556403077113564,0.7181425285223297,0.03158916906280995,1.0,Ensemble,local_news,Все категории
local_news,test,3,6,50,999.2400260416666,0.9426717179720451,0.7648401001817773,0.03587895524472319,1.0,Ensemble,local_news,Все категории
local_news,test,6,6,50,1045.5119499910954,0.9394550035094209,0.7443114410690951,0.03754040619264545,1.0,Ensemble,local_news,Все категории
local_news,test,12,6,50,1115.1632877604168,0.9385464433664624,-0.11916053266872928,0.04004132405565384,1.0,Ensemble,local_news,Все категории
local_news,test,1,6,50,99.18536112467449,0.8756391369291052,-0.5064002773144147,0.07182192566540994,1.0,Ensemble,local_news,Здоровье
local_news,test,3,6,50,106.74257568359376,0.8479364789149966,0.35601013850390717,0.07729424230703608,1.0,Ensemble,local_news,Здоровье
local_news,test,6,6,50,136.68172318811295,0.7616107018095323,0.16392434786310417,0.09897372405890915,1.0,Ensemble,local_news,Здоровье
local_news,test,12,6,50,189.75086018880208,0.5686107280296588,-2.1000293499349336,0.13740205228770816,1.0,Ensemble,local_news,Здоровье
local_news,test,1,6,50,417.1457080078125,0.7274190794167341,-0.311180385475172,0.07992588355739705,1.0,Ensemble,local_news,Маркетплейсы
local_news,test,3,6,50,440.2503255208333,0.6629184761845723,0.22573357542995565,0.08435277069427564,1.0,Ensemble,local_news,Маркетплейсы
local_news,test,6,6,50,399.48495115695727,0.7445338551266609,0.4948712662032908,0.07654205011862528,1.0,Ensemble,local_news,Маркетплейсы
local_news,test,12,6,50,897.6612483723958,0.02220105711097775,-6.237669488993934,0.17199354334494574,1.0,Ensemble,local_news,Маркетплейсы
local_news,test,1,6,50,71.89500803629558,0.9648016241057654,-0.32796761908513106,0.11396710423609088,1.0,Ensemble,local_news,Общественное питание
local_news,test,3,6,50,81.49402308146159,0.9519467429324483,0.5887078442777938,0.1291833477291573,1.0,Ensemble,local_news,Общественное питание
local_news,test,6,6,50,67.1713285060761,0.9673468740455464,0.7009069265682617,0.10647918411336646,1.0,Ensemble,local_news,Общественное питание
local_news,test,12,6,50,63.273473510742186,0.9715386223927329,0.4861068593888753,0.10030035113617111,1.0,Ensemble,local_news,Общественное питание
local_news,test,1,6,50,610.5308138020833,0.8009495473221435,0.5643493933865504,0.05049716983110424,1.0,Ensemble,local_news,Продовольствие
local_news,test,3,6,50,765.335615234375,0.7126617493217821,0.6591004483021596,0.06330111710432233,1.0,Ensemble,local_news,Продовольствие
local_news,test,6,6,50,722.1804737602768,0.7263234453715881,0.6214082798785677,0.059731743603692905,1.0,Ensemble,local_news,Продовольствие
local_news,test,12,6,50,499.75225911458335,0.8382659647299031,-0.1385262838935919,0.04133464541261949,1.0,Ensemble,local_news,Продовольствие
local_news,test,1,6,50,82.11425231933593,0.9609673358587787,0.2647715042598465,0.054565073994056655,1.0,Ensemble,local_news,Транспорт
local_news,test,3,6,50,98.81389892578125,0.9430062832852479,0.5632997884897974,0.06566202034645881,1.0,Ensemble,local_news,Транспорт
local_news,test,6,6,50,85.88635750258044,0.9528434085591476,0.6212600871571928,0.057071644931786965,1.0,Ensemble,local_news,Транспорт
local_news,test,12,6,50,122.97881856282552,0.9098580578346194,-0.25094002201642374,0.0817196545672269,1.0,Ensemble,local_news,Транспорт
local_policy,test,1,6,50,879.7681510416667,0.9556403077113564,0.7181425285223297,0.03158916906280995,1.0,Ensemble,local_policy,Все категории
local_policy,test,3,6,50,999.2400260416666,0.9426717179720451,0.7648401001817773,0.03587895524472319,1.0,Ensemble,local_policy,Все категории
local_policy,test,6,6,50,1045.5119499910954,0.9394550035094209,0.7443114410690951,0.03754040619264545,1.0,Ensemble,local_policy,Все категории
local_policy,test,12,6,50,1115.1632877604168,0.9385464433664624,-0.11916053266872928,0.04004132405565384,1.0,Ensemble,local_policy,Все категории
local_policy,test,1,6,50,99.18536112467449,0.8756391369291052,-0.5064002773144147,0.07182192566540994,1.0,Ensemble,local_policy,Здоровье
local_policy,test,3,6,50,106.74257568359376,0.8479364789149966,0.35601013850390717,0.07729424230703608,1.0,Ensemble,local_policy,Здоровье
local_policy,test,6,6,50,136.68172318811295,0.7616107018095323,0.16392434786310417,0.09897372405890915,1.0,Ensemble,local_policy,Здоровье
local_policy,test,12,6,50,189.75086018880208,0.5686107280296588,-2.1000293499349336,0.13740205228770816,1.0,Ensemble,local_policy,Здоровье
local_policy,test,1,6,50,417.1457080078125,0.7274190794167341,-0.311180385475172,0.07992588355739705,1.0,Ensemble,local_policy,Маркетплейсы
local_policy,test,3,6,50,440.2503255208333,0.6629184761845723,0.22573357542995565,0.08435277069427564,1.0,Ensemble,local_policy,Маркетплейсы
local_policy,test,6,6,50,399.48495115695727,0.7445338551266609,0.4948712662032908,0.07654205011862528,1.0,Ensemble,local_policy,Маркетплейсы
local_policy,test,12,6,50,897.6612483723958,0.02220105711097775,-6.237669488993934,0.17199354334494574,1.0,Ensemble,local_policy,Маркетплейсы
local_policy,test,1,6,50,71.89500803629558,0.9648016241057654,-0.32796761908513106,0.11396710423609088,1.0,Ensemble,local_policy,Общественное питание
local_policy,test,3,6,50,81.49402308146159,0.9519467429324483,0.5887078442777938,0.1291833477291573,1.0,Ensemble,local_policy,Общественное питание
local_policy,test,6,6,50,67.1713285060761,0.9673468740455464,0.7009069265682617,0.10647918411336646,1.0,Ensemble,local_policy,Общественное питание
local_policy,test,12,6,50,63.273473510742186,0.9715386223927329,0.4861068593888753,0.10030035113617111,1.0,Ensemble,local_policy,Общественное питание
local_policy,test,1,6,50,610.5308138020833,0.8009495473221435,0.5643493933865504,0.05049716983110424,1.0,Ensemble,local_policy,Продовольствие
local_policy,test,3,6,50,765.335615234375,0.7126617493217821,0.6591004483021596,0.06330111710432233,1.0,Ensemble,local_policy,Продовольствие
local_policy,test,6,6,50,722.1804737602768,0.7263234453715881,0.6214082798785677,0.059731743603692905,1.0,Ensemble,local_policy,Продовольствие
local_policy,test,12,6,50,499.75225911458335,0.8382659647299031,-0.1385262838935919,0.04133464541261949,1.0,Ensemble,local_policy,Продовольствие
local_policy,test,1,6,50,82.11425231933593,0.9609673358587787,0.2647715042598465,0.054565073994056655,1.0,Ensemble,local_policy,Транспорт
local_policy,test,3,6,50,98.81389892578125,0.9430062832852479,0.5632997884897974,0.06566202034645881,1.0,Ensemble,local_policy,Транспорт
local_policy,test,6,6,50,85.88635750258044,0.9528434085591476,0.6212600871571928,0.057071644931786965,1.0,Ensemble,local_policy,Транспорт
local_policy,test,12,6,50,122.97881856282552,0.9098580578346194,-0.25094002201642374,0.0817196545672269,1.0,Ensemble,local_policy,Транспорт
local_news_coverage,test,1,6,50,879.7681510416667,0.9556403077113564,0.7181425285223297,0.03158916906280995,1.0,Ensemble,local_news_coverage,Все категории
local_news_coverage,test,3,6,50,999.2400260416666,0.9426717179720451,0.7648401001817773,0.03587895524472319,1.0,Ensemble,local_news_coverage,Все категории
local_news_coverage,test,6,6,50,1059.651436563185,0.9388885109978194,0.7419190773341485,0.03804810203416712,1.0,Ensemble,local_news_coverage,Все категории
local_news_coverage,test,12,6,50,1115.1632877604168,0.9385464433664624,-0.11916053266872928,0.04004132405565384,1.0,Ensemble,local_news_coverage,Все категории
local_news_coverage,test,1,6,50,99.18536112467449,0.8756391369291052,-0.5064002773144147,0.07182192566540994,1.0,Ensemble,local_news_coverage,Здоровье
local_news_coverage,test,3,6,50,106.74257568359376,0.8479364789149966,0.35601013850390717,0.07729424230703608,1.0,Ensemble,local_news_coverage,Здоровье
local_news_coverage,test,6,6,50,142.45605532812914,0.7453310053560509,0.10682842144253057,0.10315502308353366,1.0,Ensemble,local_news_coverage,Здоровье
local_news_coverage,test,12,6,50,189.75086018880208,0.5686107280296588,-2.1000293499349336,0.13740205228770816,1.0,Ensemble,local_news_coverage,Здоровье
local_news_coverage,test,1,6,50,417.1457080078125,0.7274190794167341,-0.311180385475172,0.07992588355739705,1.0,Ensemble,local_news_coverage,Маркетплейсы
local_news_coverage,test,3,6,50,440.2503255208333,0.6629184761845723,0.22573357542995565,0.08435277069427564,1.0,Ensemble,local_news_coverage,Маркетплейсы
local_news_coverage,test,6,6,50,386.6738054952864,0.7575213496644142,0.520551211678256,0.07408741108786153,1.0,Ensemble,local_news_coverage,Маркетплейсы
local_news_coverage,test,12,6,50,897.6612483723958,0.02220105711097775,-6.237669488993934,0.17199354334494574,1.0,Ensemble,local_news_coverage,Маркетплейсы
local_news_coverage,test,1,6,50,71.89500803629558,0.9648016241057654,-0.32796761908513106,0.11396710423609088,1.0,Ensemble,local_news_coverage,Общественное питание
local_news_coverage,test,3,6,50,81.49402308146159,0.9519467429324483,0.5887078442777938,0.1291833477291573,1.0,Ensemble,local_news_coverage,Общественное питание
local_news_coverage,test,6,6,50,66.48023413542565,0.9679900300063847,0.7067980468638015,0.10538366960786515,1.0,Ensemble,local_news_coverage,Общественное питание
local_news_coverage,test,12,6,50,63.273473510742186,0.9715386223927329,0.4861068593888753,0.10030035113617111,1.0,Ensemble,local_news_coverage,Общественное питание
local_news_coverage,test,1,6,50,610.5308138020833,0.8009495473221435,0.5643493933865504,0.05049716983110424,1.0,Ensemble,local_news_coverage,Продовольствие
local_news_coverage,test,3,6,50,765.335615234375,0.7126617493217821,0.6591004483021596,0.06330111710432233,1.0,Ensemble,local_news_coverage,Продовольствие
local_news_coverage,test,6,6,50,737.4416836429709,0.7168693758039464,0.6083299492754184,0.06099400242806792,1.0,Ensemble,local_news_coverage,Продовольствие
local_news_coverage,test,12,6,50,499.75225911458335,0.8382659647299031,-0.1385262838935919,0.04133464541261949,1.0,Ensemble,local_news_coverage,Продовольствие
local_news_coverage,test,1,6,50,82.11425231933593,0.9609673358587787,0.2647715042598465,0.054565073994056655,1.0,Ensemble,local_news_coverage,Транспорт
local_news_coverage,test,3,6,50,98.81389892578125,0.9430062832852479,0.5632997884897974,0.06566202034645881,1.0,Ensemble,local_news_coverage,Транспорт
local_news_coverage,test,6,6,50,85.54470113664794,0.9529163627317453,0.6218460212997363,0.05684461363866688,1.0,Ensemble,local_news_coverage,Транспорт
local_news_coverage,test,12,6,50,122.97881856282552,0.9098580578346194,-0.25094002201642374,0.0817196545672269,1.0,Ensemble,local_news_coverage,Транспорт
local_policy_coverage,test,1,6,50,879.7681510416667,0.9556403077113564,0.7181425285223297,0.03158916906280995,1.0,Ensemble,local_policy_coverage,Все категории
local_policy_coverage,test,3,6,50,999.2400260416666,0.9426717179720451,0.7648401001817773,0.03587895524472319,1.0,Ensemble,local_policy_coverage,Все категории
local_policy_coverage,test,6,6,50,1059.651436563185,0.9388885109978194,0.7419190773341485,0.03804810203416712,1.0,Ensemble,local_policy_coverage,Все категории
local_policy_coverage,test,12,6,50,1115.1632877604168,0.9385464433664624,-0.11916053266872928,0.04004132405565384,1.0,Ensemble,local_policy_coverage,Все категории
local_policy_coverage,test,1,6,50,99.18536112467449,0.8756391369291052,-0.5064002773144147,0.07182192566540994,1.0,Ensemble,local_policy_coverage,Здоровье
local_policy_coverage,test,3,6,50,106.74257568359376,0.8479364789149966,0.35601013850390717,0.07729424230703608,1.0,Ensemble,local_policy_coverage,Здоровье
local_policy_coverage,test,6,6,50,142.45605532812914,0.7453310053560509,0.10682842144253057,0.10315502308353366,1.0,Ensemble,local_policy_coverage,Здоровье
local_policy_coverage,test,12,6,50,189.75086018880208,0.5686107280296588,-2.1000293499349336,0.13740205228770816,1.0,Ensemble,local_policy_coverage,Здоровье
local_policy_coverage,test,1,6,50,417.1457080078125,0.7274190794167341,-0.311180385475172,0.07992588355739705,1.0,Ensemble,local_policy_coverage,Маркетплейсы
local_policy_coverage,test,3,6,50,440.2503255208333,0.6629184761845723,0.22573357542995565,0.08435277069427564,1.0,Ensemble,local_policy_coverage,Маркетплейсы
local_policy_coverage,test,6,6,50,386.6738054952864,0.7575213496644142,0.520551211678256,0.07408741108786153,1.0,Ensemble,local_policy_coverage,Маркетплейсы
local_policy_coverage,test,12,6,50,897.6612483723958,0.02220105711097775,-6.237669488993934,0.17199354334494574,1.0,Ensemble,local_policy_coverage,Маркетплейсы
local_policy_coverage,test,1,6,50,71.89500803629558,0.9648016241057654,-0.32796761908513106,0.11396710423609088,1.0,Ensemble,local_policy_coverage,Общественное питание
local_policy_coverage,test,3,6,50,81.49402308146159,0.9519467429324483,0.5887078442777938,0.1291833477291573,1.0,Ensemble,local_policy_coverage,Общественное питание
local_policy_coverage,test,6,6,50,66.48023413542565,0.9679900300063847,0.7067980468638015,0.10538366960786515,1.0,Ensemble,local_policy_coverage,Общественное питание
local_policy_coverage,test,12,6,50,63.273473510742186,0.9715386223927329,0.4861068593888753,0.10030035113617111,1.0,Ensemble,local_policy_coverage,Общественное питание
local_policy_coverage,test,1,6,50,610.5308138020833,0.8009495473221435,0.5643493933865504,0.05049716983110424,1.0,Ensemble,local_policy_coverage,Продовольствие
local_policy_coverage,test,3,6,50,765.335615234375,0.7126617493217821,0.6591004483021596,0.06330111710432233,1.0,Ensemble,local_policy_coverage,Продовольствие
local_policy_coverage,test,6,6,50,737.4416836429709,0.7168693758039464,0.6083299492754184,0.06099400242806792,1.0,Ensemble,local_policy_coverage,Продовольствие
local_policy_coverage,test,12,6,50,499.75225911458335,0.8382659647299031,-0.1385262838935919,0.04133464541261949,1.0,Ensemble,local_policy_coverage,Продовольствие
local_policy_coverage,test,1,6,50,82.11425231933593,0.9609673358587787,0.2647715042598465,0.054565073994056655,1.0,Ensemble,local_policy_coverage,Транспорт
local_policy_coverage,test,3,6,50,98.81389892578125,0.9430062832852479,0.5632997884897974,0.06566202034645881,1.0,Ensemble,local_policy_coverage,Транспорт
local_policy_coverage,test,6,6,50,85.54470113664794,0.9529163627317453,0.6218460212997363,0.05684461363866688,1.0,Ensemble,local_policy_coverage,Транспорт
local_policy_coverage,test,12,6,50,122.97881856282552,0.9098580578346194,-0.25094002201642374,0.0817196545672269,1.0,Ensemble,local_policy_coverage,Транспорт
transferred_news,test,1,6,50,879.7681510416667,0.9556403077113564,0.7181425285223297,0.03158916906280995,1.0,Ensemble,transferred_news,Все категории
transferred_news,test,3,6,50,999.2400260416666,0.9426717179720451,0.7648401001817773,0.03587895524472319,1.0,Ensemble,transferred_news,Все категории
transferred_news,test,6,6,50,1045.5119499910954,0.9394550035094209,0.7443114410690951,0.03754040619264545,1.0,Ensemble,transferred_news,Все категории
transferred_news,test,12,6,50,1115.1632877604168,0.9385464433664624,-0.11916053266872928,0.04004132405565384,1.0,Ensemble,transferred_news,Все категории
transferred_news,test,1,6,50,99.18536112467449,0.8756391369291052,-0.5064002773144147,0.07182192566540994,1.0,Ensemble,transferred_news,Здоровье
transferred_news,test,3,6,50,106.74257568359376,0.8479364789149966,0.35601013850390717,0.07729424230703608,1.0,Ensemble,transferred_news,Здоровье
transferred_news,test,6,6,50,136.68172318811295,0.7616107018095323,0.16392434786310417,0.09897372405890915,1.0,Ensemble,transferred_news,Здоровье
transferred_news,test,12,6,50,189.75086018880208,0.5686107280296588,-2.1000293499349336,0.13740205228770816,1.0,Ensemble,transferred_news,Здоровье
transferred_news,test,1,6,50,417.1457080078125,0.7274190794167341,-0.311180385475172,0.07992588355739705,1.0,Ensemble,transferred_news,Маркетплейсы
transferred_news,test,3,6,50,440.2503255208333,0.6629184761845723,0.22573357542995565,0.08435277069427564,1.0,Ensemble,transferred_news,Маркетплейсы
transferred_news,test,6,6,50,399.48495115695727,0.7445338551266609,0.4948712662032908,0.07654205011862528,1.0,Ensemble,transferred_news,Маркетплейсы
transferred_news,test,12,6,50,897.6612483723958,0.02220105711097775,-6.237669488993934,0.17199354334494574,1.0,Ensemble,transferred_news,Маркетплейсы
transferred_news,test,1,6,50,71.89500803629558,0.9648016241057654,-0.32796761908513106,0.11396710423609088,1.0,Ensemble,transferred_news,Общественное питание
transferred_news,test,3,6,50,81.49402308146159,0.9519467429324483,0.5887078442777938,0.1291833477291573,1.0,Ensemble,transferred_news,Общественное питание
transferred_news,test,6,6,50,67.1713285060761,0.9673468740455464,0.7009069265682617,0.10647918411336646,1.0,Ensemble,transferred_news,Общественное питание
transferred_news,test,12,6,50,63.273473510742186,0.9715386223927329,0.4861068593888753,0.10030035113617111,1.0,Ensemble,transferred_news,Общественное питание
transferred_news,test,1,6,50,610.5308138020833,0.8009495473221435,0.5643493933865504,0.05049716983110424,1.0,Ensemble,transferred_news,Продовольствие
transferred_news,test,3,6,50,765.335615234375,0.7126617493217821,0.6591004483021596,0.06330111710432233,1.0,Ensemble,transferred_news,Продовольствие
transferred_news,test,6,6,50,722.1804737602768,0.7263234453715881,0.6214082798785677,0.059731743603692905,1.0,Ensemble,transferred_news,Продовольствие
transferred_news,test,12,6,50,499.75225911458335,0.8382659647299031,-0.1385262838935919,0.04133464541261949,1.0,Ensemble,transferred_news,Продовольствие
transferred_news,test,1,6,50,82.11425231933593,0.9609673358587787,0.2647715042598465,0.054565073994056655,1.0,Ensemble,transferred_news,Транспорт
transferred_news,test,3,6,50,98.81389892578125,0.9430062832852479,0.5632997884897974,0.06566202034645881,1.0,Ensemble,transferred_news,Транспорт
transferred_news,test,6,6,50,85.88635750258044,0.9528434085591476,0.6212600871571928,0.057071644931786965,1.0,Ensemble,transferred_news,Транспорт
transferred_news,test,12,6,50,122.97881856282552,0.9098580578346194,-0.25094002201642374,0.0817196545672269,1.0,Ensemble,transferred_news,Транспорт
original,test,1,6,50,910.8627734375,0.9505874507152635,0.6860371323128611,0.0327056601322391,1.0,PastOnlyBlend,original,Все категории
original,test,3,6,50,985.3319140625,0.9489855092640331,0.790739193529334,0.03537956719557161,1.0,PastOnlyBlend,original,Все категории
original,test,6,6,50,1221.77849609375,0.9304175119610447,0.7061450635928965,0.04386947563936452,1.0,PastOnlyBlend,original,Все категории
original,test,12,6,50,1153.699453125,0.9320870348984884,-0.23679595391621922,0.04142501297561858,1.0,PastOnlyBlend,original,Все категории
original,test,1,6,50,92.59853576660156,0.8894385262002877,-0.3392463728498838,0.0670522855101062,1.0,PastOnlyBlend,original,Здоровье
original,test,3,6,50,137.52358174641927,0.7333789745871322,-0.12914153244944293,0.09958332916706078,1.0,PastOnlyBlend,original,Здоровье
original,test,6,6,50,188.7991103108724,0.5780252316591754,-0.47994407594584576,0.13671287287443964,1.0,PastOnlyBlend,original,Здоровье
original,test,12,6,50,210.27828348795572,0.48917136517462867,-2.6708927728149896,0.15226633320151176,1.0,PastOnlyBlend,original,Здоровье
original,test,1,6,50,455.4786564127604,0.6842470883460228,-0.5188481406969989,0.08727054685324521,1.0,PastOnlyBlend,original,Маркетплейсы
original,test,3,6,50,428.42341959635417,0.6786323980785898,0.26182799550714664,0.08208671380427761,1.0,PastOnlyBlend,original,Маркетплейсы
original,test,6,6,50,390.3760221354167,0.7397888317515198,0.4854890145921851,0.07479676259358951,1.0,PastOnlyBlend,original,Маркетплейсы
original,test,12,6,50,940.3368082682292,-0.02757423966016259,-6.606106322932083,0.18017025897572772,1.0,PastOnlyBlend,original,Маркетплейсы
original,test,1,6,50,71.0296706644694,0.9653947575280702,-0.30558982583169336,0.11259538181546731,1.0,PastOnlyBlend,original,Общественное питание
original,test,3,6,50,94.80092018127442,0.9344493495761356,0.43894607843285605,0.15027728137289076,1.0,PastOnlyBlend,original,Общественное питание
original,test,6,6,50,85.0847029876709,0.9413788007975079,0.4630469786511774,0.13487525044016058,1.0,PastOnlyBlend,original,Общественное питание
original,test,12,6,50,74.05531956990559,0.9600804426135581,0.27922017689380074,0.11739160416255405,1.0,PastOnlyBlend,original,Общественное питание
original,test,1,6,50,637.3030598958334,0.7924899993144275,0.5458344532210962,0.052711509594460505,1.0,PastOnlyBlend,original,Продовольствие
original,test,3,6,50,788.4448697916666,0.6901243080719622,0.6323619141865471,0.06521248984042156,1.0,PastOnlyBlend,original,Продовольствие
original,test,6,6,50,764.1788639322916,0.6980338817460393,0.5822737819709076,0.06320544188919291,1.0,PastOnlyBlend,original,Продовольствие
original,test,12,6,50,564.784658203125,0.7984609100036661,-0.41873385406866714,0.046713492846784874,1.0,PastOnlyBlend,original,Продовольствие
original,test,1,6,50,85.41066650390626,0.9582495271541496,0.2135782165461414,0.056755547374933824,1.0,PastOnlyBlend,original,Транспорт
original,test,3,6,50,110.53331115722656,0.9289783171134115,0.45581397869502616,0.0734495916573296,1.0,PastOnlyBlend,original,Транспорт
original,test,6,6,50,98.44708048502604,0.940581145584629,0.5227752673616428,0.06541826880763515,1.0,PastOnlyBlend,original,Транспорт
original,test,12,6,50,134.68788289388021,0.8927962613002816,-0.4877141986050144,0.089500349678966,1.0,PastOnlyBlend,original,Транспорт
financial_only,test,1,6,50,960.7433715667315,0.944978347183232,0.6503973959389546,0.03449668501236545,1.0,PastOnlyBlend,financial_only,Все категории
financial_only,test,3,6,50,1075.4339825722504,0.9401930551468524,0.7546726561029323,0.03861479396718565,1.0,PastOnlyBlend,financial_only,Все категории
financial_only,test,6,6,50,1556.1841965280032,0.8847429760742159,0.5132561885797757,0.055876727997929046,1.0,PastOnlyBlend,financial_only,Все категории
financial_only,test,12,6,50,1153.699453125,0.9320870348984884,-0.23679595391621922,0.04142501297561858,1.0,PastOnlyBlend,financial_only,Все категории
financial_only,test,1,6,50,92.87982008467525,0.8890376903279501,-0.3441017530260635,0.06725596860562005,1.0,PastOnlyBlend,financial_only,Здоровье
financial_only,test,3,6,50,143.5440065537802,0.7054706040499881,-0.24733363762074423,0.10394282837224035,1.0,PastOnlyBlend,financial_only,Здоровье
financial_only,test,6,6,50,212.43928712511726,0.4373696860883459,-0.9732492615496198,0.1538311552763722,1.0,PastOnlyBlend,financial_only,Здоровье
financial_only,test,12,6,50,210.27828348795572,0.48917136517462867,-2.6708927728149896,0.15226633320151176,1.0,PastOnlyBlend,financial_only,Здоровье
financial_only,test,1,6,50,415.5005733071917,0.7219961420437366,-0.3372660304275763,0.0796106727281978,1.0,PastOnlyBlend,financial_only,Маркетплейсы
financial_only,test,3,6,50,441.5738492428202,0.6713375499534504,0.24507194221860806,0.08460636026947269,1.0,PastOnlyBlend,financial_only,Маркетплейсы
financial_only,test,6,6,50,531.2740905872407,0.5624479360469944,0.13483596762185057,0.10179309120577731,1.0,PastOnlyBlend,financial_only,Маркетплейсы
financial_only,test,12,6,50,940.3368082682292,-0.02757423966016259,-6.606106322932083,0.18017025897572772,1.0,PastOnlyBlend,financial_only,Маркетплейсы
financial_only,test,1,6,50,71.09044285494603,0.9655450797051951,-0.29991845666818473,0.11269171716274497,1.0,PastOnlyBlend,financial_only,Общественное питание
financial_only,test,3,6,50,95.72156737733658,0.9337558014297326,0.4330099373752321,0.1517366802633577,1.0,PastOnlyBlend,financial_only,Общественное питание
financial_only,test,6,6,50,90.02016941851375,0.936502554229641,0.41838198777622704,0.14269889261700866,1.0,PastOnlyBlend,financial_only,Общественное питание
financial_only,test,12,6,50,74.05531956990559,0.9600804426135581,0.27922017689380074,0.11739160416255405,1.0,PastOnlyBlend,financial_only,Общественное питание
financial_only,test,1,6,50,657.4166929652517,0.7766798729499561,0.5112317128170626,0.054375113661717614,1.0,PastOnlyBlend,financial_only,Продовольствие
financial_only,test,3,6,50,816.666639857939,0.6652314217003378,0.6028288680831403,0.06754672012618877,1.0,PastOnlyBlend,financial_only,Продовольствие
financial_only,test,6,6,50,953.702990754452,0.5467309891243287,0.37296822982093536,0.0788810340180004,1.0,PastOnlyBlend,financial_only,Продовольствие
financial_only,test,12,6,50,564.784658203125,0.7984609100036661,-0.41873385406866714,0.046713492846784874,1.0,PastOnlyBlend,financial_only,Продовольствие
financial_only,test,1,6,50,84.89374868449032,0.9586934433821693,0.2219399276345977,0.05641205451871702,1.0,PastOnlyBlend,financial_only,Транспорт
financial_only,test,3,6,50,109.20430402647322,0.9309474945017757,0.4709023117880172,0.07256646393735512,1.0,PastOnlyBlend,financial_only,Транспорт
financial_only,test,6,6,50,97.64276986131885,0.9395986337943192,0.5148841874837484,0.06488380289633253,1.0,PastOnlyBlend,financial_only,Транспорт
financial_only,test,12,6,50,134.68788289388021,0.8927962613002816,-0.4877141986050144,0.089500349678966,1.0,PastOnlyBlend,financial_only,Транспорт
local_news,test,1,6,50,948.5531126426553,0.9446693111564295,0.6484338089838582,0.03405897861254167,1.0,PastOnlyBlend,local_news,Все категории
local_news,test,3,6,50,1004.2698359203026,0.9449926731831263,0.7743606295891348,0.03605955682074284,1.0,PastOnlyBlend,local_news,Все категории
local_news,test,6,6,50,1563.0956625087126,0.8799908398428482,0.4931873648078421,0.05612489277529452,1.0,PastOnlyBlend,local_news,Все категории
local_news,test,12,6,50,1153.699453125,0.9320870348984884,-0.23679595391621922,0.04142501297561858,1.0,PastOnlyBlend,local_news,Все категории
local_news,test,1,6,50,89.17890684053882,0.8982519503789554,-0.23248815085792152,0.06457606995020877,1.0,PastOnlyBlend,local_news,Здоровье
local_news,test,3,6,50,147.36379560291928,0.6973748298319508,-0.2816192866717291,0.1067088071621947,1.0,PastOnlyBlend,local_news,Здоровье
local_news,test,6,6,50,205.57386536385377,0.4469450569956881,-0.9396666530324691,0.1488597783936551,1.0,PastOnlyBlend,local_news,Здоровье
local_news,test,12,6,50,210.27828348795572,0.48917136517462867,-2.6708927728149896,0.15226633320151176,1.0,PastOnlyBlend,local_news,Здоровье
local_news,test,1,6,50,419.28787912807184,0.717188453710685,-0.3603921781722037,0.080336327477186,1.0,PastOnlyBlend,local_news,Маркетплейсы
local_news,test,3,6,50,443.09836940783066,0.6703301750037404,0.24275803135311513,0.0848984611321939,1.0,PastOnlyBlend,local_news,Маркетплейсы
local_news,test,6,6,50,546.9832358176567,0.5423759040451901,0.09514789030410897,0.10480299227480366,1.0,PastOnlyBlend,local_news,Маркетплейсы
local_news,test,12,6,50,940.3368082682292,-0.02757423966016259,-6.606106322932083,0.18017025897572772,1.0,PastOnlyBlend,local_news,Маркетплейсы
local_news,test,1,6,50,71.11238276760794,0.9657160946475603,-0.2934663889215643,0.11272649604909,1.0,PastOnlyBlend,local_news,Общественное питание
local_news,test,3,6,50,95.9101242117226,0.9338405705363155,0.43373548379420157,0.15203557829516612,1.0,PastOnlyBlend,local_news,Общественное питание
local_news,test,6,6,50,89.48378841549302,0.9382345832907063,0.4342468668652829,0.1418486278858237,1.0,PastOnlyBlend,local_news,Общественное питание
local_news,test,12,6,50,74.05531956990559,0.9600804426135581,0.27922017689380074,0.11739160416255405,1.0,PastOnlyBlend,local_news,Общественное питание
local_news,test,1,6,50,627.7677655594072,0.7975709511219284,0.5569548486149908,0.05192284280384023,1.0,PastOnlyBlend,local_news,Продовольствие
local_news,test,3,6,50,794.3170337420056,0.6821537578105548,0.6229056131041625,0.0656981781194942,1.0,PastOnlyBlend,local_news,Продовольствие
local_news,test,6,6,50,960.9776559047597,0.5390104567764957,0.36228799590105176,0.0794827235531638,1.0,PastOnlyBlend,local_news,Продовольствие
local_news,test,12,6,50,564.784658203125,0.7984609100036661,-0.41873385406866714,0.046713492846784874,1.0,PastOnlyBlend,local_news,Продовольствие
local_news,test,1,6,50,83.76744178019743,0.9596795300595886,0.24051408956946563,0.05566362147771754,1.0,PastOnlyBlend,local_news,Транспорт
local_news,test,3,6,50,112.22203031050749,0.9277416774113905,0.44633853384665145,0.07457174868794604,1.0,PastOnlyBlend,local_news,Транспорт
local_news,test,6,6,50,100.17729788044285,0.9363918784809246,0.489129013269628,0.06656800149763849,1.0,PastOnlyBlend,local_news,Транспорт
local_news,test,12,6,50,134.68788289388021,0.8927962613002816,-0.4877141986050144,0.089500349678966,1.0,PastOnlyBlend,local_news,Транспорт
local_policy,test,1,6,50,948.5531126426553,0.9446693111564295,0.6484338089838582,0.03405897861254167,1.0,PastOnlyBlend,local_policy,Все категории
local_policy,test,3,6,50,1004.2698359203026,0.9449926731831263,0.7743606295891348,0.03605955682074284,1.0,PastOnlyBlend,local_policy,Все категории
local_policy,test,6,6,50,1563.0956625087126,0.8799908398428482,0.4931873648078421,0.05612489277529452,1.0,PastOnlyBlend,local_policy,Все категории
local_policy,test,12,6,50,1153.699453125,0.9320870348984884,-0.23679595391621922,0.04142501297561858,1.0,PastOnlyBlend,local_policy,Все категории
local_policy,test,1,6,50,89.17890684053882,0.8982519503789554,-0.23248815085792152,0.06457606995020877,1.0,PastOnlyBlend,local_policy,Здоровье
local_policy,test,3,6,50,147.36379560291928,0.6973748298319508,-0.2816192866717291,0.1067088071621947,1.0,PastOnlyBlend,local_policy,Здоровье
local_policy,test,6,6,50,205.57386536385377,0.4469450569956881,-0.9396666530324691,0.1488597783936551,1.0,PastOnlyBlend,local_policy,Здоровье
local_policy,test,12,6,50,210.27828348795572,0.48917136517462867,-2.6708927728149896,0.15226633320151176,1.0,PastOnlyBlend,local_policy,Здоровье
local_policy,test,1,6,50,419.28787912807184,0.717188453710685,-0.3603921781722037,0.080336327477186,1.0,PastOnlyBlend,local_policy,Маркетплейсы
local_policy,test,3,6,50,443.09836940783066,0.6703301750037404,0.24275803135311513,0.0848984611321939,1.0,PastOnlyBlend,local_policy,Маркетплейсы
local_policy,test,6,6,50,546.9832358176567,0.5423759040451901,0.09514789030410897,0.10480299227480366,1.0,PastOnlyBlend,local_policy,Маркетплейсы
local_policy,test,12,6,50,940.3368082682292,-0.02757423966016259,-6.606106322932083,0.18017025897572772,1.0,PastOnlyBlend,local_policy,Маркетплейсы
local_policy,test,1,6,50,71.11238276760794,0.9657160946475603,-0.2934663889215643,0.11272649604909,1.0,PastOnlyBlend,local_policy,Общественное питание
local_policy,test,3,6,50,95.9101242117226,0.9338405705363155,0.43373548379420157,0.15203557829516612,1.0,PastOnlyBlend,local_policy,Общественное питание
local_policy,test,6,6,50,89.48378841549302,0.9382345832907063,0.4342468668652829,0.1418486278858237,1.0,PastOnlyBlend,local_policy,Общественное питание
local_policy,test,12,6,50,74.05531956990559,0.9600804426135581,0.27922017689380074,0.11739160416255405,1.0,PastOnlyBlend,local_policy,Общественное питание
local_policy,test,1,6,50,627.7677655594072,0.7975709511219284,0.5569548486149908,0.05192284280384023,1.0,PastOnlyBlend,local_policy,Продовольствие
local_policy,test,3,6,50,794.3170337420056,0.6821537578105548,0.6229056131041625,0.0656981781194942,1.0,PastOnlyBlend,local_policy,Продовольствие
local_policy,test,6,6,50,960.9776559047597,0.5390104567764957,0.36228799590105176,0.0794827235531638,1.0,PastOnlyBlend,local_policy,Продовольствие
local_policy,test,12,6,50,564.784658203125,0.7984609100036661,-0.41873385406866714,0.046713492846784874,1.0,PastOnlyBlend,local_policy,Продовольствие
local_policy,test,1,6,50,83.76744178019743,0.9596795300595886,0.24051408956946563,0.05566362147771754,1.0,PastOnlyBlend,local_policy,Транспорт
local_policy,test,3,6,50,112.22203031050749,0.9277416774113905,0.44633853384665145,0.07457174868794604,1.0,PastOnlyBlend,local_policy,Транспорт
local_policy,test,6,6,50,100.17729788044285,0.9363918784809246,0.489129013269628,0.06656800149763849,1.0,PastOnlyBlend,local_policy,Транспорт
local_policy,test,12,6,50,134.68788289388021,0.8927962613002816,-0.4877141986050144,0.089500349678966,1.0,PastOnlyBlend,local_policy,Транспорт
local_news_coverage,test,1,6,50,948.1547662506799,0.9468195672642168,0.6620963417540753,0.03404467549017156,1.0,PastOnlyBlend,local_news_coverage,Все категории
local_news_coverage,test,3,6,50,1064.9429561922007,0.9412938093052127,0.7591879359691296,0.038238100624093614,1.0,PastOnlyBlend,local_news_coverage,Все категории
local_news_coverage,test,6,6,50,1621.2331829448533,0.8748107609627267,0.47131128947909406,0.05821239271465392,1.0,PastOnlyBlend,local_news_coverage,Все категории
local_news_coverage,test,12,6,50,1153.699453125,0.9320870348984884,-0.23679595391621922,0.04142501297561858,1.0,PastOnlyBlend,local_news_coverage,Все категории
local_news_coverage,test,1,6,50,90.5389514534892,0.8943534521507945,-0.2797111972970858,0.06556090301413421,1.0,PastOnlyBlend,local_news_coverage,Здоровье
local_news_coverage,test,3,6,50,143.9420688796724,0.7019603304187463,-0.26219966606377265,0.10423107254916573,1.0,PastOnlyBlend,local_news_coverage,Здоровье
local_news_coverage,test,6,6,50,211.92322809170975,0.4242127628091066,-1.019393041049387,0.15345746753539835,1.0,PastOnlyBlend,local_news_coverage,Здоровье
local_news_coverage,test,12,6,50,210.27828348795572,0.48917136517462867,-2.6708927728149896,0.15226633320151176,1.0,PastOnlyBlend,local_news_coverage,Здоровье
local_news_coverage,test,1,6,50,417.6031443464369,0.7197263632103543,-0.34818421750879014,0.08001352919975646,1.0,PastOnlyBlend,local_news_coverage,Маркетплейсы
local_news_coverage,test,3,6,50,441.61585582556637,0.6699092643078783,0.24179121176638863,0.08461440880785333,1.0,PastOnlyBlend,local_news_coverage,Маркетплейсы
local_news_coverage,test,6,6,50,540.116339178867,0.5497137206146501,0.10965682648585462,0.10348728227080115,1.0,PastOnlyBlend,local_news_coverage,Маркетплейсы
local_news_coverage,test,12,6,50,940.3368082682292,-0.02757423966016259,-6.606106322932083,0.18017025897572772,1.0,PastOnlyBlend,local_news_coverage,Маркетплейсы
local_news_coverage,test,1,6,50,71.3328793814786,0.9654347075191091,-0.3040825888318486,0.11307602463616545,1.0,PastOnlyBlend,local_news_coverage,Общественное питание
local_news_coverage,test,3,6,50,95.9788259341145,0.9337923859657469,0.433323067714395,0.15214448344130763,1.0,PastOnlyBlend,local_news_coverage,Общественное питание
local_news_coverage,test,6,6,50,89.33377906040245,0.9384540496207019,0.4362571141918242,0.14161083485575177,1.0,PastOnlyBlend,local_news_coverage,Общественное питание
local_news_coverage,test,12,6,50,74.05531956990559,0.9600804426135581,0.27922017689380074,0.11739160416255405,1.0,PastOnlyBlend,local_news_coverage,Общественное питание
local_news_coverage,test,1,6,50,633.0015244111469,0.7944015459227501,0.5500181485017765,0.0523557284233972,1.0,PastOnlyBlend,local_news_coverage,Продовольствие
local_news_coverage,test,3,6,50,804.7232534048552,0.6754998341521716,0.6150113644727309,0.06655887938097883,1.0,PastOnlyBlend,local_news_coverage,Продовольствие
local_news_coverage,test,6,6,50,977.179199186631,0.5268680352220063,0.34549072121672464,0.08082275760899747,1.0,PastOnlyBlend,local_news_coverage,Продовольствие
local_news_coverage,test,12,6,50,564.784658203125,0.7984609100036661,-0.41873385406866714,0.046713492846784874,1.0,PastOnlyBlend,local_news_coverage,Продовольствие
local_news_coverage,test,1,6,50,86.0725416707778,0.9576520339920315,0.20232369399523997,0.057195364659206535,1.0,PastOnlyBlend,local_news_coverage,Транспорт
local_news_coverage,test,3,6,50,110.93049675720387,0.929200817293767,0.4575188311142605,0.07371352223015944,1.0,PastOnlyBlend,local_news_coverage,Транспорт
local_news_coverage,test,6,6,50,98.17758308523798,0.9390587696072303,0.5105482482456156,0.0652391872822569,1.0,PastOnlyBlend,local_news_coverage,Транспорт
local_news_coverage,test,12,6,50,134.68788289388021,0.8927962613002816,-0.4877141986050144,0.089500349678966,1.0,PastOnlyBlend,local_news_coverage,Транспорт
local_policy_coverage,test,1,6,50,948.1547662506799,0.9468195672642168,0.6620963417540753,0.03404467549017156,1.0,PastOnlyBlend,local_policy_coverage,Все категории
local_policy_coverage,test,3,6,50,1064.9429561922007,0.9412938093052127,0.7591879359691296,0.038238100624093614,1.0,PastOnlyBlend,local_policy_coverage,Все категории
local_policy_coverage,test,6,6,50,1621.2331829448533,0.8748107609627267,0.47131128947909406,0.05821239271465392,1.0,PastOnlyBlend,local_policy_coverage,Все категории
local_policy_coverage,test,12,6,50,1153.699453125,0.9320870348984884,-0.23679595391621922,0.04142501297561858,1.0,PastOnlyBlend,local_policy_coverage,Все категории
local_policy_coverage,test,1,6,50,90.5389514534892,0.8943534521507945,-0.2797111972970858,0.06556090301413421,1.0,PastOnlyBlend,local_policy_coverage,Здоровье
local_policy_coverage,test,3,6,50,143.9420688796724,0.7019603304187463,-0.26219966606377265,0.10423107254916573,1.0,PastOnlyBlend,local_policy_coverage,Здоровье
local_policy_coverage,test,6,6,50,211.92322809170975,0.4242127628091066,-1.019393041049387,0.15345746753539835,1.0,PastOnlyBlend,local_policy_coverage,Здоровье
local_policy_coverage,test,12,6,50,210.27828348795572,0.48917136517462867,-2.6708927728149896,0.15226633320151176,1.0,PastOnlyBlend,local_policy_coverage,Здоровье
local_policy_coverage,test,1,6,50,417.6031443464369,0.7197263632103543,-0.34818421750879014,0.08001352919975646,1.0,PastOnlyBlend,local_policy_coverage,Маркетплейсы
local_policy_coverage,test,3,6,50,441.61585582556637,0.6699092643078783,0.24179121176638863,0.08461440880785333,1.0,PastOnlyBlend,local_policy_coverage,Маркетплейсы
local_policy_coverage,test,6,6,50,540.116339178867,0.5497137206146501,0.10965682648585462,0.10348728227080115,1.0,PastOnlyBlend,local_policy_coverage,Маркетплейсы
local_policy_coverage,test,12,6,50,940.3368082682292,-0.02757423966016259,-6.606106322932083,0.18017025897572772,1.0,PastOnlyBlend,local_policy_coverage,Маркетплейсы
local_policy_coverage,test,1,6,50,71.3328793814786,0.9654347075191091,-0.3040825888318486,0.11307602463616545,1.0,PastOnlyBlend,local_policy_coverage,Общественное питание
local_policy_coverage,test,3,6,50,95.9788259341145,0.9337923859657469,0.433323067714395,0.15214448344130763,1.0,PastOnlyBlend,local_policy_coverage,Общественное питание
local_policy_coverage,test,6,6,50,89.33377906040245,0.9384540496207019,0.4362571141918242,0.14161083485575177,1.0,PastOnlyBlend,local_policy_coverage,Общественное питание
local_policy_coverage,test,12,6,50,74.05531956990559,0.9600804426135581,0.27922017689380074,0.11739160416255405,1.0,PastOnlyBlend,local_policy_coverage,Общественное питание
local_policy_coverage,test,1,6,50,633.0015244111469,0.7944015459227501,0.5500181485017765,0.0523557284233972,1.0,PastOnlyBlend,local_policy_coverage,Продовольствие
local_policy_coverage,test,3,6,50,804.7232534048552,0.6754998341521716,0.6150113644727309,0.06655887938097883,1.0,PastOnlyBlend,local_policy_coverage,Продовольствие
local_policy_coverage,test,6,6,50,977.179199186631,0.5268680352220063,0.34549072121672464,0.08082275760899747,1.0,PastOnlyBlend,local_policy_coverage,Продовольствие
local_policy_coverage,test,12,6,50,564.784658203125,0.7984609100036661,-0.41873385406866714,0.046713492846784874,1.0,PastOnlyBlend,local_policy_coverage,Продовольствие
local_policy_coverage,test,1,6,50,86.0725416707778,0.9576520339920315,0.20232369399523997,0.057195364659206535,1.0,PastOnlyBlend,local_policy_coverage,Транспорт
local_policy_coverage,test,3,6,50,110.93049675720387,0.929200817293767,0.4575188311142605,0.07371352223015944,1.0,PastOnlyBlend,local_policy_coverage,Транспорт
local_policy_coverage,test,6,6,50,98.17758308523798,0.9390587696072303,0.5105482482456156,0.0652391872822569,1.0,PastOnlyBlend,local_policy_coverage,Транспорт
local_policy_coverage,test,12,6,50,134.68788289388021,0.8927962613002816,-0.4877141986050144,0.089500349678966,1.0,PastOnlyBlend,local_policy_coverage,Транспорт
transferred_news,test,1,6,50,924.7157883867375,0.9483613623819961,0.6718927684426603,0.03320306985404247,1.0,PastOnlyBlend,transferred_news,Все категории
transferred_news,test,3,6,50,985.3319140625,0.9489855092640331,0.790739193529334,0.03537956719557161,1.0,PastOnlyBlend,transferred_news,Все категории
transferred_news,test,6,6,50,1563.0956625087126,0.8799908398428482,0.4931873648078421,0.05612489277529452,1.0,PastOnlyBlend,transferred_news,Все категории
transferred_news,test,12,6,50,1153.699453125,0.9320870348984884,-0.23679595391621922,0.04142501297561858,1.0,PastOnlyBlend,transferred_news,Все категории
transferred_news,test,1,6,50,91.18364412081051,0.8932459812952959,-0.2931261444327429,0.06602773671120755,1.0,PastOnlyBlend,transferred_news,Здоровье
transferred_news,test,3,6,50,137.52358174641927,0.7333789745871322,-0.12914153244944293,0.09958332916706078,1.0,PastOnlyBlend,transferred_news,Здоровье
transferred_news,test,6,6,50,205.57386536385377,0.4469450569956881,-0.9396666530324691,0.1488597783936551,1.0,PastOnlyBlend,transferred_news,Здоровье
transferred_news,test,12,6,50,210.27828348795572,0.48917136517462867,-2.6708927728149896,0.15226633320151176,1.0,PastOnlyBlend,transferred_news,Здоровье
transferred_news,test,1,6,50,440.30434283935085,0.6981066989202361,-0.45218005000177475,0.08436312051168245,1.0,PastOnlyBlend,transferred_news,Маркетплейсы
transferred_news,test,3,6,50,428.42341959635417,0.6786323980785898,0.26182799550714664,0.08208671380427761,1.0,PastOnlyBlend,transferred_news,Маркетплейсы
transferred_news,test,6,6,50,546.9832358176567,0.5423759040451901,0.09514789030410897,0.10480299227480366,1.0,PastOnlyBlend,transferred_news,Маркетплейсы
transferred_news,test,12,6,50,940.3368082682292,-0.02757423966016259,-6.606106322932083,0.18017025897572772,1.0,PastOnlyBlend,transferred_news,Маркетплейсы
transferred_news,test,1,6,50,71.05594919986805,0.965548444816625,-0.2997914974292961,0.11263703823452546,1.0,PastOnlyBlend,transferred_news,Общественное питание
transferred_news,test,3,6,50,94.80092018127442,0.9344493495761356,0.43894607843285605,0.15027728137289076,1.0,PastOnlyBlend,transferred_news,Общественное питание
transferred_news,test,6,6,50,89.48378841549302,0.9382345832907063,0.4342468668652829,0.1418486278858237,1.0,PastOnlyBlend,transferred_news,Общественное питание
transferred_news,test,12,6,50,74.05531956990559,0.9600804426135581,0.27922017689380074,0.11739160416255405,1.0,PastOnlyBlend,transferred_news,Общественное питание
transferred_news,test,1,6,50,632.9719497915034,0.7950481570415824,0.551433350137204,0.05235328229855459,1.0,PastOnlyBlend,transferred_news,Продовольствие
transferred_news,test,3,6,50,788.4448697916666,0.6901243080719622,0.6323619141865471,0.06521248984042156,1.0,PastOnlyBlend,transferred_news,Продовольствие
transferred_news,test,6,6,50,960.9776559047597,0.5390104567764957,0.36228799590105176,0.0794827235531638,1.0,PastOnlyBlend,transferred_news,Продовольствие
transferred_news,test,12,6,50,564.784658203125,0.7984609100036661,-0.41873385406866714,0.046713492846784874,1.0,PastOnlyBlend,transferred_news,Продовольствие
transferred_news,test,1,6,50,84.47572124591248,0.9590184318868831,0.2280614879920716,0.0561342745052202,1.0,PastOnlyBlend,transferred_news,Транспорт
transferred_news,test,3,6,50,110.53331115722656,0.9289783171134115,0.45581397869502616,0.0734495916573296,1.0,PastOnlyBlend,transferred_news,Транспорт
transferred_news,test,6,6,50,100.17729788044285,0.9363918784809246,0.489129013269628,0.06656800149763849,1.0,PastOnlyBlend,transferred_news,Транспорт
transferred_news,test,12,6,50,134.68788289388021,0.8927962613002816,-0.4877141986050144,0.089500349678966,1.0,PastOnlyBlend,transferred_news,Транспорт
original,test,1,6,50,1477.9078515625,0.8505979312259908,0.05071277176203992,0.053066118530188715,1.0,Prophet,original,Все категории
original,test,3,6,50,1608.17978515625,0.8456387043478693,0.3668118852111174,0.05774369424097075,1.0,Prophet,original,Все категории
original,test,6,6,50,1763.0614453125,0.8158267509297996,0.22221495783372192,0.06330491277520789,1.0,Prophet,original,Все категории
original,test,12,6,50,2130.3826236979166,0.7629863193175487,-3.3163711207820903,0.07649403628533817,1.0,Prophet,original,Все категории
original,test,1,6,50,104.57534281412761,0.8691101319803252,-0.585487014271383,0.07572490953166033,1.0,Prophet,original,Здоровье
original,test,3,6,50,134.63868225097656,0.786810587602841,0.09714164723744778,0.09749432092265445,1.0,Prophet,original,Здоровье
original,test,6,6,50,115.45049987792969,0.8292319453046212,0.4010846385414758,0.08359980874440053,1.0,Prophet,original,Здоровье
original,test,12,6,50,473.0560198020935,-1.5020421875992338,-16.980058198726603,0.34254847594992976,1.0,Prophet,original,Здоровье
original,test,1,6,50,434.68072265625,0.6401874189981678,-0.7307858438781791,0.08328562455931578,1.0,Prophet,original,Маркетплейсы
original,test,3,6,50,487.4617594401042,0.5595007368235125,-0.011813954276980398,0.09339856811606936,1.0,Prophet,original,Маркетплейсы
original,test,6,6,50,551.2922843424479,0.496074864490605,0.0035976557504278084,0.10562861388381033,1.0,Prophet,original,Маркетплейсы
original,test,12,6,50,469.5833837890625,0.6683630661158066,-1.454777165850905,0.08997303851562145,1.0,Prophet,original,Маркетплейсы
original,test,1,6,50,95.2848612721761,0.9385630753284983,-1.3178980423721876,0.1510444189844907,1.0,Prophet,original,Общественное питание
original,test,3,6,50,118.27595152537027,0.9025312218962263,0.1657559485394321,0.18748961943657708,1.0,Prophet,original,Общественное питание
original,test,6,6,50,122.27138460795085,0.8959448108787038,0.04688493333777011,0.1938231320270605,1.0,Prophet,original,Общественное питание
original,test,12,6,50,149.50555825074514,0.8343400795771363,-1.9911235483470673,0.23699441736533058,1.0,Prophet,original,Общественное питание
original,test,1,6,50,975.9309602864583,0.5410732180167919,-0.004427411605602893,0.0807195154297219,1.0,Prophet,original,Продовольствие
original,test,3,6,50,1090.4450162760418,0.45578566156390876,0.35434136053065346,0.09019100417791986,1.0,Prophet,original,Продовольствие
original,test,6,6,50,908.8064713541667,0.5943815146210405,0.4388858033485049,0.07516763067499302,1.0,Prophet,original,Продовольствие
original,test,12,6,50,1323.5330208333332,0.019473202178801774,-5.902415620293721,0.10946977649478828,1.0,Prophet,original,Продовольствие
original,test,1,6,50,110.90716186523437,0.9263075572588537,-0.38808828492881653,0.07369801615087362,1.0,Prophet,original,Транспорт
original,test,3,6,50,139.67845845540364,0.8808660920234627,0.08716599284488014,0.09281659645825177,1.0,Prophet,original,Транспорт
original,test,6,6,50,154.934223429362,0.8542426716423455,-0.17065538775464573,0.102954080769778,1.0,Prophet,original,Транспорт
original,test,12,6,50,268.9386371866862,0.5544667864965018,-5.1828635429952055,0.17871022658628968,1.0,Prophet,original,Транспорт
financial_only,test,1,6,50,1477.9078515625,0.8505979312259908,0.05071277176203992,0.053066118530188715,1.0,Prophet,financial_only,Все категории
financial_only,test,3,6,50,1608.17978515625,0.8456387043478693,0.3668118852111174,0.05774369424097075,1.0,Prophet,financial_only,Все категории
financial_only,test,6,6,50,1763.0614453125,0.8158267509297996,0.22221495783372192,0.06330491277520789,1.0,Prophet,financial_only,Все категории
financial_only,test,12,6,50,2130.3826236979166,0.7629863193175487,-3.3163711207820903,0.07649403628533817,1.0,Prophet,financial_only,Все категории
financial_only,test,1,6,50,104.57534281412761,0.8691101319803252,-0.585487014271383,0.07572490953166033,1.0,Prophet,financial_only,Здоровье
financial_only,test,3,6,50,134.63868225097656,0.786810587602841,0.09714164723744778,0.09749432092265445,1.0,Prophet,financial_only,Здоровье
financial_only,test,6,6,50,115.45049987792969,0.8292319453046212,0.4010846385414758,0.08359980874440053,1.0,Prophet,financial_only,Здоровье
financial_only,test,12,6,50,473.0560198020935,-1.5020421875992338,-16.980058198726603,0.34254847594992976,1.0,Prophet,financial_only,Здоровье
financial_only,test,1,6,50,434.68072265625,0.6401874189981678,-0.7307858438781791,0.08328562455931578,1.0,Prophet,financial_only,Маркетплейсы
financial_only,test,3,6,50,487.4617594401042,0.5595007368235125,-0.011813954276980398,0.09339856811606936,1.0,Prophet,financial_only,Маркетплейсы
financial_only,test,6,6,50,551.2922843424479,0.496074864490605,0.0035976557504278084,0.10562861388381033,1.0,Prophet,financial_only,Маркетплейсы
financial_only,test,12,6,50,469.5833837890625,0.6683630661158066,-1.454777165850905,0.08997303851562145,1.0,Prophet,financial_only,Маркетплейсы
financial_only,test,1,6,50,95.2848612721761,0.9385630753284983,-1.3178980423721876,0.1510444189844907,1.0,Prophet,financial_only,Общественное питание
financial_only,test,3,6,50,118.27595152537027,0.9025312218962263,0.1657559485394321,0.18748961943657708,1.0,Prophet,financial_only,Общественное питание
financial_only,test,6,6,50,122.27138460795085,0.8959448108787038,0.04688493333777011,0.1938231320270605,1.0,Prophet,financial_only,Общественное питание
financial_only,test,12,6,50,149.50555825074514,0.8343400795771363,-1.9911235483470673,0.23699441736533058,1.0,Prophet,financial_only,Общественное питание
financial_only,test,1,6,50,975.9309602864583,0.5410732180167919,-0.004427411605602893,0.0807195154297219,1.0,Prophet,financial_only,Продовольствие
financial_only,test,3,6,50,1090.4450162760418,0.45578566156390876,0.35434136053065346,0.09019100417791986,1.0,Prophet,financial_only,Продовольствие
financial_only,test,6,6,50,908.8064713541667,0.5943815146210405,0.4388858033485049,0.07516763067499302,1.0,Prophet,financial_only,Продовольствие
financial_only,test,12,6,50,1323.5330208333332,0.019473202178801774,-5.902415620293721,0.10946977649478828,1.0,Prophet,financial_only,Продовольствие
financial_only,test,1,6,50,110.90716186523437,0.9263075572588537,-0.38808828492881653,0.07369801615087362,1.0,Prophet,financial_only,Транспорт
financial_only,test,3,6,50,139.67845845540364,0.8808660920234627,0.08716599284488014,0.09281659645825177,1.0,Prophet,financial_only,Транспорт
financial_only,test,6,6,50,154.934223429362,0.8542426716423455,-0.17065538775464573,0.102954080769778,1.0,Prophet,financial_only,Транспорт
financial_only,test,12,6,50,268.9386371866862,0.5544667864965018,-5.1828635429952055,0.17871022658628968,1.0,Prophet,financial_only,Транспорт
local_news,test,1,6,50,1477.9078515625,0.8505979312259908,0.05071277176203992,0.053066118530188715,1.0,Prophet,local_news,Все категории
local_news,test,3,6,50,1608.17978515625,0.8456387043478693,0.3668118852111174,0.05774369424097075,1.0,Prophet,local_news,Все категории
local_news,test,6,6,50,1763.0614453125,0.8158267509297996,0.22221495783372192,0.06330491277520789,1.0,Prophet,local_news,Все категории
local_news,test,12,6,50,2130.3826236979166,0.7629863193175487,-3.3163711207820903,0.07649403628533817,1.0,Prophet,local_news,Все категории
local_news,test,1,6,50,104.57534281412761,0.8691101319803252,-0.585487014271383,0.07572490953166033,1.0,Prophet,local_news,Здоровье
local_news,test,3,6,50,134.63868225097656,0.786810587602841,0.09714164723744778,0.09749432092265445,1.0,Prophet,local_news,Здоровье
local_news,test,6,6,50,115.45049987792969,0.8292319453046212,0.4010846385414758,0.08359980874440053,1.0,Prophet,local_news,Здоровье
local_news,test,12,6,50,473.0560198020935,-1.5020421875992338,-16.980058198726603,0.34254847594992976,1.0,Prophet,local_news,Здоровье
local_news,test,1,6,50,434.68072265625,0.6401874189981678,-0.7307858438781791,0.08328562455931578,1.0,Prophet,local_news,Маркетплейсы
local_news,test,3,6,50,487.4617594401042,0.5595007368235125,-0.011813954276980398,0.09339856811606936,1.0,Prophet,local_news,Маркетплейсы
local_news,test,6,6,50,551.2922843424479,0.496074864490605,0.0035976557504278084,0.10562861388381033,1.0,Prophet,local_news,Маркетплейсы
local_news,test,12,6,50,469.5833837890625,0.6683630661158066,-1.454777165850905,0.08997303851562145,1.0,Prophet,local_news,Маркетплейсы
local_news,test,1,6,50,95.2848612721761,0.9385630753284983,-1.3178980423721876,0.1510444189844907,1.0,Prophet,local_news,Общественное питание
local_news,test,3,6,50,118.27595152537027,0.9025312218962263,0.1657559485394321,0.18748961943657708,1.0,Prophet,local_news,Общественное питание
local_news,test,6,6,50,122.27138460795085,0.8959448108787038,0.04688493333777011,0.1938231320270605,1.0,Prophet,local_news,Общественное питание
local_news,test,12,6,50,149.50555825074514,0.8343400795771363,-1.9911235483470673,0.23699441736533058,1.0,Prophet,local_news,Общественное питание
local_news,test,1,6,50,975.9309602864583,0.5410732180167919,-0.004427411605602893,0.0807195154297219,1.0,Prophet,local_news,Продовольствие
local_news,test,3,6,50,1090.4450162760418,0.45578566156390876,0.35434136053065346,0.09019100417791986,1.0,Prophet,local_news,Продовольствие
local_news,test,6,6,50,908.8064713541667,0.5943815146210405,0.4388858033485049,0.07516763067499302,1.0,Prophet,local_news,Продовольствие
local_news,test,12,6,50,1323.5330208333332,0.019473202178801774,-5.902415620293721,0.10946977649478828,1.0,Prophet,local_news,Продовольствие
local_news,test,1,6,50,110.90716186523437,0.9263075572588537,-0.38808828492881653,0.07369801615087362,1.0,Prophet,local_news,Транспорт
local_news,test,3,6,50,139.67845845540364,0.8808660920234627,0.08716599284488014,0.09281659645825177,1.0,Prophet,local_news,Транспорт
local_news,test,6,6,50,154.934223429362,0.8542426716423455,-0.17065538775464573,0.102954080769778,1.0,Prophet,local_news,Транспорт
local_news,test,12,6,50,268.9386371866862,0.5544667864965018,-5.1828635429952055,0.17871022658628968,1.0,Prophet,local_news,Транспорт
local_policy,test,1,6,50,1477.9078515625,0.8505979312259908,0.05071277176203992,0.053066118530188715,1.0,Prophet,local_policy,Все категории
local_policy,test,3,6,50,1608.17978515625,0.8456387043478693,0.3668118852111174,0.05774369424097075,1.0,Prophet,local_policy,Все категории
local_policy,test,6,6,50,1763.0614453125,0.8158267509297996,0.22221495783372192,0.06330491277520789,1.0,Prophet,local_policy,Все категории
local_policy,test,12,6,50,2130.3826236979166,0.7629863193175487,-3.3163711207820903,0.07649403628533817,1.0,Prophet,local_policy,Все категории
local_policy,test,1,6,50,104.57534281412761,0.8691101319803252,-0.585487014271383,0.07572490953166033,1.0,Prophet,local_policy,Здоровье
local_policy,test,3,6,50,134.63868225097656,0.786810587602841,0.09714164723744778,0.09749432092265445,1.0,Prophet,local_policy,Здоровье
local_policy,test,6,6,50,115.45049987792969,0.8292319453046212,0.4010846385414758,0.08359980874440053,1.0,Prophet,local_policy,Здоровье
local_policy,test,12,6,50,473.0560198020935,-1.5020421875992338,-16.980058198726603,0.34254847594992976,1.0,Prophet,local_policy,Здоровье
local_policy,test,1,6,50,434.68072265625,0.6401874189981678,-0.7307858438781791,0.08328562455931578,1.0,Prophet,local_policy,Маркетплейсы
local_policy,test,3,6,50,487.4617594401042,0.5595007368235125,-0.011813954276980398,0.09339856811606936,1.0,Prophet,local_policy,Маркетплейсы
local_policy,test,6,6,50,551.2922843424479,0.496074864490605,0.0035976557504278084,0.10562861388381033,1.0,Prophet,local_policy,Маркетплейсы
local_policy,test,12,6,50,469.5833837890625,0.6683630661158066,-1.454777165850905,0.08997303851562145,1.0,Prophet,local_policy,Маркетплейсы
local_policy,test,1,6,50,95.2848612721761,0.9385630753284983,-1.3178980423721876,0.1510444189844907,1.0,Prophet,local_policy,Общественное питание
local_policy,test,3,6,50,118.27595152537027,0.9025312218962263,0.1657559485394321,0.18748961943657708,1.0,Prophet,local_policy,Общественное питание
local_policy,test,6,6,50,122.27138460795085,0.8959448108787038,0.04688493333777011,0.1938231320270605,1.0,Prophet,local_policy,Общественное питание
local_policy,test,12,6,50,149.50555825074514,0.8343400795771363,-1.9911235483470673,0.23699441736533058,1.0,Prophet,local_policy,Общественное питание
local_policy,test,1,6,50,975.9309602864583,0.5410732180167919,-0.004427411605602893,0.0807195154297219,1.0,Prophet,local_policy,Продовольствие
local_policy,test,3,6,50,1090.4450162760418,0.45578566156390876,0.35434136053065346,0.09019100417791986,1.0,Prophet,local_policy,Продовольствие
local_policy,test,6,6,50,908.8064713541667,0.5943815146210405,0.4388858033485049,0.07516763067499302,1.0,Prophet,local_policy,Продовольствие
local_policy,test,12,6,50,1323.5330208333332,0.019473202178801774,-5.902415620293721,0.10946977649478828,1.0,Prophet,local_policy,Продовольствие
local_policy,test,1,6,50,110.90716186523437,0.9263075572588537,-0.38808828492881653,0.07369801615087362,1.0,Prophet,local_policy,Транспорт
local_policy,test,3,6,50,139.67845845540364,0.8808660920234627,0.08716599284488014,0.09281659645825177,1.0,Prophet,local_policy,Транспорт
local_policy,test,6,6,50,154.934223429362,0.8542426716423455,-0.17065538775464573,0.102954080769778,1.0,Prophet,local_policy,Транспорт
local_policy,test,12,6,50,268.9386371866862,0.5544667864965018,-5.1828635429952055,0.17871022658628968,1.0,Prophet,local_policy,Транспорт
local_news_coverage,test,1,6,50,1477.9078515625,0.8505979312259908,0.05071277176203992,0.053066118530188715,1.0,Prophet,local_news_coverage,Все категории
local_news_coverage,test,3,6,50,1608.17978515625,0.8456387043478693,0.3668118852111174,0.05774369424097075,1.0,Prophet,local_news_coverage,Все категории
local_news_coverage,test,6,6,50,1763.0614453125,0.8158267509297996,0.22221495783372192,0.06330491277520789,1.0,Prophet,local_news_coverage,Все категории
local_news_coverage,test,12,6,50,2130.3826236979166,0.7629863193175487,-3.3163711207820903,0.07649403628533817,1.0,Prophet,local_news_coverage,Все категории
local_news_coverage,test,1,6,50,104.57534281412761,0.8691101319803252,-0.585487014271383,0.07572490953166033,1.0,Prophet,local_news_coverage,Здоровье
local_news_coverage,test,3,6,50,134.63868225097656,0.786810587602841,0.09714164723744778,0.09749432092265445,1.0,Prophet,local_news_coverage,Здоровье
local_news_coverage,test,6,6,50,115.45049987792969,0.8292319453046212,0.4010846385414758,0.08359980874440053,1.0,Prophet,local_news_coverage,Здоровье
local_news_coverage,test,12,6,50,473.0560198020935,-1.5020421875992338,-16.980058198726603,0.34254847594992976,1.0,Prophet,local_news_coverage,Здоровье
local_news_coverage,test,1,6,50,434.68072265625,0.6401874189981678,-0.7307858438781791,0.08328562455931578,1.0,Prophet,local_news_coverage,Маркетплейсы
local_news_coverage,test,3,6,50,487.4617594401042,0.5595007368235125,-0.011813954276980398,0.09339856811606936,1.0,Prophet,local_news_coverage,Маркетплейсы
local_news_coverage,test,6,6,50,551.2922843424479,0.496074864490605,0.0035976557504278084,0.10562861388381033,1.0,Prophet,local_news_coverage,Маркетплейсы
local_news_coverage,test,12,6,50,469.5833837890625,0.6683630661158066,-1.454777165850905,0.08997303851562145,1.0,Prophet,local_news_coverage,Маркетплейсы
local_news_coverage,test,1,6,50,95.2848612721761,0.9385630753284983,-1.3178980423721876,0.1510444189844907,1.0,Prophet,local_news_coverage,Общественное питание
local_news_coverage,test,3,6,50,118.27595152537027,0.9025312218962263,0.1657559485394321,0.18748961943657708,1.0,Prophet,local_news_coverage,Общественное питание
local_news_coverage,test,6,6,50,122.27138460795085,0.8959448108787038,0.04688493333777011,0.1938231320270605,1.0,Prophet,local_news_coverage,Общественное питание
local_news_coverage,test,12,6,50,149.50555825074514,0.8343400795771363,-1.9911235483470673,0.23699441736533058,1.0,Prophet,local_news_coverage,Общественное питание
local_news_coverage,test,1,6,50,975.9309602864583,0.5410732180167919,-0.004427411605602893,0.0807195154297219,1.0,Prophet,local_news_coverage,Продовольствие
local_news_coverage,test,3,6,50,1090.4450162760418,0.45578566156390876,0.35434136053065346,0.09019100417791986,1.0,Prophet,local_news_coverage,Продовольствие
local_news_coverage,test,6,6,50,908.8064713541667,0.5943815146210405,0.4388858033485049,0.07516763067499302,1.0,Prophet,local_news_coverage,Продовольствие
local_news_coverage,test,12,6,50,1323.5330208333332,0.019473202178801774,-5.902415620293721,0.10946977649478828,1.0,Prophet,local_news_coverage,Продовольствие
local_news_coverage,test,1,6,50,110.90716186523437,0.9263075572588537,-0.38808828492881653,0.07369801615087362,1.0,Prophet,local_news_coverage,Транспорт
local_news_coverage,test,3,6,50,139.67845845540364,0.8808660920234627,0.08716599284488014,0.09281659645825177,1.0,Prophet,local_news_coverage,Транспорт
local_news_coverage,test,6,6,50,154.934223429362,0.8542426716423455,-0.17065538775464573,0.102954080769778,1.0,Prophet,local_news_coverage,Транспорт
local_news_coverage,test,12,6,50,268.9386371866862,0.5544667864965018,-5.1828635429952055,0.17871022658628968,1.0,Prophet,local_news_coverage,Транспорт
local_policy_coverage,test,1,6,50,1477.9078515625,0.8505979312259908,0.05071277176203992,0.053066118530188715,1.0,Prophet,local_policy_coverage,Все категории
local_policy_coverage,test,3,6,50,1608.17978515625,0.8456387043478693,0.3668118852111174,0.05774369424097075,1.0,Prophet,local_policy_coverage,Все категории
local_policy_coverage,test,6,6,50,1763.0614453125,0.8158267509297996,0.22221495783372192,0.06330491277520789,1.0,Prophet,local_policy_coverage,Все категории
local_policy_coverage,test,12,6,50,2130.3826236979166,0.7629863193175487,-3.3163711207820903,0.07649403628533817,1.0,Prophet,local_policy_coverage,Все категории
local_policy_coverage,test,1,6,50,104.57534281412761,0.8691101319803252,-0.585487014271383,0.07572490953166033,1.0,Prophet,local_policy_coverage,Здоровье
local_policy_coverage,test,3,6,50,134.63868225097656,0.786810587602841,0.09714164723744778,0.09749432092265445,1.0,Prophet,local_policy_coverage,Здоровье
local_policy_coverage,test,6,6,50,115.45049987792969,0.8292319453046212,0.4010846385414758,0.08359980874440053,1.0,Prophet,local_policy_coverage,Здоровье
local_policy_coverage,test,12,6,50,473.0560198020935,-1.5020421875992338,-16.980058198726603,0.34254847594992976,1.0,Prophet,local_policy_coverage,Здоровье
local_policy_coverage,test,1,6,50,434.68072265625,0.6401874189981678,-0.7307858438781791,0.08328562455931578,1.0,Prophet,local_policy_coverage,Маркетплейсы
local_policy_coverage,test,3,6,50,487.4617594401042,0.5595007368235125,-0.011813954276980398,0.09339856811606936,1.0,Prophet,local_policy_coverage,Маркетплейсы
local_policy_coverage,test,6,6,50,551.2922843424479,0.496074864490605,0.0035976557504278084,0.10562861388381033,1.0,Prophet,local_policy_coverage,Маркетплейсы
local_policy_coverage,test,12,6,50,469.5833837890625,0.6683630661158066,-1.454777165850905,0.08997303851562145,1.0,Prophet,local_policy_coverage,Маркетплейсы
local_policy_coverage,test,1,6,50,95.2848612721761,0.9385630753284983,-1.3178980423721876,0.1510444189844907,1.0,Prophet,local_policy_coverage,Общественное питание
local_policy_coverage,test,3,6,50,118.27595152537027,0.9025312218962263,0.1657559485394321,0.18748961943657708,1.0,Prophet,local_policy_coverage,Общественное питание
local_policy_coverage,test,6,6,50,122.27138460795085,0.8959448108787038,0.04688493333777011,0.1938231320270605,1.0,Prophet,local_policy_coverage,Общественное питание
local_policy_coverage,test,12,6,50,149.50555825074514,0.8343400795771363,-1.9911235483470673,0.23699441736533058,1.0,Prophet,local_policy_coverage,Общественное питание
local_policy_coverage,test,1,6,50,975.9309602864583,0.5410732180167919,-0.004427411605602893,0.0807195154297219,1.0,Prophet,local_policy_coverage,Продовольствие
local_policy_coverage,test,3,6,50,1090.4450162760418,0.45578566156390876,0.35434136053065346,0.09019100417791986,1.0,Prophet,local_policy_coverage,Продовольствие
local_policy_coverage,test,6,6,50,908.8064713541667,0.5943815146210405,0.4388858033485049,0.07516763067499302,1.0,Prophet,local_policy_coverage,Продовольствие
local_policy_coverage,test,12,6,50,1323.5330208333332,0.019473202178801774,-5.902415620293721,0.10946977649478828,1.0,Prophet,local_policy_coverage,Продовольствие
local_policy_coverage,test,1,6,50,110.90716186523437,0.9263075572588537,-0.38808828492881653,0.07369801615087362,1.0,Prophet,local_policy_coverage,Транспорт
local_policy_coverage,test,3,6,50,139.67845845540364,0.8808660920234627,0.08716599284488014,0.09281659645825177,1.0,Prophet,local_policy_coverage,Транспорт
local_policy_coverage,test,6,6,50,154.934223429362,0.8542426716423455,-0.17065538775464573,0.102954080769778,1.0,Prophet,local_policy_coverage,Транспорт
local_policy_coverage,test,12,6,50,268.9386371866862,0.5544667864965018,-5.1828635429952055,0.17871022658628968,1.0,Prophet,local_policy_coverage,Транспорт
transferred_news,test,1,6,50,1477.9078515625,0.8505979312259908,0.05071277176203992,0.053066118530188715,1.0,Prophet,transferred_news,Все категории
transferred_news,test,3,6,50,1608.17978515625,0.8456387043478693,0.3668118852111174,0.05774369424097075,1.0,Prophet,transferred_news,Все категории
transferred_news,test,6,6,50,1763.0614453125,0.8158267509297996,0.22221495783372192,0.06330491277520789,1.0,Prophet,transferred_news,Все категории
transferred_news,test,12,6,50,2130.3826236979166,0.7629863193175487,-3.3163711207820903,0.07649403628533817,1.0,Prophet,transferred_news,Все категории
transferred_news,test,1,6,50,104.57534281412761,0.8691101319803252,-0.585487014271383,0.07572490953166033,1.0,Prophet,transferred_news,Здоровье
transferred_news,test,3,6,50,134.63868225097656,0.786810587602841,0.09714164723744778,0.09749432092265445,1.0,Prophet,transferred_news,Здоровье
transferred_news,test,6,6,50,115.45049987792969,0.8292319453046212,0.4010846385414758,0.08359980874440053,1.0,Prophet,transferred_news,Здоровье
transferred_news,test,12,6,50,473.0560198020935,-1.5020421875992338,-16.980058198726603,0.34254847594992976,1.0,Prophet,transferred_news,Здоровье
transferred_news,test,1,6,50,434.68072265625,0.6401874189981678,-0.7307858438781791,0.08328562455931578,1.0,Prophet,transferred_news,Маркетплейсы
transferred_news,test,3,6,50,487.4617594401042,0.5595007368235125,-0.011813954276980398,0.09339856811606936,1.0,Prophet,transferred_news,Маркетплейсы
transferred_news,test,6,6,50,551.2922843424479,0.496074864490605,0.0035976557504278084,0.10562861388381033,1.0,Prophet,transferred_news,Маркетплейсы
transferred_news,test,12,6,50,469.5833837890625,0.6683630661158066,-1.454777165850905,0.08997303851562145,1.0,Prophet,transferred_news,Маркетплейсы
transferred_news,test,1,6,50,95.2848612721761,0.9385630753284983,-1.3178980423721876,0.1510444189844907,1.0,Prophet,transferred_news,Общественное питание
transferred_news,test,3,6,50,118.27595152537027,0.9025312218962263,0.1657559485394321,0.18748961943657708,1.0,Prophet,transferred_news,Общественное питание
transferred_news,test,6,6,50,122.27138460795085,0.8959448108787038,0.04688493333777011,0.1938231320270605,1.0,Prophet,transferred_news,Общественное питание
transferred_news,test,12,6,50,149.50555825074514,0.8343400795771363,-1.9911235483470673,0.23699441736533058,1.0,Prophet,transferred_news,Общественное питание
transferred_news,test,1,6,50,975.9309602864583,0.5410732180167919,-0.004427411605602893,0.0807195154297219,1.0,Prophet,transferred_news,Продовольствие
transferred_news,test,3,6,50,1090.4450162760418,0.45578566156390876,0.35434136053065346,0.09019100417791986,1.0,Prophet,transferred_news,Продовольствие
transferred_news,test,6,6,50,908.8064713541667,0.5943815146210405,0.4388858033485049,0.07516763067499302,1.0,Prophet,transferred_news,Продовольствие
transferred_news,test,12,6,50,1323.5330208333332,0.019473202178801774,-5.902415620293721,0.10946977649478828,1.0,Prophet,transferred_news,Продовольствие
transferred_news,test,1,6,50,110.90716186523437,0.9263075572588537,-0.38808828492881653,0.07369801615087362,1.0,Prophet,transferred_news,Транспорт
transferred_news,test,3,6,50,139.67845845540364,0.8808660920234627,0.08716599284488014,0.09281659645825177,1.0,Prophet,transferred_news,Транспорт
transferred_news,test,6,6,50,154.934223429362,0.8542426716423455,-0.17065538775464573,0.102954080769778,1.0,Prophet,transferred_news,Транспорт
transferred_news,test,12,6,50,268.9386371866862,0.5544667864965018,-5.1828635429952055,0.17871022658628968,1.0,Prophet,transferred_news,Транспорт
original,test,1,6,50,765.5051627604166,0.964695665064248,0.775679449883395,0.02748641443346292,1.0,SeasonalNaive_NatGrowth,original,Все категории
original,test,3,6,50,773.13056640625,0.9633218552228651,0.8495467063341718,0.027760214030158013,1.0,SeasonalNaive_NatGrowth,original,Все категории
original,test,6,6,50,785.9823958333334,0.9621666157852533,0.8402252200831648,0.028221674941260377,1.0,SeasonalNaive_NatGrowth,original,Все категории
original,test,12,6,50,1347.3876432291668,0.9140954558484857,-0.564449328207071,0.04837962820626293,1.0,SeasonalNaive_NatGrowth,original,Все категории
original,test,1,6,50,116.56652323404948,0.80891674154313,-1.3146178501951753,0.08440794157383434,1.0,SeasonalNaive_NatGrowth,original,Здоровье
original,test,3,6,50,130.4000478108724,0.7698957881509996,0.025507377042320645,0.09442504855999855,1.0,SeasonalNaive_NatGrowth,original,Здоровье
original,test,6,6,50,136.44883463541666,0.747779224038956,0.11541478017348428,0.09880508521815268,1.0,SeasonalNaive_NatGrowth,original,Здоровье
original,test,12,6,50,121.77091084798177,0.8111403850970482,-0.35717410528653937,0.08817653339124959,1.0,SeasonalNaive_NatGrowth,original,Здоровье
original,test,1,6,50,856.551953125,0.13449944085696608,-3.1632677530688795,0.1641169268965548,1.0,SeasonalNaive_NatGrowth,original,Маркетплейсы
original,test,3,6,50,795.6804516601562,0.232323119344499,-0.7633313949763729,0.15245383545237312,1.0,SeasonalNaive_NatGrowth,original,Маркетплейсы
original,test,6,6,50,796.0529654947917,0.20336528260763842,-0.5751718737307276,0.15252520978704573,1.0,SeasonalNaive_NatGrowth,original,Маркетплейсы
original,test,12,6,50,1167.7854386393228,-0.5551987852535603,-10.511584134150217,0.22374983416337177,1.0,SeasonalNaive_NatGrowth,original,Маркетплейсы
original,test,1,6,50,54.77527435302734,0.9791190116026443,0.21220011600811595,0.08682910778173125,1.0,SeasonalNaive_NatGrowth,original,Общественное питание
original,test,3,6,50,55.162796567281084,0.9790518901155039,0.8207032405610242,0.08744340334677746,1.0,SeasonalNaive_NatGrowth,original,Общественное питание
original,test,6,6,50,54.895083351135256,0.9796667018218388,0.813752941951313,0.08701902756821897,1.0,SeasonalNaive_NatGrowth,original,Общественное питание
original,test,12,6,50,52.877985356648765,0.9806944106214861,0.6514220044450636,0.08382154802588417,1.0,SeasonalNaive_NatGrowth,original,Общественное питание
original,test,1,6,50,717.9003450520834,0.7130882446961389,0.3720522683515518,0.0593777329929415,1.0,SeasonalNaive_NatGrowth,original,Продовольствие
original,test,3,6,50,682.1969108072917,0.7380755566876291,0.6892515177038266,0.05642469222603049,1.0,SeasonalNaive_NatGrowth,original,Продовольствие
original,test,6,6,50,572.8521028645833,0.796460388601582,0.7184325427627438,0.047380753391155626,1.0,SeasonalNaive_NatGrowth,original,Продовольствие
original,test,12,6,50,462.388916015625,0.8605512144351877,0.01835066838318966,0.03824431313245788,1.0,SeasonalNaive_NatGrowth,original,Продовольствие
original,test,1,6,50,96.6894394938151,0.9340692624428506,-0.2418869698927255,0.06425031308701991,1.0,SeasonalNaive_NatGrowth,original,Транспорт
original,test,3,6,50,98.19369384765625,0.9325564445133095,0.48323049199536827,0.06524989291396667,1.0,SeasonalNaive_NatGrowth,original,Транспорт
original,test,6,6,50,101.94275105794271,0.9285989034980446,0.42653944571141766,0.06774114843063002,1.0,SeasonalNaive_NatGrowth,original,Транспорт
original,test,12,6,50,104.29960489908854,0.9262763497333616,-0.023096046882144394,0.06930728220890735,1.0,SeasonalNaive_NatGrowth,original,Транспорт
financial_only,test,1,6,50,821.150220315355,0.9610402823215677,0.7524534786473693,0.02948441939480584,1.0,SeasonalNaive_NatGrowth,financial_only,Все категории
financial_only,test,3,6,50,830.4156442803171,0.95903018884296,0.8319423442243915,0.029817105959693703,1.0,SeasonalNaive_NatGrowth,financial_only,Все категории
financial_only,test,6,6,50,2076.7661023454184,0.7842795922320562,0.08898763908995588,0.07456886843792468,1.0,SeasonalNaive_NatGrowth,financial_only,Все категории
financial_only,test,12,6,50,1347.3876432291668,0.9140954558484857,-0.564449328207071,0.04837962820626293,1.0,SeasonalNaive_NatGrowth,financial_only,Все категории
financial_only,test,1,6,50,112.54522186097772,0.826725382510519,-1.098899327265864,0.08149604404157722,1.0,SeasonalNaive_NatGrowth,financial_only,Здоровье
financial_only,test,3,6,50,132.3692437289241,0.7713745253296651,0.03176983725686222,0.09585097917358135,1.0,SeasonalNaive_NatGrowth,financial_only,Здоровье
financial_only,test,6,6,50,201.73244022527686,0.5051258962282992,-0.7356156177195836,0.14607813251745258,1.0,SeasonalNaive_NatGrowth,financial_only,Здоровье
financial_only,test,12,6,50,121.77091084798177,0.8111403850970482,-0.35717410528653937,0.08817653339124959,1.0,SeasonalNaive_NatGrowth,financial_only,Здоровье
financial_only,test,1,6,50,665.154098358656,0.4473655162378647,-1.658305995502583,0.12744474650604268,1.0,SeasonalNaive_NatGrowth,financial_only,Маркетплейсы
financial_only,test,3,6,50,645.5123737135302,0.4686400827050944,-0.22051822558223355,0.12368135600071983,1.0,SeasonalNaive_NatGrowth,financial_only,Маркетплейсы
financial_only,test,6,6,50,520.2237297800225,0.600579266615106,0.21023237968812947,0.09967582178602721,1.0,SeasonalNaive_NatGrowth,financial_only,Маркетплейсы
financial_only,test,12,6,50,1167.7854386393228,-0.5551987852535603,-10.511584134150217,0.22374983416337177,1.0,SeasonalNaive_NatGrowth,financial_only,Маркетплейсы
financial_only,test,1,6,50,50.83369434259089,0.9815952482257403,0.3056238030141657,0.08058096243515137,1.0,SeasonalNaive_NatGrowth,financial_only,Общественное питание
financial_only,test,3,6,50,53.148016148858446,0.9800543193651925,0.8292831228046741,0.08424959759821579,1.0,SeasonalNaive_NatGrowth,financial_only,Общественное питание
financial_only,test,6,6,50,70.33388042609076,0.9582308444407681,0.6174067644156103,0.11149242347677821,1.0,SeasonalNaive_NatGrowth,financial_only,Общественное питание
financial_only,test,12,6,50,52.877985356648765,0.9806944106214861,0.6514220044450636,0.08382154802588417,1.0,SeasonalNaive_NatGrowth,financial_only,Общественное питание
financial_only,test,1,6,50,699.1615719621195,0.7290341819964254,0.406952250564266,0.057827843968900894,1.0,SeasonalNaive_NatGrowth,financial_only,Продовольствие
financial_only,test,3,6,50,713.9272081851528,0.7242802301252301,0.6728846726021153,0.05904911376096176,1.0,SeasonalNaive_NatGrowth,financial_only,Продовольствие
financial_only,test,6,6,50,1365.3590316992888,0.15471146904437105,-0.16933377566054464,0.11292921724095256,1.0,SeasonalNaive_NatGrowth,financial_only,Продовольствие
financial_only,test,12,6,50,462.388916015625,0.8605512144351877,0.01835066838318966,0.03824431313245788,1.0,SeasonalNaive_NatGrowth,financial_only,Продовольствие
financial_only,test,1,6,50,91.09880696442954,0.9423602600274479,-0.08571577798396945,0.06053532733213324,1.0,SeasonalNaive_NatGrowth,financial_only,Транспорт
financial_only,test,3,6,50,95.04661024644852,0.9370700923460332,0.5178151984657007,0.0631586499845715,1.0,SeasonalNaive_NatGrowth,financial_only,Транспорт
financial_only,test,6,6,50,119.87491054953634,0.908743156809744,0.2670672798830579,0.07965710189662323,1.0,SeasonalNaive_NatGrowth,financial_only,Транспорт
financial_only,test,12,6,50,104.29960489908854,0.9262763497333616,-0.023096046882144394,0.06930728220890735,1.0,SeasonalNaive_NatGrowth,financial_only,Транспорт
local_news,test,1,6,50,801.227183216999,0.9633906181911075,0.7673873001220817,0.028769057982370717,1.0,SeasonalNaive_NatGrowth,local_news,Все категории
local_news,test,3,6,50,797.8938960138103,0.9614895212408835,0.8420304951310139,0.028649372161882947,1.0,SeasonalNaive_NatGrowth,local_news,Все категории
local_news,test,6,6,50,1976.6545750707485,0.788476342541469,0.10671100354623386,0.0709742396070546,1.0,SeasonalNaive_NatGrowth,local_news,Все категории
local_news,test,12,6,50,1347.3876432291668,0.9140954558484857,-0.564449328207071,0.04837962820626293,1.0,SeasonalNaive_NatGrowth,local_news,Все категории
local_news,test,1,6,50,103.88805558885947,0.8495310547572317,-0.8226510756177146,0.07522723233974139,1.0,SeasonalNaive_NatGrowth,local_news,Здоровье
local_news,test,3,6,50,126.25431803343085,0.7874463454891073,0.09983408543827599,0.09142305015491123,1.0,SeasonalNaive_NatGrowth,local_news,Здоровье
local_news,test,6,6,50,188.31149796436114,0.5434785390787353,-0.6011057587378599,0.13635978389732087,1.0,SeasonalNaive_NatGrowth,local_news,Здоровье
local_news,test,12,6,50,121.77091084798177,0.8111403850970482,-0.35717410528653937,0.08817653339124959,1.0,SeasonalNaive_NatGrowth,local_news,Здоровье
local_news,test,1,6,50,671.7843123224437,0.43786153674326556,-1.7040224435599591,0.12871510767495203,1.0,SeasonalNaive_NatGrowth,local_news,Маркетплейсы
local_news,test,3,6,50,652.6567029334656,0.45798041280301927,-0.2450031763109357,0.12505022259665174,1.0,SeasonalNaive_NatGrowth,local_news,Маркетплейсы
local_news,test,6,6,50,496.65150654221816,0.6317313436276073,0.27182883593975615,0.09515934053372956,1.0,SeasonalNaive_NatGrowth,local_news,Маркетплейсы
local_news,test,12,6,50,1167.7854386393228,-0.5551987852535603,-10.511584134150217,0.22374983416337177,1.0,SeasonalNaive_NatGrowth,local_news,Маркетплейсы
local_news,test,1,6,50,50.26290979572401,0.981877999053589,0.31629145270291226,0.07967616161899058,1.0,SeasonalNaive_NatGrowth,local_news,Общественное питание
local_news,test,3,6,50,52.88453060899252,0.9801584953507042,0.8301747744485026,0.08383192348137804,1.0,SeasonalNaive_NatGrowth,local_news,Общественное питание
local_news,test,6,6,50,73.14143435400207,0.9547668653035941,0.5856777297165756,0.11594292428191312,1.0,SeasonalNaive_NatGrowth,local_news,Общественное питание
local_news,test,12,6,50,52.877985356648765,0.9806944106214861,0.6514220044450636,0.08382154802588417,1.0,SeasonalNaive_NatGrowth,local_news,Общественное питание
local_news,test,1,6,50,652.2487678079317,0.757858615956547,0.47003867901032026,0.053947673164949785,1.0,SeasonalNaive_NatGrowth,local_news,Продовольствие
local_news,test,3,6,50,690.4724481868866,0.7369844767910334,0.6879570550044191,0.05710916417577311,1.0,SeasonalNaive_NatGrowth,local_news,Продовольствие
local_news,test,6,6,50,1359.0342141325018,0.15034142764545655,-0.17537909252176886,0.11240608985802521,1.0,SeasonalNaive_NatGrowth,local_news,Продовольствие
local_news,test,12,6,50,462.388916015625,0.8605512144351877,0.01835066838318966,0.03824431313245788,1.0,SeasonalNaive_NatGrowth,local_news,Продовольствие
local_news,test,1,6,50,89.89799427182183,0.9440955508253264,-0.053029429996553024,0.05973738505567761,1.0,SeasonalNaive_NatGrowth,local_news,Транспорт
local_news,test,3,6,50,96.28672357695615,0.9360378840523856,0.5099061585549592,0.06398270760829575,1.0,SeasonalNaive_NatGrowth,local_news,Транспорт
local_news,test,6,6,50,119.27113742261422,0.9098148053566377,0.27567426492687164,0.07925589352638795,1.0,SeasonalNaive_NatGrowth,local_news,Транспорт
local_news,test,12,6,50,104.29960489908854,0.9262763497333616,-0.023096046882144394,0.06930728220890735,1.0,SeasonalNaive_NatGrowth,local_news,Транспорт
local_policy,test,1,6,50,801.227183216999,0.9633906181911075,0.7673873001220817,0.028769057982370717,1.0,SeasonalNaive_NatGrowth,local_policy,Все категории
local_policy,test,3,6,50,797.8938960138103,0.9614895212408835,0.8420304951310139,0.028649372161882947,1.0,SeasonalNaive_NatGrowth,local_policy,Все категории
local_policy,test,6,6,50,1976.6545750707485,0.788476342541469,0.10671100354623386,0.0709742396070546,1.0,SeasonalNaive_NatGrowth,local_policy,Все категории
local_policy,test,12,6,50,1347.3876432291668,0.9140954558484857,-0.564449328207071,0.04837962820626293,1.0,SeasonalNaive_NatGrowth,local_policy,Все категории
local_policy,test,1,6,50,103.88805558885947,0.8495310547572317,-0.8226510756177146,0.07522723233974139,1.0,SeasonalNaive_NatGrowth,local_policy,Здоровье
local_policy,test,3,6,50,126.25431803343085,0.7874463454891073,0.09983408543827599,0.09142305015491123,1.0,SeasonalNaive_NatGrowth,local_policy,Здоровье
local_policy,test,6,6,50,188.31149796436114,0.5434785390787353,-0.6011057587378599,0.13635978389732087,1.0,SeasonalNaive_NatGrowth,local_policy,Здоровье
local_policy,test,12,6,50,121.77091084798177,0.8111403850970482,-0.35717410528653937,0.08817653339124959,1.0,SeasonalNaive_NatGrowth,local_policy,Здоровье
local_policy,test,1,6,50,671.7843123224437,0.43786153674326556,-1.7040224435599591,0.12871510767495203,1.0,SeasonalNaive_NatGrowth,local_policy,Маркетплейсы
local_policy,test,3,6,50,652.6567029334656,0.45798041280301927,-0.2450031763109357,0.12505022259665174,1.0,SeasonalNaive_NatGrowth,local_policy,Маркетплейсы
local_policy,test,6,6,50,496.65150654221816,0.6317313436276073,0.27182883593975615,0.09515934053372956,1.0,SeasonalNaive_NatGrowth,local_policy,Маркетплейсы
local_policy,test,12,6,50,1167.7854386393228,-0.5551987852535603,-10.511584134150217,0.22374983416337177,1.0,SeasonalNaive_NatGrowth,local_policy,Маркетплейсы
local_policy,test,1,6,50,50.26290979572401,0.981877999053589,0.31629145270291226,0.07967616161899058,1.0,SeasonalNaive_NatGrowth,local_policy,Общественное питание
local_policy,test,3,6,50,52.88453060899252,0.9801584953507042,0.8301747744485026,0.08383192348137804,1.0,SeasonalNaive_NatGrowth,local_policy,Общественное питание
local_policy,test,6,6,50,73.14143435400207,0.9547668653035941,0.5856777297165756,0.11594292428191312,1.0,SeasonalNaive_NatGrowth,local_policy,Общественное питание
local_policy,test,12,6,50,52.877985356648765,0.9806944106214861,0.6514220044450636,0.08382154802588417,1.0,SeasonalNaive_NatGrowth,local_policy,Общественное питание
local_policy,test,1,6,50,652.2487678079317,0.757858615956547,0.47003867901032026,0.053947673164949785,1.0,SeasonalNaive_NatGrowth,local_policy,Продовольствие
local_policy,test,3,6,50,690.4724481868866,0.7369844767910334,0.6879570550044191,0.05710916417577311,1.0,SeasonalNaive_NatGrowth,local_policy,Продовольствие
local_policy,test,6,6,50,1359.0342141325018,0.15034142764545655,-0.17537909252176886,0.11240608985802521,1.0,SeasonalNaive_NatGrowth,local_policy,Продовольствие
local_policy,test,12,6,50,462.388916015625,0.8605512144351877,0.01835066838318966,0.03824431313245788,1.0,SeasonalNaive_NatGrowth,local_policy,Продовольствие
local_policy,test,1,6,50,89.89799427182183,0.9440955508253264,-0.053029429996553024,0.05973738505567761,1.0,SeasonalNaive_NatGrowth,local_policy,Транспорт
local_policy,test,3,6,50,96.28672357695615,0.9360378840523856,0.5099061585549592,0.06398270760829575,1.0,SeasonalNaive_NatGrowth,local_policy,Транспорт
local_policy,test,6,6,50,119.27113742261422,0.9098148053566377,0.27567426492687164,0.07925589352638795,1.0,SeasonalNaive_NatGrowth,local_policy,Транспорт
local_policy,test,12,6,50,104.29960489908854,0.9262763497333616,-0.023096046882144394,0.06930728220890735,1.0,SeasonalNaive_NatGrowth,local_policy,Транспорт
local_news_coverage,test,1,6,50,794.3911118142984,0.9630572066216775,0.765268833174442,0.02852360034104821,1.0,SeasonalNaive_NatGrowth,local_news_coverage,Все категории
local_news_coverage,test,3,6,50,812.5890251869201,0.9606978645274171,0.8387831291391569,0.02917701904168823,1.0,SeasonalNaive_NatGrowth,local_news_coverage,Все категории
local_news_coverage,test,6,6,50,2141.743734116625,0.767033459914956,0.01615521733934555,0.07690197107740003,1.0,SeasonalNaive_NatGrowth,local_news_coverage,Все категории
local_news_coverage,test,12,6,50,1347.3876432291668,0.9140954558484857,-0.564449328207071,0.04837962820626293,1.0,SeasonalNaive_NatGrowth,local_news_coverage,Все категории
local_news_coverage,test,1,6,50,109.87158448569913,0.8329561300659085,-1.023425423229316,0.0795600145444204,1.0,SeasonalNaive_NatGrowth,local_news_coverage,Здоровье
local_news_coverage,test,3,6,50,131.44390925615687,0.7737849801877853,0.041978127050149694,0.09518092763608488,1.0,SeasonalNaive_NatGrowth,local_news_coverage,Здоровье
local_news_coverage,test,6,6,50,196.78001065012091,0.5111162303401678,-0.7146064007072621,0.14249198810282546,1.0,SeasonalNaive_NatGrowth,local_news_coverage,Здоровье
local_news_coverage,test,12,6,50,121.77091084798177,0.8111403850970482,-0.35717410528653937,0.08817653339124959,1.0,SeasonalNaive_NatGrowth,local_news_coverage,Здоровье
local_news_coverage,test,1,6,50,671.5379489963841,0.43860533242785193,-1.7004446057922098,0.12866790400934203,1.0,SeasonalNaive_NatGrowth,local_news_coverage,Маркетплейсы
local_news_coverage,test,3,6,50,649.3583228349912,0.46274904753833035,-0.23404976146695988,0.12441824691377175,1.0,SeasonalNaive_NatGrowth,local_news_coverage,Маркетплейсы
local_news_coverage,test,6,6,50,508.8792977470583,0.6173516232968288,0.243396066788923,0.09750220777949277,1.0,SeasonalNaive_NatGrowth,local_news_coverage,Маркетплейсы
local_news_coverage,test,12,6,50,1167.7854386393228,-0.5551987852535603,-10.511584134150217,0.22374983416337177,1.0,SeasonalNaive_NatGrowth,local_news_coverage,Маркетплейсы
local_news_coverage,test,1,6,50,50.58312998896626,0.9817053447908183,0.3097775365226466,0.08018377082773169,1.0,SeasonalNaive_NatGrowth,local_news_coverage,Общественное питание
local_news_coverage,test,3,6,50,52.79131546040417,0.9802225901334287,0.8307233674672911,0.08368415994611023,1.0,SeasonalNaive_NatGrowth,local_news_coverage,Общественное питание
local_news_coverage,test,6,6,50,73.22932818200978,0.9549622805560863,0.5874676762149558,0.1160822525236348,1.0,SeasonalNaive_NatGrowth,local_news_coverage,Общественное питание
local_news_coverage,test,12,6,50,52.877985356648765,0.9806944106214861,0.6514220044450636,0.08382154802588417,1.0,SeasonalNaive_NatGrowth,local_news_coverage,Общественное питание
local_news_coverage,test,1,6,50,655.8486635894726,0.7554330441333323,0.4647299654557816,0.054245421525139316,1.0,SeasonalNaive_NatGrowth,local_news_coverage,Продовольствие
local_news_coverage,test,3,6,50,695.4236791655597,0.7346852649310056,0.6852292584423818,0.057518681838028454,1.0,SeasonalNaive_NatGrowth,local_news_coverage,Продовольствие
local_news_coverage,test,6,6,50,1405.9099042526207,0.10491692910636896,-0.2382172814229575,0.1162831909501139,1.0,SeasonalNaive_NatGrowth,local_news_coverage,Продовольствие
local_news_coverage,test,12,6,50,462.388916015625,0.8605512144351877,0.01835066838318966,0.03824431313245788,1.0,SeasonalNaive_NatGrowth,local_news_coverage,Продовольствие
local_news_coverage,test,1,6,50,92.61798087334377,0.9407907605179561,-0.11527924204200946,0.061544821231284595,1.0,SeasonalNaive_NatGrowth,local_news_coverage,Транспорт
local_news_coverage,test,3,6,50,96.27670324891105,0.9360043843644946,0.5096494755093394,0.0639760490815993,1.0,SeasonalNaive_NatGrowth,local_news_coverage,Транспорт
local_news_coverage,test,6,6,50,124.97273754865579,0.9007943547326145,0.20322618123892033,0.08304461745645682,1.0,SeasonalNaive_NatGrowth,local_news_coverage,Транспорт
local_news_coverage,test,12,6,50,104.29960489908854,0.9262763497333616,-0.023096046882144394,0.06930728220890735,1.0,SeasonalNaive_NatGrowth,local_news_coverage,Транспорт
local_policy_coverage,test,1,6,50,794.3911118142984,0.9630572066216775,0.765268833174442,0.02852360034104821,1.0,SeasonalNaive_NatGrowth,local_policy_coverage,Все категории
local_policy_coverage,test,3,6,50,812.5890251869201,0.9606978645274171,0.8387831291391569,0.02917701904168823,1.0,SeasonalNaive_NatGrowth,local_policy_coverage,Все категории
local_policy_coverage,test,6,6,50,2141.743734116625,0.767033459914956,0.01615521733934555,0.07690197107740003,1.0,SeasonalNaive_NatGrowth,local_policy_coverage,Все категории
local_policy_coverage,test,12,6,50,1347.3876432291668,0.9140954558484857,-0.564449328207071,0.04837962820626293,1.0,SeasonalNaive_NatGrowth,local_policy_coverage,Все категории
local_policy_coverage,test,1,6,50,109.87158448569913,0.8329561300659085,-1.023425423229316,0.0795600145444204,1.0,SeasonalNaive_NatGrowth,local_policy_coverage,Здоровье
local_policy_coverage,test,3,6,50,131.44390925615687,0.7737849801877853,0.041978127050149694,0.09518092763608488,1.0,SeasonalNaive_NatGrowth,local_policy_coverage,Здоровье
local_policy_coverage,test,6,6,50,196.78001065012091,0.5111162303401678,-0.7146064007072621,0.14249198810282546,1.0,SeasonalNaive_NatGrowth,local_policy_coverage,Здоровье
local_policy_coverage,test,12,6,50,121.77091084798177,0.8111403850970482,-0.35717410528653937,0.08817653339124959,1.0,SeasonalNaive_NatGrowth,local_policy_coverage,Здоровье
local_policy_coverage,test,1,6,50,671.5379489963841,0.43860533242785193,-1.7004446057922098,0.12866790400934203,1.0,SeasonalNaive_NatGrowth,local_policy_coverage,Маркетплейсы
local_policy_coverage,test,3,6,50,649.3583228349912,0.46274904753833035,-0.23404976146695988,0.12441824691377175,1.0,SeasonalNaive_NatGrowth,local_policy_coverage,Маркетплейсы
local_policy_coverage,test,6,6,50,508.8792977470583,0.6173516232968288,0.243396066788923,0.09750220777949277,1.0,SeasonalNaive_NatGrowth,local_policy_coverage,Маркетплейсы
local_policy_coverage,test,12,6,50,1167.7854386393228,-0.5551987852535603,-10.511584134150217,0.22374983416337177,1.0,SeasonalNaive_NatGrowth,local_policy_coverage,Маркетплейсы
local_policy_coverage,test,1,6,50,50.58312998896626,0.9817053447908183,0.3097775365226466,0.08018377082773169,1.0,SeasonalNaive_NatGrowth,local_policy_coverage,Общественное питание
local_policy_coverage,test,3,6,50,52.79131546040417,0.9802225901334287,0.8307233674672911,0.08368415994611023,1.0,SeasonalNaive_NatGrowth,local_policy_coverage,Общественное питание
local_policy_coverage,test,6,6,50,73.22932818200978,0.9549622805560863,0.5874676762149558,0.1160822525236348,1.0,SeasonalNaive_NatGrowth,local_policy_coverage,Общественное питание
local_policy_coverage,test,12,6,50,52.877985356648765,0.9806944106214861,0.6514220044450636,0.08382154802588417,1.0,SeasonalNaive_NatGrowth,local_policy_coverage,Общественное питание
local_policy_coverage,test,1,6,50,655.8486635894726,0.7554330441333323,0.4647299654557816,0.054245421525139316,1.0,SeasonalNaive_NatGrowth,local_policy_coverage,Продовольствие
local_policy_coverage,test,3,6,50,695.4236791655597,0.7346852649310056,0.6852292584423818,0.057518681838028454,1.0,SeasonalNaive_NatGrowth,local_policy_coverage,Продовольствие
local_policy_coverage,test,6,6,50,1405.9099042526207,0.10491692910636896,-0.2382172814229575,0.1162831909501139,1.0,SeasonalNaive_NatGrowth,local_policy_coverage,Продовольствие
local_policy_coverage,test,12,6,50,462.388916015625,0.8605512144351877,0.01835066838318966,0.03824431313245788,1.0,SeasonalNaive_NatGrowth,local_policy_coverage,Продовольствие
local_policy_coverage,test,1,6,50,92.61798087334377,0.9407907605179561,-0.11527924204200946,0.061544821231284595,1.0,SeasonalNaive_NatGrowth,local_policy_coverage,Транспорт
local_policy_coverage,test,3,6,50,96.27670324891105,0.9360043843644946,0.5096494755093394,0.0639760490815993,1.0,SeasonalNaive_NatGrowth,local_policy_coverage,Транспорт
local_policy_coverage,test,6,6,50,124.97273754865579,0.9007943547326145,0.20322618123892033,0.08304461745645682,1.0,SeasonalNaive_NatGrowth,local_policy_coverage,Транспорт
local_policy_coverage,test,12,6,50,104.29960489908854,0.9262763497333616,-0.023096046882144394,0.06930728220890735,1.0,SeasonalNaive_NatGrowth,local_policy_coverage,Транспорт
transferred_news,test,1,6,50,801.227183216999,0.9633906181911075,0.7673873001220817,0.028769057982370717,1.0,SeasonalNaive_NatGrowth,transferred_news,Все категории
transferred_news,test,3,6,50,797.8938960138103,0.9614895212408835,0.8420304951310139,0.028649372161882947,1.0,SeasonalNaive_NatGrowth,transferred_news,Все категории
transferred_news,test,6,6,50,1121.2129700079765,0.928827751688716,0.6994313211428397,0.04025854541683653,1.0,SeasonalNaive_NatGrowth,transferred_news,Все категории
transferred_news,test,12,6,50,1347.3876432291668,0.9140954558484857,-0.564449328207071,0.04837962820626293,1.0,SeasonalNaive_NatGrowth,transferred_news,Все категории
transferred_news,test,1,6,50,103.88805558885947,0.8495310547572317,-0.8226510756177146,0.07522723233974139,1.0,SeasonalNaive_NatGrowth,transferred_news,Здоровье
transferred_news,test,3,6,50,126.25431803343085,0.7874463454891073,0.09983408543827599,0.09142305015491123,1.0,SeasonalNaive_NatGrowth,transferred_news,Здоровье
transferred_news,test,6,6,50,156.08690319721038,0.700320817563,-0.05103068715643033,0.11302536817588135,1.0,SeasonalNaive_NatGrowth,transferred_news,Здоровье
transferred_news,test,12,6,50,121.77091084798177,0.8111403850970482,-0.35717410528653937,0.08817653339124959,1.0,SeasonalNaive_NatGrowth,transferred_news,Здоровье
transferred_news,test,1,6,50,671.7843123224437,0.43786153674326556,-1.7040224435599591,0.12871510767495203,1.0,SeasonalNaive_NatGrowth,transferred_news,Маркетплейсы
transferred_news,test,3,6,50,652.6567029334656,0.45798041280301927,-0.2450031763109357,0.12505022259665174,1.0,SeasonalNaive_NatGrowth,transferred_news,Маркетплейсы
transferred_news,test,6,6,50,490.86549962341047,0.6195383941599478,0.247719930515518,0.09405073098465024,1.0,SeasonalNaive_NatGrowth,transferred_news,Маркетплейсы
transferred_news,test,12,6,50,1167.7854386393228,-0.5551987852535603,-10.511584134150217,0.22374983416337177,1.0,SeasonalNaive_NatGrowth,transferred_news,Маркетплейсы
transferred_news,test,1,6,50,50.26290979572401,0.981877999053589,0.31629145270291226,0.07967616161899058,1.0,SeasonalNaive_NatGrowth,transferred_news,Общественное питание
transferred_news,test,3,6,50,52.88453060899252,0.9801584953507042,0.8301747744485026,0.08383192348137804,1.0,SeasonalNaive_NatGrowth,transferred_news,Общественное питание
transferred_news,test,6,6,50,58.181254606481176,0.9747748525711741,0.768945035070151,0.09222822681897339,1.0,SeasonalNaive_NatGrowth,transferred_news,Общественное питание
transferred_news,test,12,6,50,52.877985356648765,0.9806944106214861,0.6514220044450636,0.08382154802588417,1.0,SeasonalNaive_NatGrowth,transferred_news,Общественное питание
transferred_news,test,1,6,50,652.2487678079317,0.757858615956547,0.47003867901032026,0.053947673164949785,1.0,SeasonalNaive_NatGrowth,transferred_news,Продовольствие
transferred_news,test,3,6,50,690.4724481868866,0.7369844767910334,0.6879570550044191,0.05710916417577311,1.0,SeasonalNaive_NatGrowth,transferred_news,Продовольствие
transferred_news,test,6,6,50,863.0874958456095,0.6346800673909808,0.4946329916025044,0.07138620176335071,1.0,SeasonalNaive_NatGrowth,transferred_news,Продовольствие
transferred_news,test,12,6,50,462.388916015625,0.8605512144351877,0.01835066838318966,0.03824431313245788,1.0,SeasonalNaive_NatGrowth,transferred_news,Продовольствие
transferred_news,test,1,6,50,89.89799427182183,0.9440955508253264,-0.053029429996553024,0.05973738505567761,1.0,SeasonalNaive_NatGrowth,transferred_news,Транспорт
transferred_news,test,3,6,50,96.28672357695615,0.9360378840523856,0.5099061585549592,0.06398270760829575,1.0,SeasonalNaive_NatGrowth,transferred_news,Транспорт
transferred_news,test,6,6,50,100.40302140700949,0.934235428558348,0.47180940574983965,0.06671799520252432,1.0,SeasonalNaive_NatGrowth,transferred_news,Транспорт
transferred_news,test,12,6,50,104.29960489908854,0.9262763497333616,-0.023096046882144394,0.06930728220890735,1.0,SeasonalNaive_NatGrowth,transferred_news,Транспорт
original,test,1,6,50,1236.7581380208333,0.9265819802943418,0.5335085450889772,0.04440733830326604,1.0,NatPath_K3,original,Все категории
original,test,3,6,50,1578.9369661458334,0.8816240085506972,0.5144231554588259,0.056693694473987304,1.0,NatPath_K3,original,Все категории
original,test,6,6,50,1417.45966796875,0.90711854207437,0.607750805104082,0.05089565135787537,1.0,NatPath_K3,original,Все категории
original,test,12,6,50,1334.5724934895834,0.9156449733436736,-0.5362303133885289,0.047919484324935105,1.0,NatPath_K3,original,Все категории
original,test,1,6,50,145.81838236490884,0.7450768291215686,-2.087919509582542,0.10558974530221714,1.0,NatPath_K3,original,Здоровье
original,test,3,6,50,215.68826436360678,0.3522446347676078,-1.7432475912889966,0.15618379884257436,1.0,NatPath_K3,original,Здоровье
original,test,6,6,50,272.25372131347655,0.21666636523557825,-1.747296898383238,0.19714387599727481,1.0,NatPath_K3,original,Здоровье
original,test,12,6,50,124.81734802246093,0.8031953844459654,-0.4142680962685463,0.09038251400984869,1.0,NatPath_K3,original,Здоровье
original,test,1,6,50,418.3207047526042,0.7524719249235529,-0.190670118070575,0.08015101509105957,1.0,NatPath_K3,original,Маркетплейсы
original,test,3,6,50,560.3061783854166,0.5296914278353511,-0.08028506722295536,0.10735569253246215,1.0,NatPath_K3,original,Маркетплейсы
original,test,6,6,50,415.53518961588543,0.6988413168376753,0.4045242105442466,0.079617305276501,1.0,NatPath_K3,original,Маркетплейсы
original,test,12,6,50,1441.27173828125,-1.1983942873344477,-15.272518367843013,0.2761503113110707,1.0,NatPath_K3,original,Маркетплейсы
original,test,1,6,50,109.31375559488933,0.924812068240614,-1.8366973244013192,0.17328285396437976,1.0,NatPath_K3,original,Общественное питание
original,test,3,6,50,142.16566513061522,0.8605150440986835,-0.19386430191031145,0.22535930684581706,1.0,NatPath_K3,original,Общественное питание
original,test,6,6,50,119.57745978037516,0.8808768916685853,-0.09113279498207527,0.18955275470860308,1.0,NatPath_K3,original,Общественное питание
original,test,12,6,50,79.14115450541179,0.9550075714532732,0.1876253943626568,0.1254536086890682,1.0,NatPath_K3,original,Общественное питание
original,test,1,6,50,628.93705078125,0.7807019960404129,0.5200347089452215,0.052019554702885405,1.0,NatPath_K3,original,Продовольствие
original,test,3,6,50,1081.0908951822917,0.4670431582004435,0.36769731139196893,0.08941732227552708,1.0,NatPath_K3,original,Продовольствие
original,test,6,6,50,1215.5964583333334,0.2784740712036792,0.0018737890569215931,0.10054231402388507,1.0,NatPath_K3,original,Продовольствие
original,test,12,6,50,479.7493033854167,0.8520771250958966,-0.041302659555689125,0.039680195498307334,1.0,NatPath_K3,original,Продовольствие
original,test,1,6,50,96.91605021158854,0.9468326845166194,-0.001472132262325454,0.06440089633211928,1.0,NatPath_K3,original,Транспорт
original,test,3,6,50,142.77442443847656,0.8867008872612931,0.13187366346815355,0.09487387163494697,1.0,NatPath_K3,original,Транспорт
original,test,6,6,50,118.14598286946615,0.9164793135864894,0.32920050991173533,0.07850822622487595,1.0,NatPath_K3,original,Транспорт
original,test,12,6,50,126.15501525878906,0.9042738133506171,-0.3284350787009884,0.08383024320244874,1.0,NatPath_K3,original,Транспорт
financial_only,test,1,6,50,1268.834857384153,0.9234625534025374,0.5136879888402466,0.045559092785112734,1.0,NatPath_K3,financial_only,Все категории
financial_only,test,3,6,50,1606.6182474828522,0.8827061236468793,0.5188619781238044,0.05768762528973114,1.0,NatPath_K3,financial_only,Все категории
financial_only,test,6,6,50,1297.2067578740766,0.916662181832714,0.6480547053140086,0.04657782114001879,1.0,NatPath_K3,financial_only,Все категории
financial_only,test,12,6,50,1334.5724934895834,0.9156449733436736,-0.5362303133885289,0.047919484324935105,1.0,NatPath_K3,financial_only,Все категории
financial_only,test,1,6,50,140.22963540351577,0.7699038072923485,-1.7871869006425287,0.10154283188402216,1.0,NatPath_K3,financial_only,Здоровье
financial_only,test,3,6,50,221.2259151931175,0.3356335807695736,-1.8135954977899802,0.1601937126214654,1.0,NatPath_K3,financial_only,Здоровье
financial_only,test,6,6,50,282.8658801725848,0.07729023121268341,-2.236114949487223,0.20482833342209925,1.0,NatPath_K3,financial_only,Здоровье
financial_only,test,12,6,50,124.81734802246093,0.8031953844459654,-0.4142680962685463,0.09038251400984869,1.0,NatPath_K3,financial_only,Здоровье
financial_only,test,1,6,50,409.69259784148005,0.7612402905649844,-0.14849215118603132,0.07849785396519618,1.0,NatPath_K3,financial_only,Маркетплейсы
financial_only,test,3,6,50,601.8336320339453,0.4485678436385596,-0.2666235730342368,0.11531242889827258,1.0,NatPath_K3,financial_only,Маркетплейсы
financial_only,test,6,6,50,539.9502722533821,0.5410795197590046,0.09258457236106232,0.10345546354296997,1.0,NatPath_K3,financial_only,Маркетплейсы
financial_only,test,12,6,50,1441.27173828125,-1.1983942873344477,-15.272518367843013,0.2761503113110707,1.0,NatPath_K3,financial_only,Маркетплейсы
financial_only,test,1,6,50,107.94264591552187,0.9268532994659553,-1.7596855617431837,0.17110938734944178,1.0,NatPath_K3,financial_only,Общественное питание
financial_only,test,3,6,50,145.08331775021153,0.8558183626426886,-0.23406362155395444,0.22998433477618976,1.0,NatPath_K3,financial_only,Общественное питание
financial_only,test,6,6,50,119.70050104154181,0.8778990239436754,-0.1184091914703882,0.18974779823971502,1.0,NatPath_K3,financial_only,Общественное питание
financial_only,test,12,6,50,79.14115450541179,0.9550075714532732,0.1876253943626568,0.1254536086890682,1.0,NatPath_K3,financial_only,Общественное питание
financial_only,test,1,6,50,629.2111084304321,0.7684482267127888,0.4932155685259815,0.05204222208566348,1.0,NatPath_K3,financial_only,Продовольствие
financial_only,test,3,6,50,1006.4176024155997,0.4825888982147237,0.38614085585279356,0.08324107390043721,1.0,NatPath_K3,financial_only,Продовольствие
financial_only,test,6,6,50,1130.635415458776,0.40184696408217324,0.17254224764901627,0.09351516303645753,1.0,NatPath_K3,financial_only,Продовольствие
financial_only,test,12,6,50,479.7493033854167,0.8520771250958966,-0.041302659555689125,0.039680195498307334,1.0,NatPath_K3,financial_only,Продовольствие
financial_only,test,1,6,50,97.47719184364331,0.9463859626096135,-0.009886691783904888,0.06477377599441152,1.0,NatPath_K3,financial_only,Транспорт
financial_only,test,3,6,50,142.59986126570308,0.886111847007137,0.12736028868922056,0.09475787408068587,1.0,NatPath_K3,financial_only,Транспорт
financial_only,test,6,6,50,119.5145653079112,0.9133980006236156,0.3044528305875418,0.07941765181070859,1.0,NatPath_K3,financial_only,Транспорт
financial_only,test,12,6,50,126.15501525878906,0.9042738133506171,-0.3284350787009884,0.08383024320244874,1.0,NatPath_K3,financial_only,Транспорт
local_news,test,1,6,50,1250.9403258549885,0.9258089248644799,0.5285966208277546,0.04491656738668217,1.0,NatPath_K3,local_news,Все категории
local_news,test,3,6,50,1478.7387374846012,0.8963392095490146,0.574784726923359,0.05309595252205815,1.0,NatPath_K3,local_news,Все категории
local_news,test,6,6,50,1247.5480824081455,0.9216511915264837,0.6691238732557521,0.044794764668980185,1.0,NatPath_K3,local_news,Все категории
local_news,test,12,6,50,1334.5724934895834,0.9156449733436736,-0.5362303133885289,0.047919484324935105,1.0,NatPath_K3,local_news,Все категории
local_news,test,1,6,50,137.90077430656387,0.7810285569198239,-1.6524312748768173,0.0998564611666731,1.0,NatPath_K3,local_news,Здоровье
local_news,test,3,6,50,244.84071726349174,0.2167323918639733,-2.317142697201699,0.17729362070941262,1.0,NatPath_K3,local_news,Здоровье
local_news,test,6,6,50,279.90381974413697,0.07805905816465186,-2.2334185302262632,0.20268345154138476,1.0,NatPath_K3,local_news,Здоровье
local_news,test,12,6,50,124.81734802246093,0.8031953844459654,-0.4142680962685463,0.09038251400984869,1.0,NatPath_K3,local_news,Здоровье
local_news,test,1,6,50,414.993848967949,0.75528609518782,-0.1771332760788502,0.07951358341442437,1.0,NatPath_K3,local_news,Маркетплейсы
local_news,test,3,6,50,602.8155035291683,0.44917982084283237,-0.26521787925278195,0.11550055727952888,1.0,NatPath_K3,local_news,Маркетплейсы
local_news,test,6,6,50,562.2231659482696,0.5115720007327599,0.034239871811409084,0.10772299086920231,1.0,NatPath_K3,local_news,Маркетплейсы
local_news,test,12,6,50,1441.27173828125,-1.1983942873344477,-15.272518367843013,0.2761503113110707,1.0,NatPath_K3,local_news,Маркетплейсы
local_news,test,1,6,50,108.40970718352403,0.9263429658833691,-1.7789394748965237,0.1718497672682836,1.0,NatPath_K3,local_news,Общественное питание
local_news,test,3,6,50,146.08133474743167,0.8537127320894075,-0.25208590312783685,0.23156637934726976,1.0,NatPath_K3,local_news,Общественное питание
local_news,test,6,6,50,119.3318961228193,0.8810453276611044,-0.08958997060595397,0.18916349014459974,1.0,NatPath_K3,local_news,Общественное питание
local_news,test,12,6,50,79.14115450541179,0.9550075714532732,0.1876253943626568,0.1254536086890682,1.0,NatPath_K3,local_news,Общественное питание
local_news,test,1,6,50,610.8824895572151,0.7831047761336226,0.5252935395134677,0.05052625702855752,1.0,NatPath_K3,local_news,Продовольствие
local_news,test,3,6,50,982.6889264924652,0.4936719183321253,0.39928980689068183,0.08127846865452706,1.0,NatPath_K3,local_news,Продовольствие
local_news,test,6,6,50,1125.008815210299,0.4000508480942768,0.17005758233919976,0.09304978539802243,1.0,NatPath_K3,local_news,Продовольствие
local_news,test,12,6,50,479.7493033854167,0.8520771250958966,-0.041302659555689125,0.039680195498307334,1.0,NatPath_K3,local_news,Продовольствие
local_news,test,1,6,50,96.58657457010413,0.9472308475927286,0.0060277616328975325,0.06418195915313941,1.0,NatPath_K3,local_news,Транспорт
local_news,test,3,6,50,150.43751149317484,0.8763720754086761,0.05273170571056385,0.09996600729169516,1.0,NatPath_K3,local_news,Транспорт
local_news,test,6,6,50,123.3122726882315,0.9081885383712449,0.2626128413275989,0.08194123545620147,1.0,NatPath_K3,local_news,Транспорт
local_news,test,12,6,50,126.15501525878906,0.9042738133506171,-0.3284350787009884,0.08383024320244874,1.0,NatPath_K3,local_news,Транспорт
local_policy,test,1,6,50,1093.6120054990727,0.9415870235764472,0.6288492325623656,0.03926749847664434,1.0,NatPath_K3,local_policy,Все категории
local_policy,test,3,6,50,1478.7387374846012,0.8963392095490146,0.574784726923359,0.05309595252205815,1.0,NatPath_K3,local_policy,Все категории
local_policy,test,6,6,50,2888.361266298676,0.6084478975205139,-0.6535700492595462,0.1037102016565947,1.0,NatPath_K3,local_policy,Все категории
local_policy,test,12,6,50,1334.5724934895834,0.9156449733436736,-0.5362303133885289,0.047919484324935105,1.0,NatPath_K3,local_policy,Все категории
local_policy,test,1,6,50,140.34020483801729,0.7730588917335287,-1.7489689278834084,0.10162289722446743,1.0,NatPath_K3,local_policy,Здоровье
local_policy,test,3,6,50,244.84071726349174,0.2167323918639733,-2.317142697201699,0.17729362070941262,1.0,NatPath_K3,local_policy,Здоровье
local_policy,test,6,6,50,199.25909314267193,0.3998885890437798,-1.1047024471255273,0.14428713686751674,1.0,NatPath_K3,local_policy,Здоровье
local_policy,test,12,6,50,124.81734802246093,0.8031953844459654,-0.4142680962685463,0.09038251400984869,1.0,NatPath_K3,local_policy,Здоровье
local_policy,test,1,6,50,411.4456772384798,0.7587190436066424,-0.16061996098153397,0.0788337471964142,1.0,NatPath_K3,local_policy,Маркетплейсы
local_policy,test,3,6,50,602.8155035291683,0.44917982084283237,-0.26521787925278195,0.11550055727952888,1.0,NatPath_K3,local_policy,Маркетплейсы
local_policy,test,6,6,50,832.0833044149684,-0.06686156378791952,-1.1094866841152613,0.15942868887789058,1.0,NatPath_K3,local_policy,Маркетплейсы
local_policy,test,12,6,50,1441.27173828125,-1.1983942873344477,-15.272518367843013,0.2761503113110707,1.0,NatPath_K3,local_policy,Маркетплейсы
local_policy,test,1,6,50,107.5951889250316,0.9274367444865744,-1.7376732934150425,0.17055860269645487,1.0,NatPath_K3,local_policy,Общественное питание
local_policy,test,3,6,50,146.08133474743167,0.8537127320894075,-0.25208590312783685,0.23156637934726976,1.0,NatPath_K3,local_policy,Общественное питание
local_policy,test,6,6,50,154.16956035385093,0.8006047582857413,-0.8264020343769829,0.24438773754652673,1.0,NatPath_K3,local_policy,Общественное питание
local_policy,test,12,6,50,79.14115450541179,0.9550075714532732,0.1876253943626568,0.1254536086890682,1.0,NatPath_K3,local_policy,Общественное питание
local_policy,test,1,6,50,607.1129126488839,0.7824386232558619,0.5238355679218962,0.05021447429617423,1.0,NatPath_K3,local_policy,Продовольствие
local_policy,test,3,6,50,982.6889264924652,0.4936719183321253,0.39928980689068183,0.08127846865452706,1.0,NatPath_K3,local_policy,Продовольствие
local_policy,test,6,6,50,1273.2800482539608,0.020314882859275407,-0.3552519110717003,0.10531333945100456,1.0,NatPath_K3,local_policy,Продовольствие
local_policy,test,12,6,50,479.7493033854167,0.8520771250958966,-0.041302659555689125,0.039680195498307334,1.0,NatPath_K3,local_policy,Продовольствие
local_policy,test,1,6,50,96.51304769342954,0.9472098484876867,0.005632217522560712,0.06413310040629608,1.0,NatPath_K3,local_policy,Транспорт
local_policy,test,3,6,50,150.43751149317484,0.8763720754086761,0.05273170571056385,0.09996600729169516,1.0,NatPath_K3,local_policy,Транспорт
local_policy,test,6,6,50,230.80426420399604,0.7019438128735016,-1.393849319583241,0.1533698645328747,1.0,NatPath_K3,local_policy,Транспорт
local_policy,test,12,6,50,126.15501525878906,0.9042738133506171,-0.3284350787009884,0.08383024320244874,1.0,NatPath_K3,local_policy,Транспорт
local_news_coverage,test,1,6,50,1251.3412350128508,0.9248501557391886,0.5225046885477235,0.04493096252834711,1.0,NatPath_K3,local_news_coverage,Все категории
local_news_coverage,test,3,6,50,1587.5834552072718,0.8859898904193872,0.532331948580495,0.057004157411794404,1.0,NatPath_K3,local_news_coverage,Все категории
local_news_coverage,test,6,6,50,1298.174603692959,0.9170017297591355,0.6494886556819507,0.04661257284723075,1.0,NatPath_K3,local_news_coverage,Все категории
local_news_coverage,test,12,6,50,1334.5724934895834,0.9156449733436736,-0.5362303133885289,0.047919484324935105,1.0,NatPath_K3,local_news_coverage,Все категории
local_news_coverage,test,1,6,50,137.71847548659923,0.7776019799738896,-1.6939378737708117,0.0997244552723765,1.0,NatPath_K3,local_news_coverage,Здоровье
local_news_coverage,test,3,6,50,221.05870014843782,0.3228903203419602,-1.8675632769077604,0.16007262916345363,1.0,NatPath_K3,local_news_coverage,Здоровье
local_news_coverage,test,6,6,50,282.6137779212683,0.08544551850101523,-2.2075128386134875,0.2046457815923854,1.0,NatPath_K3,local_news_coverage,Здоровье
local_news_coverage,test,12,6,50,124.81734802246093,0.8031953844459654,-0.4142680962685463,0.09038251400984869,1.0,NatPath_K3,local_news_coverage,Здоровье
local_news_coverage,test,1,6,50,409.3588816957626,0.7623691420634365,-0.1430621014976028,0.078433913338955,1.0,NatPath_K3,local_news_coverage,Маркетплейсы
local_news_coverage,test,3,6,50,591.3598937016957,0.458235495622229,-0.24441725851822138,0.1133056414034379,1.0,NatPath_K3,local_news_coverage,Маркетплейсы
local_news_coverage,test,6,6,50,536.0076522776628,0.5528801686935061,0.11591778881218784,0.10270005031674903,1.0,NatPath_K3,local_news_coverage,Маркетплейсы
local_news_coverage,test,12,6,50,1441.27173828125,-1.1983942873344477,-15.272518367843013,0.2761503113110707,1.0,NatPath_K3,local_news_coverage,Маркетплейсы
local_news_coverage,test,1,6,50,108.52873616993695,0.9261398533017924,-1.7866025253785436,0.17203845058959,1.0,NatPath_K3,local_news_coverage,Общественное питание
local_news_coverage,test,3,6,50,147.29358539333373,0.8518935743587583,-0.2676562380082712,0.233488024528143,1.0,NatPath_K3,local_news_coverage,Общественное питание
local_news_coverage,test,6,6,50,119.30483606637378,0.8794764140150789,-0.10396076025082057,0.18912059486775376,1.0,NatPath_K3,local_news_coverage,Общественное питание
local_news_coverage,test,12,6,50,79.14115450541179,0.9550075714532732,0.1876253943626568,0.1254536086890682,1.0,NatPath_K3,local_news_coverage,Общественное питание
local_news_coverage,test,1,6,50,612.7249562200519,0.7815340416361428,0.5218557606616746,0.050678647947865946,1.0,NatPath_K3,local_news_coverage,Продовольствие
local_news_coverage,test,3,6,50,994.6705951018891,0.4849918394617023,0.38899171748335537,0.0822694757273105,1.0,NatPath_K3,local_news_coverage,Продовольствие
local_news_coverage,test,6,6,50,1154.6769167227799,0.3753448210586414,0.13588038624913779,0.09550364215148,1.0,NatPath_K3,local_news_coverage,Продовольствие
local_news_coverage,test,12,6,50,479.7493033854167,0.8520771250958966,-0.041302659555689125,0.039680195498307334,1.0,NatPath_K3,local_news_coverage,Продовольствие
local_news_coverage,test,1,6,50,99.31241262055768,0.944666425512413,-0.04227629933848975,0.06599328362748756,1.0,NatPath_K3,local_news_coverage,Транспорт
local_news_coverage,test,3,6,50,150.42730416631971,0.8761663883291624,0.05115567950441069,0.0999592245039403,1.0,NatPath_K3,local_news_coverage,Транспорт
local_news_coverage,test,6,6,50,119.97139250214386,0.9127856265360571,0.29953452539493686,0.07972121433428687,1.0,NatPath_K3,local_news_coverage,Транспорт
local_news_coverage,test,12,6,50,126.15501525878906,0.9042738133506171,-0.3284350787009884,0.08383024320244874,1.0,NatPath_K3,local_news_coverage,Транспорт
local_policy_coverage,test,1,6,50,1265.9888384000594,0.9235709942939042,0.5143770124530928,0.04545690293573247,1.0,NatPath_K3,local_policy_coverage,Все категории
local_policy_coverage,test,3,6,50,1587.5834552072718,0.8859898904193872,0.532331948580495,0.057004157411794404,1.0,NatPath_K3,local_policy_coverage,Все категории
local_policy_coverage,test,6,6,50,1776.1052484603233,0.8318289977294504,0.2897943064343298,0.0637732667413872,1.0,NatPath_K3,local_policy_coverage,Все категории
local_policy_coverage,test,12,6,50,1334.5724934895834,0.9156449733436736,-0.5362303133885289,0.047919484324935105,1.0,NatPath_K3,local_policy_coverage,Все категории
local_policy_coverage,test,1,6,50,139.2562154724043,0.7731910843415918,-1.74736766059941,0.1008379607907402,1.0,NatPath_K3,local_policy_coverage,Здоровье
local_policy_coverage,test,3,6,50,221.05870014843782,0.3228903203419602,-1.8675632769077604,0.16007262916345363,1.0,NatPath_K3,local_policy_coverage,Здоровье
local_policy_coverage,test,6,6,50,274.8075979879235,0.05084203773632734,-2.328873688140498,0.19899318459070917,1.0,NatPath_K3,local_policy_coverage,Здоровье
local_policy_coverage,test,12,6,50,124.81734802246093,0.8031953844459654,-0.4142680962685463,0.09038251400984869,1.0,NatPath_K3,local_policy_coverage,Здоровье
local_policy_coverage,test,1,6,50,412.5922763364213,0.7577930901469772,-0.1650740218584954,0.07905343768880056,1.0,NatPath_K3,local_policy_coverage,Маркетплейсы
local_policy_coverage,test,3,6,50,591.3598937016957,0.458235495622229,-0.24441725851822138,0.1133056414034379,1.0,NatPath_K3,local_policy_coverage,Маркетплейсы
local_policy_coverage,test,6,6,50,715.8725878429393,0.22266992673561858,-0.5370011390151845,0.13716250221324505,1.0,NatPath_K3,local_policy_coverage,Маркетплейсы
local_policy_coverage,test,12,6,50,1441.27173828125,-1.1983942873344477,-15.272518367843013,0.2761503113110707,1.0,NatPath_K3,local_policy_coverage,Маркетплейсы
local_policy_coverage,test,1,6,50,108.004931456512,0.9267909714299072,-1.7620370797189486,0.17120812164179824,1.0,NatPath_K3,local_policy_coverage,Общественное питание
local_policy_coverage,test,3,6,50,147.29358539333373,0.8518935743587583,-0.2676562380082712,0.233488024528143,1.0,NatPath_K3,local_policy_coverage,Общественное питание
local_policy_coverage,test,6,6,50,132.47908843421115,0.8465421123051408,-0.40562932127905005,0.21000426167365918,1.0,NatPath_K3,local_policy_coverage,Общественное питание
local_policy_coverage,test,12,6,50,79.14115450541179,0.9550075714532732,0.1876253943626568,0.1254536086890682,1.0,NatPath_K3,local_policy_coverage,Общественное питание
local_policy_coverage,test,1,6,50,611.7756944473549,0.7801191358692678,0.5187590354478038,0.05060013424820263,1.0,NatPath_K3,local_policy_coverage,Продовольствие
local_policy_coverage,test,3,6,50,994.6705951018891,0.4849918394617023,0.38899171748335537,0.0822694757273105,1.0,NatPath_K3,local_policy_coverage,Продовольствие
local_policy_coverage,test,6,6,50,1164.7061608533052,0.2935692591770953,0.02275578674273515,0.0963331636640517,1.0,NatPath_K3,local_policy_coverage,Продовольствие
local_policy_coverage,test,12,6,50,479.7493033854167,0.8520771250958966,-0.041302659555689125,0.039680195498307334,1.0,NatPath_K3,local_policy_coverage,Продовольствие
local_policy_coverage,test,1,6,50,97.96824044409247,0.945869621220593,-0.01961262033862421,0.0651000787063206,1.0,NatPath_K3,local_policy_coverage,Транспорт
local_policy_coverage,test,3,6,50,150.42730416631971,0.8761663883291624,0.05115567950441069,0.0999592245039403,1.0,NatPath_K3,local_policy_coverage,Транспорт
local_policy_coverage,test,6,6,50,157.8258386721843,0.8448732593937456,-0.24590616967076384,0.1048755644980027,1.0,NatPath_K3,local_policy_coverage,Транспорт
local_policy_coverage,test,12,6,50,126.15501525878906,0.9042738133506171,-0.3284350787009884,0.08383024320244874,1.0,NatPath_K3,local_policy_coverage,Транспорт
transferred_news,test,1,6,50,1250.9403258549885,0.9258089248644799,0.5285966208277546,0.04491656738668217,1.0,NatPath_K3,transferred_news,Все категории
transferred_news,test,3,6,50,1544.7262363148748,0.8888390468069478,0.5440191526439007,0.05546531569360897,1.0,NatPath_K3,transferred_news,Все категории
transferred_news,test,6,6,50,3212.78564551635,0.5543729334338787,-0.8819349091650805,0.11535906226955284,1.0,NatPath_K3,transferred_news,Все категории
transferred_news,test,12,6,50,1334.5724934895834,0.9156449733436736,-0.5362303133885289,0.047919484324935105,1.0,NatPath_K3,transferred_news,Все категории
transferred_news,test,1,6,50,137.90077430656387,0.7810285569198239,-1.6524312748768173,0.0998564611666731,1.0,NatPath_K3,transferred_news,Здоровье
transferred_news,test,3,6,50,223.26327831705373,0.3424891851528129,-1.7845619749191903,0.16166900434981696,1.0,NatPath_K3,transferred_news,Здоровье
transferred_news,test,6,6,50,339.62176168661233,-0.5953689803641331,-4.5952560403579925,0.24592630047039613,1.0,NatPath_K3,transferred_news,Здоровье
transferred_news,test,12,6,50,124.81734802246093,0.8031953844459654,-0.4142680962685463,0.09038251400984869,1.0,NatPath_K3,transferred_news,Здоровье
transferred_news,test,1,6,50,414.993848967949,0.75528609518782,-0.1771332760788502,0.07951358341442437,1.0,NatPath_K3,transferred_news,Маркетплейсы
transferred_news,test,3,6,50,569.5997932348291,0.49048224128517937,-0.1703474246517307,0.10913636620121178,1.0,NatPath_K3,transferred_news,Маркетплейсы
transferred_news,test,6,6,50,950.6397420255091,-0.24055220744455075,-1.4529221516450566,0.18214432000039132,1.0,NatPath_K3,transferred_news,Маркетплейсы
transferred_news,test,12,6,50,1441.27173828125,-1.1983942873344477,-15.272518367843013,0.2761503113110707,1.0,NatPath_K3,transferred_news,Маркетплейсы
transferred_news,test,1,6,50,108.40970718352403,0.9263429658833691,-1.7789394748965237,0.1718497672682836,1.0,NatPath_K3,transferred_news,Общественное питание
transferred_news,test,3,6,50,145.590914754453,0.8543512354266949,-0.24662089554969002,0.2307889714578229,1.0,NatPath_K3,transferred_news,Общественное питание
transferred_news,test,6,6,50,138.69074846787169,0.8520144121215039,-0.35550465716269564,0.21985091063957846,1.0,NatPath_K3,transferred_news,Общественное питание
transferred_news,test,12,6,50,79.14115450541179,0.9550075714532732,0.1876253943626568,0.1254536086890682,1.0,NatPath_K3,transferred_news,Общественное питание
transferred_news,test,1,6,50,610.8824895572151,0.7831047761336226,0.5252935395134677,0.05052625702855752,1.0,NatPath_K3,transferred_news,Продовольствие
transferred_news,test,3,6,50,1035.4466202610902,0.48128471378160254,0.38459356485504825,0.08564207186980274,1.0,NatPath_K3,transferred_news,Продовольствие
transferred_news,test,6,6,50,1189.5307322651165,0.14844662525243713,-0.1780002761238404,0.09838641072419597,1.0,NatPath_K3,transferred_news,Продовольствие
transferred_news,test,12,6,50,479.7493033854167,0.8520771250958966,-0.041302659555689125,0.039680195498307334,1.0,NatPath_K3,transferred_news,Продовольствие
transferred_news,test,1,6,50,96.58657457010413,0.9472308475927286,0.0060277616328975325,0.06418195915313941,1.0,NatPath_K3,transferred_news,Транспорт
transferred_news,test,3,6,50,144.9460575017901,0.8824592225805769,0.09937296040829002,0.0963169258605012,1.0,NatPath_K3,transferred_news,Транспорт
transferred_news,test,6,6,50,191.67479678391481,0.7941622997001219,-0.653193122940662,0.12736826036772303,1.0,NatPath_K3,transferred_news,Транспорт
transferred_news,test,12,6,50,126.15501525878906,0.9042738133506171,-0.3284350787009884,0.08383024320244874,1.0,NatPath_K3,transferred_news,Транспорт
original,test,1,6,50,914.3969661458333,0.9545939211529973,0.7114938829995379,0.03283255971462556,1.0,NatPath_K1,original,Все категории
original,test,3,6,50,1660.1556119791667,0.8686529585338297,0.46121606962610695,0.059609950911827074,1.0,NatPath_K1,original,Все категории
original,test,6,6,50,1945.18064453125,0.8307184979491209,0.2851045367591474,0.06984412900722649,1.0,NatPath_K1,original,Все категории
original,test,12,6,50,1347.3876432291668,0.9140954558484857,-0.564449328207071,0.04837962820626293,1.0,NatPath_K1,original,Все категории
original,test,1,6,50,123.18323364257813,0.7986095742475906,-1.4394699884717892,0.08919922203823208,1.0,NatPath_K1,original,Здоровье
original,test,3,6,50,198.62888529459636,0.48713985930220016,-1.1719655616169655,0.14383079189175618,1.0,NatPath_K1,original,Здоровье
original,test,6,6,50,263.76795064290366,0.09016441462422842,-2.190962791344044,0.19099917497078447,1.0,NatPath_K1,original,Здоровье
original,test,12,6,50,121.77091084798177,0.8111403850970482,-0.35717410528653937,0.08817653339124959,1.0,NatPath_K1,original,Здоровье
original,test,1,6,50,317.85894775390625,0.8589968587638434,0.3217406681156244,0.060902357996644334,1.0,NatPath_K1,original,Маркетплейсы
original,test,3,6,50,548.9332071940104,0.5217039212011811,-0.09863213689579409,0.10517661037077071,1.0,NatPath_K1,original,Маркетплейсы
original,test,6,6,50,586.8943831380209,0.5210730365686658,0.05302610356015136,0.112450041380508,1.0,NatPath_K1,original,Маркетплейсы
original,test,12,6,50,1167.7854386393228,-0.5551987852535603,-10.511584134150217,0.22374983416337177,1.0,NatPath_K1,original,Маркетплейсы
original,test,1,6,50,70.40048942565917,0.9639722050686178,-0.3592600181234993,0.11159801126380568,1.0,NatPath_K1,original,Общественное питание
original,test,3,6,50,147.67345700581868,0.8596218814891183,-0.20150896113876215,0.2340901924510473,1.0,NatPath_K1,original,Общественное питание
original,test,6,6,50,125.65145056406656,0.8726123318201455,-0.1668337434633409,0.1991811720310484,1.0,NatPath_K1,original,Общественное питание
original,test,12,6,50,52.877985356648765,0.9806944106214861,0.6514220044450636,0.08382154802588417,1.0,NatPath_K1,original,Общественное питание
original,test,1,6,50,397.8103352864583,0.900495582854963,0.7822202406135219,0.03290300113835182,1.0,NatPath_K1,original,Продовольствие
original,test,3,6,50,867.13205078125,0.596089076360415,0.520798040394581,0.07172072800323756,1.0,NatPath_K1,original,Продовольствие
original,test,6,6,50,1342.8049153645834,0.16102192824418948,-0.16060417291302675,0.11106376013838394,1.0,NatPath_K1,original,Продовольствие
original,test,12,6,50,462.388916015625,0.8605512144351877,0.01835066838318966,0.03824431313245788,1.0,NatPath_K1,original,Продовольствие
original,test,1,6,50,80.47308471679688,0.9618161762042131,0.2807604618170183,0.05347451505769884,1.0,NatPath_K1,original,Транспорт
original,test,3,6,50,136.4447918701172,0.8962795456997621,0.20526775683811027,0.0906678189742642,1.0,NatPath_K1,original,Транспорт
original,test,6,6,50,141.40450541178384,0.8810916888761456,0.044983489788041564,0.09396355788372802,1.0,NatPath_K1,original,Транспорт
original,test,12,6,50,104.29960489908854,0.9262763497333616,-0.023096046882144394,0.06930728220890735,1.0,NatPath_K1,original,Транспорт
financial_only,test,1,6,50,925.0348591489118,0.9537614818261918,0.7062046388297343,0.033214526486380645,1.0,NatPath_K1,financial_only,Все категории
financial_only,test,3,6,50,1645.8503726921956,0.8686273590476542,0.4611110608522262,0.05909630351303794,1.0,NatPath_K1,financial_only,Все категории
financial_only,test,6,6,50,2549.8850520375686,0.6899241214633647,-0.30948648340582907,0.0915567924392069,1.0,NatPath_K1,financial_only,Все категории
financial_only,test,12,6,50,1347.3876432291668,0.9140954558484857,-0.564449328207071,0.04837962820626293,1.0,NatPath_K1,financial_only,Все категории
financial_only,test,1,6,50,120.6284869245933,0.8088359624131457,-1.3155963389319418,0.08734928343043274,1.0,NatPath_K1,financial_only,Здоровье
financial_only,test,3,6,50,198.9620246394107,0.4857910261119399,-1.177677877714733,0.1440720241561566,1.0,NatPath_K1,financial_only,Здоровье
financial_only,test,6,6,50,375.357886563309,-0.9847178902968841,-5.960775156575729,0.27180347907175945,1.0,NatPath_K1,financial_only,Здоровье
financial_only,test,12,6,50,121.77091084798177,0.8111403850970482,-0.35717410528653937,0.08817653339124959,1.0,NatPath_K1,financial_only,Здоровье
financial_only,test,1,6,50,314.9880361295506,0.8615568025189815,0.3340546188957245,0.06035228605826176,1.0,NatPath_K1,financial_only,Маркетплейсы
financial_only,test,3,6,50,558.5972580191225,0.49439243690514045,-0.16136581940749184,0.10702826025260578,1.0,NatPath_K1,financial_only,Маркетплейсы
financial_only,test,6,6,50,990.7298313915671,-0.3824687141734344,-1.7335311747481197,0.18982565473059831,1.0,NatPath_K1,financial_only,Маркетплейсы
financial_only,test,12,6,50,1167.7854386393228,-0.5551987852535603,-10.511584134150217,0.22374983416337177,1.0,NatPath_K1,financial_only,Маркетплейсы
financial_only,test,1,6,50,70.84893584257678,0.9635406753796553,-0.3755408106048903,0.11230888314402508,1.0,NatPath_K1,financial_only,Общественное питание
financial_only,test,3,6,50,148.85404929303502,0.856293814162534,-0.2299941891684718,0.23596165318152781,1.0,NatPath_K1,financial_only,Общественное питание
financial_only,test,6,6,50,124.32906029981478,0.891540665930539,0.006544255075516925,0.19708493484847947,1.0,NatPath_K1,financial_only,Общественное питание
financial_only,test,12,6,50,52.877985356648765,0.9806944106214861,0.6514220044450636,0.08382154802588417,1.0,NatPath_K1,financial_only,Общественное питание
financial_only,test,1,6,50,401.70671762745263,0.8974313981048572,0.7755138306194703,0.033225271982594395,1.0,NatPath_K1,financial_only,Продовольствие
financial_only,test,3,6,50,876.4185233541532,0.5798764012980266,0.5015632408245775,0.07248881467805328,1.0,NatPath_K1,financial_only,Продовольствие
financial_only,test,6,6,50,968.0263198981194,0.4218276373764617,0.20018260391533893,0.08006572047110552,1.0,NatPath_K1,financial_only,Продовольствие
financial_only,test,12,6,50,462.388916015625,0.8605512144351877,0.01835066838318966,0.03824431313245788,1.0,NatPath_K1,financial_only,Продовольствие
financial_only,test,1,6,50,80.91111139740143,0.9612805609286004,0.27067148577481204,0.05376558460486599,1.0,NatPath_K1,financial_only,Транспорт
financial_only,test,3,6,50,137.77080910086966,0.8942978551804013,0.19008354498395352,0.09154895990010521,1.0,NatPath_K1,financial_only,Транспорт
financial_only,test,6,6,50,134.8868832426349,0.8979833177817648,0.1806492337278155,0.08963258578229694,1.0,NatPath_K1,financial_only,Транспорт
financial_only,test,12,6,50,104.29960489908854,0.9262763497333616,-0.023096046882144394,0.06930728220890735,1.0,NatPath_K1,financial_only,Транспорт
local_news,test,1,6,50,943.2599049366172,0.9528894389000645,0.7006637569728702,0.03386891941011132,1.0,NatPath_K1,local_news,Все категории
local_news,test,3,6,50,1641.2698040165005,0.8616419788247556,0.43245711806342935,0.05893183250084112,1.0,NatPath_K1,local_news,Все категории
local_news,test,6,6,50,3380.951263091607,0.4648790624842529,-1.2598779304322267,0.12139725780760095,1.0,NatPath_K1,local_news,Все категории
local_news,test,12,6,50,1347.3876432291668,0.9140954558484857,-0.564449328207071,0.04837962820626293,1.0,NatPath_K1,local_news,Все категории
local_news,test,1,6,50,118.8538701273456,0.8168859172864082,-1.2180861258793172,0.08606425110054787,1.0,NatPath_K1,local_news,Здоровье
local_news,test,3,6,50,218.9350140672613,0.3902543289635342,-1.582276323978539,0.15853482941025013,1.0,NatPath_K1,local_news,Здоровье
local_news,test,6,6,50,344.2059459509222,-0.8705020279385558,-5.560198862545448,0.2492457917515132,1.0,NatPath_K1,local_news,Здоровье
local_news,test,12,6,50,121.77091084798177,0.8111403850970482,-0.35717410528653937,0.08817653339124959,1.0,NatPath_K1,local_news,Здоровье
local_news,test,1,6,50,317.22027396704175,0.860383351796556,0.3284100361154123,0.06077998692643991,1.0,NatPath_K1,local_news,Маркетплейсы
local_news,test,3,6,50,580.4019505012897,0.44498598812854073,-0.27485099062650864,0.11120607936683698,1.0,NatPath_K1,local_news,Маркетплейсы
local_news,test,6,6,50,1054.6217504474384,-0.5059352319193782,-1.977659357784737,0.20206746373087833,1.0,NatPath_K1,local_news,Маркетплейсы
local_news,test,12,6,50,1167.7854386393228,-0.5551987852535603,-10.511584134150217,0.22374983416337177,1.0,NatPath_K1,local_news,Маркетплейсы
local_news,test,1,6,50,71.88249378711483,0.9623805489559928,-0.41931016886443584,0.1139472667984193,1.0,NatPath_K1,local_news,Общественное питание
local_news,test,3,6,50,152.11444500921624,0.8491557355150934,-0.2910896472868141,0.24112999335681987,1.0,NatPath_K1,local_news,Общественное питание
local_news,test,6,6,50,132.6155632819325,0.8637398074818445,-0.24810346866949362,0.21022059996501888,1.0,NatPath_K1,local_news,Общественное питание
local_news,test,12,6,50,52.877985356648765,0.9806944106214861,0.6514220044450636,0.08382154802588417,1.0,NatPath_K1,local_news,Общественное питание
local_news,test,1,6,50,404.8328021082176,0.8947505628966587,0.7696464363534924,0.03348383128109811,1.0,NatPath_K1,local_news,Продовольствие
local_news,test,3,6,50,928.053928210721,0.519973144046852,0.4304937139030305,0.07675959307186124,1.0,NatPath_K1,local_news,Продовольствие
local_news,test,6,6,50,1343.8979767640017,-0.1223525487618573,-0.5526115585434686,0.11115416754432388,1.0,NatPath_K1,local_news,Продовольствие
local_news,test,12,6,50,462.388916015625,0.8605512144351877,0.01835066838318966,0.03824431313245788,1.0,NatPath_K1,local_news,Продовольствие
local_news,test,1,6,50,81.92797422102518,0.959664521852888,0.24023139143755312,0.05444129184990133,1.0,NatPath_K1,local_news,Транспорт
local_news,test,3,6,50,145.73030721059632,0.8828390874850732,0.10228358097667845,0.09683806125639338,1.0,NatPath_K1,local_news,Транспорт
local_news,test,6,6,50,166.0119316469759,0.8148920738993595,-0.4867011727470627,0.11031523856523587,1.0,NatPath_K1,local_news,Транспорт
local_news,test,12,6,50,104.29960489908854,0.9262763497333616,-0.023096046882144394,0.06930728220890735,1.0,NatPath_K1,local_news,Транспорт
local_policy,test,1,6,50,943.2599049366172,0.9528894389000645,0.7006637569728702,0.03386891941011132,1.0,NatPath_K1,local_policy,Все категории
local_policy,test,3,6,50,1641.2698040165005,0.8616419788247556,0.43245711806342935,0.05893183250084112,1.0,NatPath_K1,local_policy,Все категории
local_policy,test,6,6,50,2694.391764201698,0.5978705541468752,-0.6982394000116576,0.09674548556916236,1.0,NatPath_K1,local_policy,Все категории
local_policy,test,12,6,50,1347.3876432291668,0.9140954558484857,-0.564449328207071,0.04837962820626293,1.0,NatPath_K1,local_policy,Все категории
local_policy,test,1,6,50,118.8538701273456,0.8168859172864082,-1.2180861258793172,0.08606425110054787,1.0,NatPath_K1,local_policy,Здоровье
local_policy,test,3,6,50,218.9350140672613,0.3902543289635342,-1.582276323978539,0.15853482941025013,1.0,NatPath_K1,local_policy,Здоровье
local_policy,test,6,6,50,211.03046836794363,0.4445774175907977,-0.9479704052331537,0.1528110039666787,1.0,NatPath_K1,local_policy,Здоровье
local_policy,test,12,6,50,121.77091084798177,0.8111403850970482,-0.35717410528653937,0.08817653339124959,1.0,NatPath_K1,local_policy,Здоровье
local_policy,test,1,6,50,317.22027396704175,0.860383351796556,0.3284100361154123,0.06077998692643991,1.0,NatPath_K1,local_policy,Маркетплейсы
local_policy,test,3,6,50,580.4019505012897,0.44498598812854073,-0.27485099062650864,0.11120607936683698,1.0,NatPath_K1,local_policy,Маркетплейсы
local_policy,test,6,6,50,958.0958604153797,-0.30053678251185123,-1.5715286013024152,0.1835729259737454,1.0,NatPath_K1,local_policy,Маркетплейсы
local_policy,test,12,6,50,1167.7854386393228,-0.5551987852535603,-10.511584134150217,0.22374983416337177,1.0,NatPath_K1,local_policy,Маркетплейсы
local_policy,test,1,6,50,71.88249378711483,0.9623805489559928,-0.41931016886443584,0.1139472667984193,1.0,NatPath_K1,local_policy,Общественное питание
local_policy,test,3,6,50,152.11444500921624,0.8491557355150934,-0.2910896472868141,0.24112999335681987,1.0,NatPath_K1,local_policy,Общественное питание
local_policy,test,6,6,50,150.0107799610933,0.8142342589342375,-0.7015597989357361,0.23779528875957978,1.0,NatPath_K1,local_policy,Общественное питание
local_policy,test,12,6,50,52.877985356648765,0.9806944106214861,0.6514220044450636,0.08382154802588417,1.0,NatPath_K1,local_policy,Общественное питание
local_policy,test,1,6,50,404.8328021082176,0.8947505628966587,0.7696464363534924,0.03348383128109811,1.0,NatPath_K1,local_policy,Продовольствие
local_policy,test,3,6,50,928.053928210721,0.519973144046852,0.4304937139030305,0.07675959307186124,1.0,NatPath_K1,local_policy,Продовольствие
local_policy,test,6,6,50,1191.9161989031193,0.10325866955548868,-0.24051124239680854,0.09858371331928613,1.0,NatPath_K1,local_policy,Продовольствие
local_policy,test,12,6,50,462.388916015625,0.8605512144351877,0.01835066838318966,0.03824431313245788,1.0,NatPath_K1,local_policy,Продовольствие
local_policy,test,1,6,50,81.92797422102518,0.959664521852888,0.24023139143755312,0.05444129184990133,1.0,NatPath_K1,local_policy,Транспорт
local_policy,test,3,6,50,145.73030721059632,0.8828390874850732,0.10228358097667845,0.09683806125639338,1.0,NatPath_K1,local_policy,Транспорт
local_policy,test,6,6,50,226.7274007974686,0.6914728015706726,-1.4779476351534773,0.150660781186713,1.0,NatPath_K1,local_policy,Транспорт
local_policy,test,12,6,50,104.29960489908854,0.9262763497333616,-0.023096046882144394,0.06930728220890735,1.0,NatPath_K1,local_policy,Транспорт
local_news_coverage,test,1,6,50,921.559865440678,0.953822894652062,0.7065948503691526,0.03308975251768034,1.0,NatPath_K1,local_news_coverage,Все категории
local_news_coverage,test,3,6,50,1678.5237032357088,0.8620922047508182,0.43430393921213917,0.06026948006092962,1.0,NatPath_K1,local_news_coverage,Все категории
local_news_coverage,test,6,6,50,3209.1558178665236,0.49246494100437266,-1.1433795584032524,0.11522872879571264,1.0,NatPath_K1,local_news_coverage,Все категории
local_news_coverage,test,12,6,50,1347.3876432291668,0.9140954558484857,-0.564449328207071,0.04837962820626293,1.0,NatPath_K1,local_news_coverage,Все категории
local_news_coverage,test,1,6,50,120.45437065704594,0.8084551815133856,-1.3202087904607458,0.08722320267130533,1.0,NatPath_K1,local_news_coverage,Здоровье
local_news_coverage,test,3,6,50,208.94225438129425,0.43389222845176034,-1.3974695758058862,0.15129889020289378,1.0,NatPath_K1,local_news_coverage,Здоровье
local_news_coverage,test,6,6,50,380.83868254303525,-1.0950122248870948,-6.347597922612141,0.2757722232188758,1.0,NatPath_K1,local_news_coverage,Здоровье
local_news_coverage,test,12,6,50,121.77091084798177,0.8111403850970482,-0.35717410528653937,0.08817653339124959,1.0,NatPath_K1,local_news_coverage,Здоровье
local_news_coverage,test,1,6,50,315.8032208374781,0.8608108081505077,0.33046620492483936,0.060508476945025876,1.0,NatPath_K1,local_news_coverage,Маркетплейсы
local_news_coverage,test,3,6,50,574.5765201264527,0.45834519952482056,-0.24416527185499648,0.11008991621119875,1.0,NatPath_K1,local_news_coverage,Маркетплейсы
local_news_coverage,test,6,6,50,1056.5520255365188,-0.508838235720096,-1.9833994163541049,0.2024373079820403,1.0,NatPath_K1,local_news_coverage,Маркетплейсы
local_news_coverage,test,12,6,50,1167.7854386393228,-0.5551987852535603,-10.511584134150217,0.22374983416337177,1.0,NatPath_K1,local_news_coverage,Маркетплейсы
local_news_coverage,test,1,6,50,71.03729855979059,0.9633393271165165,-0.38313729671580776,0.11260747346362085,1.0,NatPath_K1,local_news_coverage,Общественное питание
local_news_coverage,test,3,6,50,152.17019769589305,0.8490251920414662,-0.2922069806365195,0.24121837184689152,1.0,NatPath_K1,local_news_coverage,Общественное питание
local_news_coverage,test,6,6,50,128.50013384196586,0.8716014979960619,-0.17609268533603162,0.2036968705883677,1.0,NatPath_K1,local_news_coverage,Общественное питание
local_news_coverage,test,12,6,50,52.877985356648765,0.9806944106214861,0.6514220044450636,0.08382154802588417,1.0,NatPath_K1,local_news_coverage,Общественное питание
local_news_coverage,test,1,6,50,399.11431554987263,0.89871367669124,0.7783202821320886,0.03301085370095709,1.0,NatPath_K1,local_news_coverage,Продовольствие
local_news_coverage,test,3,6,50,935.8573004844031,0.5138409410802521,0.4232184373350838,0.07740501211714337,1.0,NatPath_K1,local_news_coverage,Продовольствие
local_news_coverage,test,6,6,50,1140.7353452496475,0.024851448009544086,-0.34897623281341805,0.09435053097924118,1.0,NatPath_K1,local_news_coverage,Продовольствие
local_news_coverage,test,12,6,50,462.388916015625,0.8605512144351877,0.01835066838318966,0.03824431313245788,1.0,NatPath_K1,local_news_coverage,Продовольствие
local_news_coverage,test,1,6,50,81.18211500266722,0.9608757634195698,0.26304662413157265,0.053945667006596656,1.0,NatPath_K1,local_news_coverage,Транспорт
local_news_coverage,test,3,6,50,145.08010175715089,0.8837689558453651,0.10940846654342384,0.0964059985184826,1.0,NatPath_K1,local_news_coverage,Транспорт
local_news_coverage,test,6,6,50,148.6016408589912,0.8579777697822537,-0.1406568085370936,0.09874606782725025,1.0,NatPath_K1,local_news_coverage,Транспорт
local_news_coverage,test,12,6,50,104.29960489908854,0.9262763497333616,-0.023096046882144394,0.06930728220890735,1.0,NatPath_K1,local_news_coverage,Транспорт
local_policy_coverage,test,1,6,50,921.559865440678,0.953822894652062,0.7065948503691526,0.03308975251768034,1.0,NatPath_K1,local_policy_coverage,Все категории
local_policy_coverage,test,3,6,50,1678.5237032357088,0.8620922047508182,0.43430393921213917,0.06026948006092962,1.0,NatPath_K1,local_policy_coverage,Все категории
local_policy_coverage,test,6,6,50,2594.35416082598,0.6281273076979039,-0.570461612220492,0.09315351106777556,1.0,NatPath_K1,local_policy_coverage,Все категории
local_policy_coverage,test,12,6,50,1347.3876432291668,0.9140954558484857,-0.564449328207071,0.04837962820626293,1.0,NatPath_K1,local_policy_coverage,Все категории
local_policy_coverage,test,1,6,50,120.45437065704594,0.8084551815133856,-1.3202087904607458,0.08722320267130533,1.0,NatPath_K1,local_policy_coverage,Здоровье
local_policy_coverage,test,3,6,50,208.94225438129425,0.43389222845176034,-1.3974695758058862,0.15129889020289378,1.0,NatPath_K1,local_policy_coverage,Здоровье
local_policy_coverage,test,6,6,50,211.39913561043747,0.43878993962034085,-0.9682681679897336,0.1530779626285762,1.0,NatPath_K1,local_policy_coverage,Здоровье
local_policy_coverage,test,12,6,50,121.77091084798177,0.8111403850970482,-0.35717410528653937,0.08817653339124959,1.0,NatPath_K1,local_policy_coverage,Здоровье
local_policy_coverage,test,1,6,50,315.8032208374781,0.8608108081505077,0.33046620492483936,0.060508476945025876,1.0,NatPath_K1,local_policy_coverage,Маркетплейсы
local_policy_coverage,test,3,6,50,574.5765201264527,0.45834519952482056,-0.24416527185499648,0.11008991621119875,1.0,NatPath_K1,local_policy_coverage,Маркетплейсы
local_policy_coverage,test,6,6,50,810.251142996784,0.049717613726773524,-0.878976718286892,0.15524560666508394,1.0,NatPath_K1,local_policy_coverage,Маркетплейсы
local_policy_coverage,test,12,6,50,1167.7854386393228,-0.5551987852535603,-10.511584134150217,0.22374983416337177,1.0,NatPath_K1,local_policy_coverage,Маркетплейсы
local_policy_coverage,test,1,6,50,71.03729855979059,0.9633393271165165,-0.38313729671580776,0.11260747346362085,1.0,NatPath_K1,local_policy_coverage,Общественное питание
local_policy_coverage,test,3,6,50,152.17019769589305,0.8490251920414662,-0.2922069806365195,0.24121837184689152,1.0,NatPath_K1,local_policy_coverage,Общественное питание
local_policy_coverage,test,6,6,50,146.07224167252173,0.816291736778684,-0.6827139042770873,0.23155196511400947,1.0,NatPath_K1,local_policy_coverage,Общественное питание
local_policy_coverage,test,12,6,50,52.877985356648765,0.9806944106214861,0.6514220044450636,0.08382154802588417,1.0,NatPath_K1,local_policy_coverage,Общественное питание
local_policy_coverage,test,1,6,50,399.11431554987263,0.89871367669124,0.7783202821320886,0.03301085370095709,1.0,NatPath_K1,local_policy_coverage,Продовольствие
local_policy_coverage,test,3,6,50,935.8573004844031,0.5138409410802521,0.4232184373350838,0.07740501211714337,1.0,NatPath_K1,local_policy_coverage,Продовольствие
local_policy_coverage,test,6,6,50,1357.4891540092576,0.0031365961595921643,-0.37901557295790944,0.11227829751457762,1.0,NatPath_K1,local_policy_coverage,Продовольствие
local_policy_coverage,test,12,6,50,462.388916015625,0.8605512144351877,0.01835066838318966,0.03824431313245788,1.0,NatPath_K1,local_policy_coverage,Продовольствие
local_policy_coverage,test,1,6,50,81.18211500266722,0.9608757634195698,0.26304662413157265,0.053945667006596656,1.0,NatPath_K1,local_policy_coverage,Транспорт
local_policy_coverage,test,3,6,50,145.08010175715089,0.8837689558453651,0.10940846654342384,0.0964059985184826,1.0,NatPath_K1,local_policy_coverage,Транспорт
local_policy_coverage,test,6,6,50,197.61841122751932,0.7310476142376465,-1.1601010596845942,0.13131780326371376,1.0,NatPath_K1,local_policy_coverage,Транспорт
local_policy_coverage,test,12,6,50,104.29960489908854,0.9262763497333616,-0.023096046882144394,0.06930728220890735,1.0,NatPath_K1,local_policy_coverage,Транспорт
transferred_news,test,1,6,50,923.9790056646045,0.9540949046575513,0.708323177334655,0.03317661475454329,1.0,NatPath_K1,transferred_news,Все категории
transferred_news,test,3,6,50,1515.2481487648217,0.8736653461164791,0.4817768211450716,0.054406868317258286,1.0,NatPath_K1,transferred_news,Все категории
transferred_news,test,6,6,50,2402.277976483264,0.7122846103138512,-0.21505553943738565,0.08625677690780692,1.0,NatPath_K1,transferred_news,Все категории
transferred_news,test,12,6,50,1347.3876432291668,0.9140954558484857,-0.564449328207071,0.04837962820626293,1.0,NatPath_K1,transferred_news,Все категории
transferred_news,test,1,6,50,121.26421135126763,0.8067284155709218,-1.3411253443536015,0.08780962306118628,1.0,NatPath_K1,transferred_news,Здоровье
transferred_news,test,3,6,50,216.1833150400708,0.40835821700984043,-1.5056062569414599,0.15654227404982715,1.0,NatPath_K1,transferred_news,Здоровье
transferred_news,test,6,6,50,372.3524815089664,-0.9131027563218146,-5.7096075484004745,0.2696272105583432,1.0,NatPath_K1,transferred_news,Здоровье
transferred_news,test,12,6,50,121.77091084798177,0.8111403850970482,-0.35717410528653937,0.08817653339124959,1.0,NatPath_K1,transferred_news,Здоровье
transferred_news,test,1,6,50,316.55493723553985,0.8603435780312956,0.32821871465111363,0.060652507187088305,1.0,NatPath_K1,transferred_news,Маркетплейсы
transferred_news,test,3,6,50,570.7953510362717,0.464271912530527,-0.23055178501525564,0.10936543727107986,1.0,NatPath_K1,transferred_news,Маркетплейсы
transferred_news,test,6,6,50,983.7787268120734,-0.3803801531675086,-1.7294014996520177,0.18849381033054638,1.0,NatPath_K1,transferred_news,Маркетплейсы
transferred_news,test,12,6,50,1167.7854386393228,-0.5551987852535603,-10.511584134150217,0.22374983416337177,1.0,NatPath_K1,transferred_news,Маркетплейсы
transferred_news,test,1,6,50,70.95407329240889,0.9633987079345829,-0.38089697165580993,0.1124755457681962,1.0,NatPath_K1,transferred_news,Общественное питание
transferred_news,test,3,6,50,153.85375076967404,0.8456826013320566,-0.32081651560805113,0.24388711998236326,1.0,NatPath_K1,transferred_news,Общественное питание
transferred_news,test,6,6,50,138.0654081417472,0.8590057324643913,-0.29146620976820325,0.21885962865662803,1.0,NatPath_K1,transferred_news,Общественное питание
transferred_news,test,12,6,50,52.877985356648765,0.9806944106214861,0.6514220044450636,0.08382154802588417,1.0,NatPath_K1,transferred_news,Общественное питание
transferred_news,test,1,6,50,398.2746679370185,0.899041483852773,0.7790377353548916,0.03294140621829765,1.0,NatPath_K1,transferred_news,Продовольствие
transferred_news,test,3,6,50,973.0561989643984,0.48182992863108687,0.385240410505878,0.08048174313809928,1.0,NatPath_K1,transferred_news,Продовольствие
transferred_news,test,6,6,50,853.7659787553755,0.6122715154998714,0.4636340183166693,0.07061521654696543,1.0,NatPath_K1,transferred_news,Продовольствие
transferred_news,test,12,6,50,462.388916015625,0.8605512144351877,0.01835066838318966,0.03824431313245788,1.0,NatPath_K1,transferred_news,Продовольствие
transferred_news,test,1,6,50,81.09415615532751,0.9609567635875766,0.26457236245839677,0.05388721818829824,1.0,NatPath_K1,transferred_news,Транспорт
transferred_news,test,3,6,50,150.71422464852597,0.8765912823698854,0.05441132465529297,0.10014988370011871,1.0,NatPath_K1,transferred_news,Транспорт
transferred_news,test,6,6,50,164.93619868751853,0.8421894637558809,-0.26746117385819934,0.1096004120050138,1.0,NatPath_K1,transferred_news,Транспорт
transferred_news,test,12,6,50,104.29960489908854,0.9262763497333616,-0.023096046882144394,0.06930728220890735,1.0,NatPath_K1,transferred_news,Транспорт
original,test,1,6,50,1161.2530794270833,0.9343153286052769,0.5826455406026794,0.04169623531756319,1.0,StructHGB,original,Все категории
original,test,3,6,50,1610.2465625,0.8859166442576629,0.5320314937361519,0.05781790445061473,1.0,StructHGB,original,Все категории
original,test,6,6,50,1686.7527669270833,0.8716981427126598,0.45816634074686546,0.06056495482194214,1.0,StructHGB,original,Все категории
original,test,12,6,50,1113.1464778645834,0.9397976597523522,-0.09637402406570983,0.03996890798933955,1.0,StructHGB,original,Все категории
original,test,1,6,50,138.93047932942707,0.7693950011834896,-1.7933501391772069,0.10060208931956574,1.0,StructHGB,original,Здоровье
original,test,3,6,50,214.09601440429688,0.32179796860398113,-1.8721893926219488,0.15503082166003873,1.0,StructHGB,original,Здоровье
original,test,6,6,50,375.3219897460938,-0.5572584896659278,-4.461595454058094,0.27177748553291026,1.0,StructHGB,original,Здоровье
original,test,12,6,50,117.00194010416666,0.808010515324604,-0.3796658286243384,0.0847232348562746,1.0,StructHGB,original,Здоровье
original,test,1,6,50,410.1957722981771,0.7644276067213314,-0.13316038688804666,0.07859426311495607,1.0,StructHGB,original,Маркетплейсы
original,test,3,6,50,569.5119287109375,0.5215730967964645,-0.0989326367361294,0.1091195311971099,1.0,StructHGB,original,Маркетплейсы
original,test,6,6,50,616.3346240234375,0.49190007034692873,-0.004657091588804452,0.11809084558810028,1.0,StructHGB,original,Маркетплейсы
original,test,12,6,50,1142.8225927734375,-0.5279875542913859,-10.310166554876714,0.21896690706227204,1.0,StructHGB,original,Маркетплейсы
original,test,1,6,50,103.48773877461751,0.9325806677442303,-1.543602875457351,0.16404752199387723,1.0,StructHGB,original,Общественное питание
original,test,3,6,50,134.60306963602702,0.8769643850968594,-0.053072910603813916,0.21337117119400642,1.0,StructHGB,original,Общественное питание
original,test,6,6,50,110.62434206644694,0.9066491003123344,0.14493309050572933,0.17536037991637649,1.0,StructHGB,original,Общественное питание
original,test,12,6,50,64.67347849527995,0.9716461198884954,0.4880478134237598,0.10251962224221664,1.0,StructHGB,original,Общественное питание
original,test,1,6,50,591.58828125,0.7984797279731415,0.5589438377440333,0.04893042780647671,1.0,StructHGB,original,Продовольствие
original,test,3,6,50,975.1209537760417,0.5335181285116435,0.44656355187588226,0.08065251957071508,1.0,StructHGB,original,Продовольствие
original,test,6,6,50,1389.3218684895833,0.09694708238094119,-0.24924240553335375,0.11491118999593755,1.0,StructHGB,original,Продовольствие
original,test,12,6,50,482.0382421875,0.8562880564574059,-0.011659820145024868,0.03986951424980818,1.0,StructHGB,original,Продовольствие
original,test,1,6,50,89.96347839355468,0.953634931790534,0.12665660660003686,0.05978089937684434,1.0,StructHGB,original,Транспорт
original,test,3,6,50,129.82123107910155,0.9052513511125957,0.27401198948785943,0.08626645046078878,1.0,StructHGB,original,Транспорт
original,test,6,6,50,108.91028198242188,0.9295228747285064,0.4339603549120601,0.07237108574007027,1.0,StructHGB,original,Транспорт
original,test,12,6,50,93.654267578125,0.9437639443823677,0.21958712046194062,0.06223343568161833,1.0,StructHGB,original,Транспорт
financial_only,test,1,6,50,1161.2530794270833,0.9343153286052769,0.5826455406026794,0.04169623531756319,1.0,StructHGB,financial_only,Все категории
financial_only,test,3,6,50,1584.3899892732954,0.8889487928436883,0.5444693295215675,0.056889492047783145,1.0,StructHGB,financial_only,Все категории
financial_only,test,6,6,50,1686.7527669270833,0.8716981427126598,0.45816634074686546,0.06056495482194214,1.0,StructHGB,financial_only,Все категории
financial_only,test,12,6,50,1113.1464778645834,0.9397976597523522,-0.09637402406570983,0.03996890798933955,1.0,StructHGB,financial_only,Все категории
financial_only,test,1,6,50,138.93047932942707,0.7693950011834896,-1.7933501391772069,0.10060208931956574,1.0,StructHGB,financial_only,Здоровье
financial_only,test,3,6,50,212.59912172850403,0.3434478344771087,-1.7805020896740533,0.15394689442248244,1.0,StructHGB,financial_only,Здоровье
financial_only,test,6,6,50,375.3219897460938,-0.5572584896659278,-4.461595454058094,0.27177748553291026,1.0,StructHGB,financial_only,Здоровье
financial_only,test,12,6,50,117.00194010416666,0.808010515324604,-0.3796658286243384,0.0847232348562746,1.0,StructHGB,financial_only,Здоровье
financial_only,test,1,6,50,410.1957722981771,0.7644276067213314,-0.13316038688804666,0.07859426311495607,1.0,StructHGB,financial_only,Маркетплейсы
financial_only,test,3,6,50,575.3690859595393,0.5020919976257242,-0.1436801530962446,0.11024177328001382,1.0,StructHGB,financial_only,Маркетплейсы
financial_only,test,6,6,50,616.3346240234375,0.49190007034692873,-0.004657091588804452,0.11809084558810028,1.0,StructHGB,financial_only,Маркетплейсы
financial_only,test,12,6,50,1142.8225927734375,-0.5279875542913859,-10.310166554876714,0.21896690706227204,1.0,StructHGB,financial_only,Маркетплейсы
financial_only,test,1,6,50,103.48773877461751,0.9325806677442303,-1.543602875457351,0.16404752199387723,1.0,StructHGB,financial_only,Общественное питание
financial_only,test,3,6,50,136.15327350972652,0.874391077552265,-0.07509808167316678,0.21582853577725972,1.0,StructHGB,financial_only,Общественное питание
financial_only,test,6,6,50,110.62434206644694,0.9066491003123344,0.14493309050572933,0.17536037991637649,1.0,StructHGB,financial_only,Общественное питание
financial_only,test,12,6,50,64.67347849527995,0.9716461198884954,0.4880478134237598,0.10251962224221664,1.0,StructHGB,financial_only,Общественное питание
financial_only,test,1,6,50,591.58828125,0.7984797279731415,0.5589438377440333,0.04893042780647671,1.0,StructHGB,financial_only,Продовольствие
financial_only,test,3,6,50,944.2253175112892,0.5432683980025703,0.45813132083996766,0.0780971330836917,1.0,StructHGB,financial_only,Продовольствие
financial_only,test,6,6,50,1389.3218684895833,0.09694708238094119,-0.24924240553335375,0.11491118999593755,1.0,StructHGB,financial_only,Продовольствие
financial_only,test,12,6,50,482.0382421875,0.8562880564574059,-0.011659820145024868,0.03986951424980818,1.0,StructHGB,financial_only,Продовольствие
financial_only,test,1,6,50,89.96347839355468,0.953634931790534,0.12665660660003686,0.05978089937684434,1.0,StructHGB,financial_only,Транспорт
financial_only,test,3,6,50,130.45618123025608,0.9039402943395171,0.26396634229887517,0.08668837602184178,1.0,StructHGB,financial_only,Транспорт
financial_only,test,6,6,50,108.91028198242188,0.9295228747285064,0.4339603549120601,0.07237108574007027,1.0,StructHGB,financial_only,Транспорт
financial_only,test,12,6,50,93.654267578125,0.9437639443823677,0.21958712046194062,0.06223343568161833,1.0,StructHGB,financial_only,Транспорт
local_news,test,1,6,50,1162.64440621876,0.9342834801684626,0.5824431785165636,0.04174619263551321,1.0,StructHGB,local_news,Все категории
local_news,test,3,6,50,1533.5827332921826,0.8937731016853343,0.564258584384297,0.055065194365598896,1.0,StructHGB,local_news,Все категории
local_news,test,6,6,50,1686.7527669270833,0.8716981427126598,0.45816634074686546,0.06056495482194214,1.0,StructHGB,local_news,Все категории
local_news,test,12,6,50,1113.1464778645834,0.9397976597523522,-0.09637402406570983,0.03996890798933955,1.0,StructHGB,local_news,Все категории
local_news,test,1,6,50,136.13179372155878,0.7822523269812633,-1.6376075794279488,0.09857551012068066,1.0,StructHGB,local_news,Здоровье
local_news,test,3,6,50,219.88764752513364,0.31578315405813184,-1.8976621658332236,0.15922464863984073,1.0,StructHGB,local_news,Здоровье
local_news,test,6,6,50,375.3219897460938,-0.5572584896659278,-4.461595454058094,0.27177748553291026,1.0,StructHGB,local_news,Здоровье
local_news,test,12,6,50,117.00194010416666,0.808010515324604,-0.3796658286243384,0.0847232348562746,1.0,StructHGB,local_news,Здоровье
local_news,test,1,6,50,408.8052732151837,0.7657629523466117,-0.12673705033187388,0.07832784093761962,1.0,StructHGB,local_news,Маркетплейсы
local_news,test,3,6,50,571.9131685693471,0.5045605928194467,-0.138009861966907,0.10957961316279333,1.0,StructHGB,local_news,Маркетплейсы
local_news,test,6,6,50,616.3346240234375,0.49190007034692873,-0.004657091588804452,0.11809084558810028,1.0,StructHGB,local_news,Маркетплейсы
local_news,test,12,6,50,1142.8225927734375,-0.5279875542913859,-10.310166554876714,0.21896690706227204,1.0,StructHGB,local_news,Маркетплейсы
local_news,test,1,6,50,103.1702504300175,0.9330302929814883,-1.526639372436751,0.1635442432788306,1.0,StructHGB,local_news,Общественное питание
local_news,test,3,6,50,136.63075587061277,0.8735783949165887,-0.08205390555572789,0.21658543508752262,1.0,StructHGB,local_news,Общественное питание
local_news,test,6,6,50,110.62434206644694,0.9066491003123344,0.14493309050572933,0.17536037991637649,1.0,StructHGB,local_news,Общественное питание
local_news,test,12,6,50,64.67347849527995,0.9716461198884954,0.4880478134237598,0.10251962224221664,1.0,StructHGB,local_news,Общественное питание
local_news,test,1,6,50,583.0895601586867,0.8002334763925196,0.5627821689433395,0.04822749627117446,1.0,StructHGB,local_news,Продовольствие
local_news,test,3,6,50,934.6725497904312,0.5474628755713262,0.46310767021016297,0.0773070210646878,1.0,StructHGB,local_news,Продовольствие
local_news,test,6,6,50,1389.3218684895833,0.09694708238094119,-0.24924240553335375,0.11491118999593755,1.0,StructHGB,local_news,Продовольствие
local_news,test,12,6,50,482.0382421875,0.8562880564574059,-0.011659820145024868,0.03986951424980818,1.0,StructHGB,local_news,Продовольствие
local_news,test,1,6,50,89.85060046839553,0.9537655368215694,0.12911671386191437,0.05970589178480474,1.0,StructHGB,local_news,Транспорт
local_news,test,3,6,50,133.44015404434774,0.9006804668292747,0.23898872291787587,0.08867123152862966,1.0,StructHGB,local_news,Транспорт
local_news,test,6,6,50,108.91028198242188,0.9295228747285064,0.4339603549120601,0.07237108574007027,1.0,StructHGB,local_news,Транспорт
local_news,test,12,6,50,93.654267578125,0.9437639443823677,0.21958712046194062,0.06223343568161833,1.0,StructHGB,local_news,Транспорт
local_policy,test,1,6,50,1097.9742441390745,0.9409553517602373,0.6248356469909839,0.03942413007751348,1.0,StructHGB,local_policy,Все категории
local_policy,test,3,6,50,1533.5827332921826,0.8937731016853343,0.564258584384297,0.055065194365598896,1.0,StructHGB,local_policy,Все категории
local_policy,test,6,6,50,1686.7527669270833,0.8716981427126598,0.45816634074686546,0.06056495482194214,1.0,StructHGB,local_policy,Все категории
local_policy,test,12,6,50,1113.1464778645834,0.9397976597523522,-0.09637402406570983,0.03996890798933955,1.0,StructHGB,local_policy,Все категории
local_policy,test,1,6,50,136.7307465528985,0.7810889018383514,-1.651700308560248,0.09900922276982345,1.0,StructHGB,local_policy,Здоровье
local_policy,test,3,6,50,219.88764752513364,0.31578315405813184,-1.8976621658332236,0.15922464863984073,1.0,StructHGB,local_policy,Здоровье
local_policy,test,6,6,50,375.3219897460938,-0.5572584896659278,-4.461595454058094,0.27177748553291026,1.0,StructHGB,local_policy,Здоровье
local_policy,test,12,6,50,117.00194010416666,0.808010515324604,-0.3796658286243384,0.0847232348562746,1.0,StructHGB,local_policy,Здоровье
local_policy,test,1,6,50,406.7619261558506,0.767350812547088,-0.1190990573817945,0.07793633188935069,1.0,StructHGB,local_policy,Маркетплейсы
local_policy,test,3,6,50,571.9131685693471,0.5045605928194467,-0.138009861966907,0.10957961316279333,1.0,StructHGB,local_policy,Маркетплейсы
local_policy,test,6,6,50,616.3346240234375,0.49190007034692873,-0.004657091588804452,0.11809084558810028,1.0,StructHGB,local_policy,Маркетплейсы
local_policy,test,12,6,50,1142.8225927734375,-0.5279875542913859,-10.310166554876714,0.21896690706227204,1.0,StructHGB,local_policy,Маркетплейсы
local_policy,test,1,6,50,102.747359795514,0.9336098828339696,-1.5047725522528235,0.16287388211830892,1.0,StructHGB,local_policy,Общественное питание
local_policy,test,3,6,50,136.63075587061277,0.8735783949165887,-0.08205390555572789,0.21658543508752262,1.0,StructHGB,local_policy,Общественное питание
local_policy,test,6,6,50,110.62434206644694,0.9066491003123344,0.14493309050572933,0.17536037991637649,1.0,StructHGB,local_policy,Общественное питание
local_policy,test,12,6,50,64.67347849527995,0.9716461198884954,0.4880478134237598,0.10251962224221664,1.0,StructHGB,local_policy,Общественное питание
local_policy,test,1,6,50,575.5891027341531,0.802965109710748,0.5687607421951052,0.047607131395536226,1.0,StructHGB,local_policy,Продовольствие
local_policy,test,3,6,50,934.6725497904312,0.5474628755713262,0.46310767021016297,0.0773070210646878,1.0,StructHGB,local_policy,Продовольствие
local_policy,test,6,6,50,1389.3218684895833,0.09694708238094119,-0.24924240553335375,0.11491118999593755,1.0,StructHGB,local_policy,Продовольствие
local_policy,test,12,6,50,482.0382421875,0.8562880564574059,-0.011659820145024868,0.03986951424980818,1.0,StructHGB,local_policy,Продовольствие
local_policy,test,1,6,50,89.88267104782456,0.9537262116483788,0.12837597559652003,0.059727202744719134,1.0,StructHGB,local_policy,Транспорт
local_policy,test,3,6,50,133.44015404434774,0.9006804668292747,0.23898872291787587,0.08867123152862966,1.0,StructHGB,local_policy,Транспорт
local_policy,test,6,6,50,108.91028198242188,0.9295228747285064,0.4339603549120601,0.07237108574007027,1.0,StructHGB,local_policy,Транспорт
local_policy,test,12,6,50,93.654267578125,0.9437639443823677,0.21958712046194062,0.06223343568161833,1.0,StructHGB,local_policy,Транспорт
local_news_coverage,test,1,6,50,1161.2530794270833,0.9343153286052769,0.5826455406026794,0.04169623531756319,1.0,StructHGB,local_news_coverage,Все категории
local_news_coverage,test,3,6,50,1575.5968131067975,0.8902909604545194,0.5499748843670517,0.05657376212712884,1.0,StructHGB,local_news_coverage,Все категории
local_news_coverage,test,6,6,50,1686.7527669270833,0.8716981427126598,0.45816634074686546,0.06056495482194214,1.0,StructHGB,local_news_coverage,Все категории
local_news_coverage,test,12,6,50,1113.1464778645834,0.9397976597523522,-0.09637402406570983,0.03996890798933955,1.0,StructHGB,local_news_coverage,Все категории
local_news_coverage,test,1,6,50,138.93047932942707,0.7693950011834896,-1.7933501391772069,0.10060208931956574,1.0,StructHGB,local_news_coverage,Здоровье
local_news_coverage,test,3,6,50,212.5169484336481,0.3403063729875043,-1.7938061966363983,0.15388739124370787,1.0,StructHGB,local_news_coverage,Здоровье
local_news_coverage,test,6,6,50,375.3219897460938,-0.5572584896659278,-4.461595454058094,0.27177748553291026,1.0,StructHGB,local_news_coverage,Здоровье
local_news_coverage,test,12,6,50,117.00194010416666,0.808010515324604,-0.3796658286243384,0.0847232348562746,1.0,StructHGB,local_news_coverage,Здоровье
local_news_coverage,test,1,6,50,410.1957722981771,0.7644276067213314,-0.13316038688804666,0.07859426311495607,1.0,StructHGB,local_news_coverage,Маркетплейсы
local_news_coverage,test,3,6,50,571.0328477715768,0.5068168918813882,-0.1328272088577236,0.10941094208162179,1.0,StructHGB,local_news_coverage,Маркетплейсы
local_news_coverage,test,6,6,50,616.3346240234375,0.49190007034692873,-0.004657091588804452,0.11809084558810028,1.0,StructHGB,local_news_coverage,Маркетплейсы
local_news_coverage,test,12,6,50,1142.8225927734375,-0.5279875542913859,-10.310166554876714,0.21896690706227204,1.0,StructHGB,local_news_coverage,Маркетплейсы
local_news_coverage,test,1,6,50,103.48773877461751,0.9325806677442303,-1.543602875457351,0.16404752199387723,1.0,StructHGB,local_news_coverage,Общественное питание
local_news_coverage,test,3,6,50,136.79789045420455,0.873309868668395,-0.08435224590198809,0.2168503748243684,1.0,StructHGB,local_news_coverage,Общественное питание
local_news_coverage,test,6,6,50,110.62434206644694,0.9066491003123344,0.14493309050572933,0.17536037991637649,1.0,StructHGB,local_news_coverage,Общественное питание
local_news_coverage,test,12,6,50,64.67347849527995,0.9716461198884954,0.4880478134237598,0.10251962224221664,1.0,StructHGB,local_news_coverage,Общественное питание
local_news_coverage,test,1,6,50,591.58828125,0.7984797279731415,0.5589438377440333,0.04893042780647671,1.0,StructHGB,local_news_coverage,Продовольствие
local_news_coverage,test,3,6,50,940.5911123296646,0.5427557828864155,0.45752315167739277,0.07779654698368026,1.0,StructHGB,local_news_coverage,Продовольствие
local_news_coverage,test,6,6,50,1389.3218684895833,0.09694708238094119,-0.24924240553335375,0.11491118999593755,1.0,StructHGB,local_news_coverage,Продовольствие
local_news_coverage,test,12,6,50,482.0382421875,0.8562880564574059,-0.011659820145024868,0.03986951424980818,1.0,StructHGB,local_news_coverage,Продовольствие
local_news_coverage,test,1,6,50,89.96347839355468,0.953634931790534,0.12665660660003686,0.05978089937684434,1.0,StructHGB,local_news_coverage,Транспорт
local_news_coverage,test,3,6,50,133.04929417776842,0.9011707049498319,0.24274505086555365,0.08841150441745452,1.0,StructHGB,local_news_coverage,Транспорт
local_news_coverage,test,6,6,50,108.91028198242188,0.9295228747285064,0.4339603549120601,0.07237108574007027,1.0,StructHGB,local_news_coverage,Транспорт
local_news_coverage,test,12,6,50,93.654267578125,0.9437639443823677,0.21958712046194062,0.06223343568161833,1.0,StructHGB,local_news_coverage,Транспорт
local_policy_coverage,test,1,6,50,1165.2239909809823,0.9337823025875093,0.5792587415098853,0.04183881583296496,1.0,StructHGB,local_policy_coverage,Все категории
local_policy_coverage,test,3,6,50,1575.5968131067975,0.8902909604545194,0.5499748843670517,0.05657376212712884,1.0,StructHGB,local_policy_coverage,Все категории
local_policy_coverage,test,6,6,50,1686.7527669270833,0.8716981427126598,0.45816634074686546,0.06056495482194214,1.0,StructHGB,local_policy_coverage,Все категории
local_policy_coverage,test,12,6,50,1113.1464778645834,0.9397976597523522,-0.09637402406570983,0.03996890798933955,1.0,StructHGB,local_policy_coverage,Все категории
local_policy_coverage,test,1,6,50,136.01928827211907,0.7815169856930216,-1.6465148698179846,0.09849404287657337,1.0,StructHGB,local_policy_coverage,Здоровье
local_policy_coverage,test,3,6,50,212.5169484336481,0.3403063729875043,-1.7938061966363983,0.15388739124370787,1.0,StructHGB,local_policy_coverage,Здоровье
local_policy_coverage,test,6,6,50,375.3219897460938,-0.5572584896659278,-4.461595454058094,0.27177748553291026,1.0,StructHGB,local_policy_coverage,Здоровье
local_policy_coverage,test,12,6,50,117.00194010416666,0.808010515324604,-0.3796658286243384,0.0847232348562746,1.0,StructHGB,local_policy_coverage,Здоровье
local_policy_coverage,test,1,6,50,407.27371942908485,0.766850584331976,-0.12150527650568899,0.07803439242018376,1.0,StructHGB,local_policy_coverage,Маркетплейсы
local_policy_coverage,test,3,6,50,571.0328477715768,0.5068168918813882,-0.1328272088577236,0.10941094208162179,1.0,StructHGB,local_policy_coverage,Маркетплейсы
local_policy_coverage,test,6,6,50,616.3346240234375,0.49190007034692873,-0.004657091588804452,0.11809084558810028,1.0,StructHGB,local_policy_coverage,Маркетплейсы
local_policy_coverage,test,12,6,50,1142.8225927734375,-0.5279875542913859,-10.310166554876714,0.21896690706227204,1.0,StructHGB,local_policy_coverage,Маркетплейсы
local_policy_coverage,test,1,6,50,102.88626191535394,0.9333860100373228,-1.513218846071449,0.16309406809231175,1.0,StructHGB,local_policy_coverage,Общественное питание
local_policy_coverage,test,3,6,50,136.79789045420455,0.873309868668395,-0.08435224590198809,0.2168503748243684,1.0,StructHGB,local_policy_coverage,Общественное питание
local_policy_coverage,test,6,6,50,110.62434206644694,0.9066491003123344,0.14493309050572933,0.17536037991637649,1.0,StructHGB,local_policy_coverage,Общественное питание
local_policy_coverage,test,12,6,50,64.67347849527995,0.9716461198884954,0.4880478134237598,0.10251962224221664,1.0,StructHGB,local_policy_coverage,Общественное питание
local_policy_coverage,test,1,6,50,577.4248602825944,0.8022604931335344,0.5672185872531632,0.04775896740216638,1.0,StructHGB,local_policy_coverage,Продовольствие
local_policy_coverage,test,3,6,50,940.5911123296646,0.5427557828864155,0.45752315167739277,0.07779654698368026,1.0,StructHGB,local_policy_coverage,Продовольствие
local_policy_coverage,test,6,6,50,1389.3218684895833,0.09694708238094119,-0.24924240553335375,0.11491118999593755,1.0,StructHGB,local_policy_coverage,Продовольствие
local_policy_coverage,test,12,6,50,482.0382421875,0.8562880564574059,-0.011659820145024868,0.03986951424980818,1.0,StructHGB,local_policy_coverage,Продовольствие
local_policy_coverage,test,1,6,50,90.28991569424575,0.9533131111742581,0.12059471733860494,0.05999781757269368,1.0,StructHGB,local_policy_coverage,Транспорт
local_policy_coverage,test,3,6,50,133.04929417776842,0.9011707049498319,0.24274505086555365,0.08841150441745452,1.0,StructHGB,local_policy_coverage,Транспорт
local_policy_coverage,test,6,6,50,108.91028198242188,0.9295228747285064,0.4339603549120601,0.07237108574007027,1.0,StructHGB,local_policy_coverage,Транспорт
local_policy_coverage,test,12,6,50,93.654267578125,0.9437639443823677,0.21958712046194062,0.06223343568161833,1.0,StructHGB,local_policy_coverage,Транспорт
transferred_news,test,1,6,50,1163.5944209572806,0.9342313369220494,0.5821118650463746,0.04178030409561978,1.0,StructHGB,transferred_news,Все категории
transferred_news,test,3,6,50,1460.58631719985,0.8998618442912598,0.5892345308208251,0.0524441673072885,1.0,StructHGB,transferred_news,Все категории
transferred_news,test,6,6,50,1642.481366336529,0.8712747349064144,0.4563782403571687,0.05897533515197959,1.0,StructHGB,transferred_news,Все категории
transferred_news,test,12,6,50,1113.1464778645834,0.9397976597523522,-0.09637402406570983,0.03996890798933955,1.0,StructHGB,transferred_news,Все категории
transferred_news,test,1,6,50,135.8315158379466,0.7834674236476501,-1.622888946008966,0.09835807343858145,1.0,StructHGB,transferred_news,Здоровье
transferred_news,test,3,6,50,220.48532795613613,0.3167682813232634,-1.8934901463606937,0.15965743992073522,1.0,StructHGB,transferred_news,Здоровье
transferred_news,test,6,6,50,367.9068188450051,-0.645512859745349,-4.771119961148712,0.266408025289832,1.0,StructHGB,transferred_news,Здоровье
transferred_news,test,12,6,50,117.00194010416666,0.808010515324604,-0.3796658286243384,0.0847232348562746,1.0,StructHGB,transferred_news,Здоровье
transferred_news,test,1,6,50,408.3138161106824,0.7660020156974663,-0.12558709759176412,0.07823367685405415,1.0,StructHGB,transferred_news,Маркетплейсы
transferred_news,test,3,6,50,566.1502844890089,0.5147248454061373,-0.1146628703559609,0.10847543399201957,1.0,StructHGB,transferred_news,Маркетплейсы
transferred_news,test,6,6,50,765.3856767655444,0.22228817763955655,-0.5377559648165346,0.14664930095964632,1.0,StructHGB,transferred_news,Маркетплейсы
transferred_news,test,12,6,50,1142.8225927734375,-0.5279875542913859,-10.310166554876714,0.21896690706227204,1.0,StructHGB,transferred_news,Маркетплейсы
transferred_news,test,1,6,50,103.09212065798701,0.9331538530388926,-1.5219776870300659,0.16342039290150753,1.0,StructHGB,transferred_news,Общественное питание
transferred_news,test,3,6,50,137.41510449783183,0.8719504883652538,-0.09598730436512848,0.21782877512179288,1.0,StructHGB,transferred_news,Общественное питание
transferred_news,test,6,6,50,110.82594185310913,0.904464522615143,0.12492299840873455,0.17567995347966067,1.0,StructHGB,transferred_news,Общественное питание
transferred_news,test,12,6,50,64.67347849527995,0.9716461198884954,0.4880478134237598,0.10251962224221664,1.0,StructHGB,transferred_news,Общественное питание
transferred_news,test,1,6,50,582.3553343278105,0.80055523591338,0.5634863860328296,0.04816676825280427,1.0,StructHGB,transferred_news,Продовольствие
transferred_news,test,3,6,50,960.3486898954228,0.5241313125290812,0.43542698598960516,0.0794307016032909,1.0,StructHGB,transferred_news,Продовольствие
transferred_news,test,6,6,50,1349.7116074451353,0.20900372970191072,-0.09422832726169506,0.11163501452076445,1.0,StructHGB,transferred_news,Продовольствие
transferred_news,test,12,6,50,482.0382421875,0.8562880564574059,-0.011659820145024868,0.03986951424980818,1.0,StructHGB,transferred_news,Продовольствие
transferred_news,test,1,6,50,89.85884133810565,0.9537815248822636,0.1294178687554549,0.059711367858114886,1.0,StructHGB,transferred_news,Транспорт
transferred_news,test,3,6,50,136.01814531374245,0.8974743043803749,0.214422298752592,0.0903843115408973,1.0,StructHGB,transferred_news,Транспорт
transferred_news,test,6,6,50,111.8065537574561,0.9247164006510976,0.39535698012314435,0.0742956637426447,1.0,StructHGB,transferred_news,Транспорт
transferred_news,test,12,6,50,93.654267578125,0.9437639443823677,0.21958712046194062,0.06223343568161833,1.0,StructHGB,transferred_news,Транспорт
original,test,1,6,50,1266.1162760416667,0.8745402777802516,0.20284027564812301,0.045461478742666296,1.0,Chronos2_NatCov,original,Все категории
original,test,3,6,50,1722.8283333333334,0.839462924887593,0.34147891468062386,0.061860292877649596,1.0,Chronos2_NatCov,original,Все категории
original,test,6,6,50,2431.50740234375,0.6901043441966213,-0.30872538185121723,0.08730629577709369,1.0,Chronos2_NatCov,original,Все категории
original,test,12,6,50,4506.588209635417,0.23399707601716524,-12.950050857798232,0.1618146516012,1.0,Chronos2_NatCov,original,Все категории
original,test,1,6,50,91.16832784016927,0.8961484104187127,-0.2579686203658016,0.06601664591356148,1.0,Chronos2_NatCov,original,Здоровье
original,test,3,6,50,146.47404134114583,0.7156401591304968,-0.20426551502931178,0.10606451990321858,1.0,Chronos2_NatCov,original,Здоровье
original,test,6,6,50,148.8064569091797,0.6787816496984047,-0.12657255902556686,0.10775346447778744,1.0,Chronos2_NatCov,original,Здоровье
original,test,12,6,50,206.40832946777343,0.498490040843948,-2.6039273428554788,0.1494640290427689,1.0,Chronos2_NatCov,original,Здоровье
original,test,1,6,50,414.00255289713544,0.705196978764111,-0.4180740830877079,0.07932364926718086,1.0,Chronos2_NatCov,original,Маркетплейсы
original,test,3,6,50,619.6908911132813,0.34268116441534424,-0.5098421855638442,0.11873391252481044,1.0,Chronos2_NatCov,original,Маркетплейсы
original,test,6,6,50,1243.6189583333332,-0.958437109174874,-2.8723833941615693,0.23827967577137302,1.0,Chronos2_NatCov,original,Маркетплейсы
original,test,12,6,50,1683.1259285481772,-2.1490991583097467,-22.309637489045418,0.3224900182241787,1.0,Chronos2_NatCov,original,Маркетплейсы
original,test,1,6,50,59.120129419962566,0.973340620313179,-0.005807571217881113,0.09371651990990199,1.0,Chronos2_NatCov,original,Общественное питание
original,test,3,6,50,119.36390093485514,0.8940071571337647,0.09279771041750651,0.18921422378868674,1.0,Chronos2_NatCov,original,Общественное питание
original,test,6,6,50,151.32037344614665,0.8142829141985896,-0.7011141309597513,0.23987124064128248,1.0,Chronos2_NatCov,original,Общественное питание
original,test,12,6,50,157.61228003184002,0.8043051731616823,-2.5334280214045477,0.2498450954787902,1.0,Chronos2_NatCov,original,Общественное питание
original,test,1,6,50,648.4640494791666,0.7320429982480827,0.4135374786187044,0.05363463808156005,1.0,Chronos2_NatCov,original,Продовольствие
original,test,3,6,50,928.9205729166666,0.5705998702353394,0.4905575175241925,0.07683127349144045,1.0,Chronos2_NatCov,original,Продовольствие
original,test,6,6,50,842.0545279947917,0.5602835369539488,0.3917162091712687,0.06964655926602835,1.0,Chronos2_NatCov,original,Продовольствие
original,test,12,6,50,1451.0465999348958,-0.016092735550760295,-6.152781938359093,0.12001645933879444,1.0,Chronos2_NatCov,original,Продовольствие
original,test,1,6,50,96.39695983886719,0.9475435070625778,0.01191708937297864,0.06405595981017431,1.0,Chronos2_NatCov,original,Транспорт
original,test,3,6,50,154.29810119628905,0.8631220184024906,-0.04879356813818925,0.10253137635810165,1.0,Chronos2_NatCov,original,Транспорт
original,test,6,6,50,218.1106630452474,0.7141496264512426,-1.295817875211196,0.14493494286075634,1.0,Chronos2_NatCov,original,Транспорт
original,test,12,6,50,227.5122255452474,0.6992054244207195,-3.1742607709430546,0.15118229869707622,1.0,Chronos2_NatCov,original,Транспорт
financial_only,test,1,6,50,1266.1162760416667,0.8745402777802516,0.20284027564812301,0.045461478742666296,1.0,Chronos2_NatCov,financial_only,Все категории
financial_only,test,3,6,50,1745.9945154142367,0.8370076046407597,0.33140722156786995,0.06269210344208868,1.0,Chronos2_NatCov,financial_only,Все категории
financial_only,test,6,6,50,2689.9659052743523,0.676169068700986,-0.3675756703360553,0.09658656960279265,1.0,Chronos2_NatCov,financial_only,Все категории
financial_only,test,12,6,50,4506.588209635417,0.23399707601716524,-12.950050857798232,0.1618146516012,1.0,Chronos2_NatCov,financial_only,Все категории
financial_only,test,1,6,50,91.16832784016927,0.8961484104187127,-0.2579686203658016,0.06601664591356148,1.0,Chronos2_NatCov,financial_only,Здоровье
financial_only,test,3,6,50,145.28414333825557,0.7252280919996749,-0.16366056575285648,0.10520289309716621,1.0,Chronos2_NatCov,financial_only,Здоровье
financial_only,test,6,6,50,145.76207250024933,0.7353508045646486,0.07182599915064547,0.10554897030409295,1.0,Chronos2_NatCov,financial_only,Здоровье
financial_only,test,12,6,50,206.40832946777343,0.498490040843948,-2.6039273428554788,0.1494640290427689,1.0,Chronos2_NatCov,financial_only,Здоровье
financial_only,test,1,6,50,414.00255289713544,0.705196978764111,-0.4180740830877079,0.07932364926718086,1.0,Chronos2_NatCov,financial_only,Маркетплейсы
financial_only,test,3,6,50,592.0377468274372,0.37934450484774085,-0.4256275623828665,0.11343551930690667,1.0,Chronos2_NatCov,financial_only,Маркетплейсы
financial_only,test,6,6,50,829.0920560178915,-0.06264363831491893,-1.1011466539539971,0.1588555601929095,1.0,Chronos2_NatCov,financial_only,Маркетплейсы
financial_only,test,12,6,50,1683.1259285481772,-2.1490991583097467,-22.309637489045418,0.3224900182241787,1.0,Chronos2_NatCov,financial_only,Маркетплейсы
financial_only,test,1,6,50,59.120129419962566,0.973340620313179,-0.005807571217881113,0.09371651990990199,1.0,Chronos2_NatCov,financial_only,Общественное питание
financial_only,test,3,6,50,119.89720286333689,0.8926913777200036,0.08153583589399827,0.19005960760785126,1.0,Chronos2_NatCov,financial_only,Общественное питание
financial_only,test,6,6,50,155.7820394423218,0.8266208558032715,-0.5881021982120904,0.24694382005313834,1.0,Chronos2_NatCov,financial_only,Общественное питание
financial_only,test,12,6,50,157.61228003184002,0.8043051731616823,-2.5334280214045477,0.2498450954787902,1.0,Chronos2_NatCov,financial_only,Общественное питание
financial_only,test,1,6,50,648.4640494791666,0.7320429982480827,0.4135374786187044,0.05363463808156005,1.0,Chronos2_NatCov,financial_only,Продовольствие
financial_only,test,3,6,50,957.5151378777224,0.5495816116584749,0.4656213494038317,0.07919633774445137,1.0,Chronos2_NatCov,financial_only,Продовольствие
financial_only,test,6,6,50,952.9563893870854,0.42989614885273275,0.21134421636244283,0.07881928241563776,1.0,Chronos2_NatCov,financial_only,Продовольствие
financial_only,test,12,6,50,1451.0465999348958,-0.016092735550760295,-6.152781938359093,0.12001645933879444,1.0,Chronos2_NatCov,financial_only,Продовольствие
financial_only,test,1,6,50,96.39695983886719,0.9475435070625778,0.01191708937297864,0.06405595981017431,1.0,Chronos2_NatCov,financial_only,Транспорт
financial_only,test,3,6,50,153.68513349895812,0.8636146964012957,-0.04501854522888338,0.10212405817866115,1.0,Chronos2_NatCov,financial_only,Транспорт
financial_only,test,6,6,50,197.42255467901413,0.7889873402971369,-0.6947560012863101,0.13118765622151887,1.0,Chronos2_NatCov,financial_only,Транспорт
financial_only,test,12,6,50,227.5122255452474,0.6992054244207195,-3.1742607709430546,0.15118229869707622,1.0,Chronos2_NatCov,financial_only,Транспорт
local_news,test,1,6,50,1266.1162760416667,0.8745402777802516,0.20284027564812301,0.045461478742666296,1.0,Chronos2_NatCov,local_news,Все категории
local_news,test,3,6,50,1740.376077943806,0.8363994938010413,0.32891275846714685,0.06249036646068952,1.0,Chronos2_NatCov,local_news,Все категории
local_news,test,6,6,50,3149.228738430998,0.5996706163756038,-0.6906375279507484,0.11307697251596115,1.0,Chronos2_NatCov,local_news,Все категории
local_news,test,12,6,50,4506.588209635417,0.23399707601716524,-12.950050857798232,0.1618146516012,1.0,Chronos2_NatCov,local_news,Все категории
local_news,test,1,6,50,91.16832784016927,0.8961484104187127,-0.2579686203658016,0.06601664591356148,1.0,Chronos2_NatCov,local_news,Здоровье
local_news,test,3,6,50,144.56109978034678,0.726650293260938,-0.15763753546442594,0.10467932409383614,1.0,Chronos2_NatCov,local_news,Здоровье
local_news,test,6,6,50,126.01109376738594,0.787924899219079,0.2562131373626557,0.09124692703595677,1.0,Chronos2_NatCov,local_news,Здоровье
local_news,test,12,6,50,206.40832946777343,0.498490040843948,-2.6039273428554788,0.1494640290427689,1.0,Chronos2_NatCov,local_news,Здоровье
local_news,test,1,6,50,414.00255289713544,0.705196978764111,-0.4180740830877079,0.07932364926718086,1.0,Chronos2_NatCov,local_news,Маркетплейсы
local_news,test,3,6,50,599.6798145056239,0.3675578459758726,-0.4527011738909992,0.11489975350531545,1.0,Chronos2_NatCov,local_news,Маркетплейсы
local_news,test,6,6,50,902.5045286079496,-0.18021991069386334,-1.3336281579934441,0.17292152473061412,1.0,Chronos2_NatCov,local_news,Маркетплейсы
local_news,test,12,6,50,1683.1259285481772,-2.1490991583097467,-22.309637489045418,0.3224900182241787,1.0,Chronos2_NatCov,local_news,Маркетплейсы
local_news,test,1,6,50,59.120129419962566,0.973340620313179,-0.005807571217881113,0.09371651990990199,1.0,Chronos2_NatCov,local_news,Общественное питание
local_news,test,3,6,50,119.66739035672894,0.8934371927090679,0.0879193335659858,0.18969531157936867,1.0,Chronos2_NatCov,local_news,Общественное питание
local_news,test,6,6,50,150.24283099845246,0.8168202001596074,-0.6778733344334222,0.23816313328015418,1.0,Chronos2_NatCov,local_news,Общественное питание
local_news,test,12,6,50,157.61228003184002,0.8043051731616823,-2.5334280214045477,0.2498450954787902,1.0,Chronos2_NatCov,local_news,Общественное питание
local_news,test,1,6,50,648.4640494791666,0.7320429982480827,0.4135374786187044,0.05363463808156005,1.0,Chronos2_NatCov,local_news,Продовольствие
local_news,test,3,6,50,944.2505063306296,0.5499214111874302,0.46602448928101325,0.07809921645779719,1.0,Chronos2_NatCov,local_news,Продовольствие
local_news,test,6,6,50,1412.6121419432934,-0.31349826160385197,-0.8170338592295623,0.11683753485424328,1.0,Chronos2_NatCov,local_news,Продовольствие
local_news,test,12,6,50,1451.0465999348958,-0.016092735550760295,-6.152781938359093,0.12001645933879444,1.0,Chronos2_NatCov,local_news,Продовольствие
local_news,test,1,6,50,96.39695983886719,0.9475435070625778,0.01191708937297864,0.06405595981017431,1.0,Chronos2_NatCov,local_news,Транспорт
local_news,test,3,6,50,153.90991289247822,0.8628662094320056,-0.050753640896315844,0.10227342450537463,1.0,Chronos2_NatCov,local_news,Транспорт
local_news,test,6,6,50,239.64747858373806,0.6390968008883959,-1.8986074268676694,0.15924619700070752,1.0,Chronos2_NatCov,local_news,Транспорт
local_news,test,12,6,50,227.5122255452474,0.6992054244207195,-3.1742607709430546,0.15118229869707622,1.0,Chronos2_NatCov,local_news,Транспорт
local_policy,test,1,6,50,1266.1162760416667,0.8745402777802516,0.20284027564812301,0.045461478742666296,1.0,Chronos2_NatCov,local_policy,Все категории
local_policy,test,3,6,50,1793.2664078617383,0.8319076535523627,0.3104872856374602,0.06438945950194946,1.0,Chronos2_NatCov,local_policy,Все категории
local_policy,test,6,6,50,3212.8785801352283,0.5318852521684969,-0.9769030014885753,0.11536239920256644,1.0,Chronos2_NatCov,local_policy,Все категории
local_policy,test,12,6,50,4506.588209635417,0.23399707601716524,-12.950050857798232,0.1618146516012,1.0,Chronos2_NatCov,local_policy,Все категории
local_policy,test,1,6,50,91.16832784016927,0.8961484104187127,-0.2579686203658016,0.06601664591356148,1.0,Chronos2_NatCov,local_policy,Здоровье
local_policy,test,3,6,50,144.12825517583457,0.7293693984721327,-0.14612210970119,0.10436589343574867,1.0,Chronos2_NatCov,local_policy,Здоровье
local_policy,test,6,6,50,137.15037078424814,0.7600324181417996,0.1583890131950927,0.09931308031502627,1.0,Chronos2_NatCov,local_policy,Здоровье
local_policy,test,12,6,50,206.40832946777343,0.498490040843948,-2.6039273428554788,0.1494640290427689,1.0,Chronos2_NatCov,local_policy,Здоровье
local_policy,test,1,6,50,414.00255289713544,0.705196978764111,-0.4180740830877079,0.07932364926718086,1.0,Chronos2_NatCov,local_policy,Маркетплейсы
local_policy,test,3,6,50,596.9137113977971,0.37598242815273253,-0.43335015444994074,0.11436976307113417,1.0,Chronos2_NatCov,local_policy,Маркетплейсы
local_policy,test,6,6,50,934.7364605480652,-0.27576025743972,-1.5225384122353938,0.17909722206998932,1.0,Chronos2_NatCov,local_policy,Маркетплейсы
local_policy,test,12,6,50,1683.1259285481772,-2.1490991583097467,-22.309637489045418,0.3224900182241787,1.0,Chronos2_NatCov,local_policy,Маркетплейсы
local_policy,test,1,6,50,59.120129419962566,0.973340620313179,-0.005807571217881113,0.09371651990990199,1.0,Chronos2_NatCov,local_policy,Общественное питание
local_policy,test,3,6,50,120.33545048351239,0.892002791696,0.07564216608896279,0.190754312477827,1.0,Chronos2_NatCov,local_policy,Общественное питание
local_policy,test,6,6,50,141.27607726987407,0.8445698964161322,-0.42369424138921774,0.22394914284109135,1.0,Chronos2_NatCov,local_policy,Общественное питание
local_policy,test,12,6,50,157.61228003184002,0.8043051731616823,-2.5334280214045477,0.2498450954787902,1.0,Chronos2_NatCov,local_policy,Общественное питание
local_policy,test,1,6,50,648.4640494791666,0.7320429982480827,0.4135374786187044,0.05363463808156005,1.0,Chronos2_NatCov,local_policy,Продовольствие
local_policy,test,3,6,50,968.7043303857876,0.5305694793987356,0.4430652596772907,0.08012179890313394,1.0,Chronos2_NatCov,local_policy,Продовольствие
local_policy,test,6,6,50,1229.8439509217992,-0.08522736043690493,-0.5012542585845459,0.10172072801486241,1.0,Chronos2_NatCov,local_policy,Продовольствие
local_policy,test,12,6,50,1451.0465999348958,-0.016092735550760295,-6.152781938359093,0.12001645933879444,1.0,Chronos2_NatCov,local_policy,Продовольствие
local_policy,test,1,6,50,96.39695983886719,0.9475435070625778,0.01191708937297864,0.06405595981017431,1.0,Chronos2_NatCov,local_policy,Транспорт
local_policy,test,3,6,50,155.3785786447801,0.859329282052783,-0.07785446926189143,0.10324935564014573,1.0,Chronos2_NatCov,local_policy,Транспорт
local_policy,test,6,6,50,212.05564376152887,0.7274374722894892,-1.1890960486144087,0.1409113712404891,1.0,Chronos2_NatCov,local_policy,Транспорт
local_policy,test,12,6,50,227.5122255452474,0.6992054244207195,-3.1742607709430546,0.15118229869707622,1.0,Chronos2_NatCov,local_policy,Транспорт
local_news_coverage,test,1,6,50,1266.1162760416667,0.8745402777802516,0.20284027564812301,0.045461478742666296,1.0,Chronos2_NatCov,local_news_coverage,Все категории
local_news_coverage,test,3,6,50,1746.134152274966,0.8369012989067797,0.3309711567693353,0.06269711727714938,1.0,Chronos2_NatCov,local_news_coverage,Все категории
local_news_coverage,test,6,6,50,2561.8711963981286,0.6908029523182015,-0.30577507853602737,0.09198716985190214,1.0,Chronos2_NatCov,local_news_coverage,Все категории
local_news_coverage,test,12,6,50,4506.588209635417,0.23399707601716524,-12.950050857798232,0.1618146516012,1.0,Chronos2_NatCov,local_news_coverage,Все категории
local_news_coverage,test,1,6,50,91.16832784016927,0.8961484104187127,-0.2579686203658016,0.06601664591356148,1.0,Chronos2_NatCov,local_news_coverage,Здоровье
local_news_coverage,test,3,6,50,147.00495634325745,0.7183100814528895,-0.19295837907497737,0.10644896512158485,1.0,Chronos2_NatCov,local_news_coverage,Здоровье
local_news_coverage,test,6,6,50,133.9996493032032,0.7592844067701929,0.1557655980499122,0.09703158553154129,1.0,Chronos2_NatCov,local_news_coverage,Здоровье
local_news_coverage,test,12,6,50,206.40832946777343,0.498490040843948,-2.6039273428554788,0.1494640290427689,1.0,Chronos2_NatCov,local_news_coverage,Здоровье
local_news_coverage,test,1,6,50,414.00255289713544,0.705196978764111,-0.4180740830877079,0.07932364926718086,1.0,Chronos2_NatCov,local_news_coverage,Маркетплейсы
local_news_coverage,test,3,6,50,593.8862058832354,0.37574712812400846,-0.43389063175014786,0.11378968745587291,1.0,Chronos2_NatCov,local_news_coverage,Маркетплейсы
local_news_coverage,test,6,6,50,851.0561019831495,-0.03684029727694327,-1.050126159662279,0.16306391172708287,1.0,Chronos2_NatCov,local_news_coverage,Маркетплейсы
local_news_coverage,test,12,6,50,1683.1259285481772,-2.1490991583097467,-22.309637489045418,0.3224900182241787,1.0,Chronos2_NatCov,local_news_coverage,Маркетплейсы
local_news_coverage,test,1,6,50,59.120129419962566,0.973340620313179,-0.005807571217881113,0.09371651990990199,1.0,Chronos2_NatCov,local_news_coverage,Общественное питание
local_news_coverage,test,3,6,50,119.83240252993127,0.8931683593050254,0.08561836424514824,0.18995688689672702,1.0,Chronos2_NatCov,local_news_coverage,Общественное питание
local_news_coverage,test,6,6,50,133.37254404702273,0.8615057794923209,-0.2685665109660009,0.2114205567925666,1.0,Chronos2_NatCov,local_news_coverage,Общественное питание
local_news_coverage,test,12,6,50,157.61228003184002,0.8043051731616823,-2.5334280214045477,0.2498450954787902,1.0,Chronos2_NatCov,local_news_coverage,Общественное питание
local_news_coverage,test,1,6,50,648.4640494791666,0.7320429982480827,0.4135374786187044,0.05363463808156005,1.0,Chronos2_NatCov,local_news_coverage,Продовольствие
local_news_coverage,test,3,6,50,953.8033785409651,0.5455643151350178,0.46085520852056494,0.07888933711915422,1.0,Chronos2_NatCov,local_news_coverage,Продовольствие
local_news_coverage,test,6,6,50,1253.311758463273,0.11307597940852387,-0.22693042167479915,0.10366175676590206,1.0,Chronos2_NatCov,local_news_coverage,Продовольствие
local_news_coverage,test,12,6,50,1451.0465999348958,-0.016092735550760295,-6.152781938359093,0.12001645933879444,1.0,Chronos2_NatCov,local_news_coverage,Продовольствие
local_news_coverage,test,1,6,50,96.39695983886719,0.9475435070625778,0.01191708937297864,0.06405595981017431,1.0,Chronos2_NatCov,local_news_coverage,Транспорт
local_news_coverage,test,3,6,50,154.05654228367334,0.8629206719927522,-0.05033633503931312,0.10237086000961755,1.0,Chronos2_NatCov,local_news_coverage,Транспорт
local_news_coverage,test,6,6,50,180.01385549064128,0.8000596703826837,-0.6058281716142564,0.11961954310444725,1.0,Chronos2_NatCov,local_news_coverage,Транспорт
local_news_coverage,test,12,6,50,227.5122255452474,0.6992054244207195,-3.1742607709430546,0.15118229869707622,1.0,Chronos2_NatCov,local_news_coverage,Транспорт
local_policy_coverage,test,1,6,50,1266.1162760416667,0.8745402777802516,0.20284027564812301,0.045461478742666296,1.0,Chronos2_NatCov,local_policy_coverage,Все категории
local_policy_coverage,test,3,6,50,1804.514461513602,0.8333622673722555,0.31645409343388764,0.06479333485026206,1.0,Chronos2_NatCov,local_policy_coverage,Все категории
local_policy_coverage,test,6,6,50,2936.3158140722126,0.5931144504481267,-0.7183249788595836,0.10543206930451449,1.0,Chronos2_NatCov,local_policy_coverage,Все категории
local_policy_coverage,test,12,6,50,4506.588209635417,0.23399707601716524,-12.950050857798232,0.1618146516012,1.0,Chronos2_NatCov,local_policy_coverage,Все категории
local_policy_coverage,test,1,6,50,91.16832784016927,0.8961484104187127,-0.2579686203658016,0.06601664591356148,1.0,Chronos2_NatCov,local_policy_coverage,Здоровье
local_policy_coverage,test,3,6,50,144.52094670899208,0.7274069690753271,-0.15443300916233205,0.1046502485238793,1.0,Chronos2_NatCov,local_policy_coverage,Здоровье
local_policy_coverage,test,6,6,50,143.65528290804957,0.7321639688883099,0.06064917310781215,0.10402340560615903,1.0,Chronos2_NatCov,local_policy_coverage,Здоровье
local_policy_coverage,test,12,6,50,206.40832946777343,0.498490040843948,-2.6039273428554788,0.1494640290427689,1.0,Chronos2_NatCov,local_policy_coverage,Здоровье
local_policy_coverage,test,1,6,50,414.00255289713544,0.705196978764111,-0.4180740830877079,0.07932364926718086,1.0,Chronos2_NatCov,local_policy_coverage,Маркетплейсы
local_policy_coverage,test,3,6,50,592.0498163715789,0.3766417917700525,-0.4318356154603953,0.11343783185372455,1.0,Chronos2_NatCov,local_policy_coverage,Маркетплейсы
local_policy_coverage,test,6,6,50,894.5533433336733,-0.15078148642317757,-1.2754200772937705,0.17139806303323718,1.0,Chronos2_NatCov,local_policy_coverage,Маркетплейсы
local_policy_coverage,test,12,6,50,1683.1259285481772,-2.1490991583097467,-22.309637489045418,0.3224900182241787,1.0,Chronos2_NatCov,local_policy_coverage,Маркетплейсы
local_policy_coverage,test,1,6,50,59.120129419962566,0.973340620313179,-0.005807571217881113,0.09371651990990199,1.0,Chronos2_NatCov,local_policy_coverage,Общественное питание
local_policy_coverage,test,3,6,50,120.67909167792287,0.8914985638403694,0.07132643445341558,0.19129904837664521,1.0,Chronos2_NatCov,local_policy_coverage,Общественное питание
local_policy_coverage,test,6,6,50,139.4171149218674,0.849071671499513,-0.3824592996729217,0.22100233802844998,1.0,Chronos2_NatCov,local_policy_coverage,Общественное питание
local_policy_coverage,test,12,6,50,157.61228003184002,0.8043051731616823,-2.5334280214045477,0.2498450954787902,1.0,Chronos2_NatCov,local_policy_coverage,Общественное питание
local_policy_coverage,test,1,6,50,648.4640494791666,0.7320429982480827,0.4135374786187044,0.05363463808156005,1.0,Chronos2_NatCov,local_policy_coverage,Продовольствие
local_policy_coverage,test,3,6,50,990.8386511577247,0.5169461459986296,0.42690246813191035,0.08195253460041355,1.0,Chronos2_NatCov,local_policy_coverage,Продовольствие
local_policy_coverage,test,6,6,50,1319.336669282931,-0.013106100250753983,-0.4014849817158228,0.10912269511556674,1.0,Chronos2_NatCov,local_policy_coverage,Продовольствие
local_policy_coverage,test,12,6,50,1451.0465999348958,-0.016092735550760295,-6.152781938359093,0.12001645933879444,1.0,Chronos2_NatCov,local_policy_coverage,Продовольствие
local_policy_coverage,test,1,6,50,96.39695983886719,0.9475435070625778,0.01191708937297864,0.06405595981017431,1.0,Chronos2_NatCov,local_policy_coverage,Транспорт
local_policy_coverage,test,3,6,50,155.08079850108177,0.8600355836675818,-0.07244260840508243,0.10305148017862813,1.0,Chronos2_NatCov,local_policy_coverage,Транспорт
local_policy_coverage,test,6,6,50,197.85862642393337,0.76006390398221,-0.9270556526037697,0.13147742671027277,1.0,Chronos2_NatCov,local_policy_coverage,Транспорт
local_policy_coverage,test,12,6,50,227.5122255452474,0.6992054244207195,-3.1742607709430546,0.15118229869707622,1.0,Chronos2_NatCov,local_policy_coverage,Транспорт
transferred_news,test,1,6,50,1266.1162760416667,0.8745402777802516,0.20284027564812301,0.045461478742666296,1.0,Chronos2_NatCov,transferred_news,Все категории
transferred_news,test,3,6,50,1748.3216159052918,0.8356411111836453,0.3258018824035007,0.06277566087793249,1.0,Chronos2_NatCov,transferred_news,Все категории
transferred_news,test,6,6,50,3149.228738430998,0.5996706163756038,-0.6906375279507484,0.11307697251596115,1.0,Chronos2_NatCov,transferred_news,Все категории
transferred_news,test,12,6,50,4506.588209635417,0.23399707601716524,-12.950050857798232,0.1618146516012,1.0,Chronos2_NatCov,transferred_news,Все категории
transferred_news,test,1,6,50,91.16832784016927,0.8961484104187127,-0.2579686203658016,0.06601664591356148,1.0,Chronos2_NatCov,transferred_news,Здоровье
transferred_news,test,3,6,50,144.61495073269785,0.7263690084580846,-0.15882877817627405,0.10471831854879315,1.0,Chronos2_NatCov,transferred_news,Здоровье
transferred_news,test,6,6,50,126.01109376738594,0.787924899219079,0.2562131373626557,0.09124692703595677,1.0,Chronos2_NatCov,transferred_news,Здоровье
transferred_news,test,12,6,50,206.40832946777343,0.498490040843948,-2.6039273428554788,0.1494640290427689,1.0,Chronos2_NatCov,transferred_news,Здоровье
transferred_news,test,1,6,50,414.00255289713544,0.705196978764111,-0.4180740830877079,0.07932364926718086,1.0,Chronos2_NatCov,transferred_news,Маркетплейсы
transferred_news,test,3,6,50,601.5639565571171,0.36523707165780495,-0.45803192478219334,0.11526075858177286,1.0,Chronos2_NatCov,transferred_news,Маркетплейсы
transferred_news,test,6,6,50,902.5045286079496,-0.18021991069386334,-1.3336281579934441,0.17292152473061412,1.0,Chronos2_NatCov,transferred_news,Маркетплейсы
transferred_news,test,12,6,50,1683.1259285481772,-2.1490991583097467,-22.309637489045418,0.3224900182241787,1.0,Chronos2_NatCov,transferred_news,Маркетплейсы
transferred_news,test,1,6,50,59.120129419962566,0.973340620313179,-0.005807571217881113,0.09371651990990199,1.0,Chronos2_NatCov,transferred_news,Общественное питание
transferred_news,test,3,6,50,119.6183084717869,0.8936124754569259,0.08941959439380298,0.18961750756417936,1.0,Chronos2_NatCov,transferred_news,Общественное питание
transferred_news,test,6,6,50,150.24283099845246,0.8168202001596074,-0.6778733344334222,0.23816313328015418,1.0,Chronos2_NatCov,transferred_news,Общественное питание
transferred_news,test,12,6,50,157.61228003184002,0.8043051731616823,-2.5334280214045477,0.2498450954787902,1.0,Chronos2_NatCov,transferred_news,Общественное питание
transferred_news,test,1,6,50,648.4640494791666,0.7320429982480827,0.4135374786187044,0.05363463808156005,1.0,Chronos2_NatCov,transferred_news,Продовольствие
transferred_news,test,3,6,50,941.4583570410776,0.5507824410415463,0.4670460194482423,0.07786827702987503,1.0,Chronos2_NatCov,transferred_news,Продовольствие
transferred_news,test,6,6,50,1412.6121419432934,-0.31349826160385197,-0.8170338592295623,0.11683753485424328,1.0,Chronos2_NatCov,transferred_news,Продовольствие
transferred_news,test,12,6,50,1451.0465999348958,-0.016092735550760295,-6.152781938359093,0.12001645933879444,1.0,Chronos2_NatCov,transferred_news,Продовольствие
transferred_news,test,1,6,50,96.39695983886719,0.9475435070625778,0.01191708937297864,0.06405595981017431,1.0,Chronos2_NatCov,transferred_news,Транспорт
transferred_news,test,3,6,50,154.17045027853825,0.8623145692533707,-0.05498044687728143,0.10244655208490001,1.0,Chronos2_NatCov,transferred_news,Транспорт
transferred_news,test,6,6,50,239.64747858373806,0.6390968008883959,-1.8986074268676694,0.15924619700070752,1.0,Chronos2_NatCov,transferred_news,Транспорт
transferred_news,test,12,6,50,227.5122255452474,0.6992054244207195,-3.1742607709430546,0.15118229869707622,1.0,Chronos2_NatCov,transferred_news,Транспорт
