base_model,variant,alpha,origin,training_pairs,last_training_target,maximum_trained_h,excluded_nonpositive_training_forecasts
Ensemble,all_windows,100,7,2,7,1,0
Ensemble,all_windows,100,8,4,8,3,0
Ensemble,all_windows,100,9,6,9,3,0
Ensemble,all_windows,100,10,8,10,3,0
Ensemble,all_windows,100,11,11,11,6,0
Ensemble,all_windows,100,12,14,12,6,0
Ensemble,all_windows,100,13,17,13,6,0
Ensemble,all_windows,100,14,20,14,6,0
Ensemble,all_windows,100,15,23,15,6,0
Ensemble,all_windows,100,16,26,16,6,0
Ensemble,all_windows,100,17,30,17,12,0
Ensemble,all_windows,100,18,34,18,12,0
Ensemble,all_windows,100,19,38,19,12,0
Ensemble,all_windows,100,20,42,20,12,0
Ensemble,all_windows,100,21,46,21,12,0
Ensemble,all_windows,100,22,50,22,12,0
Ensemble,all_windows,1000,7,2,7,1,0
Ensemble,all_windows,1000,8,4,8,3,0
Ensemble,all_windows,1000,9,6,9,3,0
Ensemble,all_windows,1000,10,8,10,3,0
Ensemble,all_windows,1000,11,11,11,6,0
Ensemble,all_windows,1000,12,14,12,6,0
Ensemble,all_windows,1000,13,17,13,6,0
Ensemble,all_windows,1000,14,20,14,6,0
Ensemble,all_windows,1000,15,23,15,6,0
Ensemble,all_windows,1000,16,26,16,6,0
Ensemble,all_windows,1000,17,30,17,12,0
Ensemble,all_windows,1000,18,34,18,12,0
Ensemble,all_windows,1000,19,38,19,12,0
Ensemble,all_windows,1000,20,42,20,12,0
Ensemble,all_windows,1000,21,46,21,12,0
Ensemble,all_windows,1000,22,50,22,12,0
Ensemble,economic_windows,100,7,2,7,1,0
Ensemble,economic_windows,100,8,4,8,3,0
Ensemble,economic_windows,100,9,6,9,3,0
Ensemble,economic_windows,100,10,8,10,3,0
Ensemble,economic_windows,100,11,11,11,6,0
Ensemble,economic_windows,100,12,14,12,6,0
Ensemble,economic_windows,100,13,17,13,6,0
Ensemble,economic_windows,100,14,20,14,6,0
Ensemble,economic_windows,100,15,23,15,6,0
Ensemble,economic_windows,100,16,26,16,6,0
Ensemble,economic_windows,100,17,30,17,12,0
Ensemble,economic_windows,100,18,34,18,12,0
Ensemble,economic_windows,100,19,38,19,12,0
Ensemble,economic_windows,100,20,42,20,12,0
Ensemble,economic_windows,100,21,46,21,12,0
Ensemble,economic_windows,100,22,50,22,12,0
Ensemble,economic_windows,1000,7,2,7,1,0
Ensemble,economic_windows,1000,8,4,8,3,0
Ensemble,economic_windows,1000,9,6,9,3,0
Ensemble,economic_windows,1000,10,8,10,3,0
Ensemble,economic_windows,1000,11,11,11,6,0
Ensemble,economic_windows,1000,12,14,12,6,0
Ensemble,economic_windows,1000,13,17,13,6,0
Ensemble,economic_windows,1000,14,20,14,6,0
Ensemble,economic_windows,1000,15,23,15,6,0
Ensemble,economic_windows,1000,16,26,16,6,0
Ensemble,economic_windows,1000,17,30,17,12,0
Ensemble,economic_windows,1000,18,34,18,12,0
Ensemble,economic_windows,1000,19,38,19,12,0
Ensemble,economic_windows,1000,20,42,20,12,0
Ensemble,economic_windows,1000,21,46,21,12,0
Ensemble,economic_windows,1000,22,50,22,12,0
Ensemble,economic_shocks_windows,100,7,2,7,1,0
Ensemble,economic_shocks_windows,100,8,4,8,3,0
Ensemble,economic_shocks_windows,100,9,6,9,3,0
Ensemble,economic_shocks_windows,100,10,8,10,3,0
Ensemble,economic_shocks_windows,100,11,11,11,6,0
Ensemble,economic_shocks_windows,100,12,14,12,6,0
Ensemble,economic_shocks_windows,100,13,17,13,6,0
Ensemble,economic_shocks_windows,100,14,20,14,6,0
Ensemble,economic_shocks_windows,100,15,23,15,6,0
Ensemble,economic_shocks_windows,100,16,26,16,6,0
Ensemble,economic_shocks_windows,100,17,30,17,12,0
Ensemble,economic_shocks_windows,100,18,34,18,12,0
Ensemble,economic_shocks_windows,100,19,38,19,12,0
Ensemble,economic_shocks_windows,100,20,42,20,12,0
Ensemble,economic_shocks_windows,100,21,46,21,12,0
Ensemble,economic_shocks_windows,100,22,50,22,12,0
Ensemble,economic_shocks_windows,1000,7,2,7,1,0
Ensemble,economic_shocks_windows,1000,8,4,8,3,0
Ensemble,economic_shocks_windows,1000,9,6,9,3,0
Ensemble,economic_shocks_windows,1000,10,8,10,3,0
Ensemble,economic_shocks_windows,1000,11,11,11,6,0
Ensemble,economic_shocks_windows,1000,12,14,12,6,0
Ensemble,economic_shocks_windows,1000,13,17,13,6,0
Ensemble,economic_shocks_windows,1000,14,20,14,6,0
Ensemble,economic_shocks_windows,1000,15,23,15,6,0
Ensemble,economic_shocks_windows,1000,16,26,16,6,0
Ensemble,economic_shocks_windows,1000,17,30,17,12,0
Ensemble,economic_shocks_windows,1000,18,34,18,12,0
Ensemble,economic_shocks_windows,1000,19,38,19,12,0
Ensemble,economic_shocks_windows,1000,20,42,20,12,0
Ensemble,economic_shocks_windows,1000,21,46,21,12,0
Ensemble,economic_shocks_windows,1000,22,50,22,12,0
Ensemble,economic_decay_14d,100,7,2,7,1,0
Ensemble,economic_decay_14d,100,8,4,8,3,0
Ensemble,economic_decay_14d,100,9,6,9,3,0
Ensemble,economic_decay_14d,100,10,8,10,3,0
Ensemble,economic_decay_14d,100,11,11,11,6,0
Ensemble,economic_decay_14d,100,12,14,12,6,0
Ensemble,economic_decay_14d,100,13,17,13,6,0
Ensemble,economic_decay_14d,100,14,20,14,6,0
Ensemble,economic_decay_14d,100,15,23,15,6,0
Ensemble,economic_decay_14d,100,16,26,16,6,0
Ensemble,economic_decay_14d,100,17,30,17,12,0
Ensemble,economic_decay_14d,100,18,34,18,12,0
Ensemble,economic_decay_14d,100,19,38,19,12,0
Ensemble,economic_decay_14d,100,20,42,20,12,0
Ensemble,economic_decay_14d,100,21,46,21,12,0
Ensemble,economic_decay_14d,100,22,50,22,12,0
Ensemble,economic_decay_14d,1000,7,2,7,1,0
Ensemble,economic_decay_14d,1000,8,4,8,3,0
Ensemble,economic_decay_14d,1000,9,6,9,3,0
Ensemble,economic_decay_14d,1000,10,8,10,3,0
Ensemble,economic_decay_14d,1000,11,11,11,6,0
Ensemble,economic_decay_14d,1000,12,14,12,6,0
Ensemble,economic_decay_14d,1000,13,17,13,6,0
Ensemble,economic_decay_14d,1000,14,20,14,6,0
Ensemble,economic_decay_14d,1000,15,23,15,6,0
Ensemble,economic_decay_14d,1000,16,26,16,6,0
Ensemble,economic_decay_14d,1000,17,30,17,12,0
Ensemble,economic_decay_14d,1000,18,34,18,12,0
Ensemble,economic_decay_14d,1000,19,38,19,12,0
Ensemble,economic_decay_14d,1000,20,42,20,12,0
Ensemble,economic_decay_14d,1000,21,46,21,12,0
Ensemble,economic_decay_14d,1000,22,50,22,12,0
Ensemble,economic_decay_30d,100,7,2,7,1,0
Ensemble,economic_decay_30d,100,8,4,8,3,0
Ensemble,economic_decay_30d,100,9,6,9,3,0
Ensemble,economic_decay_30d,100,10,8,10,3,0
Ensemble,economic_decay_30d,100,11,11,11,6,0
Ensemble,economic_decay_30d,100,12,14,12,6,0
Ensemble,economic_decay_30d,100,13,17,13,6,0
Ensemble,economic_decay_30d,100,14,20,14,6,0
Ensemble,economic_decay_30d,100,15,23,15,6,0
Ensemble,economic_decay_30d,100,16,26,16,6,0
Ensemble,economic_decay_30d,100,17,30,17,12,0
Ensemble,economic_decay_30d,100,18,34,18,12,0
Ensemble,economic_decay_30d,100,19,38,19,12,0
Ensemble,economic_decay_30d,100,20,42,20,12,0
Ensemble,economic_decay_30d,100,21,46,21,12,0
Ensemble,economic_decay_30d,100,22,50,22,12,0
Ensemble,economic_decay_30d,1000,7,2,7,1,0
Ensemble,economic_decay_30d,1000,8,4,8,3,0
Ensemble,economic_decay_30d,1000,9,6,9,3,0
Ensemble,economic_decay_30d,1000,10,8,10,3,0
Ensemble,economic_decay_30d,1000,11,11,11,6,0
Ensemble,economic_decay_30d,1000,12,14,12,6,0
Ensemble,economic_decay_30d,1000,13,17,13,6,0
Ensemble,economic_decay_30d,1000,14,20,14,6,0
Ensemble,economic_decay_30d,1000,15,23,15,6,0
Ensemble,economic_decay_30d,1000,16,26,16,6,0
Ensemble,economic_decay_30d,1000,17,30,17,12,0
Ensemble,economic_decay_30d,1000,18,34,18,12,0
Ensemble,economic_decay_30d,1000,19,38,19,12,0
Ensemble,economic_decay_30d,1000,20,42,20,12,0
Ensemble,economic_decay_30d,1000,21,46,21,12,0
Ensemble,economic_decay_30d,1000,22,50,22,12,0
Ensemble,economic_decay_90d,100,7,2,7,1,0
Ensemble,economic_decay_90d,100,8,4,8,3,0
Ensemble,economic_decay_90d,100,9,6,9,3,0
Ensemble,economic_decay_90d,100,10,8,10,3,0
Ensemble,economic_decay_90d,100,11,11,11,6,0
Ensemble,economic_decay_90d,100,12,14,12,6,0
Ensemble,economic_decay_90d,100,13,17,13,6,0
Ensemble,economic_decay_90d,100,14,20,14,6,0
Ensemble,economic_decay_90d,100,15,23,15,6,0
Ensemble,economic_decay_90d,100,16,26,16,6,0
Ensemble,economic_decay_90d,100,17,30,17,12,0
Ensemble,economic_decay_90d,100,18,34,18,12,0
Ensemble,economic_decay_90d,100,19,38,19,12,0
Ensemble,economic_decay_90d,100,20,42,20,12,0
Ensemble,economic_decay_90d,100,21,46,21,12,0
Ensemble,economic_decay_90d,100,22,50,22,12,0
Ensemble,economic_decay_90d,1000,7,2,7,1,0
Ensemble,economic_decay_90d,1000,8,4,8,3,0
Ensemble,economic_decay_90d,1000,9,6,9,3,0
Ensemble,economic_decay_90d,1000,10,8,10,3,0
Ensemble,economic_decay_90d,1000,11,11,11,6,0
Ensemble,economic_decay_90d,1000,12,14,12,6,0
Ensemble,economic_decay_90d,1000,13,17,13,6,0
Ensemble,economic_decay_90d,1000,14,20,14,6,0
Ensemble,economic_decay_90d,1000,15,23,15,6,0
Ensemble,economic_decay_90d,1000,16,26,16,6,0
Ensemble,economic_decay_90d,1000,17,30,17,12,0
Ensemble,economic_decay_90d,1000,18,34,18,12,0
Ensemble,economic_decay_90d,1000,19,38,19,12,0
Ensemble,economic_decay_90d,1000,20,42,20,12,0
Ensemble,economic_decay_90d,1000,21,46,21,12,0
Ensemble,economic_decay_90d,1000,22,50,22,12,0
Ensemble,financial_only,100,7,2,7,1,0
Ensemble,financial_only,100,8,4,8,3,0
Ensemble,financial_only,100,9,6,9,3,0
Ensemble,financial_only,100,10,8,10,3,0
Ensemble,financial_only,100,11,11,11,6,0
Ensemble,financial_only,100,12,14,12,6,0
Ensemble,financial_only,100,13,17,13,6,0
Ensemble,financial_only,100,14,20,14,6,0
Ensemble,financial_only,100,15,23,15,6,0
Ensemble,financial_only,100,16,26,16,6,0
Ensemble,financial_only,100,17,30,17,12,0
Ensemble,financial_only,100,18,34,18,12,0
Ensemble,financial_only,100,19,38,19,12,0
Ensemble,financial_only,100,20,42,20,12,0
Ensemble,financial_only,100,21,46,21,12,0
Ensemble,financial_only,100,22,50,22,12,0
Ensemble,financial_only,1000,7,2,7,1,0
Ensemble,financial_only,1000,8,4,8,3,0
Ensemble,financial_only,1000,9,6,9,3,0
Ensemble,financial_only,1000,10,8,10,3,0
Ensemble,financial_only,1000,11,11,11,6,0
Ensemble,financial_only,1000,12,14,12,6,0
Ensemble,financial_only,1000,13,17,13,6,0
Ensemble,financial_only,1000,14,20,14,6,0
Ensemble,financial_only,1000,15,23,15,6,0
Ensemble,financial_only,1000,16,26,16,6,0
Ensemble,financial_only,1000,17,30,17,12,0
Ensemble,financial_only,1000,18,34,18,12,0
Ensemble,financial_only,1000,19,38,19,12,0
Ensemble,financial_only,1000,20,42,20,12,0
Ensemble,financial_only,1000,21,46,21,12,0
Ensemble,financial_only,1000,22,50,22,12,0
Ensemble,coverage_all,100,7,2,7,1,0
Ensemble,coverage_all,100,8,4,8,3,0
Ensemble,coverage_all,100,9,6,9,3,0
Ensemble,coverage_all,100,10,8,10,3,0
Ensemble,coverage_all,100,11,11,11,6,0
Ensemble,coverage_all,100,12,14,12,6,0
Ensemble,coverage_all,100,13,17,13,6,0
Ensemble,coverage_all,100,14,20,14,6,0
Ensemble,coverage_all,100,15,23,15,6,0
Ensemble,coverage_all,100,16,26,16,6,0
Ensemble,coverage_all,100,17,30,17,12,0
Ensemble,coverage_all,100,18,34,18,12,0
Ensemble,coverage_all,100,19,38,19,12,0
Ensemble,coverage_all,100,20,42,20,12,0
Ensemble,coverage_all,100,21,46,21,12,0
Ensemble,coverage_all,100,22,50,22,12,0
Ensemble,coverage_all,1000,7,2,7,1,0
Ensemble,coverage_all,1000,8,4,8,3,0
Ensemble,coverage_all,1000,9,6,9,3,0
Ensemble,coverage_all,1000,10,8,10,3,0
Ensemble,coverage_all,1000,11,11,11,6,0
Ensemble,coverage_all,1000,12,14,12,6,0
Ensemble,coverage_all,1000,13,17,13,6,0
Ensemble,coverage_all,1000,14,20,14,6,0
Ensemble,coverage_all,1000,15,23,15,6,0
Ensemble,coverage_all,1000,16,26,16,6,0
Ensemble,coverage_all,1000,17,30,17,12,0
Ensemble,coverage_all,1000,18,34,18,12,0
Ensemble,coverage_all,1000,19,38,19,12,0
Ensemble,coverage_all,1000,20,42,20,12,0
Ensemble,coverage_all,1000,21,46,21,12,0
Ensemble,coverage_all,1000,22,50,22,12,0
Ensemble,economic_coverage_windows,100,7,2,7,1,0
Ensemble,economic_coverage_windows,100,8,4,8,3,0
Ensemble,economic_coverage_windows,100,9,6,9,3,0
Ensemble,economic_coverage_windows,100,10,8,10,3,0
Ensemble,economic_coverage_windows,100,11,11,11,6,0
Ensemble,economic_coverage_windows,100,12,14,12,6,0
Ensemble,economic_coverage_windows,100,13,17,13,6,0
Ensemble,economic_coverage_windows,100,14,20,14,6,0
Ensemble,economic_coverage_windows,100,15,23,15,6,0
Ensemble,economic_coverage_windows,100,16,26,16,6,0
Ensemble,economic_coverage_windows,100,17,30,17,12,0
Ensemble,economic_coverage_windows,100,18,34,18,12,0
Ensemble,economic_coverage_windows,100,19,38,19,12,0
Ensemble,economic_coverage_windows,100,20,42,20,12,0
Ensemble,economic_coverage_windows,100,21,46,21,12,0
Ensemble,economic_coverage_windows,100,22,50,22,12,0
Ensemble,economic_coverage_windows,1000,7,2,7,1,0
Ensemble,economic_coverage_windows,1000,8,4,8,3,0
Ensemble,economic_coverage_windows,1000,9,6,9,3,0
Ensemble,economic_coverage_windows,1000,10,8,10,3,0
Ensemble,economic_coverage_windows,1000,11,11,11,6,0
Ensemble,economic_coverage_windows,1000,12,14,12,6,0
Ensemble,economic_coverage_windows,1000,13,17,13,6,0
Ensemble,economic_coverage_windows,1000,14,20,14,6,0
Ensemble,economic_coverage_windows,1000,15,23,15,6,0
Ensemble,economic_coverage_windows,1000,16,26,16,6,0
Ensemble,economic_coverage_windows,1000,17,30,17,12,0
Ensemble,economic_coverage_windows,1000,18,34,18,12,0
Ensemble,economic_coverage_windows,1000,19,38,19,12,0
Ensemble,economic_coverage_windows,1000,20,42,20,12,0
Ensemble,economic_coverage_windows,1000,21,46,21,12,0
Ensemble,economic_coverage_windows,1000,22,50,22,12,0
Ensemble,economic_coverage_decay_14d,100,7,2,7,1,0
Ensemble,economic_coverage_decay_14d,100,8,4,8,3,0
Ensemble,economic_coverage_decay_14d,100,9,6,9,3,0
Ensemble,economic_coverage_decay_14d,100,10,8,10,3,0
Ensemble,economic_coverage_decay_14d,100,11,11,11,6,0
Ensemble,economic_coverage_decay_14d,100,12,14,12,6,0
Ensemble,economic_coverage_decay_14d,100,13,17,13,6,0
Ensemble,economic_coverage_decay_14d,100,14,20,14,6,0
Ensemble,economic_coverage_decay_14d,100,15,23,15,6,0
Ensemble,economic_coverage_decay_14d,100,16,26,16,6,0
Ensemble,economic_coverage_decay_14d,100,17,30,17,12,0
Ensemble,economic_coverage_decay_14d,100,18,34,18,12,0
Ensemble,economic_coverage_decay_14d,100,19,38,19,12,0
Ensemble,economic_coverage_decay_14d,100,20,42,20,12,0
Ensemble,economic_coverage_decay_14d,100,21,46,21,12,0
Ensemble,economic_coverage_decay_14d,100,22,50,22,12,0
Ensemble,economic_coverage_decay_14d,1000,7,2,7,1,0
Ensemble,economic_coverage_decay_14d,1000,8,4,8,3,0
Ensemble,economic_coverage_decay_14d,1000,9,6,9,3,0
Ensemble,economic_coverage_decay_14d,1000,10,8,10,3,0
Ensemble,economic_coverage_decay_14d,1000,11,11,11,6,0
Ensemble,economic_coverage_decay_14d,1000,12,14,12,6,0
Ensemble,economic_coverage_decay_14d,1000,13,17,13,6,0
Ensemble,economic_coverage_decay_14d,1000,14,20,14,6,0
Ensemble,economic_coverage_decay_14d,1000,15,23,15,6,0
Ensemble,economic_coverage_decay_14d,1000,16,26,16,6,0
Ensemble,economic_coverage_decay_14d,1000,17,30,17,12,0
Ensemble,economic_coverage_decay_14d,1000,18,34,18,12,0
Ensemble,economic_coverage_decay_14d,1000,19,38,19,12,0
Ensemble,economic_coverage_decay_14d,1000,20,42,20,12,0
Ensemble,economic_coverage_decay_14d,1000,21,46,21,12,0
Ensemble,economic_coverage_decay_14d,1000,22,50,22,12,0
Ensemble,economic_coverage_decay_30d,100,7,2,7,1,0
Ensemble,economic_coverage_decay_30d,100,8,4,8,3,0
Ensemble,economic_coverage_decay_30d,100,9,6,9,3,0
Ensemble,economic_coverage_decay_30d,100,10,8,10,3,0
Ensemble,economic_coverage_decay_30d,100,11,11,11,6,0
Ensemble,economic_coverage_decay_30d,100,12,14,12,6,0
Ensemble,economic_coverage_decay_30d,100,13,17,13,6,0
Ensemble,economic_coverage_decay_30d,100,14,20,14,6,0
Ensemble,economic_coverage_decay_30d,100,15,23,15,6,0
Ensemble,economic_coverage_decay_30d,100,16,26,16,6,0
Ensemble,economic_coverage_decay_30d,100,17,30,17,12,0
Ensemble,economic_coverage_decay_30d,100,18,34,18,12,0
Ensemble,economic_coverage_decay_30d,100,19,38,19,12,0
Ensemble,economic_coverage_decay_30d,100,20,42,20,12,0
Ensemble,economic_coverage_decay_30d,100,21,46,21,12,0
Ensemble,economic_coverage_decay_30d,100,22,50,22,12,0
Ensemble,economic_coverage_decay_30d,1000,7,2,7,1,0
Ensemble,economic_coverage_decay_30d,1000,8,4,8,3,0
Ensemble,economic_coverage_decay_30d,1000,9,6,9,3,0
Ensemble,economic_coverage_decay_30d,1000,10,8,10,3,0
Ensemble,economic_coverage_decay_30d,1000,11,11,11,6,0
Ensemble,economic_coverage_decay_30d,1000,12,14,12,6,0
Ensemble,economic_coverage_decay_30d,1000,13,17,13,6,0
Ensemble,economic_coverage_decay_30d,1000,14,20,14,6,0
Ensemble,economic_coverage_decay_30d,1000,15,23,15,6,0
Ensemble,economic_coverage_decay_30d,1000,16,26,16,6,0
Ensemble,economic_coverage_decay_30d,1000,17,30,17,12,0
Ensemble,economic_coverage_decay_30d,1000,18,34,18,12,0
Ensemble,economic_coverage_decay_30d,1000,19,38,19,12,0
Ensemble,economic_coverage_decay_30d,1000,20,42,20,12,0
Ensemble,economic_coverage_decay_30d,1000,21,46,21,12,0
Ensemble,economic_coverage_decay_30d,1000,22,50,22,12,0
Ensemble,economic_coverage_decay_90d,100,7,2,7,1,0
Ensemble,economic_coverage_decay_90d,100,8,4,8,3,0
Ensemble,economic_coverage_decay_90d,100,9,6,9,3,0
Ensemble,economic_coverage_decay_90d,100,10,8,10,3,0
Ensemble,economic_coverage_decay_90d,100,11,11,11,6,0
Ensemble,economic_coverage_decay_90d,100,12,14,12,6,0
Ensemble,economic_coverage_decay_90d,100,13,17,13,6,0
Ensemble,economic_coverage_decay_90d,100,14,20,14,6,0
Ensemble,economic_coverage_decay_90d,100,15,23,15,6,0
Ensemble,economic_coverage_decay_90d,100,16,26,16,6,0
Ensemble,economic_coverage_decay_90d,100,17,30,17,12,0
Ensemble,economic_coverage_decay_90d,100,18,34,18,12,0
Ensemble,economic_coverage_decay_90d,100,19,38,19,12,0
Ensemble,economic_coverage_decay_90d,100,20,42,20,12,0
Ensemble,economic_coverage_decay_90d,100,21,46,21,12,0
Ensemble,economic_coverage_decay_90d,100,22,50,22,12,0
Ensemble,economic_coverage_decay_90d,1000,7,2,7,1,0
Ensemble,economic_coverage_decay_90d,1000,8,4,8,3,0
Ensemble,economic_coverage_decay_90d,1000,9,6,9,3,0
Ensemble,economic_coverage_decay_90d,1000,10,8,10,3,0
Ensemble,economic_coverage_decay_90d,1000,11,11,11,6,0
Ensemble,economic_coverage_decay_90d,1000,12,14,12,6,0
Ensemble,economic_coverage_decay_90d,1000,13,17,13,6,0
Ensemble,economic_coverage_decay_90d,1000,14,20,14,6,0
Ensemble,economic_coverage_decay_90d,1000,15,23,15,6,0
Ensemble,economic_coverage_decay_90d,1000,16,26,16,6,0
Ensemble,economic_coverage_decay_90d,1000,17,30,17,12,0
Ensemble,economic_coverage_decay_90d,1000,18,34,18,12,0
Ensemble,economic_coverage_decay_90d,1000,19,38,19,12,0
Ensemble,economic_coverage_decay_90d,1000,20,42,20,12,0
Ensemble,economic_coverage_decay_90d,1000,21,46,21,12,0
Ensemble,economic_coverage_decay_90d,1000,22,50,22,12,0
Ensemble,all_coverage,100,7,2,7,1,0
Ensemble,all_coverage,100,8,4,8,3,0
Ensemble,all_coverage,100,9,6,9,3,0
Ensemble,all_coverage,100,10,8,10,3,0
Ensemble,all_coverage,100,11,11,11,6,0
Ensemble,all_coverage,100,12,14,12,6,0
Ensemble,all_coverage,100,13,17,13,6,0
Ensemble,all_coverage,100,14,20,14,6,0
Ensemble,all_coverage,100,15,23,15,6,0
Ensemble,all_coverage,100,16,26,16,6,0
Ensemble,all_coverage,100,17,30,17,12,0
Ensemble,all_coverage,100,18,34,18,12,0
Ensemble,all_coverage,100,19,38,19,12,0
Ensemble,all_coverage,100,20,42,20,12,0
Ensemble,all_coverage,100,21,46,21,12,0
Ensemble,all_coverage,100,22,50,22,12,0
Ensemble,all_coverage,1000,7,2,7,1,0
Ensemble,all_coverage,1000,8,4,8,3,0
Ensemble,all_coverage,1000,9,6,9,3,0
Ensemble,all_coverage,1000,10,8,10,3,0
Ensemble,all_coverage,1000,11,11,11,6,0
Ensemble,all_coverage,1000,12,14,12,6,0
Ensemble,all_coverage,1000,13,17,13,6,0
Ensemble,all_coverage,1000,14,20,14,6,0
Ensemble,all_coverage,1000,15,23,15,6,0
Ensemble,all_coverage,1000,16,26,16,6,0
Ensemble,all_coverage,1000,17,30,17,12,0
Ensemble,all_coverage,1000,18,34,18,12,0
Ensemble,all_coverage,1000,19,38,19,12,0
Ensemble,all_coverage,1000,20,42,20,12,0
Ensemble,all_coverage,1000,21,46,21,12,0
Ensemble,all_coverage,1000,22,50,22,12,0
Ensemble,economic_shocks_coverage,100,7,2,7,1,0
Ensemble,economic_shocks_coverage,100,8,4,8,3,0
Ensemble,economic_shocks_coverage,100,9,6,9,3,0
Ensemble,economic_shocks_coverage,100,10,8,10,3,0
Ensemble,economic_shocks_coverage,100,11,11,11,6,0
Ensemble,economic_shocks_coverage,100,12,14,12,6,0
Ensemble,economic_shocks_coverage,100,13,17,13,6,0
Ensemble,economic_shocks_coverage,100,14,20,14,6,0
Ensemble,economic_shocks_coverage,100,15,23,15,6,0
Ensemble,economic_shocks_coverage,100,16,26,16,6,0
Ensemble,economic_shocks_coverage,100,17,30,17,12,0
Ensemble,economic_shocks_coverage,100,18,34,18,12,0
Ensemble,economic_shocks_coverage,100,19,38,19,12,0
Ensemble,economic_shocks_coverage,100,20,42,20,12,0
Ensemble,economic_shocks_coverage,100,21,46,21,12,0
Ensemble,economic_shocks_coverage,100,22,50,22,12,0
Ensemble,economic_shocks_coverage,1000,7,2,7,1,0
Ensemble,economic_shocks_coverage,1000,8,4,8,3,0
Ensemble,economic_shocks_coverage,1000,9,6,9,3,0
Ensemble,economic_shocks_coverage,1000,10,8,10,3,0
Ensemble,economic_shocks_coverage,1000,11,11,11,6,0
Ensemble,economic_shocks_coverage,1000,12,14,12,6,0
Ensemble,economic_shocks_coverage,1000,13,17,13,6,0
Ensemble,economic_shocks_coverage,1000,14,20,14,6,0
Ensemble,economic_shocks_coverage,1000,15,23,15,6,0
Ensemble,economic_shocks_coverage,1000,16,26,16,6,0
Ensemble,economic_shocks_coverage,1000,17,30,17,12,0
Ensemble,economic_shocks_coverage,1000,18,34,18,12,0
Ensemble,economic_shocks_coverage,1000,19,38,19,12,0
Ensemble,economic_shocks_coverage,1000,20,42,20,12,0
Ensemble,economic_shocks_coverage,1000,21,46,21,12,0
Ensemble,economic_shocks_coverage,1000,22,50,22,12,0
PastOnlyBlend,all_windows,100,7,2,7,1,0
PastOnlyBlend,all_windows,100,8,4,8,3,0
PastOnlyBlend,all_windows,100,9,6,9,3,0
PastOnlyBlend,all_windows,100,10,8,10,3,0
PastOnlyBlend,all_windows,100,11,11,11,6,0
PastOnlyBlend,all_windows,100,12,14,12,6,0
PastOnlyBlend,all_windows,100,13,17,13,6,0
PastOnlyBlend,all_windows,100,14,20,14,6,0
PastOnlyBlend,all_windows,100,15,23,15,6,0
PastOnlyBlend,all_windows,100,16,26,16,6,0
PastOnlyBlend,all_windows,100,17,30,17,12,0
PastOnlyBlend,all_windows,100,18,34,18,12,0
PastOnlyBlend,all_windows,100,19,38,19,12,0
PastOnlyBlend,all_windows,100,20,42,20,12,0
PastOnlyBlend,all_windows,100,21,46,21,12,0
PastOnlyBlend,all_windows,100,22,50,22,12,0
PastOnlyBlend,all_windows,1000,7,2,7,1,0
PastOnlyBlend,all_windows,1000,8,4,8,3,0
PastOnlyBlend,all_windows,1000,9,6,9,3,0
PastOnlyBlend,all_windows,1000,10,8,10,3,0
PastOnlyBlend,all_windows,1000,11,11,11,6,0
PastOnlyBlend,all_windows,1000,12,14,12,6,0
PastOnlyBlend,all_windows,1000,13,17,13,6,0
PastOnlyBlend,all_windows,1000,14,20,14,6,0
PastOnlyBlend,all_windows,1000,15,23,15,6,0
PastOnlyBlend,all_windows,1000,16,26,16,6,0
PastOnlyBlend,all_windows,1000,17,30,17,12,0
PastOnlyBlend,all_windows,1000,18,34,18,12,0
PastOnlyBlend,all_windows,1000,19,38,19,12,0
PastOnlyBlend,all_windows,1000,20,42,20,12,0
PastOnlyBlend,all_windows,1000,21,46,21,12,0
PastOnlyBlend,all_windows,1000,22,50,22,12,0
PastOnlyBlend,economic_windows,100,7,2,7,1,0
PastOnlyBlend,economic_windows,100,8,4,8,3,0
PastOnlyBlend,economic_windows,100,9,6,9,3,0
PastOnlyBlend,economic_windows,100,10,8,10,3,0
PastOnlyBlend,economic_windows,100,11,11,11,6,0
PastOnlyBlend,economic_windows,100,12,14,12,6,0
PastOnlyBlend,economic_windows,100,13,17,13,6,0
PastOnlyBlend,economic_windows,100,14,20,14,6,0
PastOnlyBlend,economic_windows,100,15,23,15,6,0
PastOnlyBlend,economic_windows,100,16,26,16,6,0
PastOnlyBlend,economic_windows,100,17,30,17,12,0
PastOnlyBlend,economic_windows,100,18,34,18,12,0
PastOnlyBlend,economic_windows,100,19,38,19,12,0
PastOnlyBlend,economic_windows,100,20,42,20,12,0
PastOnlyBlend,economic_windows,100,21,46,21,12,0
PastOnlyBlend,economic_windows,100,22,50,22,12,0
PastOnlyBlend,economic_windows,1000,7,2,7,1,0
PastOnlyBlend,economic_windows,1000,8,4,8,3,0
PastOnlyBlend,economic_windows,1000,9,6,9,3,0
PastOnlyBlend,economic_windows,1000,10,8,10,3,0
PastOnlyBlend,economic_windows,1000,11,11,11,6,0
PastOnlyBlend,economic_windows,1000,12,14,12,6,0
PastOnlyBlend,economic_windows,1000,13,17,13,6,0
PastOnlyBlend,economic_windows,1000,14,20,14,6,0
PastOnlyBlend,economic_windows,1000,15,23,15,6,0
PastOnlyBlend,economic_windows,1000,16,26,16,6,0
PastOnlyBlend,economic_windows,1000,17,30,17,12,0
PastOnlyBlend,economic_windows,1000,18,34,18,12,0
PastOnlyBlend,economic_windows,1000,19,38,19,12,0
PastOnlyBlend,economic_windows,1000,20,42,20,12,0
PastOnlyBlend,economic_windows,1000,21,46,21,12,0
PastOnlyBlend,economic_windows,1000,22,50,22,12,0
PastOnlyBlend,economic_shocks_windows,100,7,2,7,1,0
PastOnlyBlend,economic_shocks_windows,100,8,4,8,3,0
PastOnlyBlend,economic_shocks_windows,100,9,6,9,3,0
PastOnlyBlend,economic_shocks_windows,100,10,8,10,3,0
PastOnlyBlend,economic_shocks_windows,100,11,11,11,6,0
PastOnlyBlend,economic_shocks_windows,100,12,14,12,6,0
PastOnlyBlend,economic_shocks_windows,100,13,17,13,6,0
PastOnlyBlend,economic_shocks_windows,100,14,20,14,6,0
PastOnlyBlend,economic_shocks_windows,100,15,23,15,6,0
PastOnlyBlend,economic_shocks_windows,100,16,26,16,6,0
PastOnlyBlend,economic_shocks_windows,100,17,30,17,12,0
PastOnlyBlend,economic_shocks_windows,100,18,34,18,12,0
PastOnlyBlend,economic_shocks_windows,100,19,38,19,12,0
PastOnlyBlend,economic_shocks_windows,100,20,42,20,12,0
PastOnlyBlend,economic_shocks_windows,100,21,46,21,12,0
PastOnlyBlend,economic_shocks_windows,100,22,50,22,12,0
PastOnlyBlend,economic_shocks_windows,1000,7,2,7,1,0
PastOnlyBlend,economic_shocks_windows,1000,8,4,8,3,0
PastOnlyBlend,economic_shocks_windows,1000,9,6,9,3,0
PastOnlyBlend,economic_shocks_windows,1000,10,8,10,3,0
PastOnlyBlend,economic_shocks_windows,1000,11,11,11,6,0
PastOnlyBlend,economic_shocks_windows,1000,12,14,12,6,0
PastOnlyBlend,economic_shocks_windows,1000,13,17,13,6,0
PastOnlyBlend,economic_shocks_windows,1000,14,20,14,6,0
PastOnlyBlend,economic_shocks_windows,1000,15,23,15,6,0
PastOnlyBlend,economic_shocks_windows,1000,16,26,16,6,0
PastOnlyBlend,economic_shocks_windows,1000,17,30,17,12,0
PastOnlyBlend,economic_shocks_windows,1000,18,34,18,12,0
PastOnlyBlend,economic_shocks_windows,1000,19,38,19,12,0
PastOnlyBlend,economic_shocks_windows,1000,20,42,20,12,0
PastOnlyBlend,economic_shocks_windows,1000,21,46,21,12,0
PastOnlyBlend,economic_shocks_windows,1000,22,50,22,12,0
PastOnlyBlend,economic_decay_14d,100,7,2,7,1,0
PastOnlyBlend,economic_decay_14d,100,8,4,8,3,0
PastOnlyBlend,economic_decay_14d,100,9,6,9,3,0
PastOnlyBlend,economic_decay_14d,100,10,8,10,3,0
PastOnlyBlend,economic_decay_14d,100,11,11,11,6,0
PastOnlyBlend,economic_decay_14d,100,12,14,12,6,0
PastOnlyBlend,economic_decay_14d,100,13,17,13,6,0
PastOnlyBlend,economic_decay_14d,100,14,20,14,6,0
PastOnlyBlend,economic_decay_14d,100,15,23,15,6,0
PastOnlyBlend,economic_decay_14d,100,16,26,16,6,0
PastOnlyBlend,economic_decay_14d,100,17,30,17,12,0
PastOnlyBlend,economic_decay_14d,100,18,34,18,12,0
PastOnlyBlend,economic_decay_14d,100,19,38,19,12,0
PastOnlyBlend,economic_decay_14d,100,20,42,20,12,0
PastOnlyBlend,economic_decay_14d,100,21,46,21,12,0
PastOnlyBlend,economic_decay_14d,100,22,50,22,12,0
PastOnlyBlend,economic_decay_14d,1000,7,2,7,1,0
PastOnlyBlend,economic_decay_14d,1000,8,4,8,3,0
PastOnlyBlend,economic_decay_14d,1000,9,6,9,3,0
PastOnlyBlend,economic_decay_14d,1000,10,8,10,3,0
PastOnlyBlend,economic_decay_14d,1000,11,11,11,6,0
PastOnlyBlend,economic_decay_14d,1000,12,14,12,6,0
PastOnlyBlend,economic_decay_14d,1000,13,17,13,6,0
PastOnlyBlend,economic_decay_14d,1000,14,20,14,6,0
PastOnlyBlend,economic_decay_14d,1000,15,23,15,6,0
PastOnlyBlend,economic_decay_14d,1000,16,26,16,6,0
PastOnlyBlend,economic_decay_14d,1000,17,30,17,12,0
PastOnlyBlend,economic_decay_14d,1000,18,34,18,12,0
PastOnlyBlend,economic_decay_14d,1000,19,38,19,12,0
PastOnlyBlend,economic_decay_14d,1000,20,42,20,12,0
PastOnlyBlend,economic_decay_14d,1000,21,46,21,12,0
PastOnlyBlend,economic_decay_14d,1000,22,50,22,12,0
PastOnlyBlend,economic_decay_30d,100,7,2,7,1,0
PastOnlyBlend,economic_decay_30d,100,8,4,8,3,0
PastOnlyBlend,economic_decay_30d,100,9,6,9,3,0
PastOnlyBlend,economic_decay_30d,100,10,8,10,3,0
PastOnlyBlend,economic_decay_30d,100,11,11,11,6,0
PastOnlyBlend,economic_decay_30d,100,12,14,12,6,0
PastOnlyBlend,economic_decay_30d,100,13,17,13,6,0
PastOnlyBlend,economic_decay_30d,100,14,20,14,6,0
PastOnlyBlend,economic_decay_30d,100,15,23,15,6,0
PastOnlyBlend,economic_decay_30d,100,16,26,16,6,0
PastOnlyBlend,economic_decay_30d,100,17,30,17,12,0
PastOnlyBlend,economic_decay_30d,100,18,34,18,12,0
PastOnlyBlend,economic_decay_30d,100,19,38,19,12,0
PastOnlyBlend,economic_decay_30d,100,20,42,20,12,0
PastOnlyBlend,economic_decay_30d,100,21,46,21,12,0
PastOnlyBlend,economic_decay_30d,100,22,50,22,12,0
PastOnlyBlend,economic_decay_30d,1000,7,2,7,1,0
PastOnlyBlend,economic_decay_30d,1000,8,4,8,3,0
PastOnlyBlend,economic_decay_30d,1000,9,6,9,3,0
PastOnlyBlend,economic_decay_30d,1000,10,8,10,3,0
PastOnlyBlend,economic_decay_30d,1000,11,11,11,6,0
PastOnlyBlend,economic_decay_30d,1000,12,14,12,6,0
PastOnlyBlend,economic_decay_30d,1000,13,17,13,6,0
PastOnlyBlend,economic_decay_30d,1000,14,20,14,6,0
PastOnlyBlend,economic_decay_30d,1000,15,23,15,6,0
PastOnlyBlend,economic_decay_30d,1000,16,26,16,6,0
PastOnlyBlend,economic_decay_30d,1000,17,30,17,12,0
PastOnlyBlend,economic_decay_30d,1000,18,34,18,12,0
PastOnlyBlend,economic_decay_30d,1000,19,38,19,12,0
PastOnlyBlend,economic_decay_30d,1000,20,42,20,12,0
PastOnlyBlend,economic_decay_30d,1000,21,46,21,12,0
PastOnlyBlend,economic_decay_30d,1000,22,50,22,12,0
PastOnlyBlend,economic_decay_90d,100,7,2,7,1,0
PastOnlyBlend,economic_decay_90d,100,8,4,8,3,0
PastOnlyBlend,economic_decay_90d,100,9,6,9,3,0
PastOnlyBlend,economic_decay_90d,100,10,8,10,3,0
PastOnlyBlend,economic_decay_90d,100,11,11,11,6,0
PastOnlyBlend,economic_decay_90d,100,12,14,12,6,0
PastOnlyBlend,economic_decay_90d,100,13,17,13,6,0
PastOnlyBlend,economic_decay_90d,100,14,20,14,6,0
PastOnlyBlend,economic_decay_90d,100,15,23,15,6,0
PastOnlyBlend,economic_decay_90d,100,16,26,16,6,0
PastOnlyBlend,economic_decay_90d,100,17,30,17,12,0
PastOnlyBlend,economic_decay_90d,100,18,34,18,12,0
PastOnlyBlend,economic_decay_90d,100,19,38,19,12,0
PastOnlyBlend,economic_decay_90d,100,20,42,20,12,0
PastOnlyBlend,economic_decay_90d,100,21,46,21,12,0
PastOnlyBlend,economic_decay_90d,100,22,50,22,12,0
PastOnlyBlend,economic_decay_90d,1000,7,2,7,1,0
PastOnlyBlend,economic_decay_90d,1000,8,4,8,3,0
PastOnlyBlend,economic_decay_90d,1000,9,6,9,3,0
PastOnlyBlend,economic_decay_90d,1000,10,8,10,3,0
PastOnlyBlend,economic_decay_90d,1000,11,11,11,6,0
PastOnlyBlend,economic_decay_90d,1000,12,14,12,6,0
PastOnlyBlend,economic_decay_90d,1000,13,17,13,6,0
PastOnlyBlend,economic_decay_90d,1000,14,20,14,6,0
PastOnlyBlend,economic_decay_90d,1000,15,23,15,6,0
PastOnlyBlend,economic_decay_90d,1000,16,26,16,6,0
PastOnlyBlend,economic_decay_90d,1000,17,30,17,12,0
PastOnlyBlend,economic_decay_90d,1000,18,34,18,12,0
PastOnlyBlend,economic_decay_90d,1000,19,38,19,12,0
PastOnlyBlend,economic_decay_90d,1000,20,42,20,12,0
PastOnlyBlend,economic_decay_90d,1000,21,46,21,12,0
PastOnlyBlend,economic_decay_90d,1000,22,50,22,12,0
PastOnlyBlend,financial_only,100,7,2,7,1,0
PastOnlyBlend,financial_only,100,8,4,8,3,0
PastOnlyBlend,financial_only,100,9,6,9,3,0
PastOnlyBlend,financial_only,100,10,8,10,3,0
PastOnlyBlend,financial_only,100,11,11,11,6,0
PastOnlyBlend,financial_only,100,12,14,12,6,0
PastOnlyBlend,financial_only,100,13,17,13,6,0
PastOnlyBlend,financial_only,100,14,20,14,6,0
PastOnlyBlend,financial_only,100,15,23,15,6,0
PastOnlyBlend,financial_only,100,16,26,16,6,0
PastOnlyBlend,financial_only,100,17,30,17,12,0
PastOnlyBlend,financial_only,100,18,34,18,12,0
PastOnlyBlend,financial_only,100,19,38,19,12,0
PastOnlyBlend,financial_only,100,20,42,20,12,0
PastOnlyBlend,financial_only,100,21,46,21,12,0
PastOnlyBlend,financial_only,100,22,50,22,12,0
PastOnlyBlend,financial_only,1000,7,2,7,1,0
PastOnlyBlend,financial_only,1000,8,4,8,3,0
PastOnlyBlend,financial_only,1000,9,6,9,3,0
PastOnlyBlend,financial_only,1000,10,8,10,3,0
PastOnlyBlend,financial_only,1000,11,11,11,6,0
PastOnlyBlend,financial_only,1000,12,14,12,6,0
PastOnlyBlend,financial_only,1000,13,17,13,6,0
PastOnlyBlend,financial_only,1000,14,20,14,6,0
PastOnlyBlend,financial_only,1000,15,23,15,6,0
PastOnlyBlend,financial_only,1000,16,26,16,6,0
PastOnlyBlend,financial_only,1000,17,30,17,12,0
PastOnlyBlend,financial_only,1000,18,34,18,12,0
PastOnlyBlend,financial_only,1000,19,38,19,12,0
PastOnlyBlend,financial_only,1000,20,42,20,12,0
PastOnlyBlend,financial_only,1000,21,46,21,12,0
PastOnlyBlend,financial_only,1000,22,50,22,12,0
PastOnlyBlend,coverage_all,100,7,2,7,1,0
PastOnlyBlend,coverage_all,100,8,4,8,3,0
PastOnlyBlend,coverage_all,100,9,6,9,3,0
PastOnlyBlend,coverage_all,100,10,8,10,3,0
PastOnlyBlend,coverage_all,100,11,11,11,6,0
PastOnlyBlend,coverage_all,100,12,14,12,6,0
PastOnlyBlend,coverage_all,100,13,17,13,6,0
PastOnlyBlend,coverage_all,100,14,20,14,6,0
PastOnlyBlend,coverage_all,100,15,23,15,6,0
PastOnlyBlend,coverage_all,100,16,26,16,6,0
PastOnlyBlend,coverage_all,100,17,30,17,12,0
PastOnlyBlend,coverage_all,100,18,34,18,12,0
PastOnlyBlend,coverage_all,100,19,38,19,12,0
PastOnlyBlend,coverage_all,100,20,42,20,12,0
PastOnlyBlend,coverage_all,100,21,46,21,12,0
PastOnlyBlend,coverage_all,100,22,50,22,12,0
PastOnlyBlend,coverage_all,1000,7,2,7,1,0
PastOnlyBlend,coverage_all,1000,8,4,8,3,0
PastOnlyBlend,coverage_all,1000,9,6,9,3,0
PastOnlyBlend,coverage_all,1000,10,8,10,3,0
PastOnlyBlend,coverage_all,1000,11,11,11,6,0
PastOnlyBlend,coverage_all,1000,12,14,12,6,0
PastOnlyBlend,coverage_all,1000,13,17,13,6,0
PastOnlyBlend,coverage_all,1000,14,20,14,6,0
PastOnlyBlend,coverage_all,1000,15,23,15,6,0
PastOnlyBlend,coverage_all,1000,16,26,16,6,0
PastOnlyBlend,coverage_all,1000,17,30,17,12,0
PastOnlyBlend,coverage_all,1000,18,34,18,12,0
PastOnlyBlend,coverage_all,1000,19,38,19,12,0
PastOnlyBlend,coverage_all,1000,20,42,20,12,0
PastOnlyBlend,coverage_all,1000,21,46,21,12,0
PastOnlyBlend,coverage_all,1000,22,50,22,12,0
PastOnlyBlend,economic_coverage_windows,100,7,2,7,1,0
PastOnlyBlend,economic_coverage_windows,100,8,4,8,3,0
PastOnlyBlend,economic_coverage_windows,100,9,6,9,3,0
PastOnlyBlend,economic_coverage_windows,100,10,8,10,3,0
PastOnlyBlend,economic_coverage_windows,100,11,11,11,6,0
PastOnlyBlend,economic_coverage_windows,100,12,14,12,6,0
PastOnlyBlend,economic_coverage_windows,100,13,17,13,6,0
PastOnlyBlend,economic_coverage_windows,100,14,20,14,6,0
PastOnlyBlend,economic_coverage_windows,100,15,23,15,6,0
PastOnlyBlend,economic_coverage_windows,100,16,26,16,6,0
PastOnlyBlend,economic_coverage_windows,100,17,30,17,12,0
PastOnlyBlend,economic_coverage_windows,100,18,34,18,12,0
PastOnlyBlend,economic_coverage_windows,100,19,38,19,12,0
PastOnlyBlend,economic_coverage_windows,100,20,42,20,12,0
PastOnlyBlend,economic_coverage_windows,100,21,46,21,12,0
PastOnlyBlend,economic_coverage_windows,100,22,50,22,12,0
PastOnlyBlend,economic_coverage_windows,1000,7,2,7,1,0
PastOnlyBlend,economic_coverage_windows,1000,8,4,8,3,0
PastOnlyBlend,economic_coverage_windows,1000,9,6,9,3,0
PastOnlyBlend,economic_coverage_windows,1000,10,8,10,3,0
PastOnlyBlend,economic_coverage_windows,1000,11,11,11,6,0
PastOnlyBlend,economic_coverage_windows,1000,12,14,12,6,0
PastOnlyBlend,economic_coverage_windows,1000,13,17,13,6,0
PastOnlyBlend,economic_coverage_windows,1000,14,20,14,6,0
PastOnlyBlend,economic_coverage_windows,1000,15,23,15,6,0
PastOnlyBlend,economic_coverage_windows,1000,16,26,16,6,0
PastOnlyBlend,economic_coverage_windows,1000,17,30,17,12,0
PastOnlyBlend,economic_coverage_windows,1000,18,34,18,12,0
PastOnlyBlend,economic_coverage_windows,1000,19,38,19,12,0
PastOnlyBlend,economic_coverage_windows,1000,20,42,20,12,0
PastOnlyBlend,economic_coverage_windows,1000,21,46,21,12,0
PastOnlyBlend,economic_coverage_windows,1000,22,50,22,12,0
PastOnlyBlend,economic_coverage_decay_14d,100,7,2,7,1,0
PastOnlyBlend,economic_coverage_decay_14d,100,8,4,8,3,0
PastOnlyBlend,economic_coverage_decay_14d,100,9,6,9,3,0
PastOnlyBlend,economic_coverage_decay_14d,100,10,8,10,3,0
PastOnlyBlend,economic_coverage_decay_14d,100,11,11,11,6,0
PastOnlyBlend,economic_coverage_decay_14d,100,12,14,12,6,0
PastOnlyBlend,economic_coverage_decay_14d,100,13,17,13,6,0
PastOnlyBlend,economic_coverage_decay_14d,100,14,20,14,6,0
PastOnlyBlend,economic_coverage_decay_14d,100,15,23,15,6,0
PastOnlyBlend,economic_coverage_decay_14d,100,16,26,16,6,0
PastOnlyBlend,economic_coverage_decay_14d,100,17,30,17,12,0
PastOnlyBlend,economic_coverage_decay_14d,100,18,34,18,12,0
PastOnlyBlend,economic_coverage_decay_14d,100,19,38,19,12,0
PastOnlyBlend,economic_coverage_decay_14d,100,20,42,20,12,0
PastOnlyBlend,economic_coverage_decay_14d,100,21,46,21,12,0
PastOnlyBlend,economic_coverage_decay_14d,100,22,50,22,12,0
PastOnlyBlend,economic_coverage_decay_14d,1000,7,2,7,1,0
PastOnlyBlend,economic_coverage_decay_14d,1000,8,4,8,3,0
PastOnlyBlend,economic_coverage_decay_14d,1000,9,6,9,3,0
PastOnlyBlend,economic_coverage_decay_14d,1000,10,8,10,3,0
PastOnlyBlend,economic_coverage_decay_14d,1000,11,11,11,6,0
PastOnlyBlend,economic_coverage_decay_14d,1000,12,14,12,6,0
PastOnlyBlend,economic_coverage_decay_14d,1000,13,17,13,6,0
PastOnlyBlend,economic_coverage_decay_14d,1000,14,20,14,6,0
PastOnlyBlend,economic_coverage_decay_14d,1000,15,23,15,6,0
PastOnlyBlend,economic_coverage_decay_14d,1000,16,26,16,6,0
PastOnlyBlend,economic_coverage_decay_14d,1000,17,30,17,12,0
PastOnlyBlend,economic_coverage_decay_14d,1000,18,34,18,12,0
PastOnlyBlend,economic_coverage_decay_14d,1000,19,38,19,12,0
PastOnlyBlend,economic_coverage_decay_14d,1000,20,42,20,12,0
PastOnlyBlend,economic_coverage_decay_14d,1000,21,46,21,12,0
PastOnlyBlend,economic_coverage_decay_14d,1000,22,50,22,12,0
PastOnlyBlend,economic_coverage_decay_30d,100,7,2,7,1,0
PastOnlyBlend,economic_coverage_decay_30d,100,8,4,8,3,0
PastOnlyBlend,economic_coverage_decay_30d,100,9,6,9,3,0
PastOnlyBlend,economic_coverage_decay_30d,100,10,8,10,3,0
PastOnlyBlend,economic_coverage_decay_30d,100,11,11,11,6,0
PastOnlyBlend,economic_coverage_decay_30d,100,12,14,12,6,0
PastOnlyBlend,economic_coverage_decay_30d,100,13,17,13,6,0
PastOnlyBlend,economic_coverage_decay_30d,100,14,20,14,6,0
PastOnlyBlend,economic_coverage_decay_30d,100,15,23,15,6,0
PastOnlyBlend,economic_coverage_decay_30d,100,16,26,16,6,0
PastOnlyBlend,economic_coverage_decay_30d,100,17,30,17,12,0
PastOnlyBlend,economic_coverage_decay_30d,100,18,34,18,12,0
PastOnlyBlend,economic_coverage_decay_30d,100,19,38,19,12,0
PastOnlyBlend,economic_coverage_decay_30d,100,20,42,20,12,0
PastOnlyBlend,economic_coverage_decay_30d,100,21,46,21,12,0
PastOnlyBlend,economic_coverage_decay_30d,100,22,50,22,12,0
PastOnlyBlend,economic_coverage_decay_30d,1000,7,2,7,1,0
PastOnlyBlend,economic_coverage_decay_30d,1000,8,4,8,3,0
PastOnlyBlend,economic_coverage_decay_30d,1000,9,6,9,3,0
PastOnlyBlend,economic_coverage_decay_30d,1000,10,8,10,3,0
PastOnlyBlend,economic_coverage_decay_30d,1000,11,11,11,6,0
PastOnlyBlend,economic_coverage_decay_30d,1000,12,14,12,6,0
PastOnlyBlend,economic_coverage_decay_30d,1000,13,17,13,6,0
PastOnlyBlend,economic_coverage_decay_30d,1000,14,20,14,6,0
PastOnlyBlend,economic_coverage_decay_30d,1000,15,23,15,6,0
PastOnlyBlend,economic_coverage_decay_30d,1000,16,26,16,6,0
PastOnlyBlend,economic_coverage_decay_30d,1000,17,30,17,12,0
PastOnlyBlend,economic_coverage_decay_30d,1000,18,34,18,12,0
PastOnlyBlend,economic_coverage_decay_30d,1000,19,38,19,12,0
PastOnlyBlend,economic_coverage_decay_30d,1000,20,42,20,12,0
PastOnlyBlend,economic_coverage_decay_30d,1000,21,46,21,12,0
PastOnlyBlend,economic_coverage_decay_30d,1000,22,50,22,12,0
PastOnlyBlend,economic_coverage_decay_90d,100,7,2,7,1,0
PastOnlyBlend,economic_coverage_decay_90d,100,8,4,8,3,0
PastOnlyBlend,economic_coverage_decay_90d,100,9,6,9,3,0
PastOnlyBlend,economic_coverage_decay_90d,100,10,8,10,3,0
PastOnlyBlend,economic_coverage_decay_90d,100,11,11,11,6,0
PastOnlyBlend,economic_coverage_decay_90d,100,12,14,12,6,0
PastOnlyBlend,economic_coverage_decay_90d,100,13,17,13,6,0
PastOnlyBlend,economic_coverage_decay_90d,100,14,20,14,6,0
PastOnlyBlend,economic_coverage_decay_90d,100,15,23,15,6,0
PastOnlyBlend,economic_coverage_decay_90d,100,16,26,16,6,0
PastOnlyBlend,economic_coverage_decay_90d,100,17,30,17,12,0
PastOnlyBlend,economic_coverage_decay_90d,100,18,34,18,12,0
PastOnlyBlend,economic_coverage_decay_90d,100,19,38,19,12,0
PastOnlyBlend,economic_coverage_decay_90d,100,20,42,20,12,0
PastOnlyBlend,economic_coverage_decay_90d,100,21,46,21,12,0
PastOnlyBlend,economic_coverage_decay_90d,100,22,50,22,12,0
PastOnlyBlend,economic_coverage_decay_90d,1000,7,2,7,1,0
PastOnlyBlend,economic_coverage_decay_90d,1000,8,4,8,3,0
PastOnlyBlend,economic_coverage_decay_90d,1000,9,6,9,3,0
PastOnlyBlend,economic_coverage_decay_90d,1000,10,8,10,3,0
PastOnlyBlend,economic_coverage_decay_90d,1000,11,11,11,6,0
PastOnlyBlend,economic_coverage_decay_90d,1000,12,14,12,6,0
PastOnlyBlend,economic_coverage_decay_90d,1000,13,17,13,6,0
PastOnlyBlend,economic_coverage_decay_90d,1000,14,20,14,6,0
PastOnlyBlend,economic_coverage_decay_90d,1000,15,23,15,6,0
PastOnlyBlend,economic_coverage_decay_90d,1000,16,26,16,6,0
PastOnlyBlend,economic_coverage_decay_90d,1000,17,30,17,12,0
PastOnlyBlend,economic_coverage_decay_90d,1000,18,34,18,12,0
PastOnlyBlend,economic_coverage_decay_90d,1000,19,38,19,12,0
PastOnlyBlend,economic_coverage_decay_90d,1000,20,42,20,12,0
PastOnlyBlend,economic_coverage_decay_90d,1000,21,46,21,12,0
PastOnlyBlend,economic_coverage_decay_90d,1000,22,50,22,12,0
PastOnlyBlend,all_coverage,100,7,2,7,1,0
PastOnlyBlend,all_coverage,100,8,4,8,3,0
PastOnlyBlend,all_coverage,100,9,6,9,3,0
PastOnlyBlend,all_coverage,100,10,8,10,3,0
PastOnlyBlend,all_coverage,100,11,11,11,6,0
PastOnlyBlend,all_coverage,100,12,14,12,6,0
PastOnlyBlend,all_coverage,100,13,17,13,6,0
PastOnlyBlend,all_coverage,100,14,20,14,6,0
PastOnlyBlend,all_coverage,100,15,23,15,6,0
PastOnlyBlend,all_coverage,100,16,26,16,6,0
PastOnlyBlend,all_coverage,100,17,30,17,12,0
PastOnlyBlend,all_coverage,100,18,34,18,12,0
PastOnlyBlend,all_coverage,100,19,38,19,12,0
PastOnlyBlend,all_coverage,100,20,42,20,12,0
PastOnlyBlend,all_coverage,100,21,46,21,12,0
PastOnlyBlend,all_coverage,100,22,50,22,12,0
PastOnlyBlend,all_coverage,1000,7,2,7,1,0
PastOnlyBlend,all_coverage,1000,8,4,8,3,0
PastOnlyBlend,all_coverage,1000,9,6,9,3,0
PastOnlyBlend,all_coverage,1000,10,8,10,3,0
PastOnlyBlend,all_coverage,1000,11,11,11,6,0
PastOnlyBlend,all_coverage,1000,12,14,12,6,0
PastOnlyBlend,all_coverage,1000,13,17,13,6,0
PastOnlyBlend,all_coverage,1000,14,20,14,6,0
PastOnlyBlend,all_coverage,1000,15,23,15,6,0
PastOnlyBlend,all_coverage,1000,16,26,16,6,0
PastOnlyBlend,all_coverage,1000,17,30,17,12,0
PastOnlyBlend,all_coverage,1000,18,34,18,12,0
PastOnlyBlend,all_coverage,1000,19,38,19,12,0
PastOnlyBlend,all_coverage,1000,20,42,20,12,0
PastOnlyBlend,all_coverage,1000,21,46,21,12,0
PastOnlyBlend,all_coverage,1000,22,50,22,12,0
PastOnlyBlend,economic_shocks_coverage,100,7,2,7,1,0
PastOnlyBlend,economic_shocks_coverage,100,8,4,8,3,0
PastOnlyBlend,economic_shocks_coverage,100,9,6,9,3,0
PastOnlyBlend,economic_shocks_coverage,100,10,8,10,3,0
PastOnlyBlend,economic_shocks_coverage,100,11,11,11,6,0
PastOnlyBlend,economic_shocks_coverage,100,12,14,12,6,0
PastOnlyBlend,economic_shocks_coverage,100,13,17,13,6,0
PastOnlyBlend,economic_shocks_coverage,100,14,20,14,6,0
PastOnlyBlend,economic_shocks_coverage,100,15,23,15,6,0
PastOnlyBlend,economic_shocks_coverage,100,16,26,16,6,0
PastOnlyBlend,economic_shocks_coverage,100,17,30,17,12,0
PastOnlyBlend,economic_shocks_coverage,100,18,34,18,12,0
PastOnlyBlend,economic_shocks_coverage,100,19,38,19,12,0
PastOnlyBlend,economic_shocks_coverage,100,20,42,20,12,0
PastOnlyBlend,economic_shocks_coverage,100,21,46,21,12,0
PastOnlyBlend,economic_shocks_coverage,100,22,50,22,12,0
PastOnlyBlend,economic_shocks_coverage,1000,7,2,7,1,0
PastOnlyBlend,economic_shocks_coverage,1000,8,4,8,3,0
PastOnlyBlend,economic_shocks_coverage,1000,9,6,9,3,0
PastOnlyBlend,economic_shocks_coverage,1000,10,8,10,3,0
PastOnlyBlend,economic_shocks_coverage,1000,11,11,11,6,0
PastOnlyBlend,economic_shocks_coverage,1000,12,14,12,6,0
PastOnlyBlend,economic_shocks_coverage,1000,13,17,13,6,0
PastOnlyBlend,economic_shocks_coverage,1000,14,20,14,6,0
PastOnlyBlend,economic_shocks_coverage,1000,15,23,15,6,0
PastOnlyBlend,economic_shocks_coverage,1000,16,26,16,6,0
PastOnlyBlend,economic_shocks_coverage,1000,17,30,17,12,0
PastOnlyBlend,economic_shocks_coverage,1000,18,34,18,12,0
PastOnlyBlend,economic_shocks_coverage,1000,19,38,19,12,0
PastOnlyBlend,economic_shocks_coverage,1000,20,42,20,12,0
PastOnlyBlend,economic_shocks_coverage,1000,21,46,21,12,0
PastOnlyBlend,economic_shocks_coverage,1000,22,50,22,12,0
Prophet,all_windows,100,7,2,7,1,0
Prophet,all_windows,100,8,4,8,3,0
Prophet,all_windows,100,9,6,9,3,0
Prophet,all_windows,100,10,8,10,3,0
Prophet,all_windows,100,11,11,11,6,0
Prophet,all_windows,100,12,14,12,6,0
Prophet,all_windows,100,13,17,13,6,0
Prophet,all_windows,100,14,20,14,6,0
Prophet,all_windows,100,15,23,15,6,0
Prophet,all_windows,100,16,26,16,6,0
Prophet,all_windows,100,17,30,17,12,13
Prophet,all_windows,100,18,34,18,12,16
Prophet,all_windows,100,19,38,19,12,18
Prophet,all_windows,100,20,42,20,12,18
Prophet,all_windows,100,21,46,21,12,18
Prophet,all_windows,100,22,50,22,12,18
Prophet,all_windows,1000,7,2,7,1,0
Prophet,all_windows,1000,8,4,8,3,0
Prophet,all_windows,1000,9,6,9,3,0
Prophet,all_windows,1000,10,8,10,3,0
Prophet,all_windows,1000,11,11,11,6,0
Prophet,all_windows,1000,12,14,12,6,0
Prophet,all_windows,1000,13,17,13,6,0
Prophet,all_windows,1000,14,20,14,6,0
Prophet,all_windows,1000,15,23,15,6,0
Prophet,all_windows,1000,16,26,16,6,0
Prophet,all_windows,1000,17,30,17,12,13
Prophet,all_windows,1000,18,34,18,12,16
Prophet,all_windows,1000,19,38,19,12,18
Prophet,all_windows,1000,20,42,20,12,18
Prophet,all_windows,1000,21,46,21,12,18
Prophet,all_windows,1000,22,50,22,12,18
Prophet,economic_windows,100,7,2,7,1,0
Prophet,economic_windows,100,8,4,8,3,0
Prophet,economic_windows,100,9,6,9,3,0
Prophet,economic_windows,100,10,8,10,3,0
Prophet,economic_windows,100,11,11,11,6,0
Prophet,economic_windows,100,12,14,12,6,0
Prophet,economic_windows,100,13,17,13,6,0
Prophet,economic_windows,100,14,20,14,6,0
Prophet,economic_windows,100,15,23,15,6,0
Prophet,economic_windows,100,16,26,16,6,0
Prophet,economic_windows,100,17,30,17,12,13
Prophet,economic_windows,100,18,34,18,12,16
Prophet,economic_windows,100,19,38,19,12,18
Prophet,economic_windows,100,20,42,20,12,18
Prophet,economic_windows,100,21,46,21,12,18
Prophet,economic_windows,100,22,50,22,12,18
Prophet,economic_windows,1000,7,2,7,1,0
Prophet,economic_windows,1000,8,4,8,3,0
Prophet,economic_windows,1000,9,6,9,3,0
Prophet,economic_windows,1000,10,8,10,3,0
Prophet,economic_windows,1000,11,11,11,6,0
Prophet,economic_windows,1000,12,14,12,6,0
Prophet,economic_windows,1000,13,17,13,6,0
Prophet,economic_windows,1000,14,20,14,6,0
Prophet,economic_windows,1000,15,23,15,6,0
Prophet,economic_windows,1000,16,26,16,6,0
Prophet,economic_windows,1000,17,30,17,12,13
Prophet,economic_windows,1000,18,34,18,12,16
Prophet,economic_windows,1000,19,38,19,12,18
Prophet,economic_windows,1000,20,42,20,12,18
Prophet,economic_windows,1000,21,46,21,12,18
Prophet,economic_windows,1000,22,50,22,12,18
Prophet,economic_shocks_windows,100,7,2,7,1,0
Prophet,economic_shocks_windows,100,8,4,8,3,0
Prophet,economic_shocks_windows,100,9,6,9,3,0
Prophet,economic_shocks_windows,100,10,8,10,3,0
Prophet,economic_shocks_windows,100,11,11,11,6,0
Prophet,economic_shocks_windows,100,12,14,12,6,0
Prophet,economic_shocks_windows,100,13,17,13,6,0
Prophet,economic_shocks_windows,100,14,20,14,6,0
Prophet,economic_shocks_windows,100,15,23,15,6,0
Prophet,economic_shocks_windows,100,16,26,16,6,0
Prophet,economic_shocks_windows,100,17,30,17,12,13
Prophet,economic_shocks_windows,100,18,34,18,12,16
Prophet,economic_shocks_windows,100,19,38,19,12,18
Prophet,economic_shocks_windows,100,20,42,20,12,18
Prophet,economic_shocks_windows,100,21,46,21,12,18
Prophet,economic_shocks_windows,100,22,50,22,12,18
Prophet,economic_shocks_windows,1000,7,2,7,1,0
Prophet,economic_shocks_windows,1000,8,4,8,3,0
Prophet,economic_shocks_windows,1000,9,6,9,3,0
Prophet,economic_shocks_windows,1000,10,8,10,3,0
Prophet,economic_shocks_windows,1000,11,11,11,6,0
Prophet,economic_shocks_windows,1000,12,14,12,6,0
Prophet,economic_shocks_windows,1000,13,17,13,6,0
Prophet,economic_shocks_windows,1000,14,20,14,6,0
Prophet,economic_shocks_windows,1000,15,23,15,6,0
Prophet,economic_shocks_windows,1000,16,26,16,6,0
Prophet,economic_shocks_windows,1000,17,30,17,12,13
Prophet,economic_shocks_windows,1000,18,34,18,12,16
Prophet,economic_shocks_windows,1000,19,38,19,12,18
Prophet,economic_shocks_windows,1000,20,42,20,12,18
Prophet,economic_shocks_windows,1000,21,46,21,12,18
Prophet,economic_shocks_windows,1000,22,50,22,12,18
Prophet,economic_decay_14d,100,7,2,7,1,0
Prophet,economic_decay_14d,100,8,4,8,3,0
Prophet,economic_decay_14d,100,9,6,9,3,0
Prophet,economic_decay_14d,100,10,8,10,3,0
Prophet,economic_decay_14d,100,11,11,11,6,0
Prophet,economic_decay_14d,100,12,14,12,6,0
Prophet,economic_decay_14d,100,13,17,13,6,0
Prophet,economic_decay_14d,100,14,20,14,6,0
Prophet,economic_decay_14d,100,15,23,15,6,0
Prophet,economic_decay_14d,100,16,26,16,6,0
Prophet,economic_decay_14d,100,17,30,17,12,13
Prophet,economic_decay_14d,100,18,34,18,12,16
Prophet,economic_decay_14d,100,19,38,19,12,18
Prophet,economic_decay_14d,100,20,42,20,12,18
Prophet,economic_decay_14d,100,21,46,21,12,18
Prophet,economic_decay_14d,100,22,50,22,12,18
Prophet,economic_decay_14d,1000,7,2,7,1,0
Prophet,economic_decay_14d,1000,8,4,8,3,0
Prophet,economic_decay_14d,1000,9,6,9,3,0
Prophet,economic_decay_14d,1000,10,8,10,3,0
Prophet,economic_decay_14d,1000,11,11,11,6,0
Prophet,economic_decay_14d,1000,12,14,12,6,0
Prophet,economic_decay_14d,1000,13,17,13,6,0
Prophet,economic_decay_14d,1000,14,20,14,6,0
Prophet,economic_decay_14d,1000,15,23,15,6,0
Prophet,economic_decay_14d,1000,16,26,16,6,0
Prophet,economic_decay_14d,1000,17,30,17,12,13
Prophet,economic_decay_14d,1000,18,34,18,12,16
Prophet,economic_decay_14d,1000,19,38,19,12,18
Prophet,economic_decay_14d,1000,20,42,20,12,18
Prophet,economic_decay_14d,1000,21,46,21,12,18
Prophet,economic_decay_14d,1000,22,50,22,12,18
Prophet,economic_decay_30d,100,7,2,7,1,0
Prophet,economic_decay_30d,100,8,4,8,3,0
Prophet,economic_decay_30d,100,9,6,9,3,0
Prophet,economic_decay_30d,100,10,8,10,3,0
Prophet,economic_decay_30d,100,11,11,11,6,0
Prophet,economic_decay_30d,100,12,14,12,6,0
Prophet,economic_decay_30d,100,13,17,13,6,0
Prophet,economic_decay_30d,100,14,20,14,6,0
Prophet,economic_decay_30d,100,15,23,15,6,0
Prophet,economic_decay_30d,100,16,26,16,6,0
Prophet,economic_decay_30d,100,17,30,17,12,13
Prophet,economic_decay_30d,100,18,34,18,12,16
Prophet,economic_decay_30d,100,19,38,19,12,18
Prophet,economic_decay_30d,100,20,42,20,12,18
Prophet,economic_decay_30d,100,21,46,21,12,18
Prophet,economic_decay_30d,100,22,50,22,12,18
Prophet,economic_decay_30d,1000,7,2,7,1,0
Prophet,economic_decay_30d,1000,8,4,8,3,0
Prophet,economic_decay_30d,1000,9,6,9,3,0
Prophet,economic_decay_30d,1000,10,8,10,3,0
Prophet,economic_decay_30d,1000,11,11,11,6,0
Prophet,economic_decay_30d,1000,12,14,12,6,0
Prophet,economic_decay_30d,1000,13,17,13,6,0
Prophet,economic_decay_30d,1000,14,20,14,6,0
Prophet,economic_decay_30d,1000,15,23,15,6,0
Prophet,economic_decay_30d,1000,16,26,16,6,0
Prophet,economic_decay_30d,1000,17,30,17,12,13
Prophet,economic_decay_30d,1000,18,34,18,12,16
Prophet,economic_decay_30d,1000,19,38,19,12,18
Prophet,economic_decay_30d,1000,20,42,20,12,18
Prophet,economic_decay_30d,1000,21,46,21,12,18
Prophet,economic_decay_30d,1000,22,50,22,12,18
Prophet,economic_decay_90d,100,7,2,7,1,0
Prophet,economic_decay_90d,100,8,4,8,3,0
Prophet,economic_decay_90d,100,9,6,9,3,0
Prophet,economic_decay_90d,100,10,8,10,3,0
Prophet,economic_decay_90d,100,11,11,11,6,0
Prophet,economic_decay_90d,100,12,14,12,6,0
Prophet,economic_decay_90d,100,13,17,13,6,0
Prophet,economic_decay_90d,100,14,20,14,6,0
Prophet,economic_decay_90d,100,15,23,15,6,0
Prophet,economic_decay_90d,100,16,26,16,6,0
Prophet,economic_decay_90d,100,17,30,17,12,13
Prophet,economic_decay_90d,100,18,34,18,12,16
Prophet,economic_decay_90d,100,19,38,19,12,18
Prophet,economic_decay_90d,100,20,42,20,12,18
Prophet,economic_decay_90d,100,21,46,21,12,18
Prophet,economic_decay_90d,100,22,50,22,12,18
Prophet,economic_decay_90d,1000,7,2,7,1,0
Prophet,economic_decay_90d,1000,8,4,8,3,0
Prophet,economic_decay_90d,1000,9,6,9,3,0
Prophet,economic_decay_90d,1000,10,8,10,3,0
Prophet,economic_decay_90d,1000,11,11,11,6,0
Prophet,economic_decay_90d,1000,12,14,12,6,0
Prophet,economic_decay_90d,1000,13,17,13,6,0
Prophet,economic_decay_90d,1000,14,20,14,6,0
Prophet,economic_decay_90d,1000,15,23,15,6,0
Prophet,economic_decay_90d,1000,16,26,16,6,0
Prophet,economic_decay_90d,1000,17,30,17,12,13
Prophet,economic_decay_90d,1000,18,34,18,12,16
Prophet,economic_decay_90d,1000,19,38,19,12,18
Prophet,economic_decay_90d,1000,20,42,20,12,18
Prophet,economic_decay_90d,1000,21,46,21,12,18
Prophet,economic_decay_90d,1000,22,50,22,12,18
Prophet,financial_only,100,7,2,7,1,0
Prophet,financial_only,100,8,4,8,3,0
Prophet,financial_only,100,9,6,9,3,0
Prophet,financial_only,100,10,8,10,3,0
Prophet,financial_only,100,11,11,11,6,0
Prophet,financial_only,100,12,14,12,6,0
Prophet,financial_only,100,13,17,13,6,0
Prophet,financial_only,100,14,20,14,6,0
Prophet,financial_only,100,15,23,15,6,0
Prophet,financial_only,100,16,26,16,6,0
Prophet,financial_only,100,17,30,17,12,13
Prophet,financial_only,100,18,34,18,12,16
Prophet,financial_only,100,19,38,19,12,18
Prophet,financial_only,100,20,42,20,12,18
Prophet,financial_only,100,21,46,21,12,18
Prophet,financial_only,100,22,50,22,12,18
Prophet,financial_only,1000,7,2,7,1,0
Prophet,financial_only,1000,8,4,8,3,0
Prophet,financial_only,1000,9,6,9,3,0
Prophet,financial_only,1000,10,8,10,3,0
Prophet,financial_only,1000,11,11,11,6,0
Prophet,financial_only,1000,12,14,12,6,0
Prophet,financial_only,1000,13,17,13,6,0
Prophet,financial_only,1000,14,20,14,6,0
Prophet,financial_only,1000,15,23,15,6,0
Prophet,financial_only,1000,16,26,16,6,0
Prophet,financial_only,1000,17,30,17,12,13
Prophet,financial_only,1000,18,34,18,12,16
Prophet,financial_only,1000,19,38,19,12,18
Prophet,financial_only,1000,20,42,20,12,18
Prophet,financial_only,1000,21,46,21,12,18
Prophet,financial_only,1000,22,50,22,12,18
Prophet,coverage_all,100,7,2,7,1,0
Prophet,coverage_all,100,8,4,8,3,0
Prophet,coverage_all,100,9,6,9,3,0
Prophet,coverage_all,100,10,8,10,3,0
Prophet,coverage_all,100,11,11,11,6,0
Prophet,coverage_all,100,12,14,12,6,0
Prophet,coverage_all,100,13,17,13,6,0
Prophet,coverage_all,100,14,20,14,6,0
Prophet,coverage_all,100,15,23,15,6,0
Prophet,coverage_all,100,16,26,16,6,0
Prophet,coverage_all,100,17,30,17,12,13
Prophet,coverage_all,100,18,34,18,12,16
Prophet,coverage_all,100,19,38,19,12,18
Prophet,coverage_all,100,20,42,20,12,18
Prophet,coverage_all,100,21,46,21,12,18
Prophet,coverage_all,100,22,50,22,12,18
Prophet,coverage_all,1000,7,2,7,1,0
Prophet,coverage_all,1000,8,4,8,3,0
Prophet,coverage_all,1000,9,6,9,3,0
Prophet,coverage_all,1000,10,8,10,3,0
Prophet,coverage_all,1000,11,11,11,6,0
Prophet,coverage_all,1000,12,14,12,6,0
Prophet,coverage_all,1000,13,17,13,6,0
Prophet,coverage_all,1000,14,20,14,6,0
Prophet,coverage_all,1000,15,23,15,6,0
Prophet,coverage_all,1000,16,26,16,6,0
Prophet,coverage_all,1000,17,30,17,12,13
Prophet,coverage_all,1000,18,34,18,12,16
Prophet,coverage_all,1000,19,38,19,12,18
Prophet,coverage_all,1000,20,42,20,12,18
Prophet,coverage_all,1000,21,46,21,12,18
Prophet,coverage_all,1000,22,50,22,12,18
Prophet,economic_coverage_windows,100,7,2,7,1,0
Prophet,economic_coverage_windows,100,8,4,8,3,0
Prophet,economic_coverage_windows,100,9,6,9,3,0
Prophet,economic_coverage_windows,100,10,8,10,3,0
Prophet,economic_coverage_windows,100,11,11,11,6,0
Prophet,economic_coverage_windows,100,12,14,12,6,0
Prophet,economic_coverage_windows,100,13,17,13,6,0
Prophet,economic_coverage_windows,100,14,20,14,6,0
Prophet,economic_coverage_windows,100,15,23,15,6,0
Prophet,economic_coverage_windows,100,16,26,16,6,0
Prophet,economic_coverage_windows,100,17,30,17,12,13
Prophet,economic_coverage_windows,100,18,34,18,12,16
Prophet,economic_coverage_windows,100,19,38,19,12,18
Prophet,economic_coverage_windows,100,20,42,20,12,18
Prophet,economic_coverage_windows,100,21,46,21,12,18
Prophet,economic_coverage_windows,100,22,50,22,12,18
Prophet,economic_coverage_windows,1000,7,2,7,1,0
Prophet,economic_coverage_windows,1000,8,4,8,3,0
Prophet,economic_coverage_windows,1000,9,6,9,3,0
Prophet,economic_coverage_windows,1000,10,8,10,3,0
Prophet,economic_coverage_windows,1000,11,11,11,6,0
Prophet,economic_coverage_windows,1000,12,14,12,6,0
Prophet,economic_coverage_windows,1000,13,17,13,6,0
Prophet,economic_coverage_windows,1000,14,20,14,6,0
Prophet,economic_coverage_windows,1000,15,23,15,6,0
Prophet,economic_coverage_windows,1000,16,26,16,6,0
Prophet,economic_coverage_windows,1000,17,30,17,12,13
Prophet,economic_coverage_windows,1000,18,34,18,12,16
Prophet,economic_coverage_windows,1000,19,38,19,12,18
Prophet,economic_coverage_windows,1000,20,42,20,12,18
Prophet,economic_coverage_windows,1000,21,46,21,12,18
Prophet,economic_coverage_windows,1000,22,50,22,12,18
Prophet,economic_coverage_decay_14d,100,7,2,7,1,0
Prophet,economic_coverage_decay_14d,100,8,4,8,3,0
Prophet,economic_coverage_decay_14d,100,9,6,9,3,0
Prophet,economic_coverage_decay_14d,100,10,8,10,3,0
Prophet,economic_coverage_decay_14d,100,11,11,11,6,0
Prophet,economic_coverage_decay_14d,100,12,14,12,6,0
Prophet,economic_coverage_decay_14d,100,13,17,13,6,0
Prophet,economic_coverage_decay_14d,100,14,20,14,6,0
Prophet,economic_coverage_decay_14d,100,15,23,15,6,0
Prophet,economic_coverage_decay_14d,100,16,26,16,6,0
Prophet,economic_coverage_decay_14d,100,17,30,17,12,13
Prophet,economic_coverage_decay_14d,100,18,34,18,12,16
Prophet,economic_coverage_decay_14d,100,19,38,19,12,18
Prophet,economic_coverage_decay_14d,100,20,42,20,12,18
Prophet,economic_coverage_decay_14d,100,21,46,21,12,18
Prophet,economic_coverage_decay_14d,100,22,50,22,12,18
Prophet,economic_coverage_decay_14d,1000,7,2,7,1,0
Prophet,economic_coverage_decay_14d,1000,8,4,8,3,0
Prophet,economic_coverage_decay_14d,1000,9,6,9,3,0
Prophet,economic_coverage_decay_14d,1000,10,8,10,3,0
Prophet,economic_coverage_decay_14d,1000,11,11,11,6,0
Prophet,economic_coverage_decay_14d,1000,12,14,12,6,0
Prophet,economic_coverage_decay_14d,1000,13,17,13,6,0
Prophet,economic_coverage_decay_14d,1000,14,20,14,6,0
Prophet,economic_coverage_decay_14d,1000,15,23,15,6,0
Prophet,economic_coverage_decay_14d,1000,16,26,16,6,0
Prophet,economic_coverage_decay_14d,1000,17,30,17,12,13
Prophet,economic_coverage_decay_14d,1000,18,34,18,12,16
Prophet,economic_coverage_decay_14d,1000,19,38,19,12,18
Prophet,economic_coverage_decay_14d,1000,20,42,20,12,18
Prophet,economic_coverage_decay_14d,1000,21,46,21,12,18
Prophet,economic_coverage_decay_14d,1000,22,50,22,12,18
Prophet,economic_coverage_decay_30d,100,7,2,7,1,0
Prophet,economic_coverage_decay_30d,100,8,4,8,3,0
Prophet,economic_coverage_decay_30d,100,9,6,9,3,0
Prophet,economic_coverage_decay_30d,100,10,8,10,3,0
Prophet,economic_coverage_decay_30d,100,11,11,11,6,0
Prophet,economic_coverage_decay_30d,100,12,14,12,6,0
Prophet,economic_coverage_decay_30d,100,13,17,13,6,0
Prophet,economic_coverage_decay_30d,100,14,20,14,6,0
Prophet,economic_coverage_decay_30d,100,15,23,15,6,0
Prophet,economic_coverage_decay_30d,100,16,26,16,6,0
Prophet,economic_coverage_decay_30d,100,17,30,17,12,13
Prophet,economic_coverage_decay_30d,100,18,34,18,12,16
Prophet,economic_coverage_decay_30d,100,19,38,19,12,18
Prophet,economic_coverage_decay_30d,100,20,42,20,12,18
Prophet,economic_coverage_decay_30d,100,21,46,21,12,18
Prophet,economic_coverage_decay_30d,100,22,50,22,12,18
Prophet,economic_coverage_decay_30d,1000,7,2,7,1,0
Prophet,economic_coverage_decay_30d,1000,8,4,8,3,0
Prophet,economic_coverage_decay_30d,1000,9,6,9,3,0
Prophet,economic_coverage_decay_30d,1000,10,8,10,3,0
Prophet,economic_coverage_decay_30d,1000,11,11,11,6,0
Prophet,economic_coverage_decay_30d,1000,12,14,12,6,0
Prophet,economic_coverage_decay_30d,1000,13,17,13,6,0
Prophet,economic_coverage_decay_30d,1000,14,20,14,6,0
Prophet,economic_coverage_decay_30d,1000,15,23,15,6,0
Prophet,economic_coverage_decay_30d,1000,16,26,16,6,0
Prophet,economic_coverage_decay_30d,1000,17,30,17,12,13
Prophet,economic_coverage_decay_30d,1000,18,34,18,12,16
Prophet,economic_coverage_decay_30d,1000,19,38,19,12,18
Prophet,economic_coverage_decay_30d,1000,20,42,20,12,18
Prophet,economic_coverage_decay_30d,1000,21,46,21,12,18
Prophet,economic_coverage_decay_30d,1000,22,50,22,12,18
Prophet,economic_coverage_decay_90d,100,7,2,7,1,0
Prophet,economic_coverage_decay_90d,100,8,4,8,3,0
Prophet,economic_coverage_decay_90d,100,9,6,9,3,0
Prophet,economic_coverage_decay_90d,100,10,8,10,3,0
Prophet,economic_coverage_decay_90d,100,11,11,11,6,0
Prophet,economic_coverage_decay_90d,100,12,14,12,6,0
Prophet,economic_coverage_decay_90d,100,13,17,13,6,0
Prophet,economic_coverage_decay_90d,100,14,20,14,6,0
Prophet,economic_coverage_decay_90d,100,15,23,15,6,0
Prophet,economic_coverage_decay_90d,100,16,26,16,6,0
Prophet,economic_coverage_decay_90d,100,17,30,17,12,13
Prophet,economic_coverage_decay_90d,100,18,34,18,12,16
Prophet,economic_coverage_decay_90d,100,19,38,19,12,18
Prophet,economic_coverage_decay_90d,100,20,42,20,12,18
Prophet,economic_coverage_decay_90d,100,21,46,21,12,18
Prophet,economic_coverage_decay_90d,100,22,50,22,12,18
Prophet,economic_coverage_decay_90d,1000,7,2,7,1,0
Prophet,economic_coverage_decay_90d,1000,8,4,8,3,0
Prophet,economic_coverage_decay_90d,1000,9,6,9,3,0
Prophet,economic_coverage_decay_90d,1000,10,8,10,3,0
Prophet,economic_coverage_decay_90d,1000,11,11,11,6,0
Prophet,economic_coverage_decay_90d,1000,12,14,12,6,0
Prophet,economic_coverage_decay_90d,1000,13,17,13,6,0
Prophet,economic_coverage_decay_90d,1000,14,20,14,6,0
Prophet,economic_coverage_decay_90d,1000,15,23,15,6,0
Prophet,economic_coverage_decay_90d,1000,16,26,16,6,0
Prophet,economic_coverage_decay_90d,1000,17,30,17,12,13
Prophet,economic_coverage_decay_90d,1000,18,34,18,12,16
Prophet,economic_coverage_decay_90d,1000,19,38,19,12,18
Prophet,economic_coverage_decay_90d,1000,20,42,20,12,18
Prophet,economic_coverage_decay_90d,1000,21,46,21,12,18
Prophet,economic_coverage_decay_90d,1000,22,50,22,12,18
Prophet,all_coverage,100,7,2,7,1,0
Prophet,all_coverage,100,8,4,8,3,0
Prophet,all_coverage,100,9,6,9,3,0
Prophet,all_coverage,100,10,8,10,3,0
Prophet,all_coverage,100,11,11,11,6,0
Prophet,all_coverage,100,12,14,12,6,0
Prophet,all_coverage,100,13,17,13,6,0
Prophet,all_coverage,100,14,20,14,6,0
Prophet,all_coverage,100,15,23,15,6,0
Prophet,all_coverage,100,16,26,16,6,0
Prophet,all_coverage,100,17,30,17,12,13
Prophet,all_coverage,100,18,34,18,12,16
Prophet,all_coverage,100,19,38,19,12,18
Prophet,all_coverage,100,20,42,20,12,18
Prophet,all_coverage,100,21,46,21,12,18
Prophet,all_coverage,100,22,50,22,12,18
Prophet,all_coverage,1000,7,2,7,1,0
Prophet,all_coverage,1000,8,4,8,3,0
Prophet,all_coverage,1000,9,6,9,3,0
Prophet,all_coverage,1000,10,8,10,3,0
Prophet,all_coverage,1000,11,11,11,6,0
Prophet,all_coverage,1000,12,14,12,6,0
Prophet,all_coverage,1000,13,17,13,6,0
Prophet,all_coverage,1000,14,20,14,6,0
Prophet,all_coverage,1000,15,23,15,6,0
Prophet,all_coverage,1000,16,26,16,6,0
Prophet,all_coverage,1000,17,30,17,12,13
Prophet,all_coverage,1000,18,34,18,12,16
Prophet,all_coverage,1000,19,38,19,12,18
Prophet,all_coverage,1000,20,42,20,12,18
Prophet,all_coverage,1000,21,46,21,12,18
Prophet,all_coverage,1000,22,50,22,12,18
Prophet,economic_shocks_coverage,100,7,2,7,1,0
Prophet,economic_shocks_coverage,100,8,4,8,3,0
Prophet,economic_shocks_coverage,100,9,6,9,3,0
Prophet,economic_shocks_coverage,100,10,8,10,3,0
Prophet,economic_shocks_coverage,100,11,11,11,6,0
Prophet,economic_shocks_coverage,100,12,14,12,6,0
Prophet,economic_shocks_coverage,100,13,17,13,6,0
Prophet,economic_shocks_coverage,100,14,20,14,6,0
Prophet,economic_shocks_coverage,100,15,23,15,6,0
Prophet,economic_shocks_coverage,100,16,26,16,6,0
Prophet,economic_shocks_coverage,100,17,30,17,12,13
Prophet,economic_shocks_coverage,100,18,34,18,12,16
Prophet,economic_shocks_coverage,100,19,38,19,12,18
Prophet,economic_shocks_coverage,100,20,42,20,12,18
Prophet,economic_shocks_coverage,100,21,46,21,12,18
Prophet,economic_shocks_coverage,100,22,50,22,12,18
Prophet,economic_shocks_coverage,1000,7,2,7,1,0
Prophet,economic_shocks_coverage,1000,8,4,8,3,0
Prophet,economic_shocks_coverage,1000,9,6,9,3,0
Prophet,economic_shocks_coverage,1000,10,8,10,3,0
Prophet,economic_shocks_coverage,1000,11,11,11,6,0
Prophet,economic_shocks_coverage,1000,12,14,12,6,0
Prophet,economic_shocks_coverage,1000,13,17,13,6,0
Prophet,economic_shocks_coverage,1000,14,20,14,6,0
Prophet,economic_shocks_coverage,1000,15,23,15,6,0
Prophet,economic_shocks_coverage,1000,16,26,16,6,0
Prophet,economic_shocks_coverage,1000,17,30,17,12,13
Prophet,economic_shocks_coverage,1000,18,34,18,12,16
Prophet,economic_shocks_coverage,1000,19,38,19,12,18
Prophet,economic_shocks_coverage,1000,20,42,20,12,18
Prophet,economic_shocks_coverage,1000,21,46,21,12,18
Prophet,economic_shocks_coverage,1000,22,50,22,12,18
SeasonalNaive_NatGrowth,all_windows,100,7,2,7,1,0
SeasonalNaive_NatGrowth,all_windows,100,8,4,8,3,0
SeasonalNaive_NatGrowth,all_windows,100,9,6,9,3,0
SeasonalNaive_NatGrowth,all_windows,100,10,8,10,3,0
SeasonalNaive_NatGrowth,all_windows,100,11,11,11,6,0
SeasonalNaive_NatGrowth,all_windows,100,12,14,12,6,0
SeasonalNaive_NatGrowth,all_windows,100,13,17,13,6,0
SeasonalNaive_NatGrowth,all_windows,100,14,20,14,6,0
SeasonalNaive_NatGrowth,all_windows,100,15,23,15,6,0
SeasonalNaive_NatGrowth,all_windows,100,16,26,16,6,0
SeasonalNaive_NatGrowth,all_windows,100,17,30,17,12,0
SeasonalNaive_NatGrowth,all_windows,100,18,34,18,12,0
SeasonalNaive_NatGrowth,all_windows,100,19,38,19,12,0
SeasonalNaive_NatGrowth,all_windows,100,20,42,20,12,0
SeasonalNaive_NatGrowth,all_windows,100,21,46,21,12,0
SeasonalNaive_NatGrowth,all_windows,100,22,50,22,12,0
SeasonalNaive_NatGrowth,all_windows,1000,7,2,7,1,0
SeasonalNaive_NatGrowth,all_windows,1000,8,4,8,3,0
SeasonalNaive_NatGrowth,all_windows,1000,9,6,9,3,0
SeasonalNaive_NatGrowth,all_windows,1000,10,8,10,3,0
SeasonalNaive_NatGrowth,all_windows,1000,11,11,11,6,0
SeasonalNaive_NatGrowth,all_windows,1000,12,14,12,6,0
SeasonalNaive_NatGrowth,all_windows,1000,13,17,13,6,0
SeasonalNaive_NatGrowth,all_windows,1000,14,20,14,6,0
SeasonalNaive_NatGrowth,all_windows,1000,15,23,15,6,0
SeasonalNaive_NatGrowth,all_windows,1000,16,26,16,6,0
SeasonalNaive_NatGrowth,all_windows,1000,17,30,17,12,0
SeasonalNaive_NatGrowth,all_windows,1000,18,34,18,12,0
SeasonalNaive_NatGrowth,all_windows,1000,19,38,19,12,0
SeasonalNaive_NatGrowth,all_windows,1000,20,42,20,12,0
SeasonalNaive_NatGrowth,all_windows,1000,21,46,21,12,0
SeasonalNaive_NatGrowth,all_windows,1000,22,50,22,12,0
SeasonalNaive_NatGrowth,economic_windows,100,7,2,7,1,0
SeasonalNaive_NatGrowth,economic_windows,100,8,4,8,3,0
SeasonalNaive_NatGrowth,economic_windows,100,9,6,9,3,0
SeasonalNaive_NatGrowth,economic_windows,100,10,8,10,3,0
SeasonalNaive_NatGrowth,economic_windows,100,11,11,11,6,0
SeasonalNaive_NatGrowth,economic_windows,100,12,14,12,6,0
SeasonalNaive_NatGrowth,economic_windows,100,13,17,13,6,0
SeasonalNaive_NatGrowth,economic_windows,100,14,20,14,6,0
SeasonalNaive_NatGrowth,economic_windows,100,15,23,15,6,0
SeasonalNaive_NatGrowth,economic_windows,100,16,26,16,6,0
SeasonalNaive_NatGrowth,economic_windows,100,17,30,17,12,0
SeasonalNaive_NatGrowth,economic_windows,100,18,34,18,12,0
SeasonalNaive_NatGrowth,economic_windows,100,19,38,19,12,0
SeasonalNaive_NatGrowth,economic_windows,100,20,42,20,12,0
SeasonalNaive_NatGrowth,economic_windows,100,21,46,21,12,0
SeasonalNaive_NatGrowth,economic_windows,100,22,50,22,12,0
SeasonalNaive_NatGrowth,economic_windows,1000,7,2,7,1,0
SeasonalNaive_NatGrowth,economic_windows,1000,8,4,8,3,0
SeasonalNaive_NatGrowth,economic_windows,1000,9,6,9,3,0
SeasonalNaive_NatGrowth,economic_windows,1000,10,8,10,3,0
SeasonalNaive_NatGrowth,economic_windows,1000,11,11,11,6,0
SeasonalNaive_NatGrowth,economic_windows,1000,12,14,12,6,0
SeasonalNaive_NatGrowth,economic_windows,1000,13,17,13,6,0
SeasonalNaive_NatGrowth,economic_windows,1000,14,20,14,6,0
SeasonalNaive_NatGrowth,economic_windows,1000,15,23,15,6,0
SeasonalNaive_NatGrowth,economic_windows,1000,16,26,16,6,0
SeasonalNaive_NatGrowth,economic_windows,1000,17,30,17,12,0
SeasonalNaive_NatGrowth,economic_windows,1000,18,34,18,12,0
SeasonalNaive_NatGrowth,economic_windows,1000,19,38,19,12,0
SeasonalNaive_NatGrowth,economic_windows,1000,20,42,20,12,0
SeasonalNaive_NatGrowth,economic_windows,1000,21,46,21,12,0
SeasonalNaive_NatGrowth,economic_windows,1000,22,50,22,12,0
SeasonalNaive_NatGrowth,economic_shocks_windows,100,7,2,7,1,0
SeasonalNaive_NatGrowth,economic_shocks_windows,100,8,4,8,3,0
SeasonalNaive_NatGrowth,economic_shocks_windows,100,9,6,9,3,0
SeasonalNaive_NatGrowth,economic_shocks_windows,100,10,8,10,3,0
SeasonalNaive_NatGrowth,economic_shocks_windows,100,11,11,11,6,0
SeasonalNaive_NatGrowth,economic_shocks_windows,100,12,14,12,6,0
SeasonalNaive_NatGrowth,economic_shocks_windows,100,13,17,13,6,0
SeasonalNaive_NatGrowth,economic_shocks_windows,100,14,20,14,6,0
SeasonalNaive_NatGrowth,economic_shocks_windows,100,15,23,15,6,0
SeasonalNaive_NatGrowth,economic_shocks_windows,100,16,26,16,6,0
SeasonalNaive_NatGrowth,economic_shocks_windows,100,17,30,17,12,0
SeasonalNaive_NatGrowth,economic_shocks_windows,100,18,34,18,12,0
SeasonalNaive_NatGrowth,economic_shocks_windows,100,19,38,19,12,0
SeasonalNaive_NatGrowth,economic_shocks_windows,100,20,42,20,12,0
SeasonalNaive_NatGrowth,economic_shocks_windows,100,21,46,21,12,0
SeasonalNaive_NatGrowth,economic_shocks_windows,100,22,50,22,12,0
SeasonalNaive_NatGrowth,economic_shocks_windows,1000,7,2,7,1,0
SeasonalNaive_NatGrowth,economic_shocks_windows,1000,8,4,8,3,0
SeasonalNaive_NatGrowth,economic_shocks_windows,1000,9,6,9,3,0
SeasonalNaive_NatGrowth,economic_shocks_windows,1000,10,8,10,3,0
SeasonalNaive_NatGrowth,economic_shocks_windows,1000,11,11,11,6,0
SeasonalNaive_NatGrowth,economic_shocks_windows,1000,12,14,12,6,0
SeasonalNaive_NatGrowth,economic_shocks_windows,1000,13,17,13,6,0
SeasonalNaive_NatGrowth,economic_shocks_windows,1000,14,20,14,6,0
SeasonalNaive_NatGrowth,economic_shocks_windows,1000,15,23,15,6,0
SeasonalNaive_NatGrowth,economic_shocks_windows,1000,16,26,16,6,0
SeasonalNaive_NatGrowth,economic_shocks_windows,1000,17,30,17,12,0
SeasonalNaive_NatGrowth,economic_shocks_windows,1000,18,34,18,12,0
SeasonalNaive_NatGrowth,economic_shocks_windows,1000,19,38,19,12,0
SeasonalNaive_NatGrowth,economic_shocks_windows,1000,20,42,20,12,0
SeasonalNaive_NatGrowth,economic_shocks_windows,1000,21,46,21,12,0
SeasonalNaive_NatGrowth,economic_shocks_windows,1000,22,50,22,12,0
SeasonalNaive_NatGrowth,economic_decay_14d,100,7,2,7,1,0
SeasonalNaive_NatGrowth,economic_decay_14d,100,8,4,8,3,0
SeasonalNaive_NatGrowth,economic_decay_14d,100,9,6,9,3,0
SeasonalNaive_NatGrowth,economic_decay_14d,100,10,8,10,3,0
SeasonalNaive_NatGrowth,economic_decay_14d,100,11,11,11,6,0
SeasonalNaive_NatGrowth,economic_decay_14d,100,12,14,12,6,0
SeasonalNaive_NatGrowth,economic_decay_14d,100,13,17,13,6,0
SeasonalNaive_NatGrowth,economic_decay_14d,100,14,20,14,6,0
SeasonalNaive_NatGrowth,economic_decay_14d,100,15,23,15,6,0
SeasonalNaive_NatGrowth,economic_decay_14d,100,16,26,16,6,0
SeasonalNaive_NatGrowth,economic_decay_14d,100,17,30,17,12,0
SeasonalNaive_NatGrowth,economic_decay_14d,100,18,34,18,12,0
SeasonalNaive_NatGrowth,economic_decay_14d,100,19,38,19,12,0
SeasonalNaive_NatGrowth,economic_decay_14d,100,20,42,20,12,0
SeasonalNaive_NatGrowth,economic_decay_14d,100,21,46,21,12,0
SeasonalNaive_NatGrowth,economic_decay_14d,100,22,50,22,12,0
SeasonalNaive_NatGrowth,economic_decay_14d,1000,7,2,7,1,0
SeasonalNaive_NatGrowth,economic_decay_14d,1000,8,4,8,3,0
SeasonalNaive_NatGrowth,economic_decay_14d,1000,9,6,9,3,0
SeasonalNaive_NatGrowth,economic_decay_14d,1000,10,8,10,3,0
SeasonalNaive_NatGrowth,economic_decay_14d,1000,11,11,11,6,0
SeasonalNaive_NatGrowth,economic_decay_14d,1000,12,14,12,6,0
SeasonalNaive_NatGrowth,economic_decay_14d,1000,13,17,13,6,0
SeasonalNaive_NatGrowth,economic_decay_14d,1000,14,20,14,6,0
SeasonalNaive_NatGrowth,economic_decay_14d,1000,15,23,15,6,0
SeasonalNaive_NatGrowth,economic_decay_14d,1000,16,26,16,6,0
SeasonalNaive_NatGrowth,economic_decay_14d,1000,17,30,17,12,0
SeasonalNaive_NatGrowth,economic_decay_14d,1000,18,34,18,12,0
SeasonalNaive_NatGrowth,economic_decay_14d,1000,19,38,19,12,0
SeasonalNaive_NatGrowth,economic_decay_14d,1000,20,42,20,12,0
SeasonalNaive_NatGrowth,economic_decay_14d,1000,21,46,21,12,0
SeasonalNaive_NatGrowth,economic_decay_14d,1000,22,50,22,12,0
SeasonalNaive_NatGrowth,economic_decay_30d,100,7,2,7,1,0
SeasonalNaive_NatGrowth,economic_decay_30d,100,8,4,8,3,0
SeasonalNaive_NatGrowth,economic_decay_30d,100,9,6,9,3,0
SeasonalNaive_NatGrowth,economic_decay_30d,100,10,8,10,3,0
SeasonalNaive_NatGrowth,economic_decay_30d,100,11,11,11,6,0
SeasonalNaive_NatGrowth,economic_decay_30d,100,12,14,12,6,0
SeasonalNaive_NatGrowth,economic_decay_30d,100,13,17,13,6,0
SeasonalNaive_NatGrowth,economic_decay_30d,100,14,20,14,6,0
SeasonalNaive_NatGrowth,economic_decay_30d,100,15,23,15,6,0
SeasonalNaive_NatGrowth,economic_decay_30d,100,16,26,16,6,0
SeasonalNaive_NatGrowth,economic_decay_30d,100,17,30,17,12,0
SeasonalNaive_NatGrowth,economic_decay_30d,100,18,34,18,12,0
SeasonalNaive_NatGrowth,economic_decay_30d,100,19,38,19,12,0
SeasonalNaive_NatGrowth,economic_decay_30d,100,20,42,20,12,0
SeasonalNaive_NatGrowth,economic_decay_30d,100,21,46,21,12,0
SeasonalNaive_NatGrowth,economic_decay_30d,100,22,50,22,12,0
SeasonalNaive_NatGrowth,economic_decay_30d,1000,7,2,7,1,0
SeasonalNaive_NatGrowth,economic_decay_30d,1000,8,4,8,3,0
SeasonalNaive_NatGrowth,economic_decay_30d,1000,9,6,9,3,0
SeasonalNaive_NatGrowth,economic_decay_30d,1000,10,8,10,3,0
SeasonalNaive_NatGrowth,economic_decay_30d,1000,11,11,11,6,0
SeasonalNaive_NatGrowth,economic_decay_30d,1000,12,14,12,6,0
SeasonalNaive_NatGrowth,economic_decay_30d,1000,13,17,13,6,0
SeasonalNaive_NatGrowth,economic_decay_30d,1000,14,20,14,6,0
SeasonalNaive_NatGrowth,economic_decay_30d,1000,15,23,15,6,0
SeasonalNaive_NatGrowth,economic_decay_30d,1000,16,26,16,6,0
SeasonalNaive_NatGrowth,economic_decay_30d,1000,17,30,17,12,0
SeasonalNaive_NatGrowth,economic_decay_30d,1000,18,34,18,12,0
SeasonalNaive_NatGrowth,economic_decay_30d,1000,19,38,19,12,0
SeasonalNaive_NatGrowth,economic_decay_30d,1000,20,42,20,12,0
SeasonalNaive_NatGrowth,economic_decay_30d,1000,21,46,21,12,0
SeasonalNaive_NatGrowth,economic_decay_30d,1000,22,50,22,12,0
SeasonalNaive_NatGrowth,economic_decay_90d,100,7,2,7,1,0
SeasonalNaive_NatGrowth,economic_decay_90d,100,8,4,8,3,0
SeasonalNaive_NatGrowth,economic_decay_90d,100,9,6,9,3,0
SeasonalNaive_NatGrowth,economic_decay_90d,100,10,8,10,3,0
SeasonalNaive_NatGrowth,economic_decay_90d,100,11,11,11,6,0
SeasonalNaive_NatGrowth,economic_decay_90d,100,12,14,12,6,0
SeasonalNaive_NatGrowth,economic_decay_90d,100,13,17,13,6,0
SeasonalNaive_NatGrowth,economic_decay_90d,100,14,20,14,6,0
SeasonalNaive_NatGrowth,economic_decay_90d,100,15,23,15,6,0
SeasonalNaive_NatGrowth,economic_decay_90d,100,16,26,16,6,0
SeasonalNaive_NatGrowth,economic_decay_90d,100,17,30,17,12,0
SeasonalNaive_NatGrowth,economic_decay_90d,100,18,34,18,12,0
SeasonalNaive_NatGrowth,economic_decay_90d,100,19,38,19,12,0
SeasonalNaive_NatGrowth,economic_decay_90d,100,20,42,20,12,0
SeasonalNaive_NatGrowth,economic_decay_90d,100,21,46,21,12,0
SeasonalNaive_NatGrowth,economic_decay_90d,100,22,50,22,12,0
SeasonalNaive_NatGrowth,economic_decay_90d,1000,7,2,7,1,0
SeasonalNaive_NatGrowth,economic_decay_90d,1000,8,4,8,3,0
SeasonalNaive_NatGrowth,economic_decay_90d,1000,9,6,9,3,0
SeasonalNaive_NatGrowth,economic_decay_90d,1000,10,8,10,3,0
SeasonalNaive_NatGrowth,economic_decay_90d,1000,11,11,11,6,0
SeasonalNaive_NatGrowth,economic_decay_90d,1000,12,14,12,6,0
SeasonalNaive_NatGrowth,economic_decay_90d,1000,13,17,13,6,0
SeasonalNaive_NatGrowth,economic_decay_90d,1000,14,20,14,6,0
SeasonalNaive_NatGrowth,economic_decay_90d,1000,15,23,15,6,0
SeasonalNaive_NatGrowth,economic_decay_90d,1000,16,26,16,6,0
SeasonalNaive_NatGrowth,economic_decay_90d,1000,17,30,17,12,0
SeasonalNaive_NatGrowth,economic_decay_90d,1000,18,34,18,12,0
SeasonalNaive_NatGrowth,economic_decay_90d,1000,19,38,19,12,0
SeasonalNaive_NatGrowth,economic_decay_90d,1000,20,42,20,12,0
SeasonalNaive_NatGrowth,economic_decay_90d,1000,21,46,21,12,0
SeasonalNaive_NatGrowth,economic_decay_90d,1000,22,50,22,12,0
SeasonalNaive_NatGrowth,financial_only,100,7,2,7,1,0
SeasonalNaive_NatGrowth,financial_only,100,8,4,8,3,0
SeasonalNaive_NatGrowth,financial_only,100,9,6,9,3,0
SeasonalNaive_NatGrowth,financial_only,100,10,8,10,3,0
SeasonalNaive_NatGrowth,financial_only,100,11,11,11,6,0
SeasonalNaive_NatGrowth,financial_only,100,12,14,12,6,0
SeasonalNaive_NatGrowth,financial_only,100,13,17,13,6,0
SeasonalNaive_NatGrowth,financial_only,100,14,20,14,6,0
SeasonalNaive_NatGrowth,financial_only,100,15,23,15,6,0
SeasonalNaive_NatGrowth,financial_only,100,16,26,16,6,0
SeasonalNaive_NatGrowth,financial_only,100,17,30,17,12,0
SeasonalNaive_NatGrowth,financial_only,100,18,34,18,12,0
SeasonalNaive_NatGrowth,financial_only,100,19,38,19,12,0
SeasonalNaive_NatGrowth,financial_only,100,20,42,20,12,0
SeasonalNaive_NatGrowth,financial_only,100,21,46,21,12,0
SeasonalNaive_NatGrowth,financial_only,100,22,50,22,12,0
SeasonalNaive_NatGrowth,financial_only,1000,7,2,7,1,0
SeasonalNaive_NatGrowth,financial_only,1000,8,4,8,3,0
SeasonalNaive_NatGrowth,financial_only,1000,9,6,9,3,0
SeasonalNaive_NatGrowth,financial_only,1000,10,8,10,3,0
SeasonalNaive_NatGrowth,financial_only,1000,11,11,11,6,0
SeasonalNaive_NatGrowth,financial_only,1000,12,14,12,6,0
SeasonalNaive_NatGrowth,financial_only,1000,13,17,13,6,0
SeasonalNaive_NatGrowth,financial_only,1000,14,20,14,6,0
SeasonalNaive_NatGrowth,financial_only,1000,15,23,15,6,0
SeasonalNaive_NatGrowth,financial_only,1000,16,26,16,6,0
SeasonalNaive_NatGrowth,financial_only,1000,17,30,17,12,0
SeasonalNaive_NatGrowth,financial_only,1000,18,34,18,12,0
SeasonalNaive_NatGrowth,financial_only,1000,19,38,19,12,0
SeasonalNaive_NatGrowth,financial_only,1000,20,42,20,12,0
SeasonalNaive_NatGrowth,financial_only,1000,21,46,21,12,0
SeasonalNaive_NatGrowth,financial_only,1000,22,50,22,12,0
SeasonalNaive_NatGrowth,coverage_all,100,7,2,7,1,0
SeasonalNaive_NatGrowth,coverage_all,100,8,4,8,3,0
SeasonalNaive_NatGrowth,coverage_all,100,9,6,9,3,0
SeasonalNaive_NatGrowth,coverage_all,100,10,8,10,3,0
SeasonalNaive_NatGrowth,coverage_all,100,11,11,11,6,0
SeasonalNaive_NatGrowth,coverage_all,100,12,14,12,6,0
SeasonalNaive_NatGrowth,coverage_all,100,13,17,13,6,0
SeasonalNaive_NatGrowth,coverage_all,100,14,20,14,6,0
SeasonalNaive_NatGrowth,coverage_all,100,15,23,15,6,0
SeasonalNaive_NatGrowth,coverage_all,100,16,26,16,6,0
SeasonalNaive_NatGrowth,coverage_all,100,17,30,17,12,0
SeasonalNaive_NatGrowth,coverage_all,100,18,34,18,12,0
SeasonalNaive_NatGrowth,coverage_all,100,19,38,19,12,0
SeasonalNaive_NatGrowth,coverage_all,100,20,42,20,12,0
SeasonalNaive_NatGrowth,coverage_all,100,21,46,21,12,0
SeasonalNaive_NatGrowth,coverage_all,100,22,50,22,12,0
SeasonalNaive_NatGrowth,coverage_all,1000,7,2,7,1,0
SeasonalNaive_NatGrowth,coverage_all,1000,8,4,8,3,0
SeasonalNaive_NatGrowth,coverage_all,1000,9,6,9,3,0
SeasonalNaive_NatGrowth,coverage_all,1000,10,8,10,3,0
SeasonalNaive_NatGrowth,coverage_all,1000,11,11,11,6,0
SeasonalNaive_NatGrowth,coverage_all,1000,12,14,12,6,0
SeasonalNaive_NatGrowth,coverage_all,1000,13,17,13,6,0
SeasonalNaive_NatGrowth,coverage_all,1000,14,20,14,6,0
SeasonalNaive_NatGrowth,coverage_all,1000,15,23,15,6,0
SeasonalNaive_NatGrowth,coverage_all,1000,16,26,16,6,0
SeasonalNaive_NatGrowth,coverage_all,1000,17,30,17,12,0
SeasonalNaive_NatGrowth,coverage_all,1000,18,34,18,12,0
SeasonalNaive_NatGrowth,coverage_all,1000,19,38,19,12,0
SeasonalNaive_NatGrowth,coverage_all,1000,20,42,20,12,0
SeasonalNaive_NatGrowth,coverage_all,1000,21,46,21,12,0
SeasonalNaive_NatGrowth,coverage_all,1000,22,50,22,12,0
SeasonalNaive_NatGrowth,economic_coverage_windows,100,7,2,7,1,0
SeasonalNaive_NatGrowth,economic_coverage_windows,100,8,4,8,3,0
SeasonalNaive_NatGrowth,economic_coverage_windows,100,9,6,9,3,0
SeasonalNaive_NatGrowth,economic_coverage_windows,100,10,8,10,3,0
SeasonalNaive_NatGrowth,economic_coverage_windows,100,11,11,11,6,0
SeasonalNaive_NatGrowth,economic_coverage_windows,100,12,14,12,6,0
SeasonalNaive_NatGrowth,economic_coverage_windows,100,13,17,13,6,0
SeasonalNaive_NatGrowth,economic_coverage_windows,100,14,20,14,6,0
SeasonalNaive_NatGrowth,economic_coverage_windows,100,15,23,15,6,0
SeasonalNaive_NatGrowth,economic_coverage_windows,100,16,26,16,6,0
SeasonalNaive_NatGrowth,economic_coverage_windows,100,17,30,17,12,0
SeasonalNaive_NatGrowth,economic_coverage_windows,100,18,34,18,12,0
SeasonalNaive_NatGrowth,economic_coverage_windows,100,19,38,19,12,0
SeasonalNaive_NatGrowth,economic_coverage_windows,100,20,42,20,12,0
SeasonalNaive_NatGrowth,economic_coverage_windows,100,21,46,21,12,0
SeasonalNaive_NatGrowth,economic_coverage_windows,100,22,50,22,12,0
SeasonalNaive_NatGrowth,economic_coverage_windows,1000,7,2,7,1,0
SeasonalNaive_NatGrowth,economic_coverage_windows,1000,8,4,8,3,0
SeasonalNaive_NatGrowth,economic_coverage_windows,1000,9,6,9,3,0
SeasonalNaive_NatGrowth,economic_coverage_windows,1000,10,8,10,3,0
SeasonalNaive_NatGrowth,economic_coverage_windows,1000,11,11,11,6,0
SeasonalNaive_NatGrowth,economic_coverage_windows,1000,12,14,12,6,0
SeasonalNaive_NatGrowth,economic_coverage_windows,1000,13,17,13,6,0
SeasonalNaive_NatGrowth,economic_coverage_windows,1000,14,20,14,6,0
SeasonalNaive_NatGrowth,economic_coverage_windows,1000,15,23,15,6,0
SeasonalNaive_NatGrowth,economic_coverage_windows,1000,16,26,16,6,0
SeasonalNaive_NatGrowth,economic_coverage_windows,1000,17,30,17,12,0
SeasonalNaive_NatGrowth,economic_coverage_windows,1000,18,34,18,12,0
SeasonalNaive_NatGrowth,economic_coverage_windows,1000,19,38,19,12,0
SeasonalNaive_NatGrowth,economic_coverage_windows,1000,20,42,20,12,0
SeasonalNaive_NatGrowth,economic_coverage_windows,1000,21,46,21,12,0
SeasonalNaive_NatGrowth,economic_coverage_windows,1000,22,50,22,12,0
SeasonalNaive_NatGrowth,economic_coverage_decay_14d,100,7,2,7,1,0
SeasonalNaive_NatGrowth,economic_coverage_decay_14d,100,8,4,8,3,0
SeasonalNaive_NatGrowth,economic_coverage_decay_14d,100,9,6,9,3,0
SeasonalNaive_NatGrowth,economic_coverage_decay_14d,100,10,8,10,3,0
SeasonalNaive_NatGrowth,economic_coverage_decay_14d,100,11,11,11,6,0
SeasonalNaive_NatGrowth,economic_coverage_decay_14d,100,12,14,12,6,0
SeasonalNaive_NatGrowth,economic_coverage_decay_14d,100,13,17,13,6,0
SeasonalNaive_NatGrowth,economic_coverage_decay_14d,100,14,20,14,6,0
SeasonalNaive_NatGrowth,economic_coverage_decay_14d,100,15,23,15,6,0
SeasonalNaive_NatGrowth,economic_coverage_decay_14d,100,16,26,16,6,0
SeasonalNaive_NatGrowth,economic_coverage_decay_14d,100,17,30,17,12,0
SeasonalNaive_NatGrowth,economic_coverage_decay_14d,100,18,34,18,12,0
SeasonalNaive_NatGrowth,economic_coverage_decay_14d,100,19,38,19,12,0
SeasonalNaive_NatGrowth,economic_coverage_decay_14d,100,20,42,20,12,0
SeasonalNaive_NatGrowth,economic_coverage_decay_14d,100,21,46,21,12,0
SeasonalNaive_NatGrowth,economic_coverage_decay_14d,100,22,50,22,12,0
SeasonalNaive_NatGrowth,economic_coverage_decay_14d,1000,7,2,7,1,0
SeasonalNaive_NatGrowth,economic_coverage_decay_14d,1000,8,4,8,3,0
SeasonalNaive_NatGrowth,economic_coverage_decay_14d,1000,9,6,9,3,0
SeasonalNaive_NatGrowth,economic_coverage_decay_14d,1000,10,8,10,3,0
SeasonalNaive_NatGrowth,economic_coverage_decay_14d,1000,11,11,11,6,0
SeasonalNaive_NatGrowth,economic_coverage_decay_14d,1000,12,14,12,6,0
SeasonalNaive_NatGrowth,economic_coverage_decay_14d,1000,13,17,13,6,0
SeasonalNaive_NatGrowth,economic_coverage_decay_14d,1000,14,20,14,6,0
SeasonalNaive_NatGrowth,economic_coverage_decay_14d,1000,15,23,15,6,0
SeasonalNaive_NatGrowth,economic_coverage_decay_14d,1000,16,26,16,6,0
SeasonalNaive_NatGrowth,economic_coverage_decay_14d,1000,17,30,17,12,0
SeasonalNaive_NatGrowth,economic_coverage_decay_14d,1000,18,34,18,12,0
SeasonalNaive_NatGrowth,economic_coverage_decay_14d,1000,19,38,19,12,0
SeasonalNaive_NatGrowth,economic_coverage_decay_14d,1000,20,42,20,12,0
SeasonalNaive_NatGrowth,economic_coverage_decay_14d,1000,21,46,21,12,0
SeasonalNaive_NatGrowth,economic_coverage_decay_14d,1000,22,50,22,12,0
SeasonalNaive_NatGrowth,economic_coverage_decay_30d,100,7,2,7,1,0
SeasonalNaive_NatGrowth,economic_coverage_decay_30d,100,8,4,8,3,0
SeasonalNaive_NatGrowth,economic_coverage_decay_30d,100,9,6,9,3,0
SeasonalNaive_NatGrowth,economic_coverage_decay_30d,100,10,8,10,3,0
SeasonalNaive_NatGrowth,economic_coverage_decay_30d,100,11,11,11,6,0
SeasonalNaive_NatGrowth,economic_coverage_decay_30d,100,12,14,12,6,0
SeasonalNaive_NatGrowth,economic_coverage_decay_30d,100,13,17,13,6,0
SeasonalNaive_NatGrowth,economic_coverage_decay_30d,100,14,20,14,6,0
SeasonalNaive_NatGrowth,economic_coverage_decay_30d,100,15,23,15,6,0
SeasonalNaive_NatGrowth,economic_coverage_decay_30d,100,16,26,16,6,0
SeasonalNaive_NatGrowth,economic_coverage_decay_30d,100,17,30,17,12,0
SeasonalNaive_NatGrowth,economic_coverage_decay_30d,100,18,34,18,12,0
SeasonalNaive_NatGrowth,economic_coverage_decay_30d,100,19,38,19,12,0
SeasonalNaive_NatGrowth,economic_coverage_decay_30d,100,20,42,20,12,0
SeasonalNaive_NatGrowth,economic_coverage_decay_30d,100,21,46,21,12,0
SeasonalNaive_NatGrowth,economic_coverage_decay_30d,100,22,50,22,12,0
SeasonalNaive_NatGrowth,economic_coverage_decay_30d,1000,7,2,7,1,0
SeasonalNaive_NatGrowth,economic_coverage_decay_30d,1000,8,4,8,3,0
SeasonalNaive_NatGrowth,economic_coverage_decay_30d,1000,9,6,9,3,0
SeasonalNaive_NatGrowth,economic_coverage_decay_30d,1000,10,8,10,3,0
SeasonalNaive_NatGrowth,economic_coverage_decay_30d,1000,11,11,11,6,0
SeasonalNaive_NatGrowth,economic_coverage_decay_30d,1000,12,14,12,6,0
SeasonalNaive_NatGrowth,economic_coverage_decay_30d,1000,13,17,13,6,0
SeasonalNaive_NatGrowth,economic_coverage_decay_30d,1000,14,20,14,6,0
SeasonalNaive_NatGrowth,economic_coverage_decay_30d,1000,15,23,15,6,0
SeasonalNaive_NatGrowth,economic_coverage_decay_30d,1000,16,26,16,6,0
SeasonalNaive_NatGrowth,economic_coverage_decay_30d,1000,17,30,17,12,0
SeasonalNaive_NatGrowth,economic_coverage_decay_30d,1000,18,34,18,12,0
SeasonalNaive_NatGrowth,economic_coverage_decay_30d,1000,19,38,19,12,0
SeasonalNaive_NatGrowth,economic_coverage_decay_30d,1000,20,42,20,12,0
SeasonalNaive_NatGrowth,economic_coverage_decay_30d,1000,21,46,21,12,0
SeasonalNaive_NatGrowth,economic_coverage_decay_30d,1000,22,50,22,12,0
SeasonalNaive_NatGrowth,economic_coverage_decay_90d,100,7,2,7,1,0
SeasonalNaive_NatGrowth,economic_coverage_decay_90d,100,8,4,8,3,0
SeasonalNaive_NatGrowth,economic_coverage_decay_90d,100,9,6,9,3,0
SeasonalNaive_NatGrowth,economic_coverage_decay_90d,100,10,8,10,3,0
SeasonalNaive_NatGrowth,economic_coverage_decay_90d,100,11,11,11,6,0
SeasonalNaive_NatGrowth,economic_coverage_decay_90d,100,12,14,12,6,0
SeasonalNaive_NatGrowth,economic_coverage_decay_90d,100,13,17,13,6,0
SeasonalNaive_NatGrowth,economic_coverage_decay_90d,100,14,20,14,6,0
SeasonalNaive_NatGrowth,economic_coverage_decay_90d,100,15,23,15,6,0
SeasonalNaive_NatGrowth,economic_coverage_decay_90d,100,16,26,16,6,0
SeasonalNaive_NatGrowth,economic_coverage_decay_90d,100,17,30,17,12,0
SeasonalNaive_NatGrowth,economic_coverage_decay_90d,100,18,34,18,12,0
SeasonalNaive_NatGrowth,economic_coverage_decay_90d,100,19,38,19,12,0
SeasonalNaive_NatGrowth,economic_coverage_decay_90d,100,20,42,20,12,0
SeasonalNaive_NatGrowth,economic_coverage_decay_90d,100,21,46,21,12,0
SeasonalNaive_NatGrowth,economic_coverage_decay_90d,100,22,50,22,12,0
SeasonalNaive_NatGrowth,economic_coverage_decay_90d,1000,7,2,7,1,0
SeasonalNaive_NatGrowth,economic_coverage_decay_90d,1000,8,4,8,3,0
SeasonalNaive_NatGrowth,economic_coverage_decay_90d,1000,9,6,9,3,0
SeasonalNaive_NatGrowth,economic_coverage_decay_90d,1000,10,8,10,3,0
SeasonalNaive_NatGrowth,economic_coverage_decay_90d,1000,11,11,11,6,0
SeasonalNaive_NatGrowth,economic_coverage_decay_90d,1000,12,14,12,6,0
SeasonalNaive_NatGrowth,economic_coverage_decay_90d,1000,13,17,13,6,0
SeasonalNaive_NatGrowth,economic_coverage_decay_90d,1000,14,20,14,6,0
SeasonalNaive_NatGrowth,economic_coverage_decay_90d,1000,15,23,15,6,0
SeasonalNaive_NatGrowth,economic_coverage_decay_90d,1000,16,26,16,6,0
SeasonalNaive_NatGrowth,economic_coverage_decay_90d,1000,17,30,17,12,0
SeasonalNaive_NatGrowth,economic_coverage_decay_90d,1000,18,34,18,12,0
SeasonalNaive_NatGrowth,economic_coverage_decay_90d,1000,19,38,19,12,0
SeasonalNaive_NatGrowth,economic_coverage_decay_90d,1000,20,42,20,12,0
SeasonalNaive_NatGrowth,economic_coverage_decay_90d,1000,21,46,21,12,0
SeasonalNaive_NatGrowth,economic_coverage_decay_90d,1000,22,50,22,12,0
SeasonalNaive_NatGrowth,all_coverage,100,7,2,7,1,0
SeasonalNaive_NatGrowth,all_coverage,100,8,4,8,3,0
SeasonalNaive_NatGrowth,all_coverage,100,9,6,9,3,0
SeasonalNaive_NatGrowth,all_coverage,100,10,8,10,3,0
SeasonalNaive_NatGrowth,all_coverage,100,11,11,11,6,0
SeasonalNaive_NatGrowth,all_coverage,100,12,14,12,6,0
SeasonalNaive_NatGrowth,all_coverage,100,13,17,13,6,0
SeasonalNaive_NatGrowth,all_coverage,100,14,20,14,6,0
SeasonalNaive_NatGrowth,all_coverage,100,15,23,15,6,0
SeasonalNaive_NatGrowth,all_coverage,100,16,26,16,6,0
SeasonalNaive_NatGrowth,all_coverage,100,17,30,17,12,0
SeasonalNaive_NatGrowth,all_coverage,100,18,34,18,12,0
SeasonalNaive_NatGrowth,all_coverage,100,19,38,19,12,0
SeasonalNaive_NatGrowth,all_coverage,100,20,42,20,12,0
SeasonalNaive_NatGrowth,all_coverage,100,21,46,21,12,0
SeasonalNaive_NatGrowth,all_coverage,100,22,50,22,12,0
SeasonalNaive_NatGrowth,all_coverage,1000,7,2,7,1,0
SeasonalNaive_NatGrowth,all_coverage,1000,8,4,8,3,0
SeasonalNaive_NatGrowth,all_coverage,1000,9,6,9,3,0
SeasonalNaive_NatGrowth,all_coverage,1000,10,8,10,3,0
SeasonalNaive_NatGrowth,all_coverage,1000,11,11,11,6,0
SeasonalNaive_NatGrowth,all_coverage,1000,12,14,12,6,0
SeasonalNaive_NatGrowth,all_coverage,1000,13,17,13,6,0
SeasonalNaive_NatGrowth,all_coverage,1000,14,20,14,6,0
SeasonalNaive_NatGrowth,all_coverage,1000,15,23,15,6,0
SeasonalNaive_NatGrowth,all_coverage,1000,16,26,16,6,0
SeasonalNaive_NatGrowth,all_coverage,1000,17,30,17,12,0
SeasonalNaive_NatGrowth,all_coverage,1000,18,34,18,12,0
SeasonalNaive_NatGrowth,all_coverage,1000,19,38,19,12,0
SeasonalNaive_NatGrowth,all_coverage,1000,20,42,20,12,0
SeasonalNaive_NatGrowth,all_coverage,1000,21,46,21,12,0
SeasonalNaive_NatGrowth,all_coverage,1000,22,50,22,12,0
SeasonalNaive_NatGrowth,economic_shocks_coverage,100,7,2,7,1,0
SeasonalNaive_NatGrowth,economic_shocks_coverage,100,8,4,8,3,0
SeasonalNaive_NatGrowth,economic_shocks_coverage,100,9,6,9,3,0
SeasonalNaive_NatGrowth,economic_shocks_coverage,100,10,8,10,3,0
SeasonalNaive_NatGrowth,economic_shocks_coverage,100,11,11,11,6,0
SeasonalNaive_NatGrowth,economic_shocks_coverage,100,12,14,12,6,0
SeasonalNaive_NatGrowth,economic_shocks_coverage,100,13,17,13,6,0
SeasonalNaive_NatGrowth,economic_shocks_coverage,100,14,20,14,6,0
SeasonalNaive_NatGrowth,economic_shocks_coverage,100,15,23,15,6,0
SeasonalNaive_NatGrowth,economic_shocks_coverage,100,16,26,16,6,0
SeasonalNaive_NatGrowth,economic_shocks_coverage,100,17,30,17,12,0
SeasonalNaive_NatGrowth,economic_shocks_coverage,100,18,34,18,12,0
SeasonalNaive_NatGrowth,economic_shocks_coverage,100,19,38,19,12,0
SeasonalNaive_NatGrowth,economic_shocks_coverage,100,20,42,20,12,0
SeasonalNaive_NatGrowth,economic_shocks_coverage,100,21,46,21,12,0
SeasonalNaive_NatGrowth,economic_shocks_coverage,100,22,50,22,12,0
SeasonalNaive_NatGrowth,economic_shocks_coverage,1000,7,2,7,1,0
SeasonalNaive_NatGrowth,economic_shocks_coverage,1000,8,4,8,3,0
SeasonalNaive_NatGrowth,economic_shocks_coverage,1000,9,6,9,3,0
SeasonalNaive_NatGrowth,economic_shocks_coverage,1000,10,8,10,3,0
SeasonalNaive_NatGrowth,economic_shocks_coverage,1000,11,11,11,6,0
SeasonalNaive_NatGrowth,economic_shocks_coverage,1000,12,14,12,6,0
SeasonalNaive_NatGrowth,economic_shocks_coverage,1000,13,17,13,6,0
SeasonalNaive_NatGrowth,economic_shocks_coverage,1000,14,20,14,6,0
SeasonalNaive_NatGrowth,economic_shocks_coverage,1000,15,23,15,6,0
SeasonalNaive_NatGrowth,economic_shocks_coverage,1000,16,26,16,6,0
SeasonalNaive_NatGrowth,economic_shocks_coverage,1000,17,30,17,12,0
SeasonalNaive_NatGrowth,economic_shocks_coverage,1000,18,34,18,12,0
SeasonalNaive_NatGrowth,economic_shocks_coverage,1000,19,38,19,12,0
SeasonalNaive_NatGrowth,economic_shocks_coverage,1000,20,42,20,12,0
SeasonalNaive_NatGrowth,economic_shocks_coverage,1000,21,46,21,12,0
SeasonalNaive_NatGrowth,economic_shocks_coverage,1000,22,50,22,12,0
NatPath_K3,all_windows,100,7,2,7,1,0
NatPath_K3,all_windows,100,8,4,8,3,0
NatPath_K3,all_windows,100,9,6,9,3,0
NatPath_K3,all_windows,100,10,8,10,3,0
NatPath_K3,all_windows,100,11,11,11,6,0
NatPath_K3,all_windows,100,12,14,12,6,0
NatPath_K3,all_windows,100,13,17,13,6,0
NatPath_K3,all_windows,100,14,20,14,6,0
NatPath_K3,all_windows,100,15,23,15,6,0
NatPath_K3,all_windows,100,16,26,16,6,0
NatPath_K3,all_windows,100,17,30,17,12,0
NatPath_K3,all_windows,100,18,34,18,12,0
NatPath_K3,all_windows,100,19,38,19,12,0
NatPath_K3,all_windows,100,20,42,20,12,0
NatPath_K3,all_windows,100,21,46,21,12,0
NatPath_K3,all_windows,100,22,50,22,12,0
NatPath_K3,all_windows,1000,7,2,7,1,0
NatPath_K3,all_windows,1000,8,4,8,3,0
NatPath_K3,all_windows,1000,9,6,9,3,0
NatPath_K3,all_windows,1000,10,8,10,3,0
NatPath_K3,all_windows,1000,11,11,11,6,0
NatPath_K3,all_windows,1000,12,14,12,6,0
NatPath_K3,all_windows,1000,13,17,13,6,0
NatPath_K3,all_windows,1000,14,20,14,6,0
NatPath_K3,all_windows,1000,15,23,15,6,0
NatPath_K3,all_windows,1000,16,26,16,6,0
NatPath_K3,all_windows,1000,17,30,17,12,0
NatPath_K3,all_windows,1000,18,34,18,12,0
NatPath_K3,all_windows,1000,19,38,19,12,0
NatPath_K3,all_windows,1000,20,42,20,12,0
NatPath_K3,all_windows,1000,21,46,21,12,0
NatPath_K3,all_windows,1000,22,50,22,12,0
NatPath_K3,economic_windows,100,7,2,7,1,0
NatPath_K3,economic_windows,100,8,4,8,3,0
NatPath_K3,economic_windows,100,9,6,9,3,0
NatPath_K3,economic_windows,100,10,8,10,3,0
NatPath_K3,economic_windows,100,11,11,11,6,0
NatPath_K3,economic_windows,100,12,14,12,6,0
NatPath_K3,economic_windows,100,13,17,13,6,0
NatPath_K3,economic_windows,100,14,20,14,6,0
NatPath_K3,economic_windows,100,15,23,15,6,0
NatPath_K3,economic_windows,100,16,26,16,6,0
NatPath_K3,economic_windows,100,17,30,17,12,0
NatPath_K3,economic_windows,100,18,34,18,12,0
NatPath_K3,economic_windows,100,19,38,19,12,0
NatPath_K3,economic_windows,100,20,42,20,12,0
NatPath_K3,economic_windows,100,21,46,21,12,0
NatPath_K3,economic_windows,100,22,50,22,12,0
NatPath_K3,economic_windows,1000,7,2,7,1,0
NatPath_K3,economic_windows,1000,8,4,8,3,0
NatPath_K3,economic_windows,1000,9,6,9,3,0
NatPath_K3,economic_windows,1000,10,8,10,3,0
NatPath_K3,economic_windows,1000,11,11,11,6,0
NatPath_K3,economic_windows,1000,12,14,12,6,0
NatPath_K3,economic_windows,1000,13,17,13,6,0
NatPath_K3,economic_windows,1000,14,20,14,6,0
NatPath_K3,economic_windows,1000,15,23,15,6,0
NatPath_K3,economic_windows,1000,16,26,16,6,0
NatPath_K3,economic_windows,1000,17,30,17,12,0
NatPath_K3,economic_windows,1000,18,34,18,12,0
NatPath_K3,economic_windows,1000,19,38,19,12,0
NatPath_K3,economic_windows,1000,20,42,20,12,0
NatPath_K3,economic_windows,1000,21,46,21,12,0
NatPath_K3,economic_windows,1000,22,50,22,12,0
NatPath_K3,economic_shocks_windows,100,7,2,7,1,0
NatPath_K3,economic_shocks_windows,100,8,4,8,3,0
NatPath_K3,economic_shocks_windows,100,9,6,9,3,0
NatPath_K3,economic_shocks_windows,100,10,8,10,3,0
NatPath_K3,economic_shocks_windows,100,11,11,11,6,0
NatPath_K3,economic_shocks_windows,100,12,14,12,6,0
NatPath_K3,economic_shocks_windows,100,13,17,13,6,0
NatPath_K3,economic_shocks_windows,100,14,20,14,6,0
NatPath_K3,economic_shocks_windows,100,15,23,15,6,0
NatPath_K3,economic_shocks_windows,100,16,26,16,6,0
NatPath_K3,economic_shocks_windows,100,17,30,17,12,0
NatPath_K3,economic_shocks_windows,100,18,34,18,12,0
NatPath_K3,economic_shocks_windows,100,19,38,19,12,0
NatPath_K3,economic_shocks_windows,100,20,42,20,12,0
NatPath_K3,economic_shocks_windows,100,21,46,21,12,0
NatPath_K3,economic_shocks_windows,100,22,50,22,12,0
NatPath_K3,economic_shocks_windows,1000,7,2,7,1,0
NatPath_K3,economic_shocks_windows,1000,8,4,8,3,0
NatPath_K3,economic_shocks_windows,1000,9,6,9,3,0
NatPath_K3,economic_shocks_windows,1000,10,8,10,3,0
NatPath_K3,economic_shocks_windows,1000,11,11,11,6,0
NatPath_K3,economic_shocks_windows,1000,12,14,12,6,0
NatPath_K3,economic_shocks_windows,1000,13,17,13,6,0
NatPath_K3,economic_shocks_windows,1000,14,20,14,6,0
NatPath_K3,economic_shocks_windows,1000,15,23,15,6,0
NatPath_K3,economic_shocks_windows,1000,16,26,16,6,0
NatPath_K3,economic_shocks_windows,1000,17,30,17,12,0
NatPath_K3,economic_shocks_windows,1000,18,34,18,12,0
NatPath_K3,economic_shocks_windows,1000,19,38,19,12,0
NatPath_K3,economic_shocks_windows,1000,20,42,20,12,0
NatPath_K3,economic_shocks_windows,1000,21,46,21,12,0
NatPath_K3,economic_shocks_windows,1000,22,50,22,12,0
NatPath_K3,economic_decay_14d,100,7,2,7,1,0
NatPath_K3,economic_decay_14d,100,8,4,8,3,0
NatPath_K3,economic_decay_14d,100,9,6,9,3,0
NatPath_K3,economic_decay_14d,100,10,8,10,3,0
NatPath_K3,economic_decay_14d,100,11,11,11,6,0
NatPath_K3,economic_decay_14d,100,12,14,12,6,0
NatPath_K3,economic_decay_14d,100,13,17,13,6,0
NatPath_K3,economic_decay_14d,100,14,20,14,6,0
NatPath_K3,economic_decay_14d,100,15,23,15,6,0
NatPath_K3,economic_decay_14d,100,16,26,16,6,0
NatPath_K3,economic_decay_14d,100,17,30,17,12,0
NatPath_K3,economic_decay_14d,100,18,34,18,12,0
NatPath_K3,economic_decay_14d,100,19,38,19,12,0
NatPath_K3,economic_decay_14d,100,20,42,20,12,0
NatPath_K3,economic_decay_14d,100,21,46,21,12,0
NatPath_K3,economic_decay_14d,100,22,50,22,12,0
NatPath_K3,economic_decay_14d,1000,7,2,7,1,0
NatPath_K3,economic_decay_14d,1000,8,4,8,3,0
NatPath_K3,economic_decay_14d,1000,9,6,9,3,0
NatPath_K3,economic_decay_14d,1000,10,8,10,3,0
NatPath_K3,economic_decay_14d,1000,11,11,11,6,0
NatPath_K3,economic_decay_14d,1000,12,14,12,6,0
NatPath_K3,economic_decay_14d,1000,13,17,13,6,0
NatPath_K3,economic_decay_14d,1000,14,20,14,6,0
NatPath_K3,economic_decay_14d,1000,15,23,15,6,0
NatPath_K3,economic_decay_14d,1000,16,26,16,6,0
NatPath_K3,economic_decay_14d,1000,17,30,17,12,0
NatPath_K3,economic_decay_14d,1000,18,34,18,12,0
NatPath_K3,economic_decay_14d,1000,19,38,19,12,0
NatPath_K3,economic_decay_14d,1000,20,42,20,12,0
NatPath_K3,economic_decay_14d,1000,21,46,21,12,0
NatPath_K3,economic_decay_14d,1000,22,50,22,12,0
NatPath_K3,economic_decay_30d,100,7,2,7,1,0
NatPath_K3,economic_decay_30d,100,8,4,8,3,0
NatPath_K3,economic_decay_30d,100,9,6,9,3,0
NatPath_K3,economic_decay_30d,100,10,8,10,3,0
NatPath_K3,economic_decay_30d,100,11,11,11,6,0
NatPath_K3,economic_decay_30d,100,12,14,12,6,0
NatPath_K3,economic_decay_30d,100,13,17,13,6,0
NatPath_K3,economic_decay_30d,100,14,20,14,6,0
NatPath_K3,economic_decay_30d,100,15,23,15,6,0
NatPath_K3,economic_decay_30d,100,16,26,16,6,0
NatPath_K3,economic_decay_30d,100,17,30,17,12,0
NatPath_K3,economic_decay_30d,100,18,34,18,12,0
NatPath_K3,economic_decay_30d,100,19,38,19,12,0
NatPath_K3,economic_decay_30d,100,20,42,20,12,0
NatPath_K3,economic_decay_30d,100,21,46,21,12,0
NatPath_K3,economic_decay_30d,100,22,50,22,12,0
NatPath_K3,economic_decay_30d,1000,7,2,7,1,0
NatPath_K3,economic_decay_30d,1000,8,4,8,3,0
NatPath_K3,economic_decay_30d,1000,9,6,9,3,0
NatPath_K3,economic_decay_30d,1000,10,8,10,3,0
NatPath_K3,economic_decay_30d,1000,11,11,11,6,0
NatPath_K3,economic_decay_30d,1000,12,14,12,6,0
NatPath_K3,economic_decay_30d,1000,13,17,13,6,0
NatPath_K3,economic_decay_30d,1000,14,20,14,6,0
NatPath_K3,economic_decay_30d,1000,15,23,15,6,0
NatPath_K3,economic_decay_30d,1000,16,26,16,6,0
NatPath_K3,economic_decay_30d,1000,17,30,17,12,0
NatPath_K3,economic_decay_30d,1000,18,34,18,12,0
NatPath_K3,economic_decay_30d,1000,19,38,19,12,0
NatPath_K3,economic_decay_30d,1000,20,42,20,12,0
NatPath_K3,economic_decay_30d,1000,21,46,21,12,0
NatPath_K3,economic_decay_30d,1000,22,50,22,12,0
NatPath_K3,economic_decay_90d,100,7,2,7,1,0
NatPath_K3,economic_decay_90d,100,8,4,8,3,0
NatPath_K3,economic_decay_90d,100,9,6,9,3,0
NatPath_K3,economic_decay_90d,100,10,8,10,3,0
NatPath_K3,economic_decay_90d,100,11,11,11,6,0
NatPath_K3,economic_decay_90d,100,12,14,12,6,0
NatPath_K3,economic_decay_90d,100,13,17,13,6,0
NatPath_K3,economic_decay_90d,100,14,20,14,6,0
NatPath_K3,economic_decay_90d,100,15,23,15,6,0
NatPath_K3,economic_decay_90d,100,16,26,16,6,0
NatPath_K3,economic_decay_90d,100,17,30,17,12,0
NatPath_K3,economic_decay_90d,100,18,34,18,12,0
NatPath_K3,economic_decay_90d,100,19,38,19,12,0
NatPath_K3,economic_decay_90d,100,20,42,20,12,0
NatPath_K3,economic_decay_90d,100,21,46,21,12,0
NatPath_K3,economic_decay_90d,100,22,50,22,12,0
NatPath_K3,economic_decay_90d,1000,7,2,7,1,0
NatPath_K3,economic_decay_90d,1000,8,4,8,3,0
NatPath_K3,economic_decay_90d,1000,9,6,9,3,0
NatPath_K3,economic_decay_90d,1000,10,8,10,3,0
NatPath_K3,economic_decay_90d,1000,11,11,11,6,0
NatPath_K3,economic_decay_90d,1000,12,14,12,6,0
NatPath_K3,economic_decay_90d,1000,13,17,13,6,0
NatPath_K3,economic_decay_90d,1000,14,20,14,6,0
NatPath_K3,economic_decay_90d,1000,15,23,15,6,0
NatPath_K3,economic_decay_90d,1000,16,26,16,6,0
NatPath_K3,economic_decay_90d,1000,17,30,17,12,0
NatPath_K3,economic_decay_90d,1000,18,34,18,12,0
NatPath_K3,economic_decay_90d,1000,19,38,19,12,0
NatPath_K3,economic_decay_90d,1000,20,42,20,12,0
NatPath_K3,economic_decay_90d,1000,21,46,21,12,0
NatPath_K3,economic_decay_90d,1000,22,50,22,12,0
NatPath_K3,financial_only,100,7,2,7,1,0
NatPath_K3,financial_only,100,8,4,8,3,0
NatPath_K3,financial_only,100,9,6,9,3,0
NatPath_K3,financial_only,100,10,8,10,3,0
NatPath_K3,financial_only,100,11,11,11,6,0
NatPath_K3,financial_only,100,12,14,12,6,0
NatPath_K3,financial_only,100,13,17,13,6,0
NatPath_K3,financial_only,100,14,20,14,6,0
NatPath_K3,financial_only,100,15,23,15,6,0
NatPath_K3,financial_only,100,16,26,16,6,0
NatPath_K3,financial_only,100,17,30,17,12,0
NatPath_K3,financial_only,100,18,34,18,12,0
NatPath_K3,financial_only,100,19,38,19,12,0
NatPath_K3,financial_only,100,20,42,20,12,0
NatPath_K3,financial_only,100,21,46,21,12,0
NatPath_K3,financial_only,100,22,50,22,12,0
NatPath_K3,financial_only,1000,7,2,7,1,0
NatPath_K3,financial_only,1000,8,4,8,3,0
NatPath_K3,financial_only,1000,9,6,9,3,0
NatPath_K3,financial_only,1000,10,8,10,3,0
NatPath_K3,financial_only,1000,11,11,11,6,0
NatPath_K3,financial_only,1000,12,14,12,6,0
NatPath_K3,financial_only,1000,13,17,13,6,0
NatPath_K3,financial_only,1000,14,20,14,6,0
NatPath_K3,financial_only,1000,15,23,15,6,0
NatPath_K3,financial_only,1000,16,26,16,6,0
NatPath_K3,financial_only,1000,17,30,17,12,0
NatPath_K3,financial_only,1000,18,34,18,12,0
NatPath_K3,financial_only,1000,19,38,19,12,0
NatPath_K3,financial_only,1000,20,42,20,12,0
NatPath_K3,financial_only,1000,21,46,21,12,0
NatPath_K3,financial_only,1000,22,50,22,12,0
NatPath_K3,coverage_all,100,7,2,7,1,0
NatPath_K3,coverage_all,100,8,4,8,3,0
NatPath_K3,coverage_all,100,9,6,9,3,0
NatPath_K3,coverage_all,100,10,8,10,3,0
NatPath_K3,coverage_all,100,11,11,11,6,0
NatPath_K3,coverage_all,100,12,14,12,6,0
NatPath_K3,coverage_all,100,13,17,13,6,0
NatPath_K3,coverage_all,100,14,20,14,6,0
NatPath_K3,coverage_all,100,15,23,15,6,0
NatPath_K3,coverage_all,100,16,26,16,6,0
NatPath_K3,coverage_all,100,17,30,17,12,0
NatPath_K3,coverage_all,100,18,34,18,12,0
NatPath_K3,coverage_all,100,19,38,19,12,0
NatPath_K3,coverage_all,100,20,42,20,12,0
NatPath_K3,coverage_all,100,21,46,21,12,0
NatPath_K3,coverage_all,100,22,50,22,12,0
NatPath_K3,coverage_all,1000,7,2,7,1,0
NatPath_K3,coverage_all,1000,8,4,8,3,0
NatPath_K3,coverage_all,1000,9,6,9,3,0
NatPath_K3,coverage_all,1000,10,8,10,3,0
NatPath_K3,coverage_all,1000,11,11,11,6,0
NatPath_K3,coverage_all,1000,12,14,12,6,0
NatPath_K3,coverage_all,1000,13,17,13,6,0
NatPath_K3,coverage_all,1000,14,20,14,6,0
NatPath_K3,coverage_all,1000,15,23,15,6,0
NatPath_K3,coverage_all,1000,16,26,16,6,0
NatPath_K3,coverage_all,1000,17,30,17,12,0
NatPath_K3,coverage_all,1000,18,34,18,12,0
NatPath_K3,coverage_all,1000,19,38,19,12,0
NatPath_K3,coverage_all,1000,20,42,20,12,0
NatPath_K3,coverage_all,1000,21,46,21,12,0
NatPath_K3,coverage_all,1000,22,50,22,12,0
NatPath_K3,economic_coverage_windows,100,7,2,7,1,0
NatPath_K3,economic_coverage_windows,100,8,4,8,3,0
NatPath_K3,economic_coverage_windows,100,9,6,9,3,0
NatPath_K3,economic_coverage_windows,100,10,8,10,3,0
NatPath_K3,economic_coverage_windows,100,11,11,11,6,0
NatPath_K3,economic_coverage_windows,100,12,14,12,6,0
NatPath_K3,economic_coverage_windows,100,13,17,13,6,0
NatPath_K3,economic_coverage_windows,100,14,20,14,6,0
NatPath_K3,economic_coverage_windows,100,15,23,15,6,0
NatPath_K3,economic_coverage_windows,100,16,26,16,6,0
NatPath_K3,economic_coverage_windows,100,17,30,17,12,0
NatPath_K3,economic_coverage_windows,100,18,34,18,12,0
NatPath_K3,economic_coverage_windows,100,19,38,19,12,0
NatPath_K3,economic_coverage_windows,100,20,42,20,12,0
NatPath_K3,economic_coverage_windows,100,21,46,21,12,0
NatPath_K3,economic_coverage_windows,100,22,50,22,12,0
NatPath_K3,economic_coverage_windows,1000,7,2,7,1,0
NatPath_K3,economic_coverage_windows,1000,8,4,8,3,0
NatPath_K3,economic_coverage_windows,1000,9,6,9,3,0
NatPath_K3,economic_coverage_windows,1000,10,8,10,3,0
NatPath_K3,economic_coverage_windows,1000,11,11,11,6,0
NatPath_K3,economic_coverage_windows,1000,12,14,12,6,0
NatPath_K3,economic_coverage_windows,1000,13,17,13,6,0
NatPath_K3,economic_coverage_windows,1000,14,20,14,6,0
NatPath_K3,economic_coverage_windows,1000,15,23,15,6,0
NatPath_K3,economic_coverage_windows,1000,16,26,16,6,0
NatPath_K3,economic_coverage_windows,1000,17,30,17,12,0
NatPath_K3,economic_coverage_windows,1000,18,34,18,12,0
NatPath_K3,economic_coverage_windows,1000,19,38,19,12,0
NatPath_K3,economic_coverage_windows,1000,20,42,20,12,0
NatPath_K3,economic_coverage_windows,1000,21,46,21,12,0
NatPath_K3,economic_coverage_windows,1000,22,50,22,12,0
NatPath_K3,economic_coverage_decay_14d,100,7,2,7,1,0
NatPath_K3,economic_coverage_decay_14d,100,8,4,8,3,0
NatPath_K3,economic_coverage_decay_14d,100,9,6,9,3,0
NatPath_K3,economic_coverage_decay_14d,100,10,8,10,3,0
NatPath_K3,economic_coverage_decay_14d,100,11,11,11,6,0
NatPath_K3,economic_coverage_decay_14d,100,12,14,12,6,0
NatPath_K3,economic_coverage_decay_14d,100,13,17,13,6,0
NatPath_K3,economic_coverage_decay_14d,100,14,20,14,6,0
NatPath_K3,economic_coverage_decay_14d,100,15,23,15,6,0
NatPath_K3,economic_coverage_decay_14d,100,16,26,16,6,0
NatPath_K3,economic_coverage_decay_14d,100,17,30,17,12,0
NatPath_K3,economic_coverage_decay_14d,100,18,34,18,12,0
NatPath_K3,economic_coverage_decay_14d,100,19,38,19,12,0
NatPath_K3,economic_coverage_decay_14d,100,20,42,20,12,0
NatPath_K3,economic_coverage_decay_14d,100,21,46,21,12,0
NatPath_K3,economic_coverage_decay_14d,100,22,50,22,12,0
NatPath_K3,economic_coverage_decay_14d,1000,7,2,7,1,0
NatPath_K3,economic_coverage_decay_14d,1000,8,4,8,3,0
NatPath_K3,economic_coverage_decay_14d,1000,9,6,9,3,0
NatPath_K3,economic_coverage_decay_14d,1000,10,8,10,3,0
NatPath_K3,economic_coverage_decay_14d,1000,11,11,11,6,0
NatPath_K3,economic_coverage_decay_14d,1000,12,14,12,6,0
NatPath_K3,economic_coverage_decay_14d,1000,13,17,13,6,0
NatPath_K3,economic_coverage_decay_14d,1000,14,20,14,6,0
NatPath_K3,economic_coverage_decay_14d,1000,15,23,15,6,0
NatPath_K3,economic_coverage_decay_14d,1000,16,26,16,6,0
NatPath_K3,economic_coverage_decay_14d,1000,17,30,17,12,0
NatPath_K3,economic_coverage_decay_14d,1000,18,34,18,12,0
NatPath_K3,economic_coverage_decay_14d,1000,19,38,19,12,0
NatPath_K3,economic_coverage_decay_14d,1000,20,42,20,12,0
NatPath_K3,economic_coverage_decay_14d,1000,21,46,21,12,0
NatPath_K3,economic_coverage_decay_14d,1000,22,50,22,12,0
NatPath_K3,economic_coverage_decay_30d,100,7,2,7,1,0
NatPath_K3,economic_coverage_decay_30d,100,8,4,8,3,0
NatPath_K3,economic_coverage_decay_30d,100,9,6,9,3,0
NatPath_K3,economic_coverage_decay_30d,100,10,8,10,3,0
NatPath_K3,economic_coverage_decay_30d,100,11,11,11,6,0
NatPath_K3,economic_coverage_decay_30d,100,12,14,12,6,0
NatPath_K3,economic_coverage_decay_30d,100,13,17,13,6,0
NatPath_K3,economic_coverage_decay_30d,100,14,20,14,6,0
NatPath_K3,economic_coverage_decay_30d,100,15,23,15,6,0
NatPath_K3,economic_coverage_decay_30d,100,16,26,16,6,0
NatPath_K3,economic_coverage_decay_30d,100,17,30,17,12,0
NatPath_K3,economic_coverage_decay_30d,100,18,34,18,12,0
NatPath_K3,economic_coverage_decay_30d,100,19,38,19,12,0
NatPath_K3,economic_coverage_decay_30d,100,20,42,20,12,0
NatPath_K3,economic_coverage_decay_30d,100,21,46,21,12,0
NatPath_K3,economic_coverage_decay_30d,100,22,50,22,12,0
NatPath_K3,economic_coverage_decay_30d,1000,7,2,7,1,0
NatPath_K3,economic_coverage_decay_30d,1000,8,4,8,3,0
NatPath_K3,economic_coverage_decay_30d,1000,9,6,9,3,0
NatPath_K3,economic_coverage_decay_30d,1000,10,8,10,3,0
NatPath_K3,economic_coverage_decay_30d,1000,11,11,11,6,0
NatPath_K3,economic_coverage_decay_30d,1000,12,14,12,6,0
NatPath_K3,economic_coverage_decay_30d,1000,13,17,13,6,0
NatPath_K3,economic_coverage_decay_30d,1000,14,20,14,6,0
NatPath_K3,economic_coverage_decay_30d,1000,15,23,15,6,0
NatPath_K3,economic_coverage_decay_30d,1000,16,26,16,6,0
NatPath_K3,economic_coverage_decay_30d,1000,17,30,17,12,0
NatPath_K3,economic_coverage_decay_30d,1000,18,34,18,12,0
NatPath_K3,economic_coverage_decay_30d,1000,19,38,19,12,0
NatPath_K3,economic_coverage_decay_30d,1000,20,42,20,12,0
NatPath_K3,economic_coverage_decay_30d,1000,21,46,21,12,0
NatPath_K3,economic_coverage_decay_30d,1000,22,50,22,12,0
NatPath_K3,economic_coverage_decay_90d,100,7,2,7,1,0
NatPath_K3,economic_coverage_decay_90d,100,8,4,8,3,0
NatPath_K3,economic_coverage_decay_90d,100,9,6,9,3,0
NatPath_K3,economic_coverage_decay_90d,100,10,8,10,3,0
NatPath_K3,economic_coverage_decay_90d,100,11,11,11,6,0
NatPath_K3,economic_coverage_decay_90d,100,12,14,12,6,0
NatPath_K3,economic_coverage_decay_90d,100,13,17,13,6,0
NatPath_K3,economic_coverage_decay_90d,100,14,20,14,6,0
NatPath_K3,economic_coverage_decay_90d,100,15,23,15,6,0
NatPath_K3,economic_coverage_decay_90d,100,16,26,16,6,0
NatPath_K3,economic_coverage_decay_90d,100,17,30,17,12,0
NatPath_K3,economic_coverage_decay_90d,100,18,34,18,12,0
NatPath_K3,economic_coverage_decay_90d,100,19,38,19,12,0
NatPath_K3,economic_coverage_decay_90d,100,20,42,20,12,0
NatPath_K3,economic_coverage_decay_90d,100,21,46,21,12,0
NatPath_K3,economic_coverage_decay_90d,100,22,50,22,12,0
NatPath_K3,economic_coverage_decay_90d,1000,7,2,7,1,0
NatPath_K3,economic_coverage_decay_90d,1000,8,4,8,3,0
NatPath_K3,economic_coverage_decay_90d,1000,9,6,9,3,0
NatPath_K3,economic_coverage_decay_90d,1000,10,8,10,3,0
NatPath_K3,economic_coverage_decay_90d,1000,11,11,11,6,0
NatPath_K3,economic_coverage_decay_90d,1000,12,14,12,6,0
NatPath_K3,economic_coverage_decay_90d,1000,13,17,13,6,0
NatPath_K3,economic_coverage_decay_90d,1000,14,20,14,6,0
NatPath_K3,economic_coverage_decay_90d,1000,15,23,15,6,0
NatPath_K3,economic_coverage_decay_90d,1000,16,26,16,6,0
NatPath_K3,economic_coverage_decay_90d,1000,17,30,17,12,0
NatPath_K3,economic_coverage_decay_90d,1000,18,34,18,12,0
NatPath_K3,economic_coverage_decay_90d,1000,19,38,19,12,0
NatPath_K3,economic_coverage_decay_90d,1000,20,42,20,12,0
NatPath_K3,economic_coverage_decay_90d,1000,21,46,21,12,0
NatPath_K3,economic_coverage_decay_90d,1000,22,50,22,12,0
NatPath_K3,all_coverage,100,7,2,7,1,0
NatPath_K3,all_coverage,100,8,4,8,3,0
NatPath_K3,all_coverage,100,9,6,9,3,0
NatPath_K3,all_coverage,100,10,8,10,3,0
NatPath_K3,all_coverage,100,11,11,11,6,0
NatPath_K3,all_coverage,100,12,14,12,6,0
NatPath_K3,all_coverage,100,13,17,13,6,0
NatPath_K3,all_coverage,100,14,20,14,6,0
NatPath_K3,all_coverage,100,15,23,15,6,0
NatPath_K3,all_coverage,100,16,26,16,6,0
NatPath_K3,all_coverage,100,17,30,17,12,0
NatPath_K3,all_coverage,100,18,34,18,12,0
NatPath_K3,all_coverage,100,19,38,19,12,0
NatPath_K3,all_coverage,100,20,42,20,12,0
NatPath_K3,all_coverage,100,21,46,21,12,0
NatPath_K3,all_coverage,100,22,50,22,12,0
NatPath_K3,all_coverage,1000,7,2,7,1,0
NatPath_K3,all_coverage,1000,8,4,8,3,0
NatPath_K3,all_coverage,1000,9,6,9,3,0
NatPath_K3,all_coverage,1000,10,8,10,3,0
NatPath_K3,all_coverage,1000,11,11,11,6,0
NatPath_K3,all_coverage,1000,12,14,12,6,0
NatPath_K3,all_coverage,1000,13,17,13,6,0
NatPath_K3,all_coverage,1000,14,20,14,6,0
NatPath_K3,all_coverage,1000,15,23,15,6,0
NatPath_K3,all_coverage,1000,16,26,16,6,0
NatPath_K3,all_coverage,1000,17,30,17,12,0
NatPath_K3,all_coverage,1000,18,34,18,12,0
NatPath_K3,all_coverage,1000,19,38,19,12,0
NatPath_K3,all_coverage,1000,20,42,20,12,0
NatPath_K3,all_coverage,1000,21,46,21,12,0
NatPath_K3,all_coverage,1000,22,50,22,12,0
NatPath_K3,economic_shocks_coverage,100,7,2,7,1,0
NatPath_K3,economic_shocks_coverage,100,8,4,8,3,0
NatPath_K3,economic_shocks_coverage,100,9,6,9,3,0
NatPath_K3,economic_shocks_coverage,100,10,8,10,3,0
NatPath_K3,economic_shocks_coverage,100,11,11,11,6,0
NatPath_K3,economic_shocks_coverage,100,12,14,12,6,0
NatPath_K3,economic_shocks_coverage,100,13,17,13,6,0
NatPath_K3,economic_shocks_coverage,100,14,20,14,6,0
NatPath_K3,economic_shocks_coverage,100,15,23,15,6,0
NatPath_K3,economic_shocks_coverage,100,16,26,16,6,0
NatPath_K3,economic_shocks_coverage,100,17,30,17,12,0
NatPath_K3,economic_shocks_coverage,100,18,34,18,12,0
NatPath_K3,economic_shocks_coverage,100,19,38,19,12,0
NatPath_K3,economic_shocks_coverage,100,20,42,20,12,0
NatPath_K3,economic_shocks_coverage,100,21,46,21,12,0
NatPath_K3,economic_shocks_coverage,100,22,50,22,12,0
NatPath_K3,economic_shocks_coverage,1000,7,2,7,1,0
NatPath_K3,economic_shocks_coverage,1000,8,4,8,3,0
NatPath_K3,economic_shocks_coverage,1000,9,6,9,3,0
NatPath_K3,economic_shocks_coverage,1000,10,8,10,3,0
NatPath_K3,economic_shocks_coverage,1000,11,11,11,6,0
NatPath_K3,economic_shocks_coverage,1000,12,14,12,6,0
NatPath_K3,economic_shocks_coverage,1000,13,17,13,6,0
NatPath_K3,economic_shocks_coverage,1000,14,20,14,6,0
NatPath_K3,economic_shocks_coverage,1000,15,23,15,6,0
NatPath_K3,economic_shocks_coverage,1000,16,26,16,6,0
NatPath_K3,economic_shocks_coverage,1000,17,30,17,12,0
NatPath_K3,economic_shocks_coverage,1000,18,34,18,12,0
NatPath_K3,economic_shocks_coverage,1000,19,38,19,12,0
NatPath_K3,economic_shocks_coverage,1000,20,42,20,12,0
NatPath_K3,economic_shocks_coverage,1000,21,46,21,12,0
NatPath_K3,economic_shocks_coverage,1000,22,50,22,12,0
NatPath_K1,all_windows,100,7,2,7,1,0
NatPath_K1,all_windows,100,8,4,8,3,0
NatPath_K1,all_windows,100,9,6,9,3,0
NatPath_K1,all_windows,100,10,8,10,3,0
NatPath_K1,all_windows,100,11,11,11,6,0
NatPath_K1,all_windows,100,12,14,12,6,0
NatPath_K1,all_windows,100,13,17,13,6,0
NatPath_K1,all_windows,100,14,20,14,6,0
NatPath_K1,all_windows,100,15,23,15,6,0
NatPath_K1,all_windows,100,16,26,16,6,0
NatPath_K1,all_windows,100,17,30,17,12,0
NatPath_K1,all_windows,100,18,34,18,12,0
NatPath_K1,all_windows,100,19,38,19,12,0
NatPath_K1,all_windows,100,20,42,20,12,0
NatPath_K1,all_windows,100,21,46,21,12,0
NatPath_K1,all_windows,100,22,50,22,12,0
NatPath_K1,all_windows,1000,7,2,7,1,0
NatPath_K1,all_windows,1000,8,4,8,3,0
NatPath_K1,all_windows,1000,9,6,9,3,0
NatPath_K1,all_windows,1000,10,8,10,3,0
NatPath_K1,all_windows,1000,11,11,11,6,0
NatPath_K1,all_windows,1000,12,14,12,6,0
NatPath_K1,all_windows,1000,13,17,13,6,0
NatPath_K1,all_windows,1000,14,20,14,6,0
NatPath_K1,all_windows,1000,15,23,15,6,0
NatPath_K1,all_windows,1000,16,26,16,6,0
NatPath_K1,all_windows,1000,17,30,17,12,0
NatPath_K1,all_windows,1000,18,34,18,12,0
NatPath_K1,all_windows,1000,19,38,19,12,0
NatPath_K1,all_windows,1000,20,42,20,12,0
NatPath_K1,all_windows,1000,21,46,21,12,0
NatPath_K1,all_windows,1000,22,50,22,12,0
NatPath_K1,economic_windows,100,7,2,7,1,0
NatPath_K1,economic_windows,100,8,4,8,3,0
NatPath_K1,economic_windows,100,9,6,9,3,0
NatPath_K1,economic_windows,100,10,8,10,3,0
NatPath_K1,economic_windows,100,11,11,11,6,0
NatPath_K1,economic_windows,100,12,14,12,6,0
NatPath_K1,economic_windows,100,13,17,13,6,0
NatPath_K1,economic_windows,100,14,20,14,6,0
NatPath_K1,economic_windows,100,15,23,15,6,0
NatPath_K1,economic_windows,100,16,26,16,6,0
NatPath_K1,economic_windows,100,17,30,17,12,0
NatPath_K1,economic_windows,100,18,34,18,12,0
NatPath_K1,economic_windows,100,19,38,19,12,0
NatPath_K1,economic_windows,100,20,42,20,12,0
NatPath_K1,economic_windows,100,21,46,21,12,0
NatPath_K1,economic_windows,100,22,50,22,12,0
NatPath_K1,economic_windows,1000,7,2,7,1,0
NatPath_K1,economic_windows,1000,8,4,8,3,0
NatPath_K1,economic_windows,1000,9,6,9,3,0
NatPath_K1,economic_windows,1000,10,8,10,3,0
NatPath_K1,economic_windows,1000,11,11,11,6,0
NatPath_K1,economic_windows,1000,12,14,12,6,0
NatPath_K1,economic_windows,1000,13,17,13,6,0
NatPath_K1,economic_windows,1000,14,20,14,6,0
NatPath_K1,economic_windows,1000,15,23,15,6,0
NatPath_K1,economic_windows,1000,16,26,16,6,0
NatPath_K1,economic_windows,1000,17,30,17,12,0
NatPath_K1,economic_windows,1000,18,34,18,12,0
NatPath_K1,economic_windows,1000,19,38,19,12,0
NatPath_K1,economic_windows,1000,20,42,20,12,0
NatPath_K1,economic_windows,1000,21,46,21,12,0
NatPath_K1,economic_windows,1000,22,50,22,12,0
NatPath_K1,economic_shocks_windows,100,7,2,7,1,0
NatPath_K1,economic_shocks_windows,100,8,4,8,3,0
NatPath_K1,economic_shocks_windows,100,9,6,9,3,0
NatPath_K1,economic_shocks_windows,100,10,8,10,3,0
NatPath_K1,economic_shocks_windows,100,11,11,11,6,0
NatPath_K1,economic_shocks_windows,100,12,14,12,6,0
NatPath_K1,economic_shocks_windows,100,13,17,13,6,0
NatPath_K1,economic_shocks_windows,100,14,20,14,6,0
NatPath_K1,economic_shocks_windows,100,15,23,15,6,0
NatPath_K1,economic_shocks_windows,100,16,26,16,6,0
NatPath_K1,economic_shocks_windows,100,17,30,17,12,0
NatPath_K1,economic_shocks_windows,100,18,34,18,12,0
NatPath_K1,economic_shocks_windows,100,19,38,19,12,0
NatPath_K1,economic_shocks_windows,100,20,42,20,12,0
NatPath_K1,economic_shocks_windows,100,21,46,21,12,0
NatPath_K1,economic_shocks_windows,100,22,50,22,12,0
NatPath_K1,economic_shocks_windows,1000,7,2,7,1,0
NatPath_K1,economic_shocks_windows,1000,8,4,8,3,0
NatPath_K1,economic_shocks_windows,1000,9,6,9,3,0
NatPath_K1,economic_shocks_windows,1000,10,8,10,3,0
NatPath_K1,economic_shocks_windows,1000,11,11,11,6,0
NatPath_K1,economic_shocks_windows,1000,12,14,12,6,0
NatPath_K1,economic_shocks_windows,1000,13,17,13,6,0
NatPath_K1,economic_shocks_windows,1000,14,20,14,6,0
NatPath_K1,economic_shocks_windows,1000,15,23,15,6,0
NatPath_K1,economic_shocks_windows,1000,16,26,16,6,0
NatPath_K1,economic_shocks_windows,1000,17,30,17,12,0
NatPath_K1,economic_shocks_windows,1000,18,34,18,12,0
NatPath_K1,economic_shocks_windows,1000,19,38,19,12,0
NatPath_K1,economic_shocks_windows,1000,20,42,20,12,0
NatPath_K1,economic_shocks_windows,1000,21,46,21,12,0
NatPath_K1,economic_shocks_windows,1000,22,50,22,12,0
NatPath_K1,economic_decay_14d,100,7,2,7,1,0
NatPath_K1,economic_decay_14d,100,8,4,8,3,0
NatPath_K1,economic_decay_14d,100,9,6,9,3,0
NatPath_K1,economic_decay_14d,100,10,8,10,3,0
NatPath_K1,economic_decay_14d,100,11,11,11,6,0
NatPath_K1,economic_decay_14d,100,12,14,12,6,0
NatPath_K1,economic_decay_14d,100,13,17,13,6,0
NatPath_K1,economic_decay_14d,100,14,20,14,6,0
NatPath_K1,economic_decay_14d,100,15,23,15,6,0
NatPath_K1,economic_decay_14d,100,16,26,16,6,0
NatPath_K1,economic_decay_14d,100,17,30,17,12,0
NatPath_K1,economic_decay_14d,100,18,34,18,12,0
NatPath_K1,economic_decay_14d,100,19,38,19,12,0
NatPath_K1,economic_decay_14d,100,20,42,20,12,0
NatPath_K1,economic_decay_14d,100,21,46,21,12,0
NatPath_K1,economic_decay_14d,100,22,50,22,12,0
NatPath_K1,economic_decay_14d,1000,7,2,7,1,0
NatPath_K1,economic_decay_14d,1000,8,4,8,3,0
NatPath_K1,economic_decay_14d,1000,9,6,9,3,0
NatPath_K1,economic_decay_14d,1000,10,8,10,3,0
NatPath_K1,economic_decay_14d,1000,11,11,11,6,0
NatPath_K1,economic_decay_14d,1000,12,14,12,6,0
NatPath_K1,economic_decay_14d,1000,13,17,13,6,0
NatPath_K1,economic_decay_14d,1000,14,20,14,6,0
NatPath_K1,economic_decay_14d,1000,15,23,15,6,0
NatPath_K1,economic_decay_14d,1000,16,26,16,6,0
NatPath_K1,economic_decay_14d,1000,17,30,17,12,0
NatPath_K1,economic_decay_14d,1000,18,34,18,12,0
NatPath_K1,economic_decay_14d,1000,19,38,19,12,0
NatPath_K1,economic_decay_14d,1000,20,42,20,12,0
NatPath_K1,economic_decay_14d,1000,21,46,21,12,0
NatPath_K1,economic_decay_14d,1000,22,50,22,12,0
NatPath_K1,economic_decay_30d,100,7,2,7,1,0
NatPath_K1,economic_decay_30d,100,8,4,8,3,0
NatPath_K1,economic_decay_30d,100,9,6,9,3,0
NatPath_K1,economic_decay_30d,100,10,8,10,3,0
NatPath_K1,economic_decay_30d,100,11,11,11,6,0
NatPath_K1,economic_decay_30d,100,12,14,12,6,0
NatPath_K1,economic_decay_30d,100,13,17,13,6,0
NatPath_K1,economic_decay_30d,100,14,20,14,6,0
NatPath_K1,economic_decay_30d,100,15,23,15,6,0
NatPath_K1,economic_decay_30d,100,16,26,16,6,0
NatPath_K1,economic_decay_30d,100,17,30,17,12,0
NatPath_K1,economic_decay_30d,100,18,34,18,12,0
NatPath_K1,economic_decay_30d,100,19,38,19,12,0
NatPath_K1,economic_decay_30d,100,20,42,20,12,0
NatPath_K1,economic_decay_30d,100,21,46,21,12,0
NatPath_K1,economic_decay_30d,100,22,50,22,12,0
NatPath_K1,economic_decay_30d,1000,7,2,7,1,0
NatPath_K1,economic_decay_30d,1000,8,4,8,3,0
NatPath_K1,economic_decay_30d,1000,9,6,9,3,0
NatPath_K1,economic_decay_30d,1000,10,8,10,3,0
NatPath_K1,economic_decay_30d,1000,11,11,11,6,0
NatPath_K1,economic_decay_30d,1000,12,14,12,6,0
NatPath_K1,economic_decay_30d,1000,13,17,13,6,0
NatPath_K1,economic_decay_30d,1000,14,20,14,6,0
NatPath_K1,economic_decay_30d,1000,15,23,15,6,0
NatPath_K1,economic_decay_30d,1000,16,26,16,6,0
NatPath_K1,economic_decay_30d,1000,17,30,17,12,0
NatPath_K1,economic_decay_30d,1000,18,34,18,12,0
NatPath_K1,economic_decay_30d,1000,19,38,19,12,0
NatPath_K1,economic_decay_30d,1000,20,42,20,12,0
NatPath_K1,economic_decay_30d,1000,21,46,21,12,0
NatPath_K1,economic_decay_30d,1000,22,50,22,12,0
NatPath_K1,economic_decay_90d,100,7,2,7,1,0
NatPath_K1,economic_decay_90d,100,8,4,8,3,0
NatPath_K1,economic_decay_90d,100,9,6,9,3,0
NatPath_K1,economic_decay_90d,100,10,8,10,3,0
NatPath_K1,economic_decay_90d,100,11,11,11,6,0
NatPath_K1,economic_decay_90d,100,12,14,12,6,0
NatPath_K1,economic_decay_90d,100,13,17,13,6,0
NatPath_K1,economic_decay_90d,100,14,20,14,6,0
NatPath_K1,economic_decay_90d,100,15,23,15,6,0
NatPath_K1,economic_decay_90d,100,16,26,16,6,0
NatPath_K1,economic_decay_90d,100,17,30,17,12,0
NatPath_K1,economic_decay_90d,100,18,34,18,12,0
NatPath_K1,economic_decay_90d,100,19,38,19,12,0
NatPath_K1,economic_decay_90d,100,20,42,20,12,0
NatPath_K1,economic_decay_90d,100,21,46,21,12,0
NatPath_K1,economic_decay_90d,100,22,50,22,12,0
NatPath_K1,economic_decay_90d,1000,7,2,7,1,0
NatPath_K1,economic_decay_90d,1000,8,4,8,3,0
NatPath_K1,economic_decay_90d,1000,9,6,9,3,0
NatPath_K1,economic_decay_90d,1000,10,8,10,3,0
NatPath_K1,economic_decay_90d,1000,11,11,11,6,0
NatPath_K1,economic_decay_90d,1000,12,14,12,6,0
NatPath_K1,economic_decay_90d,1000,13,17,13,6,0
NatPath_K1,economic_decay_90d,1000,14,20,14,6,0
NatPath_K1,economic_decay_90d,1000,15,23,15,6,0
NatPath_K1,economic_decay_90d,1000,16,26,16,6,0
NatPath_K1,economic_decay_90d,1000,17,30,17,12,0
NatPath_K1,economic_decay_90d,1000,18,34,18,12,0
NatPath_K1,economic_decay_90d,1000,19,38,19,12,0
NatPath_K1,economic_decay_90d,1000,20,42,20,12,0
NatPath_K1,economic_decay_90d,1000,21,46,21,12,0
NatPath_K1,economic_decay_90d,1000,22,50,22,12,0
NatPath_K1,financial_only,100,7,2,7,1,0
NatPath_K1,financial_only,100,8,4,8,3,0
NatPath_K1,financial_only,100,9,6,9,3,0
NatPath_K1,financial_only,100,10,8,10,3,0
NatPath_K1,financial_only,100,11,11,11,6,0
NatPath_K1,financial_only,100,12,14,12,6,0
NatPath_K1,financial_only,100,13,17,13,6,0
NatPath_K1,financial_only,100,14,20,14,6,0
NatPath_K1,financial_only,100,15,23,15,6,0
NatPath_K1,financial_only,100,16,26,16,6,0
NatPath_K1,financial_only,100,17,30,17,12,0
NatPath_K1,financial_only,100,18,34,18,12,0
NatPath_K1,financial_only,100,19,38,19,12,0
NatPath_K1,financial_only,100,20,42,20,12,0
NatPath_K1,financial_only,100,21,46,21,12,0
NatPath_K1,financial_only,100,22,50,22,12,0
NatPath_K1,financial_only,1000,7,2,7,1,0
NatPath_K1,financial_only,1000,8,4,8,3,0
NatPath_K1,financial_only,1000,9,6,9,3,0
NatPath_K1,financial_only,1000,10,8,10,3,0
NatPath_K1,financial_only,1000,11,11,11,6,0
NatPath_K1,financial_only,1000,12,14,12,6,0
NatPath_K1,financial_only,1000,13,17,13,6,0
NatPath_K1,financial_only,1000,14,20,14,6,0
NatPath_K1,financial_only,1000,15,23,15,6,0
NatPath_K1,financial_only,1000,16,26,16,6,0
NatPath_K1,financial_only,1000,17,30,17,12,0
NatPath_K1,financial_only,1000,18,34,18,12,0
NatPath_K1,financial_only,1000,19,38,19,12,0
NatPath_K1,financial_only,1000,20,42,20,12,0
NatPath_K1,financial_only,1000,21,46,21,12,0
NatPath_K1,financial_only,1000,22,50,22,12,0
NatPath_K1,coverage_all,100,7,2,7,1,0
NatPath_K1,coverage_all,100,8,4,8,3,0
NatPath_K1,coverage_all,100,9,6,9,3,0
NatPath_K1,coverage_all,100,10,8,10,3,0
NatPath_K1,coverage_all,100,11,11,11,6,0
NatPath_K1,coverage_all,100,12,14,12,6,0
NatPath_K1,coverage_all,100,13,17,13,6,0
NatPath_K1,coverage_all,100,14,20,14,6,0
NatPath_K1,coverage_all,100,15,23,15,6,0
NatPath_K1,coverage_all,100,16,26,16,6,0
NatPath_K1,coverage_all,100,17,30,17,12,0
NatPath_K1,coverage_all,100,18,34,18,12,0
NatPath_K1,coverage_all,100,19,38,19,12,0
NatPath_K1,coverage_all,100,20,42,20,12,0
NatPath_K1,coverage_all,100,21,46,21,12,0
NatPath_K1,coverage_all,100,22,50,22,12,0
NatPath_K1,coverage_all,1000,7,2,7,1,0
NatPath_K1,coverage_all,1000,8,4,8,3,0
NatPath_K1,coverage_all,1000,9,6,9,3,0
NatPath_K1,coverage_all,1000,10,8,10,3,0
NatPath_K1,coverage_all,1000,11,11,11,6,0
NatPath_K1,coverage_all,1000,12,14,12,6,0
NatPath_K1,coverage_all,1000,13,17,13,6,0
NatPath_K1,coverage_all,1000,14,20,14,6,0
NatPath_K1,coverage_all,1000,15,23,15,6,0
NatPath_K1,coverage_all,1000,16,26,16,6,0
NatPath_K1,coverage_all,1000,17,30,17,12,0
NatPath_K1,coverage_all,1000,18,34,18,12,0
NatPath_K1,coverage_all,1000,19,38,19,12,0
NatPath_K1,coverage_all,1000,20,42,20,12,0
NatPath_K1,coverage_all,1000,21,46,21,12,0
NatPath_K1,coverage_all,1000,22,50,22,12,0
NatPath_K1,economic_coverage_windows,100,7,2,7,1,0
NatPath_K1,economic_coverage_windows,100,8,4,8,3,0
NatPath_K1,economic_coverage_windows,100,9,6,9,3,0
NatPath_K1,economic_coverage_windows,100,10,8,10,3,0
NatPath_K1,economic_coverage_windows,100,11,11,11,6,0
NatPath_K1,economic_coverage_windows,100,12,14,12,6,0
NatPath_K1,economic_coverage_windows,100,13,17,13,6,0
NatPath_K1,economic_coverage_windows,100,14,20,14,6,0
NatPath_K1,economic_coverage_windows,100,15,23,15,6,0
NatPath_K1,economic_coverage_windows,100,16,26,16,6,0
NatPath_K1,economic_coverage_windows,100,17,30,17,12,0
NatPath_K1,economic_coverage_windows,100,18,34,18,12,0
NatPath_K1,economic_coverage_windows,100,19,38,19,12,0
NatPath_K1,economic_coverage_windows,100,20,42,20,12,0
NatPath_K1,economic_coverage_windows,100,21,46,21,12,0
NatPath_K1,economic_coverage_windows,100,22,50,22,12,0
NatPath_K1,economic_coverage_windows,1000,7,2,7,1,0
NatPath_K1,economic_coverage_windows,1000,8,4,8,3,0
NatPath_K1,economic_coverage_windows,1000,9,6,9,3,0
NatPath_K1,economic_coverage_windows,1000,10,8,10,3,0
NatPath_K1,economic_coverage_windows,1000,11,11,11,6,0
NatPath_K1,economic_coverage_windows,1000,12,14,12,6,0
NatPath_K1,economic_coverage_windows,1000,13,17,13,6,0
NatPath_K1,economic_coverage_windows,1000,14,20,14,6,0
NatPath_K1,economic_coverage_windows,1000,15,23,15,6,0
NatPath_K1,economic_coverage_windows,1000,16,26,16,6,0
NatPath_K1,economic_coverage_windows,1000,17,30,17,12,0
NatPath_K1,economic_coverage_windows,1000,18,34,18,12,0
NatPath_K1,economic_coverage_windows,1000,19,38,19,12,0
NatPath_K1,economic_coverage_windows,1000,20,42,20,12,0
NatPath_K1,economic_coverage_windows,1000,21,46,21,12,0
NatPath_K1,economic_coverage_windows,1000,22,50,22,12,0
NatPath_K1,economic_coverage_decay_14d,100,7,2,7,1,0
NatPath_K1,economic_coverage_decay_14d,100,8,4,8,3,0
NatPath_K1,economic_coverage_decay_14d,100,9,6,9,3,0
NatPath_K1,economic_coverage_decay_14d,100,10,8,10,3,0
NatPath_K1,economic_coverage_decay_14d,100,11,11,11,6,0
NatPath_K1,economic_coverage_decay_14d,100,12,14,12,6,0
NatPath_K1,economic_coverage_decay_14d,100,13,17,13,6,0
NatPath_K1,economic_coverage_decay_14d,100,14,20,14,6,0
NatPath_K1,economic_coverage_decay_14d,100,15,23,15,6,0
NatPath_K1,economic_coverage_decay_14d,100,16,26,16,6,0
NatPath_K1,economic_coverage_decay_14d,100,17,30,17,12,0
NatPath_K1,economic_coverage_decay_14d,100,18,34,18,12,0
NatPath_K1,economic_coverage_decay_14d,100,19,38,19,12,0
NatPath_K1,economic_coverage_decay_14d,100,20,42,20,12,0
NatPath_K1,economic_coverage_decay_14d,100,21,46,21,12,0
NatPath_K1,economic_coverage_decay_14d,100,22,50,22,12,0
NatPath_K1,economic_coverage_decay_14d,1000,7,2,7,1,0
NatPath_K1,economic_coverage_decay_14d,1000,8,4,8,3,0
NatPath_K1,economic_coverage_decay_14d,1000,9,6,9,3,0
NatPath_K1,economic_coverage_decay_14d,1000,10,8,10,3,0
NatPath_K1,economic_coverage_decay_14d,1000,11,11,11,6,0
NatPath_K1,economic_coverage_decay_14d,1000,12,14,12,6,0
NatPath_K1,economic_coverage_decay_14d,1000,13,17,13,6,0
NatPath_K1,economic_coverage_decay_14d,1000,14,20,14,6,0
NatPath_K1,economic_coverage_decay_14d,1000,15,23,15,6,0
NatPath_K1,economic_coverage_decay_14d,1000,16,26,16,6,0
NatPath_K1,economic_coverage_decay_14d,1000,17,30,17,12,0
NatPath_K1,economic_coverage_decay_14d,1000,18,34,18,12,0
NatPath_K1,economic_coverage_decay_14d,1000,19,38,19,12,0
NatPath_K1,economic_coverage_decay_14d,1000,20,42,20,12,0
NatPath_K1,economic_coverage_decay_14d,1000,21,46,21,12,0
NatPath_K1,economic_coverage_decay_14d,1000,22,50,22,12,0
NatPath_K1,economic_coverage_decay_30d,100,7,2,7,1,0
NatPath_K1,economic_coverage_decay_30d,100,8,4,8,3,0
NatPath_K1,economic_coverage_decay_30d,100,9,6,9,3,0
NatPath_K1,economic_coverage_decay_30d,100,10,8,10,3,0
NatPath_K1,economic_coverage_decay_30d,100,11,11,11,6,0
NatPath_K1,economic_coverage_decay_30d,100,12,14,12,6,0
NatPath_K1,economic_coverage_decay_30d,100,13,17,13,6,0
NatPath_K1,economic_coverage_decay_30d,100,14,20,14,6,0
NatPath_K1,economic_coverage_decay_30d,100,15,23,15,6,0
NatPath_K1,economic_coverage_decay_30d,100,16,26,16,6,0
NatPath_K1,economic_coverage_decay_30d,100,17,30,17,12,0
NatPath_K1,economic_coverage_decay_30d,100,18,34,18,12,0
NatPath_K1,economic_coverage_decay_30d,100,19,38,19,12,0
NatPath_K1,economic_coverage_decay_30d,100,20,42,20,12,0
NatPath_K1,economic_coverage_decay_30d,100,21,46,21,12,0
NatPath_K1,economic_coverage_decay_30d,100,22,50,22,12,0
NatPath_K1,economic_coverage_decay_30d,1000,7,2,7,1,0
NatPath_K1,economic_coverage_decay_30d,1000,8,4,8,3,0
NatPath_K1,economic_coverage_decay_30d,1000,9,6,9,3,0
NatPath_K1,economic_coverage_decay_30d,1000,10,8,10,3,0
NatPath_K1,economic_coverage_decay_30d,1000,11,11,11,6,0
NatPath_K1,economic_coverage_decay_30d,1000,12,14,12,6,0
NatPath_K1,economic_coverage_decay_30d,1000,13,17,13,6,0
NatPath_K1,economic_coverage_decay_30d,1000,14,20,14,6,0
NatPath_K1,economic_coverage_decay_30d,1000,15,23,15,6,0
NatPath_K1,economic_coverage_decay_30d,1000,16,26,16,6,0
NatPath_K1,economic_coverage_decay_30d,1000,17,30,17,12,0
NatPath_K1,economic_coverage_decay_30d,1000,18,34,18,12,0
NatPath_K1,economic_coverage_decay_30d,1000,19,38,19,12,0
NatPath_K1,economic_coverage_decay_30d,1000,20,42,20,12,0
NatPath_K1,economic_coverage_decay_30d,1000,21,46,21,12,0
NatPath_K1,economic_coverage_decay_30d,1000,22,50,22,12,0
NatPath_K1,economic_coverage_decay_90d,100,7,2,7,1,0
NatPath_K1,economic_coverage_decay_90d,100,8,4,8,3,0
NatPath_K1,economic_coverage_decay_90d,100,9,6,9,3,0
NatPath_K1,economic_coverage_decay_90d,100,10,8,10,3,0
NatPath_K1,economic_coverage_decay_90d,100,11,11,11,6,0
NatPath_K1,economic_coverage_decay_90d,100,12,14,12,6,0
NatPath_K1,economic_coverage_decay_90d,100,13,17,13,6,0
NatPath_K1,economic_coverage_decay_90d,100,14,20,14,6,0
NatPath_K1,economic_coverage_decay_90d,100,15,23,15,6,0
NatPath_K1,economic_coverage_decay_90d,100,16,26,16,6,0
NatPath_K1,economic_coverage_decay_90d,100,17,30,17,12,0
NatPath_K1,economic_coverage_decay_90d,100,18,34,18,12,0
NatPath_K1,economic_coverage_decay_90d,100,19,38,19,12,0
NatPath_K1,economic_coverage_decay_90d,100,20,42,20,12,0
NatPath_K1,economic_coverage_decay_90d,100,21,46,21,12,0
NatPath_K1,economic_coverage_decay_90d,100,22,50,22,12,0
NatPath_K1,economic_coverage_decay_90d,1000,7,2,7,1,0
NatPath_K1,economic_coverage_decay_90d,1000,8,4,8,3,0
NatPath_K1,economic_coverage_decay_90d,1000,9,6,9,3,0
NatPath_K1,economic_coverage_decay_90d,1000,10,8,10,3,0
NatPath_K1,economic_coverage_decay_90d,1000,11,11,11,6,0
NatPath_K1,economic_coverage_decay_90d,1000,12,14,12,6,0
NatPath_K1,economic_coverage_decay_90d,1000,13,17,13,6,0
NatPath_K1,economic_coverage_decay_90d,1000,14,20,14,6,0
NatPath_K1,economic_coverage_decay_90d,1000,15,23,15,6,0
NatPath_K1,economic_coverage_decay_90d,1000,16,26,16,6,0
NatPath_K1,economic_coverage_decay_90d,1000,17,30,17,12,0
NatPath_K1,economic_coverage_decay_90d,1000,18,34,18,12,0
NatPath_K1,economic_coverage_decay_90d,1000,19,38,19,12,0
NatPath_K1,economic_coverage_decay_90d,1000,20,42,20,12,0
NatPath_K1,economic_coverage_decay_90d,1000,21,46,21,12,0
NatPath_K1,economic_coverage_decay_90d,1000,22,50,22,12,0
NatPath_K1,all_coverage,100,7,2,7,1,0
NatPath_K1,all_coverage,100,8,4,8,3,0
NatPath_K1,all_coverage,100,9,6,9,3,0
NatPath_K1,all_coverage,100,10,8,10,3,0
NatPath_K1,all_coverage,100,11,11,11,6,0
NatPath_K1,all_coverage,100,12,14,12,6,0
NatPath_K1,all_coverage,100,13,17,13,6,0
NatPath_K1,all_coverage,100,14,20,14,6,0
NatPath_K1,all_coverage,100,15,23,15,6,0
NatPath_K1,all_coverage,100,16,26,16,6,0
NatPath_K1,all_coverage,100,17,30,17,12,0
NatPath_K1,all_coverage,100,18,34,18,12,0
NatPath_K1,all_coverage,100,19,38,19,12,0
NatPath_K1,all_coverage,100,20,42,20,12,0
NatPath_K1,all_coverage,100,21,46,21,12,0
NatPath_K1,all_coverage,100,22,50,22,12,0
NatPath_K1,all_coverage,1000,7,2,7,1,0
NatPath_K1,all_coverage,1000,8,4,8,3,0
NatPath_K1,all_coverage,1000,9,6,9,3,0
NatPath_K1,all_coverage,1000,10,8,10,3,0
NatPath_K1,all_coverage,1000,11,11,11,6,0
NatPath_K1,all_coverage,1000,12,14,12,6,0
NatPath_K1,all_coverage,1000,13,17,13,6,0
NatPath_K1,all_coverage,1000,14,20,14,6,0
NatPath_K1,all_coverage,1000,15,23,15,6,0
NatPath_K1,all_coverage,1000,16,26,16,6,0
NatPath_K1,all_coverage,1000,17,30,17,12,0
NatPath_K1,all_coverage,1000,18,34,18,12,0
NatPath_K1,all_coverage,1000,19,38,19,12,0
NatPath_K1,all_coverage,1000,20,42,20,12,0
NatPath_K1,all_coverage,1000,21,46,21,12,0
NatPath_K1,all_coverage,1000,22,50,22,12,0
NatPath_K1,economic_shocks_coverage,100,7,2,7,1,0
NatPath_K1,economic_shocks_coverage,100,8,4,8,3,0
NatPath_K1,economic_shocks_coverage,100,9,6,9,3,0
NatPath_K1,economic_shocks_coverage,100,10,8,10,3,0
NatPath_K1,economic_shocks_coverage,100,11,11,11,6,0
NatPath_K1,economic_shocks_coverage,100,12,14,12,6,0
NatPath_K1,economic_shocks_coverage,100,13,17,13,6,0
NatPath_K1,economic_shocks_coverage,100,14,20,14,6,0
NatPath_K1,economic_shocks_coverage,100,15,23,15,6,0
NatPath_K1,economic_shocks_coverage,100,16,26,16,6,0
NatPath_K1,economic_shocks_coverage,100,17,30,17,12,0
NatPath_K1,economic_shocks_coverage,100,18,34,18,12,0
NatPath_K1,economic_shocks_coverage,100,19,38,19,12,0
NatPath_K1,economic_shocks_coverage,100,20,42,20,12,0
NatPath_K1,economic_shocks_coverage,100,21,46,21,12,0
NatPath_K1,economic_shocks_coverage,100,22,50,22,12,0
NatPath_K1,economic_shocks_coverage,1000,7,2,7,1,0
NatPath_K1,economic_shocks_coverage,1000,8,4,8,3,0
NatPath_K1,economic_shocks_coverage,1000,9,6,9,3,0
NatPath_K1,economic_shocks_coverage,1000,10,8,10,3,0
NatPath_K1,economic_shocks_coverage,1000,11,11,11,6,0
NatPath_K1,economic_shocks_coverage,1000,12,14,12,6,0
NatPath_K1,economic_shocks_coverage,1000,13,17,13,6,0
NatPath_K1,economic_shocks_coverage,1000,14,20,14,6,0
NatPath_K1,economic_shocks_coverage,1000,15,23,15,6,0
NatPath_K1,economic_shocks_coverage,1000,16,26,16,6,0
NatPath_K1,economic_shocks_coverage,1000,17,30,17,12,0
NatPath_K1,economic_shocks_coverage,1000,18,34,18,12,0
NatPath_K1,economic_shocks_coverage,1000,19,38,19,12,0
NatPath_K1,economic_shocks_coverage,1000,20,42,20,12,0
NatPath_K1,economic_shocks_coverage,1000,21,46,21,12,0
NatPath_K1,economic_shocks_coverage,1000,22,50,22,12,0
StructHGB,all_windows,100,7,2,7,1,0
StructHGB,all_windows,100,8,4,8,3,0
StructHGB,all_windows,100,9,6,9,3,0
StructHGB,all_windows,100,10,8,10,3,0
StructHGB,all_windows,100,11,11,11,6,0
StructHGB,all_windows,100,12,14,12,6,0
StructHGB,all_windows,100,13,17,13,6,0
StructHGB,all_windows,100,14,20,14,6,0
StructHGB,all_windows,100,15,23,15,6,0
StructHGB,all_windows,100,16,26,16,6,0
StructHGB,all_windows,100,17,30,17,12,0
StructHGB,all_windows,100,18,34,18,12,0
StructHGB,all_windows,100,19,38,19,12,0
StructHGB,all_windows,100,20,42,20,12,0
StructHGB,all_windows,100,21,46,21,12,0
StructHGB,all_windows,100,22,50,22,12,0
StructHGB,all_windows,1000,7,2,7,1,0
StructHGB,all_windows,1000,8,4,8,3,0
StructHGB,all_windows,1000,9,6,9,3,0
StructHGB,all_windows,1000,10,8,10,3,0
StructHGB,all_windows,1000,11,11,11,6,0
StructHGB,all_windows,1000,12,14,12,6,0
StructHGB,all_windows,1000,13,17,13,6,0
StructHGB,all_windows,1000,14,20,14,6,0
StructHGB,all_windows,1000,15,23,15,6,0
StructHGB,all_windows,1000,16,26,16,6,0
StructHGB,all_windows,1000,17,30,17,12,0
StructHGB,all_windows,1000,18,34,18,12,0
StructHGB,all_windows,1000,19,38,19,12,0
StructHGB,all_windows,1000,20,42,20,12,0
StructHGB,all_windows,1000,21,46,21,12,0
StructHGB,all_windows,1000,22,50,22,12,0
StructHGB,economic_windows,100,7,2,7,1,0
StructHGB,economic_windows,100,8,4,8,3,0
StructHGB,economic_windows,100,9,6,9,3,0
StructHGB,economic_windows,100,10,8,10,3,0
StructHGB,economic_windows,100,11,11,11,6,0
StructHGB,economic_windows,100,12,14,12,6,0
StructHGB,economic_windows,100,13,17,13,6,0
StructHGB,economic_windows,100,14,20,14,6,0
StructHGB,economic_windows,100,15,23,15,6,0
StructHGB,economic_windows,100,16,26,16,6,0
StructHGB,economic_windows,100,17,30,17,12,0
StructHGB,economic_windows,100,18,34,18,12,0
StructHGB,economic_windows,100,19,38,19,12,0
StructHGB,economic_windows,100,20,42,20,12,0
StructHGB,economic_windows,100,21,46,21,12,0
StructHGB,economic_windows,100,22,50,22,12,0
StructHGB,economic_windows,1000,7,2,7,1,0
StructHGB,economic_windows,1000,8,4,8,3,0
StructHGB,economic_windows,1000,9,6,9,3,0
StructHGB,economic_windows,1000,10,8,10,3,0
StructHGB,economic_windows,1000,11,11,11,6,0
StructHGB,economic_windows,1000,12,14,12,6,0
StructHGB,economic_windows,1000,13,17,13,6,0
StructHGB,economic_windows,1000,14,20,14,6,0
StructHGB,economic_windows,1000,15,23,15,6,0
StructHGB,economic_windows,1000,16,26,16,6,0
StructHGB,economic_windows,1000,17,30,17,12,0
StructHGB,economic_windows,1000,18,34,18,12,0
StructHGB,economic_windows,1000,19,38,19,12,0
StructHGB,economic_windows,1000,20,42,20,12,0
StructHGB,economic_windows,1000,21,46,21,12,0
StructHGB,economic_windows,1000,22,50,22,12,0
StructHGB,economic_shocks_windows,100,7,2,7,1,0
StructHGB,economic_shocks_windows,100,8,4,8,3,0
StructHGB,economic_shocks_windows,100,9,6,9,3,0
StructHGB,economic_shocks_windows,100,10,8,10,3,0
StructHGB,economic_shocks_windows,100,11,11,11,6,0
StructHGB,economic_shocks_windows,100,12,14,12,6,0
StructHGB,economic_shocks_windows,100,13,17,13,6,0
StructHGB,economic_shocks_windows,100,14,20,14,6,0
StructHGB,economic_shocks_windows,100,15,23,15,6,0
StructHGB,economic_shocks_windows,100,16,26,16,6,0
StructHGB,economic_shocks_windows,100,17,30,17,12,0
StructHGB,economic_shocks_windows,100,18,34,18,12,0
StructHGB,economic_shocks_windows,100,19,38,19,12,0
StructHGB,economic_shocks_windows,100,20,42,20,12,0
StructHGB,economic_shocks_windows,100,21,46,21,12,0
StructHGB,economic_shocks_windows,100,22,50,22,12,0
StructHGB,economic_shocks_windows,1000,7,2,7,1,0
StructHGB,economic_shocks_windows,1000,8,4,8,3,0
StructHGB,economic_shocks_windows,1000,9,6,9,3,0
StructHGB,economic_shocks_windows,1000,10,8,10,3,0
StructHGB,economic_shocks_windows,1000,11,11,11,6,0
StructHGB,economic_shocks_windows,1000,12,14,12,6,0
StructHGB,economic_shocks_windows,1000,13,17,13,6,0
StructHGB,economic_shocks_windows,1000,14,20,14,6,0
StructHGB,economic_shocks_windows,1000,15,23,15,6,0
StructHGB,economic_shocks_windows,1000,16,26,16,6,0
StructHGB,economic_shocks_windows,1000,17,30,17,12,0
StructHGB,economic_shocks_windows,1000,18,34,18,12,0
StructHGB,economic_shocks_windows,1000,19,38,19,12,0
StructHGB,economic_shocks_windows,1000,20,42,20,12,0
StructHGB,economic_shocks_windows,1000,21,46,21,12,0
StructHGB,economic_shocks_windows,1000,22,50,22,12,0
StructHGB,economic_decay_14d,100,7,2,7,1,0
StructHGB,economic_decay_14d,100,8,4,8,3,0
StructHGB,economic_decay_14d,100,9,6,9,3,0
StructHGB,economic_decay_14d,100,10,8,10,3,0
StructHGB,economic_decay_14d,100,11,11,11,6,0
StructHGB,economic_decay_14d,100,12,14,12,6,0
StructHGB,economic_decay_14d,100,13,17,13,6,0
StructHGB,economic_decay_14d,100,14,20,14,6,0
StructHGB,economic_decay_14d,100,15,23,15,6,0
StructHGB,economic_decay_14d,100,16,26,16,6,0
StructHGB,economic_decay_14d,100,17,30,17,12,0
StructHGB,economic_decay_14d,100,18,34,18,12,0
StructHGB,economic_decay_14d,100,19,38,19,12,0
StructHGB,economic_decay_14d,100,20,42,20,12,0
StructHGB,economic_decay_14d,100,21,46,21,12,0
StructHGB,economic_decay_14d,100,22,50,22,12,0
StructHGB,economic_decay_14d,1000,7,2,7,1,0
StructHGB,economic_decay_14d,1000,8,4,8,3,0
StructHGB,economic_decay_14d,1000,9,6,9,3,0
StructHGB,economic_decay_14d,1000,10,8,10,3,0
StructHGB,economic_decay_14d,1000,11,11,11,6,0
StructHGB,economic_decay_14d,1000,12,14,12,6,0
StructHGB,economic_decay_14d,1000,13,17,13,6,0
StructHGB,economic_decay_14d,1000,14,20,14,6,0
StructHGB,economic_decay_14d,1000,15,23,15,6,0
StructHGB,economic_decay_14d,1000,16,26,16,6,0
StructHGB,economic_decay_14d,1000,17,30,17,12,0
StructHGB,economic_decay_14d,1000,18,34,18,12,0
StructHGB,economic_decay_14d,1000,19,38,19,12,0
StructHGB,economic_decay_14d,1000,20,42,20,12,0
StructHGB,economic_decay_14d,1000,21,46,21,12,0
StructHGB,economic_decay_14d,1000,22,50,22,12,0
StructHGB,economic_decay_30d,100,7,2,7,1,0
StructHGB,economic_decay_30d,100,8,4,8,3,0
StructHGB,economic_decay_30d,100,9,6,9,3,0
StructHGB,economic_decay_30d,100,10,8,10,3,0
StructHGB,economic_decay_30d,100,11,11,11,6,0
StructHGB,economic_decay_30d,100,12,14,12,6,0
StructHGB,economic_decay_30d,100,13,17,13,6,0
StructHGB,economic_decay_30d,100,14,20,14,6,0
StructHGB,economic_decay_30d,100,15,23,15,6,0
StructHGB,economic_decay_30d,100,16,26,16,6,0
StructHGB,economic_decay_30d,100,17,30,17,12,0
StructHGB,economic_decay_30d,100,18,34,18,12,0
StructHGB,economic_decay_30d,100,19,38,19,12,0
StructHGB,economic_decay_30d,100,20,42,20,12,0
StructHGB,economic_decay_30d,100,21,46,21,12,0
StructHGB,economic_decay_30d,100,22,50,22,12,0
StructHGB,economic_decay_30d,1000,7,2,7,1,0
StructHGB,economic_decay_30d,1000,8,4,8,3,0
StructHGB,economic_decay_30d,1000,9,6,9,3,0
StructHGB,economic_decay_30d,1000,10,8,10,3,0
StructHGB,economic_decay_30d,1000,11,11,11,6,0
StructHGB,economic_decay_30d,1000,12,14,12,6,0
StructHGB,economic_decay_30d,1000,13,17,13,6,0
StructHGB,economic_decay_30d,1000,14,20,14,6,0
StructHGB,economic_decay_30d,1000,15,23,15,6,0
StructHGB,economic_decay_30d,1000,16,26,16,6,0
StructHGB,economic_decay_30d,1000,17,30,17,12,0
StructHGB,economic_decay_30d,1000,18,34,18,12,0
StructHGB,economic_decay_30d,1000,19,38,19,12,0
StructHGB,economic_decay_30d,1000,20,42,20,12,0
StructHGB,economic_decay_30d,1000,21,46,21,12,0
StructHGB,economic_decay_30d,1000,22,50,22,12,0
StructHGB,economic_decay_90d,100,7,2,7,1,0
StructHGB,economic_decay_90d,100,8,4,8,3,0
StructHGB,economic_decay_90d,100,9,6,9,3,0
StructHGB,economic_decay_90d,100,10,8,10,3,0
StructHGB,economic_decay_90d,100,11,11,11,6,0
StructHGB,economic_decay_90d,100,12,14,12,6,0
StructHGB,economic_decay_90d,100,13,17,13,6,0
StructHGB,economic_decay_90d,100,14,20,14,6,0
StructHGB,economic_decay_90d,100,15,23,15,6,0
StructHGB,economic_decay_90d,100,16,26,16,6,0
StructHGB,economic_decay_90d,100,17,30,17,12,0
StructHGB,economic_decay_90d,100,18,34,18,12,0
StructHGB,economic_decay_90d,100,19,38,19,12,0
StructHGB,economic_decay_90d,100,20,42,20,12,0
StructHGB,economic_decay_90d,100,21,46,21,12,0
StructHGB,economic_decay_90d,100,22,50,22,12,0
StructHGB,economic_decay_90d,1000,7,2,7,1,0
StructHGB,economic_decay_90d,1000,8,4,8,3,0
StructHGB,economic_decay_90d,1000,9,6,9,3,0
StructHGB,economic_decay_90d,1000,10,8,10,3,0
StructHGB,economic_decay_90d,1000,11,11,11,6,0
StructHGB,economic_decay_90d,1000,12,14,12,6,0
StructHGB,economic_decay_90d,1000,13,17,13,6,0
StructHGB,economic_decay_90d,1000,14,20,14,6,0
StructHGB,economic_decay_90d,1000,15,23,15,6,0
StructHGB,economic_decay_90d,1000,16,26,16,6,0
StructHGB,economic_decay_90d,1000,17,30,17,12,0
StructHGB,economic_decay_90d,1000,18,34,18,12,0
StructHGB,economic_decay_90d,1000,19,38,19,12,0
StructHGB,economic_decay_90d,1000,20,42,20,12,0
StructHGB,economic_decay_90d,1000,21,46,21,12,0
StructHGB,economic_decay_90d,1000,22,50,22,12,0
StructHGB,financial_only,100,7,2,7,1,0
StructHGB,financial_only,100,8,4,8,3,0
StructHGB,financial_only,100,9,6,9,3,0
StructHGB,financial_only,100,10,8,10,3,0
StructHGB,financial_only,100,11,11,11,6,0
StructHGB,financial_only,100,12,14,12,6,0
StructHGB,financial_only,100,13,17,13,6,0
StructHGB,financial_only,100,14,20,14,6,0
StructHGB,financial_only,100,15,23,15,6,0
StructHGB,financial_only,100,16,26,16,6,0
StructHGB,financial_only,100,17,30,17,12,0
StructHGB,financial_only,100,18,34,18,12,0
StructHGB,financial_only,100,19,38,19,12,0
StructHGB,financial_only,100,20,42,20,12,0
StructHGB,financial_only,100,21,46,21,12,0
StructHGB,financial_only,100,22,50,22,12,0
StructHGB,financial_only,1000,7,2,7,1,0
StructHGB,financial_only,1000,8,4,8,3,0
StructHGB,financial_only,1000,9,6,9,3,0
StructHGB,financial_only,1000,10,8,10,3,0
StructHGB,financial_only,1000,11,11,11,6,0
StructHGB,financial_only,1000,12,14,12,6,0
StructHGB,financial_only,1000,13,17,13,6,0
StructHGB,financial_only,1000,14,20,14,6,0
StructHGB,financial_only,1000,15,23,15,6,0
StructHGB,financial_only,1000,16,26,16,6,0
StructHGB,financial_only,1000,17,30,17,12,0
StructHGB,financial_only,1000,18,34,18,12,0
StructHGB,financial_only,1000,19,38,19,12,0
StructHGB,financial_only,1000,20,42,20,12,0
StructHGB,financial_only,1000,21,46,21,12,0
StructHGB,financial_only,1000,22,50,22,12,0
StructHGB,coverage_all,100,7,2,7,1,0
StructHGB,coverage_all,100,8,4,8,3,0
StructHGB,coverage_all,100,9,6,9,3,0
StructHGB,coverage_all,100,10,8,10,3,0
StructHGB,coverage_all,100,11,11,11,6,0
StructHGB,coverage_all,100,12,14,12,6,0
StructHGB,coverage_all,100,13,17,13,6,0
StructHGB,coverage_all,100,14,20,14,6,0
StructHGB,coverage_all,100,15,23,15,6,0
StructHGB,coverage_all,100,16,26,16,6,0
StructHGB,coverage_all,100,17,30,17,12,0
StructHGB,coverage_all,100,18,34,18,12,0
StructHGB,coverage_all,100,19,38,19,12,0
StructHGB,coverage_all,100,20,42,20,12,0
StructHGB,coverage_all,100,21,46,21,12,0
StructHGB,coverage_all,100,22,50,22,12,0
StructHGB,coverage_all,1000,7,2,7,1,0
StructHGB,coverage_all,1000,8,4,8,3,0
StructHGB,coverage_all,1000,9,6,9,3,0
StructHGB,coverage_all,1000,10,8,10,3,0
StructHGB,coverage_all,1000,11,11,11,6,0
StructHGB,coverage_all,1000,12,14,12,6,0
StructHGB,coverage_all,1000,13,17,13,6,0
StructHGB,coverage_all,1000,14,20,14,6,0
StructHGB,coverage_all,1000,15,23,15,6,0
StructHGB,coverage_all,1000,16,26,16,6,0
StructHGB,coverage_all,1000,17,30,17,12,0
StructHGB,coverage_all,1000,18,34,18,12,0
StructHGB,coverage_all,1000,19,38,19,12,0
StructHGB,coverage_all,1000,20,42,20,12,0
StructHGB,coverage_all,1000,21,46,21,12,0
StructHGB,coverage_all,1000,22,50,22,12,0
StructHGB,economic_coverage_windows,100,7,2,7,1,0
StructHGB,economic_coverage_windows,100,8,4,8,3,0
StructHGB,economic_coverage_windows,100,9,6,9,3,0
StructHGB,economic_coverage_windows,100,10,8,10,3,0
StructHGB,economic_coverage_windows,100,11,11,11,6,0
StructHGB,economic_coverage_windows,100,12,14,12,6,0
StructHGB,economic_coverage_windows,100,13,17,13,6,0
StructHGB,economic_coverage_windows,100,14,20,14,6,0
StructHGB,economic_coverage_windows,100,15,23,15,6,0
StructHGB,economic_coverage_windows,100,16,26,16,6,0
StructHGB,economic_coverage_windows,100,17,30,17,12,0
StructHGB,economic_coverage_windows,100,18,34,18,12,0
StructHGB,economic_coverage_windows,100,19,38,19,12,0
StructHGB,economic_coverage_windows,100,20,42,20,12,0
StructHGB,economic_coverage_windows,100,21,46,21,12,0
StructHGB,economic_coverage_windows,100,22,50,22,12,0
StructHGB,economic_coverage_windows,1000,7,2,7,1,0
StructHGB,economic_coverage_windows,1000,8,4,8,3,0
StructHGB,economic_coverage_windows,1000,9,6,9,3,0
StructHGB,economic_coverage_windows,1000,10,8,10,3,0
StructHGB,economic_coverage_windows,1000,11,11,11,6,0
StructHGB,economic_coverage_windows,1000,12,14,12,6,0
StructHGB,economic_coverage_windows,1000,13,17,13,6,0
StructHGB,economic_coverage_windows,1000,14,20,14,6,0
StructHGB,economic_coverage_windows,1000,15,23,15,6,0
StructHGB,economic_coverage_windows,1000,16,26,16,6,0
StructHGB,economic_coverage_windows,1000,17,30,17,12,0
StructHGB,economic_coverage_windows,1000,18,34,18,12,0
StructHGB,economic_coverage_windows,1000,19,38,19,12,0
StructHGB,economic_coverage_windows,1000,20,42,20,12,0
StructHGB,economic_coverage_windows,1000,21,46,21,12,0
StructHGB,economic_coverage_windows,1000,22,50,22,12,0
StructHGB,economic_coverage_decay_14d,100,7,2,7,1,0
StructHGB,economic_coverage_decay_14d,100,8,4,8,3,0
StructHGB,economic_coverage_decay_14d,100,9,6,9,3,0
StructHGB,economic_coverage_decay_14d,100,10,8,10,3,0
StructHGB,economic_coverage_decay_14d,100,11,11,11,6,0
StructHGB,economic_coverage_decay_14d,100,12,14,12,6,0
StructHGB,economic_coverage_decay_14d,100,13,17,13,6,0
StructHGB,economic_coverage_decay_14d,100,14,20,14,6,0
StructHGB,economic_coverage_decay_14d,100,15,23,15,6,0
StructHGB,economic_coverage_decay_14d,100,16,26,16,6,0
StructHGB,economic_coverage_decay_14d,100,17,30,17,12,0
StructHGB,economic_coverage_decay_14d,100,18,34,18,12,0
StructHGB,economic_coverage_decay_14d,100,19,38,19,12,0
StructHGB,economic_coverage_decay_14d,100,20,42,20,12,0
StructHGB,economic_coverage_decay_14d,100,21,46,21,12,0
StructHGB,economic_coverage_decay_14d,100,22,50,22,12,0
StructHGB,economic_coverage_decay_14d,1000,7,2,7,1,0
StructHGB,economic_coverage_decay_14d,1000,8,4,8,3,0
StructHGB,economic_coverage_decay_14d,1000,9,6,9,3,0
StructHGB,economic_coverage_decay_14d,1000,10,8,10,3,0
StructHGB,economic_coverage_decay_14d,1000,11,11,11,6,0
StructHGB,economic_coverage_decay_14d,1000,12,14,12,6,0
StructHGB,economic_coverage_decay_14d,1000,13,17,13,6,0
StructHGB,economic_coverage_decay_14d,1000,14,20,14,6,0
StructHGB,economic_coverage_decay_14d,1000,15,23,15,6,0
StructHGB,economic_coverage_decay_14d,1000,16,26,16,6,0
StructHGB,economic_coverage_decay_14d,1000,17,30,17,12,0
StructHGB,economic_coverage_decay_14d,1000,18,34,18,12,0
StructHGB,economic_coverage_decay_14d,1000,19,38,19,12,0
StructHGB,economic_coverage_decay_14d,1000,20,42,20,12,0
StructHGB,economic_coverage_decay_14d,1000,21,46,21,12,0
StructHGB,economic_coverage_decay_14d,1000,22,50,22,12,0
StructHGB,economic_coverage_decay_30d,100,7,2,7,1,0
StructHGB,economic_coverage_decay_30d,100,8,4,8,3,0
StructHGB,economic_coverage_decay_30d,100,9,6,9,3,0
StructHGB,economic_coverage_decay_30d,100,10,8,10,3,0
StructHGB,economic_coverage_decay_30d,100,11,11,11,6,0
StructHGB,economic_coverage_decay_30d,100,12,14,12,6,0
StructHGB,economic_coverage_decay_30d,100,13,17,13,6,0
StructHGB,economic_coverage_decay_30d,100,14,20,14,6,0
StructHGB,economic_coverage_decay_30d,100,15,23,15,6,0
StructHGB,economic_coverage_decay_30d,100,16,26,16,6,0
StructHGB,economic_coverage_decay_30d,100,17,30,17,12,0
StructHGB,economic_coverage_decay_30d,100,18,34,18,12,0
StructHGB,economic_coverage_decay_30d,100,19,38,19,12,0
StructHGB,economic_coverage_decay_30d,100,20,42,20,12,0
StructHGB,economic_coverage_decay_30d,100,21,46,21,12,0
StructHGB,economic_coverage_decay_30d,100,22,50,22,12,0
StructHGB,economic_coverage_decay_30d,1000,7,2,7,1,0
StructHGB,economic_coverage_decay_30d,1000,8,4,8,3,0
StructHGB,economic_coverage_decay_30d,1000,9,6,9,3,0
StructHGB,economic_coverage_decay_30d,1000,10,8,10,3,0
StructHGB,economic_coverage_decay_30d,1000,11,11,11,6,0
StructHGB,economic_coverage_decay_30d,1000,12,14,12,6,0
StructHGB,economic_coverage_decay_30d,1000,13,17,13,6,0
StructHGB,economic_coverage_decay_30d,1000,14,20,14,6,0
StructHGB,economic_coverage_decay_30d,1000,15,23,15,6,0
StructHGB,economic_coverage_decay_30d,1000,16,26,16,6,0
StructHGB,economic_coverage_decay_30d,1000,17,30,17,12,0
StructHGB,economic_coverage_decay_30d,1000,18,34,18,12,0
StructHGB,economic_coverage_decay_30d,1000,19,38,19,12,0
StructHGB,economic_coverage_decay_30d,1000,20,42,20,12,0
StructHGB,economic_coverage_decay_30d,1000,21,46,21,12,0
StructHGB,economic_coverage_decay_30d,1000,22,50,22,12,0
StructHGB,economic_coverage_decay_90d,100,7,2,7,1,0
StructHGB,economic_coverage_decay_90d,100,8,4,8,3,0
StructHGB,economic_coverage_decay_90d,100,9,6,9,3,0
StructHGB,economic_coverage_decay_90d,100,10,8,10,3,0
StructHGB,economic_coverage_decay_90d,100,11,11,11,6,0
StructHGB,economic_coverage_decay_90d,100,12,14,12,6,0
StructHGB,economic_coverage_decay_90d,100,13,17,13,6,0
StructHGB,economic_coverage_decay_90d,100,14,20,14,6,0
StructHGB,economic_coverage_decay_90d,100,15,23,15,6,0
StructHGB,economic_coverage_decay_90d,100,16,26,16,6,0
StructHGB,economic_coverage_decay_90d,100,17,30,17,12,0
StructHGB,economic_coverage_decay_90d,100,18,34,18,12,0
StructHGB,economic_coverage_decay_90d,100,19,38,19,12,0
StructHGB,economic_coverage_decay_90d,100,20,42,20,12,0
StructHGB,economic_coverage_decay_90d,100,21,46,21,12,0
StructHGB,economic_coverage_decay_90d,100,22,50,22,12,0
StructHGB,economic_coverage_decay_90d,1000,7,2,7,1,0
StructHGB,economic_coverage_decay_90d,1000,8,4,8,3,0
StructHGB,economic_coverage_decay_90d,1000,9,6,9,3,0
StructHGB,economic_coverage_decay_90d,1000,10,8,10,3,0
StructHGB,economic_coverage_decay_90d,1000,11,11,11,6,0
StructHGB,economic_coverage_decay_90d,1000,12,14,12,6,0
StructHGB,economic_coverage_decay_90d,1000,13,17,13,6,0
StructHGB,economic_coverage_decay_90d,1000,14,20,14,6,0
StructHGB,economic_coverage_decay_90d,1000,15,23,15,6,0
StructHGB,economic_coverage_decay_90d,1000,16,26,16,6,0
StructHGB,economic_coverage_decay_90d,1000,17,30,17,12,0
StructHGB,economic_coverage_decay_90d,1000,18,34,18,12,0
StructHGB,economic_coverage_decay_90d,1000,19,38,19,12,0
StructHGB,economic_coverage_decay_90d,1000,20,42,20,12,0
StructHGB,economic_coverage_decay_90d,1000,21,46,21,12,0
StructHGB,economic_coverage_decay_90d,1000,22,50,22,12,0
StructHGB,all_coverage,100,7,2,7,1,0
StructHGB,all_coverage,100,8,4,8,3,0
StructHGB,all_coverage,100,9,6,9,3,0
StructHGB,all_coverage,100,10,8,10,3,0
StructHGB,all_coverage,100,11,11,11,6,0
StructHGB,all_coverage,100,12,14,12,6,0
StructHGB,all_coverage,100,13,17,13,6,0
StructHGB,all_coverage,100,14,20,14,6,0
StructHGB,all_coverage,100,15,23,15,6,0
StructHGB,all_coverage,100,16,26,16,6,0
StructHGB,all_coverage,100,17,30,17,12,0
StructHGB,all_coverage,100,18,34,18,12,0
StructHGB,all_coverage,100,19,38,19,12,0
StructHGB,all_coverage,100,20,42,20,12,0
StructHGB,all_coverage,100,21,46,21,12,0
StructHGB,all_coverage,100,22,50,22,12,0
StructHGB,all_coverage,1000,7,2,7,1,0
StructHGB,all_coverage,1000,8,4,8,3,0
StructHGB,all_coverage,1000,9,6,9,3,0
StructHGB,all_coverage,1000,10,8,10,3,0
StructHGB,all_coverage,1000,11,11,11,6,0
StructHGB,all_coverage,1000,12,14,12,6,0
StructHGB,all_coverage,1000,13,17,13,6,0
StructHGB,all_coverage,1000,14,20,14,6,0
StructHGB,all_coverage,1000,15,23,15,6,0
StructHGB,all_coverage,1000,16,26,16,6,0
StructHGB,all_coverage,1000,17,30,17,12,0
StructHGB,all_coverage,1000,18,34,18,12,0
StructHGB,all_coverage,1000,19,38,19,12,0
StructHGB,all_coverage,1000,20,42,20,12,0
StructHGB,all_coverage,1000,21,46,21,12,0
StructHGB,all_coverage,1000,22,50,22,12,0
StructHGB,economic_shocks_coverage,100,7,2,7,1,0
StructHGB,economic_shocks_coverage,100,8,4,8,3,0
StructHGB,economic_shocks_coverage,100,9,6,9,3,0
StructHGB,economic_shocks_coverage,100,10,8,10,3,0
StructHGB,economic_shocks_coverage,100,11,11,11,6,0
StructHGB,economic_shocks_coverage,100,12,14,12,6,0
StructHGB,economic_shocks_coverage,100,13,17,13,6,0
StructHGB,economic_shocks_coverage,100,14,20,14,6,0
StructHGB,economic_shocks_coverage,100,15,23,15,6,0
StructHGB,economic_shocks_coverage,100,16,26,16,6,0
StructHGB,economic_shocks_coverage,100,17,30,17,12,0
StructHGB,economic_shocks_coverage,100,18,34,18,12,0
StructHGB,economic_shocks_coverage,100,19,38,19,12,0
StructHGB,economic_shocks_coverage,100,20,42,20,12,0
StructHGB,economic_shocks_coverage,100,21,46,21,12,0
StructHGB,economic_shocks_coverage,100,22,50,22,12,0
StructHGB,economic_shocks_coverage,1000,7,2,7,1,0
StructHGB,economic_shocks_coverage,1000,8,4,8,3,0
StructHGB,economic_shocks_coverage,1000,9,6,9,3,0
StructHGB,economic_shocks_coverage,1000,10,8,10,3,0
StructHGB,economic_shocks_coverage,1000,11,11,11,6,0
StructHGB,economic_shocks_coverage,1000,12,14,12,6,0
StructHGB,economic_shocks_coverage,1000,13,17,13,6,0
StructHGB,economic_shocks_coverage,1000,14,20,14,6,0
StructHGB,economic_shocks_coverage,1000,15,23,15,6,0
StructHGB,economic_shocks_coverage,1000,16,26,16,6,0
StructHGB,economic_shocks_coverage,1000,17,30,17,12,0
StructHGB,economic_shocks_coverage,1000,18,34,18,12,0
StructHGB,economic_shocks_coverage,1000,19,38,19,12,0
StructHGB,economic_shocks_coverage,1000,20,42,20,12,0
StructHGB,economic_shocks_coverage,1000,21,46,21,12,0
StructHGB,economic_shocks_coverage,1000,22,50,22,12,0
Chronos2_NatCov,all_windows,100,7,2,7,1,0
Chronos2_NatCov,all_windows,100,8,4,8,3,0
Chronos2_NatCov,all_windows,100,9,6,9,3,0
Chronos2_NatCov,all_windows,100,10,8,10,3,0
Chronos2_NatCov,all_windows,100,11,11,11,6,0
Chronos2_NatCov,all_windows,100,12,14,12,6,0
Chronos2_NatCov,all_windows,100,13,17,13,6,0
Chronos2_NatCov,all_windows,100,14,20,14,6,0
Chronos2_NatCov,all_windows,100,15,23,15,6,0
Chronos2_NatCov,all_windows,100,16,26,16,6,0
Chronos2_NatCov,all_windows,100,17,30,17,12,0
Chronos2_NatCov,all_windows,100,18,34,18,12,0
Chronos2_NatCov,all_windows,100,19,38,19,12,0
Chronos2_NatCov,all_windows,100,20,42,20,12,0
Chronos2_NatCov,all_windows,100,21,46,21,12,0
Chronos2_NatCov,all_windows,100,22,50,22,12,0
Chronos2_NatCov,all_windows,1000,7,2,7,1,0
Chronos2_NatCov,all_windows,1000,8,4,8,3,0
Chronos2_NatCov,all_windows,1000,9,6,9,3,0
Chronos2_NatCov,all_windows,1000,10,8,10,3,0
Chronos2_NatCov,all_windows,1000,11,11,11,6,0
Chronos2_NatCov,all_windows,1000,12,14,12,6,0
Chronos2_NatCov,all_windows,1000,13,17,13,6,0
Chronos2_NatCov,all_windows,1000,14,20,14,6,0
Chronos2_NatCov,all_windows,1000,15,23,15,6,0
Chronos2_NatCov,all_windows,1000,16,26,16,6,0
Chronos2_NatCov,all_windows,1000,17,30,17,12,0
Chronos2_NatCov,all_windows,1000,18,34,18,12,0
Chronos2_NatCov,all_windows,1000,19,38,19,12,0
Chronos2_NatCov,all_windows,1000,20,42,20,12,0
Chronos2_NatCov,all_windows,1000,21,46,21,12,0
Chronos2_NatCov,all_windows,1000,22,50,22,12,0
Chronos2_NatCov,economic_windows,100,7,2,7,1,0
Chronos2_NatCov,economic_windows,100,8,4,8,3,0
Chronos2_NatCov,economic_windows,100,9,6,9,3,0
Chronos2_NatCov,economic_windows,100,10,8,10,3,0
Chronos2_NatCov,economic_windows,100,11,11,11,6,0
Chronos2_NatCov,economic_windows,100,12,14,12,6,0
Chronos2_NatCov,economic_windows,100,13,17,13,6,0
Chronos2_NatCov,economic_windows,100,14,20,14,6,0
Chronos2_NatCov,economic_windows,100,15,23,15,6,0
Chronos2_NatCov,economic_windows,100,16,26,16,6,0
Chronos2_NatCov,economic_windows,100,17,30,17,12,0
Chronos2_NatCov,economic_windows,100,18,34,18,12,0
Chronos2_NatCov,economic_windows,100,19,38,19,12,0
Chronos2_NatCov,economic_windows,100,20,42,20,12,0
Chronos2_NatCov,economic_windows,100,21,46,21,12,0
Chronos2_NatCov,economic_windows,100,22,50,22,12,0
Chronos2_NatCov,economic_windows,1000,7,2,7,1,0
Chronos2_NatCov,economic_windows,1000,8,4,8,3,0
Chronos2_NatCov,economic_windows,1000,9,6,9,3,0
Chronos2_NatCov,economic_windows,1000,10,8,10,3,0
Chronos2_NatCov,economic_windows,1000,11,11,11,6,0
Chronos2_NatCov,economic_windows,1000,12,14,12,6,0
Chronos2_NatCov,economic_windows,1000,13,17,13,6,0
Chronos2_NatCov,economic_windows,1000,14,20,14,6,0
Chronos2_NatCov,economic_windows,1000,15,23,15,6,0
Chronos2_NatCov,economic_windows,1000,16,26,16,6,0
Chronos2_NatCov,economic_windows,1000,17,30,17,12,0
Chronos2_NatCov,economic_windows,1000,18,34,18,12,0
Chronos2_NatCov,economic_windows,1000,19,38,19,12,0
Chronos2_NatCov,economic_windows,1000,20,42,20,12,0
Chronos2_NatCov,economic_windows,1000,21,46,21,12,0
Chronos2_NatCov,economic_windows,1000,22,50,22,12,0
Chronos2_NatCov,economic_shocks_windows,100,7,2,7,1,0
Chronos2_NatCov,economic_shocks_windows,100,8,4,8,3,0
Chronos2_NatCov,economic_shocks_windows,100,9,6,9,3,0
Chronos2_NatCov,economic_shocks_windows,100,10,8,10,3,0
Chronos2_NatCov,economic_shocks_windows,100,11,11,11,6,0
Chronos2_NatCov,economic_shocks_windows,100,12,14,12,6,0
Chronos2_NatCov,economic_shocks_windows,100,13,17,13,6,0
Chronos2_NatCov,economic_shocks_windows,100,14,20,14,6,0
Chronos2_NatCov,economic_shocks_windows,100,15,23,15,6,0
Chronos2_NatCov,economic_shocks_windows,100,16,26,16,6,0
Chronos2_NatCov,economic_shocks_windows,100,17,30,17,12,0
Chronos2_NatCov,economic_shocks_windows,100,18,34,18,12,0
Chronos2_NatCov,economic_shocks_windows,100,19,38,19,12,0
Chronos2_NatCov,economic_shocks_windows,100,20,42,20,12,0
Chronos2_NatCov,economic_shocks_windows,100,21,46,21,12,0
Chronos2_NatCov,economic_shocks_windows,100,22,50,22,12,0
Chronos2_NatCov,economic_shocks_windows,1000,7,2,7,1,0
Chronos2_NatCov,economic_shocks_windows,1000,8,4,8,3,0
Chronos2_NatCov,economic_shocks_windows,1000,9,6,9,3,0
Chronos2_NatCov,economic_shocks_windows,1000,10,8,10,3,0
Chronos2_NatCov,economic_shocks_windows,1000,11,11,11,6,0
Chronos2_NatCov,economic_shocks_windows,1000,12,14,12,6,0
Chronos2_NatCov,economic_shocks_windows,1000,13,17,13,6,0
Chronos2_NatCov,economic_shocks_windows,1000,14,20,14,6,0
Chronos2_NatCov,economic_shocks_windows,1000,15,23,15,6,0
Chronos2_NatCov,economic_shocks_windows,1000,16,26,16,6,0
Chronos2_NatCov,economic_shocks_windows,1000,17,30,17,12,0
Chronos2_NatCov,economic_shocks_windows,1000,18,34,18,12,0
Chronos2_NatCov,economic_shocks_windows,1000,19,38,19,12,0
Chronos2_NatCov,economic_shocks_windows,1000,20,42,20,12,0
Chronos2_NatCov,economic_shocks_windows,1000,21,46,21,12,0
Chronos2_NatCov,economic_shocks_windows,1000,22,50,22,12,0
Chronos2_NatCov,economic_decay_14d,100,7,2,7,1,0
Chronos2_NatCov,economic_decay_14d,100,8,4,8,3,0
Chronos2_NatCov,economic_decay_14d,100,9,6,9,3,0
Chronos2_NatCov,economic_decay_14d,100,10,8,10,3,0
Chronos2_NatCov,economic_decay_14d,100,11,11,11,6,0
Chronos2_NatCov,economic_decay_14d,100,12,14,12,6,0
Chronos2_NatCov,economic_decay_14d,100,13,17,13,6,0
Chronos2_NatCov,economic_decay_14d,100,14,20,14,6,0
Chronos2_NatCov,economic_decay_14d,100,15,23,15,6,0
Chronos2_NatCov,economic_decay_14d,100,16,26,16,6,0
Chronos2_NatCov,economic_decay_14d,100,17,30,17,12,0
Chronos2_NatCov,economic_decay_14d,100,18,34,18,12,0
Chronos2_NatCov,economic_decay_14d,100,19,38,19,12,0
Chronos2_NatCov,economic_decay_14d,100,20,42,20,12,0
Chronos2_NatCov,economic_decay_14d,100,21,46,21,12,0
Chronos2_NatCov,economic_decay_14d,100,22,50,22,12,0
Chronos2_NatCov,economic_decay_14d,1000,7,2,7,1,0
Chronos2_NatCov,economic_decay_14d,1000,8,4,8,3,0
Chronos2_NatCov,economic_decay_14d,1000,9,6,9,3,0
Chronos2_NatCov,economic_decay_14d,1000,10,8,10,3,0
Chronos2_NatCov,economic_decay_14d,1000,11,11,11,6,0
Chronos2_NatCov,economic_decay_14d,1000,12,14,12,6,0
Chronos2_NatCov,economic_decay_14d,1000,13,17,13,6,0
Chronos2_NatCov,economic_decay_14d,1000,14,20,14,6,0
Chronos2_NatCov,economic_decay_14d,1000,15,23,15,6,0
Chronos2_NatCov,economic_decay_14d,1000,16,26,16,6,0
Chronos2_NatCov,economic_decay_14d,1000,17,30,17,12,0
Chronos2_NatCov,economic_decay_14d,1000,18,34,18,12,0
Chronos2_NatCov,economic_decay_14d,1000,19,38,19,12,0
Chronos2_NatCov,economic_decay_14d,1000,20,42,20,12,0
Chronos2_NatCov,economic_decay_14d,1000,21,46,21,12,0
Chronos2_NatCov,economic_decay_14d,1000,22,50,22,12,0
Chronos2_NatCov,economic_decay_30d,100,7,2,7,1,0
Chronos2_NatCov,economic_decay_30d,100,8,4,8,3,0
Chronos2_NatCov,economic_decay_30d,100,9,6,9,3,0
Chronos2_NatCov,economic_decay_30d,100,10,8,10,3,0
Chronos2_NatCov,economic_decay_30d,100,11,11,11,6,0
Chronos2_NatCov,economic_decay_30d,100,12,14,12,6,0
Chronos2_NatCov,economic_decay_30d,100,13,17,13,6,0
Chronos2_NatCov,economic_decay_30d,100,14,20,14,6,0
Chronos2_NatCov,economic_decay_30d,100,15,23,15,6,0
Chronos2_NatCov,economic_decay_30d,100,16,26,16,6,0
Chronos2_NatCov,economic_decay_30d,100,17,30,17,12,0
Chronos2_NatCov,economic_decay_30d,100,18,34,18,12,0
Chronos2_NatCov,economic_decay_30d,100,19,38,19,12,0
Chronos2_NatCov,economic_decay_30d,100,20,42,20,12,0
Chronos2_NatCov,economic_decay_30d,100,21,46,21,12,0
Chronos2_NatCov,economic_decay_30d,100,22,50,22,12,0
Chronos2_NatCov,economic_decay_30d,1000,7,2,7,1,0
Chronos2_NatCov,economic_decay_30d,1000,8,4,8,3,0
Chronos2_NatCov,economic_decay_30d,1000,9,6,9,3,0
Chronos2_NatCov,economic_decay_30d,1000,10,8,10,3,0
Chronos2_NatCov,economic_decay_30d,1000,11,11,11,6,0
Chronos2_NatCov,economic_decay_30d,1000,12,14,12,6,0
Chronos2_NatCov,economic_decay_30d,1000,13,17,13,6,0
Chronos2_NatCov,economic_decay_30d,1000,14,20,14,6,0
Chronos2_NatCov,economic_decay_30d,1000,15,23,15,6,0
Chronos2_NatCov,economic_decay_30d,1000,16,26,16,6,0
Chronos2_NatCov,economic_decay_30d,1000,17,30,17,12,0
Chronos2_NatCov,economic_decay_30d,1000,18,34,18,12,0
Chronos2_NatCov,economic_decay_30d,1000,19,38,19,12,0
Chronos2_NatCov,economic_decay_30d,1000,20,42,20,12,0
Chronos2_NatCov,economic_decay_30d,1000,21,46,21,12,0
Chronos2_NatCov,economic_decay_30d,1000,22,50,22,12,0
Chronos2_NatCov,economic_decay_90d,100,7,2,7,1,0
Chronos2_NatCov,economic_decay_90d,100,8,4,8,3,0
Chronos2_NatCov,economic_decay_90d,100,9,6,9,3,0
Chronos2_NatCov,economic_decay_90d,100,10,8,10,3,0
Chronos2_NatCov,economic_decay_90d,100,11,11,11,6,0
Chronos2_NatCov,economic_decay_90d,100,12,14,12,6,0
Chronos2_NatCov,economic_decay_90d,100,13,17,13,6,0
Chronos2_NatCov,economic_decay_90d,100,14,20,14,6,0
Chronos2_NatCov,economic_decay_90d,100,15,23,15,6,0
Chronos2_NatCov,economic_decay_90d,100,16,26,16,6,0
Chronos2_NatCov,economic_decay_90d,100,17,30,17,12,0
Chronos2_NatCov,economic_decay_90d,100,18,34,18,12,0
Chronos2_NatCov,economic_decay_90d,100,19,38,19,12,0
Chronos2_NatCov,economic_decay_90d,100,20,42,20,12,0
Chronos2_NatCov,economic_decay_90d,100,21,46,21,12,0
Chronos2_NatCov,economic_decay_90d,100,22,50,22,12,0
Chronos2_NatCov,economic_decay_90d,1000,7,2,7,1,0
Chronos2_NatCov,economic_decay_90d,1000,8,4,8,3,0
Chronos2_NatCov,economic_decay_90d,1000,9,6,9,3,0
Chronos2_NatCov,economic_decay_90d,1000,10,8,10,3,0
Chronos2_NatCov,economic_decay_90d,1000,11,11,11,6,0
Chronos2_NatCov,economic_decay_90d,1000,12,14,12,6,0
Chronos2_NatCov,economic_decay_90d,1000,13,17,13,6,0
Chronos2_NatCov,economic_decay_90d,1000,14,20,14,6,0
Chronos2_NatCov,economic_decay_90d,1000,15,23,15,6,0
Chronos2_NatCov,economic_decay_90d,1000,16,26,16,6,0
Chronos2_NatCov,economic_decay_90d,1000,17,30,17,12,0
Chronos2_NatCov,economic_decay_90d,1000,18,34,18,12,0
Chronos2_NatCov,economic_decay_90d,1000,19,38,19,12,0
Chronos2_NatCov,economic_decay_90d,1000,20,42,20,12,0
Chronos2_NatCov,economic_decay_90d,1000,21,46,21,12,0
Chronos2_NatCov,economic_decay_90d,1000,22,50,22,12,0
Chronos2_NatCov,financial_only,100,7,2,7,1,0
Chronos2_NatCov,financial_only,100,8,4,8,3,0
Chronos2_NatCov,financial_only,100,9,6,9,3,0
Chronos2_NatCov,financial_only,100,10,8,10,3,0
Chronos2_NatCov,financial_only,100,11,11,11,6,0
Chronos2_NatCov,financial_only,100,12,14,12,6,0
Chronos2_NatCov,financial_only,100,13,17,13,6,0
Chronos2_NatCov,financial_only,100,14,20,14,6,0
Chronos2_NatCov,financial_only,100,15,23,15,6,0
Chronos2_NatCov,financial_only,100,16,26,16,6,0
Chronos2_NatCov,financial_only,100,17,30,17,12,0
Chronos2_NatCov,financial_only,100,18,34,18,12,0
Chronos2_NatCov,financial_only,100,19,38,19,12,0
Chronos2_NatCov,financial_only,100,20,42,20,12,0
Chronos2_NatCov,financial_only,100,21,46,21,12,0
Chronos2_NatCov,financial_only,100,22,50,22,12,0
Chronos2_NatCov,financial_only,1000,7,2,7,1,0
Chronos2_NatCov,financial_only,1000,8,4,8,3,0
Chronos2_NatCov,financial_only,1000,9,6,9,3,0
Chronos2_NatCov,financial_only,1000,10,8,10,3,0
Chronos2_NatCov,financial_only,1000,11,11,11,6,0
Chronos2_NatCov,financial_only,1000,12,14,12,6,0
Chronos2_NatCov,financial_only,1000,13,17,13,6,0
Chronos2_NatCov,financial_only,1000,14,20,14,6,0
Chronos2_NatCov,financial_only,1000,15,23,15,6,0
Chronos2_NatCov,financial_only,1000,16,26,16,6,0
Chronos2_NatCov,financial_only,1000,17,30,17,12,0
Chronos2_NatCov,financial_only,1000,18,34,18,12,0
Chronos2_NatCov,financial_only,1000,19,38,19,12,0
Chronos2_NatCov,financial_only,1000,20,42,20,12,0
Chronos2_NatCov,financial_only,1000,21,46,21,12,0
Chronos2_NatCov,financial_only,1000,22,50,22,12,0
Chronos2_NatCov,coverage_all,100,7,2,7,1,0
Chronos2_NatCov,coverage_all,100,8,4,8,3,0
Chronos2_NatCov,coverage_all,100,9,6,9,3,0
Chronos2_NatCov,coverage_all,100,10,8,10,3,0
Chronos2_NatCov,coverage_all,100,11,11,11,6,0
Chronos2_NatCov,coverage_all,100,12,14,12,6,0
Chronos2_NatCov,coverage_all,100,13,17,13,6,0
Chronos2_NatCov,coverage_all,100,14,20,14,6,0
Chronos2_NatCov,coverage_all,100,15,23,15,6,0
Chronos2_NatCov,coverage_all,100,16,26,16,6,0
Chronos2_NatCov,coverage_all,100,17,30,17,12,0
Chronos2_NatCov,coverage_all,100,18,34,18,12,0
Chronos2_NatCov,coverage_all,100,19,38,19,12,0
Chronos2_NatCov,coverage_all,100,20,42,20,12,0
Chronos2_NatCov,coverage_all,100,21,46,21,12,0
Chronos2_NatCov,coverage_all,100,22,50,22,12,0
Chronos2_NatCov,coverage_all,1000,7,2,7,1,0
Chronos2_NatCov,coverage_all,1000,8,4,8,3,0
Chronos2_NatCov,coverage_all,1000,9,6,9,3,0
Chronos2_NatCov,coverage_all,1000,10,8,10,3,0
Chronos2_NatCov,coverage_all,1000,11,11,11,6,0
Chronos2_NatCov,coverage_all,1000,12,14,12,6,0
Chronos2_NatCov,coverage_all,1000,13,17,13,6,0
Chronos2_NatCov,coverage_all,1000,14,20,14,6,0
Chronos2_NatCov,coverage_all,1000,15,23,15,6,0
Chronos2_NatCov,coverage_all,1000,16,26,16,6,0
Chronos2_NatCov,coverage_all,1000,17,30,17,12,0
Chronos2_NatCov,coverage_all,1000,18,34,18,12,0
Chronos2_NatCov,coverage_all,1000,19,38,19,12,0
Chronos2_NatCov,coverage_all,1000,20,42,20,12,0
Chronos2_NatCov,coverage_all,1000,21,46,21,12,0
Chronos2_NatCov,coverage_all,1000,22,50,22,12,0
Chronos2_NatCov,economic_coverage_windows,100,7,2,7,1,0
Chronos2_NatCov,economic_coverage_windows,100,8,4,8,3,0
Chronos2_NatCov,economic_coverage_windows,100,9,6,9,3,0
Chronos2_NatCov,economic_coverage_windows,100,10,8,10,3,0
Chronos2_NatCov,economic_coverage_windows,100,11,11,11,6,0
Chronos2_NatCov,economic_coverage_windows,100,12,14,12,6,0
Chronos2_NatCov,economic_coverage_windows,100,13,17,13,6,0
Chronos2_NatCov,economic_coverage_windows,100,14,20,14,6,0
Chronos2_NatCov,economic_coverage_windows,100,15,23,15,6,0
Chronos2_NatCov,economic_coverage_windows,100,16,26,16,6,0
Chronos2_NatCov,economic_coverage_windows,100,17,30,17,12,0
Chronos2_NatCov,economic_coverage_windows,100,18,34,18,12,0
Chronos2_NatCov,economic_coverage_windows,100,19,38,19,12,0
Chronos2_NatCov,economic_coverage_windows,100,20,42,20,12,0
Chronos2_NatCov,economic_coverage_windows,100,21,46,21,12,0
Chronos2_NatCov,economic_coverage_windows,100,22,50,22,12,0
Chronos2_NatCov,economic_coverage_windows,1000,7,2,7,1,0
Chronos2_NatCov,economic_coverage_windows,1000,8,4,8,3,0
Chronos2_NatCov,economic_coverage_windows,1000,9,6,9,3,0
Chronos2_NatCov,economic_coverage_windows,1000,10,8,10,3,0
Chronos2_NatCov,economic_coverage_windows,1000,11,11,11,6,0
Chronos2_NatCov,economic_coverage_windows,1000,12,14,12,6,0
Chronos2_NatCov,economic_coverage_windows,1000,13,17,13,6,0
Chronos2_NatCov,economic_coverage_windows,1000,14,20,14,6,0
Chronos2_NatCov,economic_coverage_windows,1000,15,23,15,6,0
Chronos2_NatCov,economic_coverage_windows,1000,16,26,16,6,0
Chronos2_NatCov,economic_coverage_windows,1000,17,30,17,12,0
Chronos2_NatCov,economic_coverage_windows,1000,18,34,18,12,0
Chronos2_NatCov,economic_coverage_windows,1000,19,38,19,12,0
Chronos2_NatCov,economic_coverage_windows,1000,20,42,20,12,0
Chronos2_NatCov,economic_coverage_windows,1000,21,46,21,12,0
Chronos2_NatCov,economic_coverage_windows,1000,22,50,22,12,0
Chronos2_NatCov,economic_coverage_decay_14d,100,7,2,7,1,0
Chronos2_NatCov,economic_coverage_decay_14d,100,8,4,8,3,0
Chronos2_NatCov,economic_coverage_decay_14d,100,9,6,9,3,0
Chronos2_NatCov,economic_coverage_decay_14d,100,10,8,10,3,0
Chronos2_NatCov,economic_coverage_decay_14d,100,11,11,11,6,0
Chronos2_NatCov,economic_coverage_decay_14d,100,12,14,12,6,0
Chronos2_NatCov,economic_coverage_decay_14d,100,13,17,13,6,0
Chronos2_NatCov,economic_coverage_decay_14d,100,14,20,14,6,0
Chronos2_NatCov,economic_coverage_decay_14d,100,15,23,15,6,0
Chronos2_NatCov,economic_coverage_decay_14d,100,16,26,16,6,0
Chronos2_NatCov,economic_coverage_decay_14d,100,17,30,17,12,0
Chronos2_NatCov,economic_coverage_decay_14d,100,18,34,18,12,0
Chronos2_NatCov,economic_coverage_decay_14d,100,19,38,19,12,0
Chronos2_NatCov,economic_coverage_decay_14d,100,20,42,20,12,0
Chronos2_NatCov,economic_coverage_decay_14d,100,21,46,21,12,0
Chronos2_NatCov,economic_coverage_decay_14d,100,22,50,22,12,0
Chronos2_NatCov,economic_coverage_decay_14d,1000,7,2,7,1,0
Chronos2_NatCov,economic_coverage_decay_14d,1000,8,4,8,3,0
Chronos2_NatCov,economic_coverage_decay_14d,1000,9,6,9,3,0
Chronos2_NatCov,economic_coverage_decay_14d,1000,10,8,10,3,0
Chronos2_NatCov,economic_coverage_decay_14d,1000,11,11,11,6,0
Chronos2_NatCov,economic_coverage_decay_14d,1000,12,14,12,6,0
Chronos2_NatCov,economic_coverage_decay_14d,1000,13,17,13,6,0
Chronos2_NatCov,economic_coverage_decay_14d,1000,14,20,14,6,0
Chronos2_NatCov,economic_coverage_decay_14d,1000,15,23,15,6,0
Chronos2_NatCov,economic_coverage_decay_14d,1000,16,26,16,6,0
Chronos2_NatCov,economic_coverage_decay_14d,1000,17,30,17,12,0
Chronos2_NatCov,economic_coverage_decay_14d,1000,18,34,18,12,0
Chronos2_NatCov,economic_coverage_decay_14d,1000,19,38,19,12,0
Chronos2_NatCov,economic_coverage_decay_14d,1000,20,42,20,12,0
Chronos2_NatCov,economic_coverage_decay_14d,1000,21,46,21,12,0
Chronos2_NatCov,economic_coverage_decay_14d,1000,22,50,22,12,0
Chronos2_NatCov,economic_coverage_decay_30d,100,7,2,7,1,0
Chronos2_NatCov,economic_coverage_decay_30d,100,8,4,8,3,0
Chronos2_NatCov,economic_coverage_decay_30d,100,9,6,9,3,0
Chronos2_NatCov,economic_coverage_decay_30d,100,10,8,10,3,0
Chronos2_NatCov,economic_coverage_decay_30d,100,11,11,11,6,0
Chronos2_NatCov,economic_coverage_decay_30d,100,12,14,12,6,0
Chronos2_NatCov,economic_coverage_decay_30d,100,13,17,13,6,0
Chronos2_NatCov,economic_coverage_decay_30d,100,14,20,14,6,0
Chronos2_NatCov,economic_coverage_decay_30d,100,15,23,15,6,0
Chronos2_NatCov,economic_coverage_decay_30d,100,16,26,16,6,0
Chronos2_NatCov,economic_coverage_decay_30d,100,17,30,17,12,0
Chronos2_NatCov,economic_coverage_decay_30d,100,18,34,18,12,0
Chronos2_NatCov,economic_coverage_decay_30d,100,19,38,19,12,0
Chronos2_NatCov,economic_coverage_decay_30d,100,20,42,20,12,0
Chronos2_NatCov,economic_coverage_decay_30d,100,21,46,21,12,0
Chronos2_NatCov,economic_coverage_decay_30d,100,22,50,22,12,0
Chronos2_NatCov,economic_coverage_decay_30d,1000,7,2,7,1,0
Chronos2_NatCov,economic_coverage_decay_30d,1000,8,4,8,3,0
Chronos2_NatCov,economic_coverage_decay_30d,1000,9,6,9,3,0
Chronos2_NatCov,economic_coverage_decay_30d,1000,10,8,10,3,0
Chronos2_NatCov,economic_coverage_decay_30d,1000,11,11,11,6,0
Chronos2_NatCov,economic_coverage_decay_30d,1000,12,14,12,6,0
Chronos2_NatCov,economic_coverage_decay_30d,1000,13,17,13,6,0
Chronos2_NatCov,economic_coverage_decay_30d,1000,14,20,14,6,0
Chronos2_NatCov,economic_coverage_decay_30d,1000,15,23,15,6,0
Chronos2_NatCov,economic_coverage_decay_30d,1000,16,26,16,6,0
Chronos2_NatCov,economic_coverage_decay_30d,1000,17,30,17,12,0
Chronos2_NatCov,economic_coverage_decay_30d,1000,18,34,18,12,0
Chronos2_NatCov,economic_coverage_decay_30d,1000,19,38,19,12,0
Chronos2_NatCov,economic_coverage_decay_30d,1000,20,42,20,12,0
Chronos2_NatCov,economic_coverage_decay_30d,1000,21,46,21,12,0
Chronos2_NatCov,economic_coverage_decay_30d,1000,22,50,22,12,0
Chronos2_NatCov,economic_coverage_decay_90d,100,7,2,7,1,0
Chronos2_NatCov,economic_coverage_decay_90d,100,8,4,8,3,0
Chronos2_NatCov,economic_coverage_decay_90d,100,9,6,9,3,0
Chronos2_NatCov,economic_coverage_decay_90d,100,10,8,10,3,0
Chronos2_NatCov,economic_coverage_decay_90d,100,11,11,11,6,0
Chronos2_NatCov,economic_coverage_decay_90d,100,12,14,12,6,0
Chronos2_NatCov,economic_coverage_decay_90d,100,13,17,13,6,0
Chronos2_NatCov,economic_coverage_decay_90d,100,14,20,14,6,0
Chronos2_NatCov,economic_coverage_decay_90d,100,15,23,15,6,0
Chronos2_NatCov,economic_coverage_decay_90d,100,16,26,16,6,0
Chronos2_NatCov,economic_coverage_decay_90d,100,17,30,17,12,0
Chronos2_NatCov,economic_coverage_decay_90d,100,18,34,18,12,0
Chronos2_NatCov,economic_coverage_decay_90d,100,19,38,19,12,0
Chronos2_NatCov,economic_coverage_decay_90d,100,20,42,20,12,0
Chronos2_NatCov,economic_coverage_decay_90d,100,21,46,21,12,0
Chronos2_NatCov,economic_coverage_decay_90d,100,22,50,22,12,0
Chronos2_NatCov,economic_coverage_decay_90d,1000,7,2,7,1,0
Chronos2_NatCov,economic_coverage_decay_90d,1000,8,4,8,3,0
Chronos2_NatCov,economic_coverage_decay_90d,1000,9,6,9,3,0
Chronos2_NatCov,economic_coverage_decay_90d,1000,10,8,10,3,0
Chronos2_NatCov,economic_coverage_decay_90d,1000,11,11,11,6,0
Chronos2_NatCov,economic_coverage_decay_90d,1000,12,14,12,6,0
Chronos2_NatCov,economic_coverage_decay_90d,1000,13,17,13,6,0
Chronos2_NatCov,economic_coverage_decay_90d,1000,14,20,14,6,0
Chronos2_NatCov,economic_coverage_decay_90d,1000,15,23,15,6,0
Chronos2_NatCov,economic_coverage_decay_90d,1000,16,26,16,6,0
Chronos2_NatCov,economic_coverage_decay_90d,1000,17,30,17,12,0
Chronos2_NatCov,economic_coverage_decay_90d,1000,18,34,18,12,0
Chronos2_NatCov,economic_coverage_decay_90d,1000,19,38,19,12,0
Chronos2_NatCov,economic_coverage_decay_90d,1000,20,42,20,12,0
Chronos2_NatCov,economic_coverage_decay_90d,1000,21,46,21,12,0
Chronos2_NatCov,economic_coverage_decay_90d,1000,22,50,22,12,0
Chronos2_NatCov,all_coverage,100,7,2,7,1,0
Chronos2_NatCov,all_coverage,100,8,4,8,3,0
Chronos2_NatCov,all_coverage,100,9,6,9,3,0
Chronos2_NatCov,all_coverage,100,10,8,10,3,0
Chronos2_NatCov,all_coverage,100,11,11,11,6,0
Chronos2_NatCov,all_coverage,100,12,14,12,6,0
Chronos2_NatCov,all_coverage,100,13,17,13,6,0
Chronos2_NatCov,all_coverage,100,14,20,14,6,0
Chronos2_NatCov,all_coverage,100,15,23,15,6,0
Chronos2_NatCov,all_coverage,100,16,26,16,6,0
Chronos2_NatCov,all_coverage,100,17,30,17,12,0
Chronos2_NatCov,all_coverage,100,18,34,18,12,0
Chronos2_NatCov,all_coverage,100,19,38,19,12,0
Chronos2_NatCov,all_coverage,100,20,42,20,12,0
Chronos2_NatCov,all_coverage,100,21,46,21,12,0
Chronos2_NatCov,all_coverage,100,22,50,22,12,0
Chronos2_NatCov,all_coverage,1000,7,2,7,1,0
Chronos2_NatCov,all_coverage,1000,8,4,8,3,0
Chronos2_NatCov,all_coverage,1000,9,6,9,3,0
Chronos2_NatCov,all_coverage,1000,10,8,10,3,0
Chronos2_NatCov,all_coverage,1000,11,11,11,6,0
Chronos2_NatCov,all_coverage,1000,12,14,12,6,0
Chronos2_NatCov,all_coverage,1000,13,17,13,6,0
Chronos2_NatCov,all_coverage,1000,14,20,14,6,0
Chronos2_NatCov,all_coverage,1000,15,23,15,6,0
Chronos2_NatCov,all_coverage,1000,16,26,16,6,0
Chronos2_NatCov,all_coverage,1000,17,30,17,12,0
Chronos2_NatCov,all_coverage,1000,18,34,18,12,0
Chronos2_NatCov,all_coverage,1000,19,38,19,12,0
Chronos2_NatCov,all_coverage,1000,20,42,20,12,0
Chronos2_NatCov,all_coverage,1000,21,46,21,12,0
Chronos2_NatCov,all_coverage,1000,22,50,22,12,0
Chronos2_NatCov,economic_shocks_coverage,100,7,2,7,1,0
Chronos2_NatCov,economic_shocks_coverage,100,8,4,8,3,0
Chronos2_NatCov,economic_shocks_coverage,100,9,6,9,3,0
Chronos2_NatCov,economic_shocks_coverage,100,10,8,10,3,0
Chronos2_NatCov,economic_shocks_coverage,100,11,11,11,6,0
Chronos2_NatCov,economic_shocks_coverage,100,12,14,12,6,0
Chronos2_NatCov,economic_shocks_coverage,100,13,17,13,6,0
Chronos2_NatCov,economic_shocks_coverage,100,14,20,14,6,0
Chronos2_NatCov,economic_shocks_coverage,100,15,23,15,6,0
Chronos2_NatCov,economic_shocks_coverage,100,16,26,16,6,0
Chronos2_NatCov,economic_shocks_coverage,100,17,30,17,12,0
Chronos2_NatCov,economic_shocks_coverage,100,18,34,18,12,0
Chronos2_NatCov,economic_shocks_coverage,100,19,38,19,12,0
Chronos2_NatCov,economic_shocks_coverage,100,20,42,20,12,0
Chronos2_NatCov,economic_shocks_coverage,100,21,46,21,12,0
Chronos2_NatCov,economic_shocks_coverage,100,22,50,22,12,0
Chronos2_NatCov,economic_shocks_coverage,1000,7,2,7,1,0
Chronos2_NatCov,economic_shocks_coverage,1000,8,4,8,3,0
Chronos2_NatCov,economic_shocks_coverage,1000,9,6,9,3,0
Chronos2_NatCov,economic_shocks_coverage,1000,10,8,10,3,0
Chronos2_NatCov,economic_shocks_coverage,1000,11,11,11,6,0
Chronos2_NatCov,economic_shocks_coverage,1000,12,14,12,6,0
Chronos2_NatCov,economic_shocks_coverage,1000,13,17,13,6,0
Chronos2_NatCov,economic_shocks_coverage,1000,14,20,14,6,0
Chronos2_NatCov,economic_shocks_coverage,1000,15,23,15,6,0
Chronos2_NatCov,economic_shocks_coverage,1000,16,26,16,6,0
Chronos2_NatCov,economic_shocks_coverage,1000,17,30,17,12,0
Chronos2_NatCov,economic_shocks_coverage,1000,18,34,18,12,0
Chronos2_NatCov,economic_shocks_coverage,1000,19,38,19,12,0
Chronos2_NatCov,economic_shocks_coverage,1000,20,42,20,12,0
Chronos2_NatCov,economic_shocks_coverage,1000,21,46,21,12,0
Chronos2_NatCov,economic_shocks_coverage,1000,22,50,22,12,0
