model,stage,h,n_target_months,n_series,mae,r2,r2_change,wape,coverage,base_model,variant,category
original,test,1,6,39,889.9353465544872,0.9439286485614721,0.6313552884985338,0.037813621754190334,1.0,Ensemble,original,Все категории
original,test,3,6,39,1048.2277226896367,0.9287262752549292,0.7045798281491307,0.04453951264156852,1.0,Ensemble,original,Все категории
original,test,6,6,39,1017.3588575053419,0.9273130380003433,0.7037216951372867,0.043227885233376166,1.0,Ensemble,original,Все категории
original,test,12,6,39,1098.034935062767,0.9116804918842016,0.017799061204461175,0.04665583614371954,1.0,Ensemble,original,Все категории
original,test,1,6,39,92.60201817699986,0.8080064745454667,-0.5838307973942269,0.08244161731485042,1.0,Ensemble,original,Здоровье
original,test,3,6,39,98.80441179846088,0.7774495915979017,0.14681568167572068,0.08796347711275665,1.0,Ensemble,original,Здоровье
original,test,6,6,39,129.13707531007947,0.62683230505363,0.08865842805465651,0.11496800559490256,1.0,Ensemble,original,Здоровье
original,test,12,6,39,162.59886052058295,0.45445286011738995,-1.303511573758894,0.14475832491303195,1.0,Ensemble,original,Здоровье
original,test,1,6,39,471.08516647469287,0.6107107301594061,-0.476432390792511,0.106515267921406,1.0,Ensemble,original,Маркетплейсы
original,test,3,6,39,506.7400872646234,0.5292726117673304,-0.1125481295910109,0.11457706589538229,1.0,Ensemble,original,Маркетплейсы
original,test,6,6,39,571.5405669905182,0.4724587991159188,-0.0035237946182502533,0.12922885489373132,1.0,Ensemble,original,Маркетплейсы
original,test,12,6,39,951.7711891109108,-0.29189369254843345,-5.525810405879222,0.2152013487639076,1.0,Ensemble,original,Маркетплейсы
original,test,1,6,39,81.92117283486913,0.9528430548480327,-0.41938710669760626,0.1250378608268174,1.0,Ensemble,original,Общественное питание
original,test,3,6,39,93.25916088136853,0.9383413863185778,0.5421416037705512,0.14234324992655556,1.0,Ensemble,original,Общественное питание
original,test,6,6,39,76.03589264959352,0.956830022802575,0.720759960372046,0.11605504455028949,1.0,Ensemble,original,Общественное питание
original,test,12,6,39,120.03629009540265,0.8864129045107383,-0.8022698210706443,0.18321369696904455,1.0,Ensemble,original,Общественное питание
original,test,1,6,39,591.0589213575054,0.7873883004484912,0.41395254347751376,0.06046427108049481,1.0,Ensemble,original,Продовольствие
original,test,3,6,39,725.0695237379807,0.6782172397049817,0.5113590844080843,0.07417331614724276,1.0,Ensemble,original,Продовольствие
original,test,6,6,39,664.8414817875267,0.7107635789217066,0.4953339435492252,0.06801209511909927,1.0,Ensemble,original,Продовольствие
original,test,12,6,39,580.1235706296742,0.747643737766783,-0.42417615932236985,0.059345604249023465,1.0,Ensemble,original,Продовольствие
original,test,1,6,39,77.38853415464743,0.9459317935873148,-0.1441015216884689,0.06706385331797982,1.0,Ensemble,original,Транспорт
original,test,3,6,39,83.1216328938802,0.9395105788693809,0.5216212742169168,0.072032078871097,1.0,Ensemble,original,Транспорт
original,test,6,6,39,89.05610852363782,0.9264005127837953,0.4962358745207205,0.07717481490429128,1.0,Ensemble,original,Транспорт
original,test,12,6,39,158.10584226428952,0.795370047323881,-1.1056964002362215,0.13701237696451718,1.0,Ensemble,original,Транспорт
economic_windows,test,1,6,39,889.9353465544872,0.9439286485614721,0.6313552884985338,0.037813621754190334,1.0,Ensemble,economic_windows,Все категории
economic_windows,test,3,6,39,1048.2277226896367,0.9287262752549292,0.7045798281491307,0.04453951264156852,1.0,Ensemble,economic_windows,Все категории
economic_windows,test,6,6,39,1017.3588575053419,0.9273130380003433,0.7037216951372867,0.043227885233376166,1.0,Ensemble,economic_windows,Все категории
economic_windows,test,12,6,39,1098.034935062767,0.9116804918842016,0.017799061204461175,0.04665583614371954,1.0,Ensemble,economic_windows,Все категории
economic_windows,test,1,6,39,92.60201817699986,0.8080064745454667,-0.5838307973942269,0.08244161731485042,1.0,Ensemble,economic_windows,Здоровье
economic_windows,test,3,6,39,98.80441179846088,0.7774495915979017,0.14681568167572068,0.08796347711275665,1.0,Ensemble,economic_windows,Здоровье
economic_windows,test,6,6,39,129.13707531007947,0.62683230505363,0.08865842805465651,0.11496800559490256,1.0,Ensemble,economic_windows,Здоровье
economic_windows,test,12,6,39,162.59886052058295,0.45445286011738995,-1.303511573758894,0.14475832491303195,1.0,Ensemble,economic_windows,Здоровье
economic_windows,test,1,6,39,471.08516647469287,0.6107107301594061,-0.476432390792511,0.106515267921406,1.0,Ensemble,economic_windows,Маркетплейсы
economic_windows,test,3,6,39,506.7400872646234,0.5292726117673304,-0.1125481295910109,0.11457706589538229,1.0,Ensemble,economic_windows,Маркетплейсы
economic_windows,test,6,6,39,571.5405669905182,0.4724587991159188,-0.0035237946182502533,0.12922885489373132,1.0,Ensemble,economic_windows,Маркетплейсы
economic_windows,test,12,6,39,951.7711891109108,-0.29189369254843345,-5.525810405879222,0.2152013487639076,1.0,Ensemble,economic_windows,Маркетплейсы
economic_windows,test,1,6,39,81.92117283486913,0.9528430548480327,-0.41938710669760626,0.1250378608268174,1.0,Ensemble,economic_windows,Общественное питание
economic_windows,test,3,6,39,93.25916088136853,0.9383413863185778,0.5421416037705512,0.14234324992655556,1.0,Ensemble,economic_windows,Общественное питание
economic_windows,test,6,6,39,76.03589264959352,0.956830022802575,0.720759960372046,0.11605504455028949,1.0,Ensemble,economic_windows,Общественное питание
economic_windows,test,12,6,39,120.03629009540265,0.8864129045107383,-0.8022698210706443,0.18321369696904455,1.0,Ensemble,economic_windows,Общественное питание
economic_windows,test,1,6,39,591.0589213575054,0.7873883004484912,0.41395254347751376,0.06046427108049481,1.0,Ensemble,economic_windows,Продовольствие
economic_windows,test,3,6,39,725.0695237379807,0.6782172397049817,0.5113590844080843,0.07417331614724276,1.0,Ensemble,economic_windows,Продовольствие
economic_windows,test,6,6,39,664.8414817875267,0.7107635789217066,0.4953339435492252,0.06801209511909927,1.0,Ensemble,economic_windows,Продовольствие
economic_windows,test,12,6,39,580.1235706296742,0.747643737766783,-0.42417615932236985,0.059345604249023465,1.0,Ensemble,economic_windows,Продовольствие
economic_windows,test,1,6,39,77.38853415464743,0.9459317935873148,-0.1441015216884689,0.06706385331797982,1.0,Ensemble,economic_windows,Транспорт
economic_windows,test,3,6,39,83.1216328938802,0.9395105788693809,0.5216212742169168,0.072032078871097,1.0,Ensemble,economic_windows,Транспорт
economic_windows,test,6,6,39,89.05610852363782,0.9264005127837953,0.4962358745207205,0.07717481490429128,1.0,Ensemble,economic_windows,Транспорт
economic_windows,test,12,6,39,158.10584226428952,0.795370047323881,-1.1056964002362215,0.13701237696451718,1.0,Ensemble,economic_windows,Транспорт
financial_only,test,1,6,39,889.9353465544872,0.9439286485614721,0.6313552884985338,0.037813621754190334,1.0,Ensemble,financial_only,Все категории
financial_only,test,3,6,39,1048.2277226896367,0.9287262752549292,0.7045798281491307,0.04453951264156852,1.0,Ensemble,financial_only,Все категории
financial_only,test,6,6,39,1186.4206834288864,0.9000004853894977,0.5923933830659526,0.0504113732960725,1.0,Ensemble,financial_only,Все категории
financial_only,test,12,6,39,1098.034935062767,0.9116804918842016,0.017799061204461175,0.04665583614371954,1.0,Ensemble,financial_only,Все категории
financial_only,test,1,6,39,92.60201817699986,0.8080064745454667,-0.5838307973942269,0.08244161731485042,1.0,Ensemble,financial_only,Здоровье
financial_only,test,3,6,39,98.80441179846088,0.7774495915979017,0.14681568167572068,0.08796347711275665,1.0,Ensemble,financial_only,Здоровье
financial_only,test,6,6,39,148.55610584022088,0.5322192547852385,-0.14240338979785494,0.13225635756722437,1.0,Ensemble,financial_only,Здоровье
financial_only,test,12,6,39,162.59886052058295,0.45445286011738995,-1.303511573758894,0.14475832491303195,1.0,Ensemble,financial_only,Здоровье
financial_only,test,1,6,39,471.08516647469287,0.6107107301594061,-0.476432390792511,0.106515267921406,1.0,Ensemble,financial_only,Маркетплейсы
financial_only,test,3,6,39,506.7400872646234,0.5292726117673304,-0.1125481295910109,0.11457706589538229,1.0,Ensemble,financial_only,Маркетплейсы
financial_only,test,6,6,39,420.8783914230678,0.6780520908668065,0.3875693748633935,0.09516320575372386,1.0,Ensemble,financial_only,Маркетплейсы
financial_only,test,12,6,39,951.7711891109108,-0.29189369254843345,-5.525810405879222,0.2152013487639076,1.0,Ensemble,financial_only,Маркетплейсы
financial_only,test,1,6,39,81.92117283486913,0.9528430548480327,-0.41938710669760626,0.1250378608268174,1.0,Ensemble,financial_only,Общественное питание
financial_only,test,3,6,39,93.25916088136853,0.9383413863185778,0.5421416037705512,0.14234324992655556,1.0,Ensemble,financial_only,Общественное питание
financial_only,test,6,6,39,76.4999458287019,0.9556605791268097,0.7131955482605927,0.11676333783782039,1.0,Ensemble,financial_only,Общественное питание
financial_only,test,12,6,39,120.03629009540265,0.8864129045107383,-0.8022698210706443,0.18321369696904455,1.0,Ensemble,financial_only,Общественное питание
financial_only,test,1,6,39,591.0589213575054,0.7873883004484912,0.41395254347751376,0.06046427108049481,1.0,Ensemble,financial_only,Продовольствие
financial_only,test,3,6,39,725.0695237379807,0.6782172397049817,0.5113590844080843,0.07417331614724276,1.0,Ensemble,financial_only,Продовольствие
financial_only,test,6,6,39,760.1069928752328,0.6391660397855304,0.37040898564548586,0.07775758660715497,1.0,Ensemble,financial_only,Продовольствие
financial_only,test,12,6,39,580.1235706296742,0.747643737766783,-0.42417615932236985,0.059345604249023465,1.0,Ensemble,financial_only,Продовольствие
financial_only,test,1,6,39,77.38853415464743,0.9459317935873148,-0.1441015216884689,0.06706385331797982,1.0,Ensemble,financial_only,Транспорт
financial_only,test,3,6,39,83.1216328938802,0.9395105788693809,0.5216212742169168,0.072032078871097,1.0,Ensemble,financial_only,Транспорт
financial_only,test,6,6,39,80.951421768117,0.9379877427944958,0.5755466280850823,0.07015140336538979,1.0,Ensemble,financial_only,Транспорт
financial_only,test,12,6,39,158.10584226428952,0.795370047323881,-1.1056964002362215,0.13701237696451718,1.0,Ensemble,financial_only,Транспорт
coverage_all,test,1,6,39,889.9353465544872,0.9439286485614721,0.6313552884985338,0.037813621754190334,1.0,Ensemble,coverage_all,Все категории
coverage_all,test,3,6,39,1102.8350092620176,0.9209467606701492,0.6723347680828544,0.04685979274670789,1.0,Ensemble,coverage_all,Все категории
coverage_all,test,6,6,39,1017.3588575053419,0.9273130380003433,0.7037216951372867,0.043227885233376166,1.0,Ensemble,coverage_all,Все категории
coverage_all,test,12,6,39,1098.034935062767,0.9116804918842016,0.017799061204461175,0.04665583614371954,1.0,Ensemble,coverage_all,Все категории
coverage_all,test,1,6,39,92.60201817699986,0.8080064745454667,-0.5838307973942269,0.08244161731485042,1.0,Ensemble,coverage_all,Здоровье
coverage_all,test,3,6,39,101.4059456219516,0.7659420748814686,0.10269968622188941,0.09027956762708987,1.0,Ensemble,coverage_all,Здоровье
coverage_all,test,6,6,39,129.13707531007947,0.62683230505363,0.08865842805465651,0.11496800559490256,1.0,Ensemble,coverage_all,Здоровье
coverage_all,test,12,6,39,162.59886052058295,0.45445286011738995,-1.303511573758894,0.14475832491303195,1.0,Ensemble,coverage_all,Здоровье
coverage_all,test,1,6,39,471.08516647469287,0.6107107301594061,-0.476432390792511,0.106515267921406,1.0,Ensemble,coverage_all,Маркетплейсы
coverage_all,test,3,6,39,472.34453477950063,0.571272712883241,-0.01328232286883324,0.1068000188792894,1.0,Ensemble,coverage_all,Маркетплейсы
coverage_all,test,6,6,39,571.5405669905182,0.4724587991159188,-0.0035237946182502533,0.12922885489373132,1.0,Ensemble,coverage_all,Маркетплейсы
coverage_all,test,12,6,39,951.7711891109108,-0.29189369254843345,-5.525810405879222,0.2152013487639076,1.0,Ensemble,coverage_all,Маркетплейсы
coverage_all,test,1,6,39,81.92117283486913,0.9528430548480327,-0.41938710669760626,0.1250378608268174,1.0,Ensemble,coverage_all,Общественное питание
coverage_all,test,3,6,39,93.4700709467098,0.9377729663773213,0.5379206875489635,0.14266516601350265,1.0,Ensemble,coverage_all,Общественное питание
coverage_all,test,6,6,39,76.03589264959352,0.956830022802575,0.720759960372046,0.11605504455028949,1.0,Ensemble,coverage_all,Общественное питание
coverage_all,test,12,6,39,120.03629009540265,0.8864129045107383,-0.8022698210706443,0.18321369696904455,1.0,Ensemble,coverage_all,Общественное питание
coverage_all,test,1,6,39,591.0589213575054,0.7873883004484912,0.41395254347751376,0.06046427108049481,1.0,Ensemble,coverage_all,Продовольствие
coverage_all,test,3,6,39,749.1627103340696,0.658832658741449,0.48192276724273364,0.07663800606714623,1.0,Ensemble,coverage_all,Продовольствие
coverage_all,test,6,6,39,664.8414817875267,0.7107635789217066,0.4953339435492252,0.06801209511909927,1.0,Ensemble,coverage_all,Продовольствие
coverage_all,test,12,6,39,580.1235706296742,0.747643737766783,-0.42417615932236985,0.059345604249023465,1.0,Ensemble,coverage_all,Продовольствие
coverage_all,test,1,6,39,77.38853415464743,0.9459317935873148,-0.1441015216884689,0.06706385331797982,1.0,Ensemble,coverage_all,Транспорт
coverage_all,test,3,6,39,81.9519337762467,0.9408697550115838,0.5323702769163757,0.07101843349186826,1.0,Ensemble,coverage_all,Транспорт
coverage_all,test,6,6,39,89.05610852363782,0.9264005127837953,0.4962358745207205,0.07717481490429128,1.0,Ensemble,coverage_all,Транспорт
coverage_all,test,12,6,39,158.10584226428952,0.795370047323881,-1.1056964002362215,0.13701237696451718,1.0,Ensemble,coverage_all,Транспорт
selected_decay,test,1,6,39,889.9353465544872,0.9439286485614721,0.6313552884985338,0.037813621754190334,1.0,Ensemble,selected_decay,Все категории
selected_decay,test,3,6,39,1048.2277226896367,0.9287262752549292,0.7045798281491307,0.04453951264156852,1.0,Ensemble,selected_decay,Все категории
selected_decay,test,6,6,39,1890.5420112846186,0.7690091054624941,0.05846125921981438,0.08032970125515276,1.0,Ensemble,selected_decay,Все категории
selected_decay,test,12,6,39,1098.034935062767,0.9116804918842016,0.017799061204461175,0.04665583614371954,1.0,Ensemble,selected_decay,Все категории
selected_decay,test,1,6,39,92.60201817699986,0.8080064745454667,-0.5838307973942269,0.08244161731485042,1.0,Ensemble,selected_decay,Здоровье
selected_decay,test,3,6,39,98.80441179846088,0.7774495915979017,0.14681568167572068,0.08796347711275665,1.0,Ensemble,selected_decay,Здоровье
selected_decay,test,6,6,39,171.25864857926294,0.41314700224055034,-0.4331989095567248,0.15246795097967777,1.0,Ensemble,selected_decay,Здоровье
selected_decay,test,12,6,39,162.59886052058295,0.45445286011738995,-1.303511573758894,0.14475832491303195,1.0,Ensemble,selected_decay,Здоровье
selected_decay,test,1,6,39,471.08516647469287,0.6107107301594061,-0.476432390792511,0.106515267921406,1.0,Ensemble,selected_decay,Маркетплейсы
selected_decay,test,3,6,39,506.7400872646234,0.5292726117673304,-0.1125481295910109,0.11457706589538229,1.0,Ensemble,selected_decay,Маркетплейсы
selected_decay,test,6,6,39,367.32796839169845,0.7374456464279997,0.5005517280004619,0.08305512411070452,1.0,Ensemble,selected_decay,Маркетплейсы
selected_decay,test,12,6,39,951.7711891109108,-0.29189369254843345,-5.525810405879222,0.2152013487639076,1.0,Ensemble,selected_decay,Маркетплейсы
selected_decay,test,1,6,39,81.92117283486913,0.9528430548480327,-0.41938710669760626,0.1250378608268174,1.0,Ensemble,selected_decay,Общественное питание
selected_decay,test,3,6,39,93.25916088136853,0.9383413863185778,0.5421416037705512,0.14234324992655556,1.0,Ensemble,selected_decay,Общественное питание
selected_decay,test,6,6,39,73.39899490480826,0.95977517272134,0.7398103243846378,0.11203029683468224,1.0,Ensemble,selected_decay,Общественное питание
selected_decay,test,12,6,39,120.03629009540265,0.8864129045107383,-0.8022698210706443,0.18321369696904455,1.0,Ensemble,selected_decay,Общественное питание
selected_decay,test,1,6,39,591.0589213575054,0.7873883004484912,0.41395254347751376,0.06046427108049481,1.0,Ensemble,selected_decay,Продовольствие
selected_decay,test,3,6,39,725.0695237379807,0.6782172397049817,0.5113590844080843,0.07417331614724276,1.0,Ensemble,selected_decay,Продовольствие
selected_decay,test,6,6,39,1075.12874709124,0.36961340488061734,-0.09991236861630992,0.10998374893192367,1.0,Ensemble,selected_decay,Продовольствие
selected_decay,test,12,6,39,580.1235706296742,0.747643737766783,-0.42417615932236985,0.059345604249023465,1.0,Ensemble,selected_decay,Продовольствие
selected_decay,test,1,6,39,77.38853415464743,0.9459317935873148,-0.1441015216884689,0.06706385331797982,1.0,Ensemble,selected_decay,Транспорт
selected_decay,test,3,6,39,83.1216328938802,0.9395105788693809,0.5216212742169168,0.072032078871097,1.0,Ensemble,selected_decay,Транспорт
selected_decay,test,6,6,39,104.35216558639165,0.9004448081286824,0.31857766858280534,0.09043017034428533,1.0,Ensemble,selected_decay,Транспорт
selected_decay,test,12,6,39,158.10584226428952,0.795370047323881,-1.1056964002362215,0.13701237696451718,1.0,Ensemble,selected_decay,Транспорт
selected_news,test,1,6,39,889.9353465544872,0.9439286485614721,0.6313552884985338,0.037813621754190334,1.0,Ensemble,selected_news,Все категории
selected_news,test,3,6,39,1048.2277226896367,0.9287262752549292,0.7045798281491307,0.04453951264156852,1.0,Ensemble,selected_news,Все категории
selected_news,test,6,6,39,1890.5420112846186,0.7690091054624941,0.05846125921981438,0.08032970125515276,1.0,Ensemble,selected_news,Все категории
selected_news,test,12,6,39,1098.034935062767,0.9116804918842016,0.017799061204461175,0.04665583614371954,1.0,Ensemble,selected_news,Все категории
selected_news,test,1,6,39,92.60201817699986,0.8080064745454667,-0.5838307973942269,0.08244161731485042,1.0,Ensemble,selected_news,Здоровье
selected_news,test,3,6,39,98.80441179846088,0.7774495915979017,0.14681568167572068,0.08796347711275665,1.0,Ensemble,selected_news,Здоровье
selected_news,test,6,6,39,171.25864857926294,0.41314700224055034,-0.4331989095567248,0.15246795097967777,1.0,Ensemble,selected_news,Здоровье
selected_news,test,12,6,39,162.59886052058295,0.45445286011738995,-1.303511573758894,0.14475832491303195,1.0,Ensemble,selected_news,Здоровье
selected_news,test,1,6,39,471.08516647469287,0.6107107301594061,-0.476432390792511,0.106515267921406,1.0,Ensemble,selected_news,Маркетплейсы
selected_news,test,3,6,39,506.7400872646234,0.5292726117673304,-0.1125481295910109,0.11457706589538229,1.0,Ensemble,selected_news,Маркетплейсы
selected_news,test,6,6,39,367.32796839169845,0.7374456464279997,0.5005517280004619,0.08305512411070452,1.0,Ensemble,selected_news,Маркетплейсы
selected_news,test,12,6,39,951.7711891109108,-0.29189369254843345,-5.525810405879222,0.2152013487639076,1.0,Ensemble,selected_news,Маркетплейсы
selected_news,test,1,6,39,81.92117283486913,0.9528430548480327,-0.41938710669760626,0.1250378608268174,1.0,Ensemble,selected_news,Общественное питание
selected_news,test,3,6,39,93.25916088136853,0.9383413863185778,0.5421416037705512,0.14234324992655556,1.0,Ensemble,selected_news,Общественное питание
selected_news,test,6,6,39,73.39899490480826,0.95977517272134,0.7398103243846378,0.11203029683468224,1.0,Ensemble,selected_news,Общественное питание
selected_news,test,12,6,39,120.03629009540265,0.8864129045107383,-0.8022698210706443,0.18321369696904455,1.0,Ensemble,selected_news,Общественное питание
selected_news,test,1,6,39,591.0589213575054,0.7873883004484912,0.41395254347751376,0.06046427108049481,1.0,Ensemble,selected_news,Продовольствие
selected_news,test,3,6,39,725.0695237379807,0.6782172397049817,0.5113590844080843,0.07417331614724276,1.0,Ensemble,selected_news,Продовольствие
selected_news,test,6,6,39,1075.12874709124,0.36961340488061734,-0.09991236861630992,0.10998374893192367,1.0,Ensemble,selected_news,Продовольствие
selected_news,test,12,6,39,580.1235706296742,0.747643737766783,-0.42417615932236985,0.059345604249023465,1.0,Ensemble,selected_news,Продовольствие
selected_news,test,1,6,39,77.38853415464743,0.9459317935873148,-0.1441015216884689,0.06706385331797982,1.0,Ensemble,selected_news,Транспорт
selected_news,test,3,6,39,83.1216328938802,0.9395105788693809,0.5216212742169168,0.072032078871097,1.0,Ensemble,selected_news,Транспорт
selected_news,test,6,6,39,104.35216558639165,0.9004448081286824,0.31857766858280534,0.09043017034428533,1.0,Ensemble,selected_news,Транспорт
selected_news,test,12,6,39,158.10584226428952,0.795370047323881,-1.1056964002362215,0.13701237696451718,1.0,Ensemble,selected_news,Транспорт
original,test,1,6,39,901.013680221688,0.9435144737941957,0.6286322698147204,0.03828434349884305,1.0,PastOnlyBlend,original,Все категории
original,test,3,6,39,1131.354258480235,0.9174458512927088,0.6578239612796883,0.04807158426260441,1.0,PastOnlyBlend,original,Все категории
original,test,6,6,39,1451.0647953392095,0.857588905144882,0.4195201365340224,0.06165618156893716,1.0,PastOnlyBlend,original,Все категории
original,test,12,6,39,1142.9493314302886,0.9062162668890643,-0.04296856572771346,0.048564262415509665,1.0,PastOnlyBlend,original,Все категории
original,test,1,6,39,88.33421469142294,0.8255873874287593,-0.43879886881777175,0.07864208217879755,1.0,PastOnlyBlend,original,Здоровье
original,test,3,6,39,122.40753825913127,0.6592941477888056,-0.3061530300258928,0.10897684115613253,1.0,PastOnlyBlend,original,Здоровье
original,test,6,6,39,181.49662506886017,0.3256160428111181,-0.6469650078567586,0.16158260481174133,1.0,PastOnlyBlend,original,Здоровье
original,test,12,6,39,178.9877259344117,0.3618696048840122,-1.6944339787636191,0.159348985000903,1.0,PastOnlyBlend,original,Здоровье
original,test,1,6,39,506.5333032852564,0.5596054182725272,-0.670256222212879,0.11453031075951385,1.0,PastOnlyBlend,original,Маркетплейсы
original,test,3,6,39,487.2376229049813,0.5507620404671657,-0.06175859768010383,0.11016743815876676,1.0,PastOnlyBlend,original,Маркетплейсы
original,test,6,6,39,435.9142294337607,0.6271787451917192,0.2907947289945344,0.09856290166458598,1.0,PastOnlyBlend,original,Маркетплейсы
original,test,12,6,39,1000.1310805622329,-0.3861032970003755,-6.00169632483087,0.22613581913395778,1.0,PastOnlyBlend,original,Маркетплейсы
original,test,1,6,39,82.57220022087424,0.9524111321578727,-0.43238764130661633,0.12603153644044465,1.0,PastOnlyBlend,original,Общественное питание
original,test,3,6,39,109.91852282662677,0.9154979431792268,0.3725130374491984,0.16777075429802796,1.0,PastOnlyBlend,original,Общественное питание
original,test,6,6,39,91.43634626600478,0.9375228085008644,0.5958734620063104,0.13956105294008947,1.0,PastOnlyBlend,original,Общественное питание
original,test,12,6,39,133.39751838618872,0.8605647790748682,-1.2123982445826362,0.2036071965453536,1.0,PastOnlyBlend,original,Общественное питание
original,test,1,6,39,597.5013104300214,0.7818516791802919,0.39869128166171997,0.06112331596622629,1.0,PastOnlyBlend,original,Продовольствие
original,test,3,6,39,773.3152377136752,0.6511403410231958,0.4702416530356671,0.07910876644312613,1.0,PastOnlyBlend,original,Продовольствие
original,test,6,6,39,814.2640099158654,0.6069230936257182,0.3141507854293296,0.08329775263956164,1.0,PastOnlyBlend,original,Продовольствие
original,test,12,6,39,630.9818021334135,0.7091754806538175,-0.6412723161054259,0.06454831041790077,1.0,PastOnlyBlend,original,Продовольствие
original,test,1,6,39,79.26675728039864,0.9440502205191755,-0.18391624374518512,0.06869149598597642,1.0,PastOnlyBlend,original,Транспорт
original,test,3,6,39,91.39183605226697,0.925396111851093,0.40999744609768674,0.0791989246781982,1.0,PastOnlyBlend,original,Транспорт
original,test,6,6,39,86.13062005980402,0.9334646066911085,0.5445872588050609,0.07463962630865342,1.0,PastOnlyBlend,original,Транспорт
original,test,12,6,39,168.5021003657936,0.7696392875887543,-1.370472731565171,0.14602163312876845,1.0,PastOnlyBlend,original,Транспорт
financial_only,test,1,6,39,915.2948147235363,0.9416401415483805,0.6163093517417724,0.03889115321863267,1.0,PastOnlyBlend,financial_only,Все категории
financial_only,test,3,6,39,1131.354258480235,0.9174458512927088,0.6578239612796883,0.04807158426260441,1.0,PastOnlyBlend,financial_only,Все категории
financial_only,test,6,6,39,1723.2769830095428,0.789210064049257,0.14080210277737337,0.07322255966741224,1.0,PastOnlyBlend,financial_only,Все категории
financial_only,test,12,6,39,1142.9493314302886,0.9062162668890643,-0.04296856572771346,0.048564262415509665,1.0,PastOnlyBlend,financial_only,Все категории
financial_only,test,1,6,39,87.67358195773573,0.8286200770273122,-0.4137810085865281,0.07805393483505173,1.0,PastOnlyBlend,financial_only,Здоровье
financial_only,test,3,6,39,122.40753825913127,0.6592941477888056,-0.3061530300258928,0.10897684115613253,1.0,PastOnlyBlend,financial_only,Здоровье
financial_only,test,6,6,39,195.50820638950637,0.20061180503063825,-0.9522474856850291,0.17405681917502536,1.0,PastOnlyBlend,financial_only,Здоровье
financial_only,test,12,6,39,178.9877259344117,0.3618696048840122,-1.6944339787636191,0.159348985000903,1.0,PastOnlyBlend,financial_only,Здоровье
financial_only,test,1,6,39,491.4259289722462,0.5794882203477144,-0.5948479968190905,0.11111444004853128,1.0,PastOnlyBlend,financial_only,Маркетплейсы
financial_only,test,3,6,39,487.2376229049813,0.5507620404671657,-0.06175859768010383,0.11016743815876676,1.0,PastOnlyBlend,financial_only,Маркетплейсы
financial_only,test,6,6,39,491.08659218873925,0.5528583884664935,0.1494176265553473,0.11103771390433678,1.0,PastOnlyBlend,financial_only,Маркетплейсы
financial_only,test,12,6,39,1000.1310805622329,-0.3861032970003755,-6.00169632483087,0.22613581913395778,1.0,PastOnlyBlend,financial_only,Маркетплейсы
financial_only,test,1,6,39,82.38489542320906,0.9525977585822426,-0.4267703321347409,0.12574564952730363,1.0,PastOnlyBlend,financial_only,Общественное питание
financial_only,test,3,6,39,109.91852282662677,0.9154979431792268,0.3725130374491984,0.16777075429802796,1.0,PastOnlyBlend,financial_only,Общественное питание
financial_only,test,6,6,39,97.04977713540146,0.9285353402129187,0.5377390555551851,0.14812894038017052,1.0,PastOnlyBlend,financial_only,Общественное питание
financial_only,test,12,6,39,133.39751838618872,0.8605647790748682,-1.2123982445826362,0.2036071965453536,1.0,PastOnlyBlend,financial_only,Общественное питание
financial_only,test,1,6,39,601.3270916719603,0.7794337398761366,0.3920264218152718,0.06151468654832659,1.0,PastOnlyBlend,financial_only,Продовольствие
financial_only,test,3,6,39,773.3152377136752,0.6511403410231958,0.4702416530356671,0.07910876644312613,1.0,PastOnlyBlend,financial_only,Продовольствие
financial_only,test,6,6,39,956.6669495601235,0.47003933357964334,0.07531299620116305,0.09786531880628867,1.0,PastOnlyBlend,financial_only,Продовольствие
financial_only,test,12,6,39,630.9818021334135,0.7091754806538175,-0.6412723161054259,0.06454831041790077,1.0,PastOnlyBlend,financial_only,Продовольствие
financial_only,test,1,6,39,78.76258278294827,0.9446468457167225,-0.17129145291744585,0.06825458520955428,1.0,PastOnlyBlend,financial_only,Транспорт
financial_only,test,3,6,39,91.39183605226697,0.925396111851093,0.40999744609768674,0.0791989246781982,1.0,PastOnlyBlend,financial_only,Транспорт
financial_only,test,6,6,39,86.53034832993195,0.931757235598075,0.532900868884653,0.0749860254021075,1.0,PastOnlyBlend,financial_only,Транспорт
financial_only,test,12,6,39,168.5021003657936,0.7696392875887543,-1.370472731565171,0.14602163312876845,1.0,PastOnlyBlend,financial_only,Транспорт
economic_windows,test,1,6,39,901.013680221688,0.9435144737941957,0.6286322698147204,0.03828434349884305,1.0,PastOnlyBlend,economic_windows,Все категории
economic_windows,test,3,6,39,1131.354258480235,0.9174458512927088,0.6578239612796883,0.04807158426260441,1.0,PastOnlyBlend,economic_windows,Все категории
economic_windows,test,6,6,39,1624.6207023435106,0.8193958913214989,0.26384212933868056,0.06903062449456632,1.0,PastOnlyBlend,economic_windows,Все категории
economic_windows,test,12,6,39,1142.9493314302886,0.9062162668890643,-0.04296856572771346,0.048564262415509665,1.0,PastOnlyBlend,economic_windows,Все категории
economic_windows,test,1,6,39,88.33421469142294,0.8255873874287593,-0.43879886881777175,0.07864208217879755,1.0,PastOnlyBlend,economic_windows,Здоровье
economic_windows,test,3,6,39,122.40753825913127,0.6592941477888056,-0.3061530300258928,0.10897684115613253,1.0,PastOnlyBlend,economic_windows,Здоровье
economic_windows,test,6,6,39,208.43896230586486,0.11400828722226919,-1.1637486073638992,0.18556879755124764,1.0,PastOnlyBlend,economic_windows,Здоровье
economic_windows,test,12,6,39,178.9877259344117,0.3618696048840122,-1.6944339787636191,0.159348985000903,1.0,PastOnlyBlend,economic_windows,Здоровье
economic_windows,test,1,6,39,506.5333032852564,0.5596054182725272,-0.670256222212879,0.11453031075951385,1.0,PastOnlyBlend,economic_windows,Маркетплейсы
economic_windows,test,3,6,39,487.2376229049813,0.5507620404671657,-0.06175859768010383,0.11016743815876676,1.0,PastOnlyBlend,economic_windows,Маркетплейсы
economic_windows,test,6,6,39,533.6723514712368,0.5115758255674234,0.0708872025759234,0.12066661730105498,1.0,PastOnlyBlend,economic_windows,Маркетплейсы
economic_windows,test,12,6,39,1000.1310805622329,-0.3861032970003755,-6.00169632483087,0.22613581913395778,1.0,PastOnlyBlend,economic_windows,Маркетплейсы
economic_windows,test,1,6,39,82.57220022087424,0.9524111321578727,-0.43238764130661633,0.12603153644044465,1.0,PastOnlyBlend,economic_windows,Общественное питание
economic_windows,test,3,6,39,109.91852282662677,0.9154979431792268,0.3725130374491984,0.16777075429802796,1.0,PastOnlyBlend,economic_windows,Общественное питание
economic_windows,test,6,6,39,90.54417758910184,0.9405980510861829,0.6157653154919573,0.1381993187388287,1.0,PastOnlyBlend,economic_windows,Общественное питание
economic_windows,test,12,6,39,133.39751838618872,0.8605647790748682,-1.2123982445826362,0.2036071965453536,1.0,PastOnlyBlend,economic_windows,Общественное питание
economic_windows,test,1,6,39,597.5013104300214,0.7818516791802919,0.39869128166171997,0.06112331596622629,1.0,PastOnlyBlend,economic_windows,Продовольствие
economic_windows,test,3,6,39,773.3152377136752,0.6511403410231958,0.4702416530356671,0.07910876644312613,1.0,PastOnlyBlend,economic_windows,Продовольствие
economic_windows,test,6,6,39,989.9084256665881,0.40346061314000414,-0.04085501667407643,0.10126586238966072,1.0,PastOnlyBlend,economic_windows,Продовольствие
economic_windows,test,12,6,39,630.9818021334135,0.7091754806538175,-0.6412723161054259,0.06454831041790077,1.0,PastOnlyBlend,economic_windows,Продовольствие
economic_windows,test,1,6,39,79.26675728039864,0.9440502205191755,-0.18391624374518512,0.06869149598597642,1.0,PastOnlyBlend,economic_windows,Транспорт
economic_windows,test,3,6,39,91.39183605226697,0.925396111851093,0.40999744609768674,0.0791989246781982,1.0,PastOnlyBlend,economic_windows,Транспорт
economic_windows,test,6,6,39,108.74065498957978,0.8890458910272105,0.24055585454264616,0.09423317569692313,1.0,PastOnlyBlend,economic_windows,Транспорт
economic_windows,test,12,6,39,168.5021003657936,0.7696392875887543,-1.370472731565171,0.14602163312876845,1.0,PastOnlyBlend,economic_windows,Транспорт
coverage_all,test,1,6,39,901.013680221688,0.9435144737941957,0.6286322698147204,0.03828434349884305,1.0,PastOnlyBlend,coverage_all,Все категории
coverage_all,test,3,6,39,1251.7204450938739,0.903002587403728,0.5979585408118844,0.05318597989844936,1.0,PastOnlyBlend,coverage_all,Все категории
coverage_all,test,6,6,39,1451.0647953392095,0.857588905144882,0.4195201365340224,0.06165618156893716,1.0,PastOnlyBlend,coverage_all,Все категории
coverage_all,test,12,6,39,1142.9493314302886,0.9062162668890643,-0.04296856572771346,0.048564262415509665,1.0,PastOnlyBlend,coverage_all,Все категории
coverage_all,test,1,6,39,88.33421469142294,0.8255873874287593,-0.43879886881777175,0.07864208217879755,1.0,PastOnlyBlend,coverage_all,Здоровье
coverage_all,test,3,6,39,123.02504854978257,0.6500595506828335,-0.34155540692300845,0.10952659750131875,1.0,PastOnlyBlend,coverage_all,Здоровье
coverage_all,test,6,6,39,181.49662506886017,0.3256160428111181,-0.6469650078567586,0.16158260481174133,1.0,PastOnlyBlend,coverage_all,Здоровье
coverage_all,test,12,6,39,178.9877259344117,0.3618696048840122,-1.6944339787636191,0.159348985000903,1.0,PastOnlyBlend,coverage_all,Здоровье
coverage_all,test,1,6,39,506.5333032852564,0.5596054182725272,-0.670256222212879,0.11453031075951385,1.0,PastOnlyBlend,coverage_all,Маркетплейсы
coverage_all,test,3,6,39,479.8925440692503,0.5679372210461139,-0.021165644080701318,0.10850667043401233,1.0,PastOnlyBlend,coverage_all,Маркетплейсы
coverage_all,test,6,6,39,435.9142294337607,0.6271787451917192,0.2907947289945344,0.09856290166458598,1.0,PastOnlyBlend,coverage_all,Маркетплейсы
coverage_all,test,12,6,39,1000.1310805622329,-0.3861032970003755,-6.00169632483087,0.22613581913395778,1.0,PastOnlyBlend,coverage_all,Маркетплейсы
coverage_all,test,1,6,39,82.57220022087424,0.9524111321578727,-0.43238764130661633,0.12603153644044465,1.0,PastOnlyBlend,coverage_all,Общественное питание
coverage_all,test,3,6,39,111.56596807498732,0.9133890815440088,0.3568532626258524,0.1702852816486011,1.0,PastOnlyBlend,coverage_all,Общественное питание
coverage_all,test,6,6,39,91.43634626600478,0.9375228085008644,0.5958734620063104,0.13956105294008947,1.0,PastOnlyBlend,coverage_all,Общественное питание
coverage_all,test,12,6,39,133.39751838618872,0.8605647790748682,-1.2123982445826362,0.2036071965453536,1.0,PastOnlyBlend,coverage_all,Общественное питание
coverage_all,test,1,6,39,597.5013104300214,0.7818516791802919,0.39869128166171997,0.06112331596622629,1.0,PastOnlyBlend,coverage_all,Продовольствие
coverage_all,test,3,6,39,799.4915534464163,0.6210115774912146,0.42448983406182905,0.08178655674991646,1.0,PastOnlyBlend,coverage_all,Продовольствие
coverage_all,test,6,6,39,814.2640099158654,0.6069230936257182,0.3141507854293296,0.08329775263956164,1.0,PastOnlyBlend,coverage_all,Продовольствие
coverage_all,test,12,6,39,630.9818021334135,0.7091754806538175,-0.6412723161054259,0.06454831041790077,1.0,PastOnlyBlend,coverage_all,Продовольствие
coverage_all,test,1,6,39,79.26675728039864,0.9440502205191755,-0.18391624374518512,0.06869149598597642,1.0,PastOnlyBlend,coverage_all,Транспорт
coverage_all,test,3,6,39,91.65838616696317,0.9250328005856073,0.40712421013349387,0.07942991338975791,1.0,PastOnlyBlend,coverage_all,Транспорт
coverage_all,test,6,6,39,86.13062005980402,0.9334646066911085,0.5445872588050609,0.07463962630865342,1.0,PastOnlyBlend,coverage_all,Транспорт
coverage_all,test,12,6,39,168.5021003657936,0.7696392875887543,-1.370472731565171,0.14602163312876845,1.0,PastOnlyBlend,coverage_all,Транспорт
selected_decay,test,1,6,39,925.2458398897743,0.9404868647879625,0.6087270593996349,0.03931397528448205,1.0,PastOnlyBlend,selected_decay,Все категории
selected_decay,test,3,6,39,1131.354258480235,0.9174458512927088,0.6578239612796883,0.04807158426260441,1.0,PastOnlyBlend,selected_decay,Все категории
selected_decay,test,6,6,39,2498.990691525231,0.5825965443158323,-0.7013723629628084,0.10618286951117523,1.0,PastOnlyBlend,selected_decay,Все категории
selected_decay,test,12,6,39,1142.9493314302886,0.9062162668890643,-0.04296856572771346,0.048564262415509665,1.0,PastOnlyBlend,selected_decay,Все категории
selected_decay,test,1,6,39,87.75001151525598,0.8282552088561835,-0.41679095095335716,0.07812197845285479,1.0,PastOnlyBlend,selected_decay,Здоровье
selected_decay,test,3,6,39,122.40753825913127,0.6592941477888056,-0.3061530300258928,0.10897684115613253,1.0,PastOnlyBlend,selected_decay,Здоровье
selected_decay,test,6,6,39,228.37366391336255,-0.049699834804172394,-1.563552822166681,0.20331624057208722,1.0,PastOnlyBlend,selected_decay,Здоровье
selected_decay,test,12,6,39,178.9877259344117,0.3618696048840122,-1.6944339787636191,0.159348985000903,1.0,PastOnlyBlend,selected_decay,Здоровье
selected_decay,test,1,6,39,491.83704071747695,0.5783485471702853,-0.5991703620226387,0.1112073949552132,1.0,PastOnlyBlend,selected_decay,Маркетплейсы
selected_decay,test,3,6,39,487.2376229049813,0.5507620404671657,-0.06175859768010383,0.11016743815876676,1.0,PastOnlyBlend,selected_decay,Маркетплейсы
selected_decay,test,6,6,39,549.7450618725371,0.4921251638407095,0.033886866239886126,0.12430075646835062,1.0,PastOnlyBlend,selected_decay,Маркетплейсы
selected_decay,test,12,6,39,1000.1310805622329,-0.3861032970003755,-6.00169632483087,0.22613581913395778,1.0,PastOnlyBlend,selected_decay,Маркетплейсы
selected_decay,test,1,6,39,82.53889680539373,0.9522927848600458,-0.43594980225887325,0.12598070479722218,1.0,PastOnlyBlend,selected_decay,Общественное питание
selected_decay,test,3,6,39,109.91852282662677,0.9154979431792268,0.3725130374491984,0.16777075429802796,1.0,PastOnlyBlend,selected_decay,Общественное питание
selected_decay,test,6,6,39,89.51070693684812,0.9430779015620001,0.6318059434953446,0.1366219126164142,1.0,PastOnlyBlend,selected_decay,Общественное питание
selected_decay,test,12,6,39,133.39751838618872,0.8605647790748682,-1.2123982445826362,0.2036071965453536,1.0,PastOnlyBlend,selected_decay,Общественное питание
selected_decay,test,1,6,39,604.2159442897397,0.7770495023553754,0.38545445828864033,0.06181021100702496,1.0,PastOnlyBlend,selected_decay,Продовольствие
selected_decay,test,3,6,39,773.3152377136752,0.6511403410231958,0.4702416530356671,0.07910876644312613,1.0,PastOnlyBlend,selected_decay,Продовольствие
selected_decay,test,6,6,39,1184.689704562688,0.2083196279825844,-0.38134129106569725,0.12119163903055785,1.0,PastOnlyBlend,selected_decay,Продовольствие
selected_decay,test,12,6,39,630.9818021334135,0.7091754806538175,-0.6412723161054259,0.06454831041790077,1.0,PastOnlyBlend,selected_decay,Продовольствие
selected_decay,test,1,6,39,78.8702611023962,0.9444712310671146,-0.17500751825746552,0.06834789777968969,1.0,PastOnlyBlend,selected_decay,Транспорт
selected_decay,test,3,6,39,91.39183605226697,0.925396111851093,0.40999744609768674,0.0791989246781982,1.0,PastOnlyBlend,selected_decay,Транспорт
selected_decay,test,6,6,39,83.35707592515405,0.9340624916020772,0.5486795830956723,0.07223611060637365,1.0,PastOnlyBlend,selected_decay,Транспорт
selected_decay,test,12,6,39,168.5021003657936,0.7696392875887543,-1.370472731565171,0.14602163312876845,1.0,PastOnlyBlend,selected_decay,Транспорт
selected_news,test,1,6,39,925.2458398897743,0.9404868647879625,0.6087270593996349,0.03931397528448205,1.0,PastOnlyBlend,selected_news,Все категории
selected_news,test,3,6,39,1131.354258480235,0.9174458512927088,0.6578239612796883,0.04807158426260441,1.0,PastOnlyBlend,selected_news,Все категории
selected_news,test,6,6,39,2498.990691525231,0.5825965443158323,-0.7013723629628084,0.10618286951117523,1.0,PastOnlyBlend,selected_news,Все категории
selected_news,test,12,6,39,1142.9493314302886,0.9062162668890643,-0.04296856572771346,0.048564262415509665,1.0,PastOnlyBlend,selected_news,Все категории
selected_news,test,1,6,39,87.75001151525598,0.8282552088561835,-0.41679095095335716,0.07812197845285479,1.0,PastOnlyBlend,selected_news,Здоровье
selected_news,test,3,6,39,122.40753825913127,0.6592941477888056,-0.3061530300258928,0.10897684115613253,1.0,PastOnlyBlend,selected_news,Здоровье
selected_news,test,6,6,39,228.37366391336255,-0.049699834804172394,-1.563552822166681,0.20331624057208722,1.0,PastOnlyBlend,selected_news,Здоровье
selected_news,test,12,6,39,178.9877259344117,0.3618696048840122,-1.6944339787636191,0.159348985000903,1.0,PastOnlyBlend,selected_news,Здоровье
selected_news,test,1,6,39,491.83704071747695,0.5783485471702853,-0.5991703620226387,0.1112073949552132,1.0,PastOnlyBlend,selected_news,Маркетплейсы
selected_news,test,3,6,39,487.2376229049813,0.5507620404671657,-0.06175859768010383,0.11016743815876676,1.0,PastOnlyBlend,selected_news,Маркетплейсы
selected_news,test,6,6,39,549.7450618725371,0.4921251638407095,0.033886866239886126,0.12430075646835062,1.0,PastOnlyBlend,selected_news,Маркетплейсы
selected_news,test,12,6,39,1000.1310805622329,-0.3861032970003755,-6.00169632483087,0.22613581913395778,1.0,PastOnlyBlend,selected_news,Маркетплейсы
selected_news,test,1,6,39,82.53889680539373,0.9522927848600458,-0.43594980225887325,0.12598070479722218,1.0,PastOnlyBlend,selected_news,Общественное питание
selected_news,test,3,6,39,109.91852282662677,0.9154979431792268,0.3725130374491984,0.16777075429802796,1.0,PastOnlyBlend,selected_news,Общественное питание
selected_news,test,6,6,39,89.51070693684812,0.9430779015620001,0.6318059434953446,0.1366219126164142,1.0,PastOnlyBlend,selected_news,Общественное питание
selected_news,test,12,6,39,133.39751838618872,0.8605647790748682,-1.2123982445826362,0.2036071965453536,1.0,PastOnlyBlend,selected_news,Общественное питание
selected_news,test,1,6,39,604.2159442897397,0.7770495023553754,0.38545445828864033,0.06181021100702496,1.0,PastOnlyBlend,selected_news,Продовольствие
selected_news,test,3,6,39,773.3152377136752,0.6511403410231958,0.4702416530356671,0.07910876644312613,1.0,PastOnlyBlend,selected_news,Продовольствие
selected_news,test,6,6,39,1184.689704562688,0.2083196279825844,-0.38134129106569725,0.12119163903055785,1.0,PastOnlyBlend,selected_news,Продовольствие
selected_news,test,12,6,39,630.9818021334135,0.7091754806538175,-0.6412723161054259,0.06454831041790077,1.0,PastOnlyBlend,selected_news,Продовольствие
selected_news,test,1,6,39,78.8702611023962,0.9444712310671146,-0.17500751825746552,0.06834789777968969,1.0,PastOnlyBlend,selected_news,Транспорт
selected_news,test,3,6,39,91.39183605226697,0.925396111851093,0.40999744609768674,0.0791989246781982,1.0,PastOnlyBlend,selected_news,Транспорт
selected_news,test,6,6,39,83.35707592515405,0.9340624916020772,0.5486795830956723,0.07223611060637365,1.0,PastOnlyBlend,selected_news,Транспорт
selected_news,test,12,6,39,168.5021003657936,0.7696392875887543,-1.370472731565171,0.14602163312876845,1.0,PastOnlyBlend,selected_news,Транспорт
original,test,1,6,39,1246.1913645165598,0.8743192056676059,0.17370352275645173,0.0529510475942,1.0,Prophet,original,Все категории
original,test,3,6,39,1370.2657502003206,0.8666951601986612,0.4474690522556467,0.05822300572890479,1.0,Prophet,original,Все категории
original,test,6,6,39,1478.806882678953,0.8591301366557744,0.42580232864779344,0.06283495124181086,1.0,Prophet,original,Все категории
original,test,12,6,39,2096.221228966346,0.6905345654865505,-2.441564007640895,0.08906907335698717,1.0,Prophet,original,Все категории
original,test,1,6,39,76.02934539012419,0.8659334574995361,-0.10596812267339395,0.06768731741213847,1.0,Prophet,original,Здоровье
original,test,3,6,39,97.42107241377872,0.7762428383162224,0.14218939056528201,0.08673191933017634,1.0,Prophet,original,Здоровье
original,test,6,6,39,95.97226134732239,0.7824780206749781,0.46877281914979874,0.08544207349469994,1.0,Prophet,original,Здоровье
original,test,12,6,39,394.20676021086865,-2.124399375851307,-12.1924257267066,0.35095393716055556,1.0,Prophet,original,Здоровье
original,test,1,6,39,454.1080071864984,0.6012779163745264,-0.5122076173072647,0.10267662727037721,1.0,Prophet,original,Маркетплейсы
original,test,3,6,39,499.8775040064103,0.5141650052372491,-0.14825444243323527,0.11302539340301397,1.0,Prophet,original,Маркетплейсы
original,test,6,6,39,555.5159098307291,0.45671584452069103,-0.03347108500510543,0.12560558086135887,1.0,Prophet,original,Маркетплейсы
original,test,12,6,39,571.6927046816573,0.3996971933804445,-2.0323410700989477,0.12926325416606224,1.0,Prophet,original,Маркетплейсы
original,test,1,6,39,101.50687890990167,0.9275464358563799,-1.180795521175786,0.15493190049518618,1.0,Prophet,original,Общественное питание
original,test,3,6,39,128.9403368305956,0.8825639893772094,0.1279553614171498,0.19680411465892228,1.0,Prophet,original,Общественное питание
original,test,6,6,39,125.61648983425565,0.8833229165811975,0.2452876857325772,0.19173086309579165,1.0,Prophet,original,Общественное питание
original,test,12,6,39,218.70858370137012,0.5713569880985894,-5.801215939497022,0.3338191154270472,1.0,Prophet,original,Общественное питание
original,test,1,6,39,827.5298978365385,0.609898048660718,-0.07528539985852589,0.08465482925980249,1.0,Prophet,original,Продовольствие
original,test,3,6,39,953.1220452724359,0.49907987503525586,0.23933131695191434,0.09750268143451385,1.0,Prophet,original,Продовольствие
original,test,6,6,39,823.483150123531,0.5803828685489207,0.26784281813776334,0.08424085420271057,1.0,Prophet,original,Продовольствие
original,test,12,6,39,1135.626938518296,0.11417124366706866,-3.999187200061039,0.11617260576860548,1.0,Prophet,original,Продовольствие
original,test,1,6,39,91.28683862930689,0.9305402915772003,-0.4697909062490748,0.07910793533657184,1.0,Prophet,original,Транспорт
original,test,3,6,39,114.90604798406618,0.8912461054579613,0.1399231713157597,0.09957602158419214,1.0,Prophet,original,Транспорт
original,test,6,6,39,123.06392115405482,0.8688810654632966,0.1025342989602489,0.10664552374798196,1.0,Prophet,original,Транспорт
original,test,12,6,39,271.58993249876886,0.3283406325244439,-5.911552750621686,0.23535614926289017,1.0,Prophet,original,Транспорт
coverage_all,test,1,6,39,1246.1913645165598,0.8743192056676059,0.17370352275645173,0.0529510475942,1.0,Prophet,coverage_all,Все категории
coverage_all,test,3,6,39,1428.5799873512026,0.8570643815656809,0.4075507473124288,0.060700795284117835,1.0,Prophet,coverage_all,Все категории
coverage_all,test,6,6,39,1478.806882678953,0.8591301366557744,0.42580232864779344,0.06283495124181086,1.0,Prophet,coverage_all,Все категории
coverage_all,test,12,6,39,2096.221228966346,0.6905345654865505,-2.441564007640895,0.08906907335698717,1.0,Prophet,coverage_all,Все категории
coverage_all,test,1,6,39,76.02934539012419,0.8659334574995361,-0.10596812267339395,0.06768731741213847,1.0,Prophet,coverage_all,Здоровье
coverage_all,test,3,6,39,97.86260474698689,0.772708768098038,0.12864093962483703,0.08712500622356245,1.0,Prophet,coverage_all,Здоровье
coverage_all,test,6,6,39,95.97226134732239,0.7824780206749781,0.46877281914979874,0.08544207349469994,1.0,Prophet,coverage_all,Здоровье
coverage_all,test,12,6,39,394.20676021086865,-2.124399375851307,-12.1924257267066,0.35095393716055556,1.0,Prophet,coverage_all,Здоровье
coverage_all,test,1,6,39,454.1080071864984,0.6012779163745264,-0.5122076173072647,0.10267662727037721,1.0,Prophet,coverage_all,Маркетплейсы
coverage_all,test,3,6,39,494.3451118225109,0.5093754976049576,-0.15957428039289545,0.11177448533447051,1.0,Prophet,coverage_all,Маркетплейсы
coverage_all,test,6,6,39,555.5159098307291,0.45671584452069103,-0.03347108500510543,0.12560558086135887,1.0,Prophet,coverage_all,Маркетплейсы
coverage_all,test,12,6,39,571.6927046816573,0.3996971933804445,-2.0323410700989477,0.12926325416606224,1.0,Prophet,coverage_all,Маркетплейсы
coverage_all,test,1,6,39,101.50687890990167,0.9275464358563799,-1.180795521175786,0.15493190049518618,1.0,Prophet,coverage_all,Общественное питание
coverage_all,test,3,6,39,130.4177430980638,0.8788287106913297,0.10021830074589788,0.19905910824438672,1.0,Prophet,coverage_all,Общественное питание
coverage_all,test,6,6,39,125.61648983425565,0.8833229165811975,0.2452876857325772,0.19173086309579165,1.0,Prophet,coverage_all,Общественное питание
coverage_all,test,12,6,39,218.70858370137012,0.5713569880985894,-5.801215939497022,0.3338191154270472,1.0,Prophet,coverage_all,Общественное питание
coverage_all,test,1,6,39,827.5298978365385,0.609898048660718,-0.07528539985852589,0.08465482925980249,1.0,Prophet,coverage_all,Продовольствие
coverage_all,test,3,6,39,987.1644931828554,0.4664324977746399,0.18975487506398947,0.10098516300161674,1.0,Prophet,coverage_all,Продовольствие
coverage_all,test,6,6,39,823.483150123531,0.5803828685489207,0.26784281813776334,0.08424085420271057,1.0,Prophet,coverage_all,Продовольствие
coverage_all,test,12,6,39,1135.626938518296,0.11417124366706866,-3.999187200061039,0.11617260576860548,1.0,Prophet,coverage_all,Продовольствие
coverage_all,test,1,6,39,91.28683862930689,0.9305402915772003,-0.4697909062490748,0.07910793533657184,1.0,Prophet,coverage_all,Транспорт
coverage_all,test,3,6,39,115.02627960839737,0.8898593961984732,0.12895642380542993,0.09968021267795568,1.0,Prophet,coverage_all,Транспорт
coverage_all,test,6,6,39,123.06392115405482,0.8688810654632966,0.1025342989602489,0.10664552374798196,1.0,Prophet,coverage_all,Транспорт
coverage_all,test,12,6,39,271.58993249876886,0.3283406325244439,-5.911552750621686,0.23535614926289017,1.0,Prophet,coverage_all,Транспорт
economic_windows,test,1,6,39,1246.1913645165598,0.8743192056676059,0.17370352275645173,0.0529510475942,1.0,Prophet,economic_windows,Все категории
economic_windows,test,3,6,39,1370.2657502003206,0.8666951601986612,0.4474690522556467,0.05822300572890479,1.0,Prophet,economic_windows,Все категории
economic_windows,test,6,6,39,1478.806882678953,0.8591301366557744,0.42580232864779344,0.06283495124181086,1.0,Prophet,economic_windows,Все категории
economic_windows,test,12,6,39,2096.221228966346,0.6905345654865505,-2.441564007640895,0.08906907335698717,1.0,Prophet,economic_windows,Все категории
economic_windows,test,1,6,39,76.02934539012419,0.8659334574995361,-0.10596812267339395,0.06768731741213847,1.0,Prophet,economic_windows,Здоровье
economic_windows,test,3,6,39,97.42107241377872,0.7762428383162224,0.14218939056528201,0.08673191933017634,1.0,Prophet,economic_windows,Здоровье
economic_windows,test,6,6,39,95.97226134732239,0.7824780206749781,0.46877281914979874,0.08544207349469994,1.0,Prophet,economic_windows,Здоровье
economic_windows,test,12,6,39,394.20676021086865,-2.124399375851307,-12.1924257267066,0.35095393716055556,1.0,Prophet,economic_windows,Здоровье
economic_windows,test,1,6,39,454.1080071864984,0.6012779163745264,-0.5122076173072647,0.10267662727037721,1.0,Prophet,economic_windows,Маркетплейсы
economic_windows,test,3,6,39,499.8775040064103,0.5141650052372491,-0.14825444243323527,0.11302539340301397,1.0,Prophet,economic_windows,Маркетплейсы
economic_windows,test,6,6,39,555.5159098307291,0.45671584452069103,-0.03347108500510543,0.12560558086135887,1.0,Prophet,economic_windows,Маркетплейсы
economic_windows,test,12,6,39,571.6927046816573,0.3996971933804445,-2.0323410700989477,0.12926325416606224,1.0,Prophet,economic_windows,Маркетплейсы
economic_windows,test,1,6,39,101.50687890990167,0.9275464358563799,-1.180795521175786,0.15493190049518618,1.0,Prophet,economic_windows,Общественное питание
economic_windows,test,3,6,39,128.9403368305956,0.8825639893772094,0.1279553614171498,0.19680411465892228,1.0,Prophet,economic_windows,Общественное питание
economic_windows,test,6,6,39,125.61648983425565,0.8833229165811975,0.2452876857325772,0.19173086309579165,1.0,Prophet,economic_windows,Общественное питание
economic_windows,test,12,6,39,218.70858370137012,0.5713569880985894,-5.801215939497022,0.3338191154270472,1.0,Prophet,economic_windows,Общественное питание
economic_windows,test,1,6,39,827.5298978365385,0.609898048660718,-0.07528539985852589,0.08465482925980249,1.0,Prophet,economic_windows,Продовольствие
economic_windows,test,3,6,39,953.1220452724359,0.49907987503525586,0.23933131695191434,0.09750268143451385,1.0,Prophet,economic_windows,Продовольствие
economic_windows,test,6,6,39,823.483150123531,0.5803828685489207,0.26784281813776334,0.08424085420271057,1.0,Prophet,economic_windows,Продовольствие
economic_windows,test,12,6,39,1135.626938518296,0.11417124366706866,-3.999187200061039,0.11617260576860548,1.0,Prophet,economic_windows,Продовольствие
economic_windows,test,1,6,39,91.28683862930689,0.9305402915772003,-0.4697909062490748,0.07910793533657184,1.0,Prophet,economic_windows,Транспорт
economic_windows,test,3,6,39,114.90604798406618,0.8912461054579613,0.1399231713157597,0.09957602158419214,1.0,Prophet,economic_windows,Транспорт
economic_windows,test,6,6,39,123.06392115405482,0.8688810654632966,0.1025342989602489,0.10664552374798196,1.0,Prophet,economic_windows,Транспорт
economic_windows,test,12,6,39,271.58993249876886,0.3283406325244439,-5.911552750621686,0.23535614926289017,1.0,Prophet,economic_windows,Транспорт
financial_only,test,1,6,39,1246.1913645165598,0.8743192056676059,0.17370352275645173,0.0529510475942,1.0,Prophet,financial_only,Все категории
financial_only,test,3,6,39,1370.2657502003206,0.8666951601986612,0.4474690522556467,0.05822300572890479,1.0,Prophet,financial_only,Все категории
financial_only,test,6,6,39,1478.806882678953,0.8591301366557744,0.42580232864779344,0.06283495124181086,1.0,Prophet,financial_only,Все категории
financial_only,test,12,6,39,2096.221228966346,0.6905345654865505,-2.441564007640895,0.08906907335698717,1.0,Prophet,financial_only,Все категории
financial_only,test,1,6,39,76.02934539012419,0.8659334574995361,-0.10596812267339395,0.06768731741213847,1.0,Prophet,financial_only,Здоровье
financial_only,test,3,6,39,97.42107241377872,0.7762428383162224,0.14218939056528201,0.08673191933017634,1.0,Prophet,financial_only,Здоровье
financial_only,test,6,6,39,95.97226134732239,0.7824780206749781,0.46877281914979874,0.08544207349469994,1.0,Prophet,financial_only,Здоровье
financial_only,test,12,6,39,394.20676021086865,-2.124399375851307,-12.1924257267066,0.35095393716055556,1.0,Prophet,financial_only,Здоровье
financial_only,test,1,6,39,454.1080071864984,0.6012779163745264,-0.5122076173072647,0.10267662727037721,1.0,Prophet,financial_only,Маркетплейсы
financial_only,test,3,6,39,499.8775040064103,0.5141650052372491,-0.14825444243323527,0.11302539340301397,1.0,Prophet,financial_only,Маркетплейсы
financial_only,test,6,6,39,555.5159098307291,0.45671584452069103,-0.03347108500510543,0.12560558086135887,1.0,Prophet,financial_only,Маркетплейсы
financial_only,test,12,6,39,571.6927046816573,0.3996971933804445,-2.0323410700989477,0.12926325416606224,1.0,Prophet,financial_only,Маркетплейсы
financial_only,test,1,6,39,101.50687890990167,0.9275464358563799,-1.180795521175786,0.15493190049518618,1.0,Prophet,financial_only,Общественное питание
financial_only,test,3,6,39,128.9403368305956,0.8825639893772094,0.1279553614171498,0.19680411465892228,1.0,Prophet,financial_only,Общественное питание
financial_only,test,6,6,39,125.61648983425565,0.8833229165811975,0.2452876857325772,0.19173086309579165,1.0,Prophet,financial_only,Общественное питание
financial_only,test,12,6,39,218.70858370137012,0.5713569880985894,-5.801215939497022,0.3338191154270472,1.0,Prophet,financial_only,Общественное питание
financial_only,test,1,6,39,827.5298978365385,0.609898048660718,-0.07528539985852589,0.08465482925980249,1.0,Prophet,financial_only,Продовольствие
financial_only,test,3,6,39,953.1220452724359,0.49907987503525586,0.23933131695191434,0.09750268143451385,1.0,Prophet,financial_only,Продовольствие
financial_only,test,6,6,39,823.483150123531,0.5803828685489207,0.26784281813776334,0.08424085420271057,1.0,Prophet,financial_only,Продовольствие
financial_only,test,12,6,39,1135.626938518296,0.11417124366706866,-3.999187200061039,0.11617260576860548,1.0,Prophet,financial_only,Продовольствие
financial_only,test,1,6,39,91.28683862930689,0.9305402915772003,-0.4697909062490748,0.07910793533657184,1.0,Prophet,financial_only,Транспорт
financial_only,test,3,6,39,114.90604798406618,0.8912461054579613,0.1399231713157597,0.09957602158419214,1.0,Prophet,financial_only,Транспорт
financial_only,test,6,6,39,123.06392115405482,0.8688810654632966,0.1025342989602489,0.10664552374798196,1.0,Prophet,financial_only,Транспорт
financial_only,test,12,6,39,271.58993249876886,0.3283406325244439,-5.911552750621686,0.23535614926289017,1.0,Prophet,financial_only,Транспорт
selected_decay,test,1,6,39,1246.1913645165598,0.8743192056676059,0.17370352275645173,0.0529510475942,1.0,Prophet,selected_decay,Все категории
selected_decay,test,3,6,39,1370.2657502003206,0.8666951601986612,0.4474690522556467,0.05822300572890479,1.0,Prophet,selected_decay,Все категории
selected_decay,test,6,6,39,1478.806882678953,0.8591301366557744,0.42580232864779344,0.06283495124181086,1.0,Prophet,selected_decay,Все категории
selected_decay,test,12,6,39,2096.221228966346,0.6905345654865505,-2.441564007640895,0.08906907335698717,1.0,Prophet,selected_decay,Все категории
selected_decay,test,1,6,39,76.02934539012419,0.8659334574995361,-0.10596812267339395,0.06768731741213847,1.0,Prophet,selected_decay,Здоровье
selected_decay,test,3,6,39,97.42107241377872,0.7762428383162224,0.14218939056528201,0.08673191933017634,1.0,Prophet,selected_decay,Здоровье
selected_decay,test,6,6,39,95.97226134732239,0.7824780206749781,0.46877281914979874,0.08544207349469994,1.0,Prophet,selected_decay,Здоровье
selected_decay,test,12,6,39,394.20676021086865,-2.124399375851307,-12.1924257267066,0.35095393716055556,1.0,Prophet,selected_decay,Здоровье
selected_decay,test,1,6,39,454.1080071864984,0.6012779163745264,-0.5122076173072647,0.10267662727037721,1.0,Prophet,selected_decay,Маркетплейсы
selected_decay,test,3,6,39,499.8775040064103,0.5141650052372491,-0.14825444243323527,0.11302539340301397,1.0,Prophet,selected_decay,Маркетплейсы
selected_decay,test,6,6,39,555.5159098307291,0.45671584452069103,-0.03347108500510543,0.12560558086135887,1.0,Prophet,selected_decay,Маркетплейсы
selected_decay,test,12,6,39,571.6927046816573,0.3996971933804445,-2.0323410700989477,0.12926325416606224,1.0,Prophet,selected_decay,Маркетплейсы
selected_decay,test,1,6,39,101.50687890990167,0.9275464358563799,-1.180795521175786,0.15493190049518618,1.0,Prophet,selected_decay,Общественное питание
selected_decay,test,3,6,39,128.9403368305956,0.8825639893772094,0.1279553614171498,0.19680411465892228,1.0,Prophet,selected_decay,Общественное питание
selected_decay,test,6,6,39,125.61648983425565,0.8833229165811975,0.2452876857325772,0.19173086309579165,1.0,Prophet,selected_decay,Общественное питание
selected_decay,test,12,6,39,218.70858370137012,0.5713569880985894,-5.801215939497022,0.3338191154270472,1.0,Prophet,selected_decay,Общественное питание
selected_decay,test,1,6,39,827.5298978365385,0.609898048660718,-0.07528539985852589,0.08465482925980249,1.0,Prophet,selected_decay,Продовольствие
selected_decay,test,3,6,39,953.1220452724359,0.49907987503525586,0.23933131695191434,0.09750268143451385,1.0,Prophet,selected_decay,Продовольствие
selected_decay,test,6,6,39,823.483150123531,0.5803828685489207,0.26784281813776334,0.08424085420271057,1.0,Prophet,selected_decay,Продовольствие
selected_decay,test,12,6,39,1135.626938518296,0.11417124366706866,-3.999187200061039,0.11617260576860548,1.0,Prophet,selected_decay,Продовольствие
selected_decay,test,1,6,39,91.28683862930689,0.9305402915772003,-0.4697909062490748,0.07910793533657184,1.0,Prophet,selected_decay,Транспорт
selected_decay,test,3,6,39,114.90604798406618,0.8912461054579613,0.1399231713157597,0.09957602158419214,1.0,Prophet,selected_decay,Транспорт
selected_decay,test,6,6,39,123.06392115405482,0.8688810654632966,0.1025342989602489,0.10664552374798196,1.0,Prophet,selected_decay,Транспорт
selected_decay,test,12,6,39,271.58993249876886,0.3283406325244439,-5.911552750621686,0.23535614926289017,1.0,Prophet,selected_decay,Транспорт
selected_news,test,1,6,39,1246.1913645165598,0.8743192056676059,0.17370352275645173,0.0529510475942,1.0,Prophet,selected_news,Все категории
selected_news,test,3,6,39,1370.2657502003206,0.8666951601986612,0.4474690522556467,0.05822300572890479,1.0,Prophet,selected_news,Все категории
selected_news,test,6,6,39,1478.806882678953,0.8591301366557744,0.42580232864779344,0.06283495124181086,1.0,Prophet,selected_news,Все категории
selected_news,test,12,6,39,2096.221228966346,0.6905345654865505,-2.441564007640895,0.08906907335698717,1.0,Prophet,selected_news,Все категории
selected_news,test,1,6,39,76.02934539012419,0.8659334574995361,-0.10596812267339395,0.06768731741213847,1.0,Prophet,selected_news,Здоровье
selected_news,test,3,6,39,97.42107241377872,0.7762428383162224,0.14218939056528201,0.08673191933017634,1.0,Prophet,selected_news,Здоровье
selected_news,test,6,6,39,95.97226134732239,0.7824780206749781,0.46877281914979874,0.08544207349469994,1.0,Prophet,selected_news,Здоровье
selected_news,test,12,6,39,394.20676021086865,-2.124399375851307,-12.1924257267066,0.35095393716055556,1.0,Prophet,selected_news,Здоровье
selected_news,test,1,6,39,454.1080071864984,0.6012779163745264,-0.5122076173072647,0.10267662727037721,1.0,Prophet,selected_news,Маркетплейсы
selected_news,test,3,6,39,499.8775040064103,0.5141650052372491,-0.14825444243323527,0.11302539340301397,1.0,Prophet,selected_news,Маркетплейсы
selected_news,test,6,6,39,555.5159098307291,0.45671584452069103,-0.03347108500510543,0.12560558086135887,1.0,Prophet,selected_news,Маркетплейсы
selected_news,test,12,6,39,571.6927046816573,0.3996971933804445,-2.0323410700989477,0.12926325416606224,1.0,Prophet,selected_news,Маркетплейсы
selected_news,test,1,6,39,101.50687890990167,0.9275464358563799,-1.180795521175786,0.15493190049518618,1.0,Prophet,selected_news,Общественное питание
selected_news,test,3,6,39,128.9403368305956,0.8825639893772094,0.1279553614171498,0.19680411465892228,1.0,Prophet,selected_news,Общественное питание
selected_news,test,6,6,39,125.61648983425565,0.8833229165811975,0.2452876857325772,0.19173086309579165,1.0,Prophet,selected_news,Общественное питание
selected_news,test,12,6,39,218.70858370137012,0.5713569880985894,-5.801215939497022,0.3338191154270472,1.0,Prophet,selected_news,Общественное питание
selected_news,test,1,6,39,827.5298978365385,0.609898048660718,-0.07528539985852589,0.08465482925980249,1.0,Prophet,selected_news,Продовольствие
selected_news,test,3,6,39,953.1220452724359,0.49907987503525586,0.23933131695191434,0.09750268143451385,1.0,Prophet,selected_news,Продовольствие
selected_news,test,6,6,39,823.483150123531,0.5803828685489207,0.26784281813776334,0.08424085420271057,1.0,Prophet,selected_news,Продовольствие
selected_news,test,12,6,39,1135.626938518296,0.11417124366706866,-3.999187200061039,0.11617260576860548,1.0,Prophet,selected_news,Продовольствие
selected_news,test,1,6,39,91.28683862930689,0.9305402915772003,-0.4697909062490748,0.07910793533657184,1.0,Prophet,selected_news,Транспорт
selected_news,test,3,6,39,114.90604798406618,0.8912461054579613,0.1399231713157597,0.09957602158419214,1.0,Prophet,selected_news,Транспорт
selected_news,test,6,6,39,123.06392115405482,0.8688810654632966,0.1025342989602489,0.10664552374798196,1.0,Prophet,selected_news,Транспорт
selected_news,test,12,6,39,271.58993249876886,0.3283406325244439,-5.911552750621686,0.23535614926289017,1.0,Prophet,selected_news,Транспорт
original,test,1,6,39,1113.4769130608975,0.9074228653060884,0.3913456652050792,0.04731197045439565,1.0,SeasonalNaive_NatGrowth,original,Все категории
original,test,3,6,39,1165.4782234909187,0.8996202140394883,0.5839390501215709,0.04952152184589403,1.0,SeasonalNaive_NatGrowth,original,Все категории
original,test,6,6,39,1154.2438317975427,0.9002980653835514,0.5936063446999755,0.04904416914855881,1.0,SeasonalNaive_NatGrowth,original,Все категории
original,test,12,6,39,1133.9508713942307,0.9057012148948458,-0.04869645714199344,0.04818191512984328,1.0,SeasonalNaive_NatGrowth,original,Все категории
original,test,1,6,39,134.65253050714477,0.5821798477580957,-2.44676427669112,0.1198782986492563,1.0,SeasonalNaive_NatGrowth,original,Здоровье
original,test,3,6,39,147.65898640950522,0.5091306061272672,-0.8818301534674293,0.1314576711211967,1.0,SeasonalNaive_NatGrowth,original,Здоровье
original,test,6,6,39,151.85591555864383,0.46735297495926653,-0.30081832823818155,0.13519410833522671,1.0,SeasonalNaive_NatGrowth,original,Здоровье
original,test,12,6,39,116.69380879198384,0.664085240075749,-0.41836237551983846,0.10389002871462842,1.0,SeasonalNaive_NatGrowth,original,Здоровье
original,test,1,6,39,894.0951313768696,-0.12633494430994507,-3.271778144159044,0.20216043561403046,1.0,SeasonalNaive_NatGrowth,original,Маркетплейсы
original,test,3,6,39,843.9936074803018,-0.02453013455161135,-1.421442035026919,0.19083217138306505,1.0,SeasonalNaive_NatGrowth,original,Маркетплейсы
original,test,6,6,39,843.2601307926014,-0.043967168483892705,-0.9859034566743343,0.19066632777035028,1.0,SeasonalNaive_NatGrowth,original,Маркетплейсы
original,test,12,6,39,1143.3336374657786,-0.7757052077926669,-7.969712902559804,0.25851480238608904,1.0,SeasonalNaive_NatGrowth,original,Маркетплейсы
original,test,1,6,39,89.26203377226479,0.9405431571968266,-0.7896043903566983,0.13624235798519316,1.0,SeasonalNaive_NatGrowth,original,Общественное питание
original,test,3,6,39,87.16498676528279,0.9431081036808996,0.577537819100143,0.1330415948279706,1.0,SeasonalNaive_NatGrowth,original,Общественное питание
original,test,6,6,39,87.00103355472923,0.9433031589972076,0.6332629953452027,0.13279134989111369,1.0,SeasonalNaive_NatGrowth,original,Общественное питание
original,test,12,6,39,95.14419744768713,0.9323131552019644,-0.0739772606873692,0.14522041747282494,1.0,SeasonalNaive_NatGrowth,original,Общественное питание
original,test,1,6,39,822.0608306623932,0.5705270460595472,-0.18380847729889216,0.0840953534643683,1.0,SeasonalNaive_NatGrowth,original,Продовольствие
original,test,3,6,39,782.8931310930823,0.5993842443315653,0.39164780154506695,0.08008856781443859,1.0,SeasonalNaive_NatGrowth,original,Продовольствие
original,test,6,6,39,678.5793686565171,0.6748140103785887,0.4326083472355746,0.06941745638800968,1.0,SeasonalNaive_NatGrowth,original,Продовольствие
original,test,12,6,39,514.0979442107372,0.7955689547467697,-0.15370951486806517,0.05259130069349117,1.0,SeasonalNaive_NatGrowth,original,Продовольствие
original,test,1,6,39,128.79991371611246,0.8487764494397718,-2.1999414404561857,0.11161625704868183,1.0,SeasonalNaive_NatGrowth,original,Транспорт
original,test,3,6,39,130.98826977330395,0.844697501264432,-0.2282050326721261,0.11351265670568697,1.0,SeasonalNaive_NatGrowth,original,Транспорт
original,test,6,6,39,136.23400122487647,0.8349117521668569,-0.12997440528714788,0.11805853638226495,1.0,SeasonalNaive_NatGrowth,original,Транспорт
original,test,12,6,39,137.08692501752805,0.8351112324387995,-0.6967490817072701,0.11879766856439797,1.0,SeasonalNaive_NatGrowth,original,Транспорт
financial_only,test,1,6,39,1089.4307513811038,0.9145406362318705,0.43814190860123015,0.04629024177947539,1.0,SeasonalNaive_NatGrowth,financial_only,Все категории
financial_only,test,3,6,39,1218.850905783245,0.8952322891293467,0.5657516811344832,0.051789343242158836,1.0,SeasonalNaive_NatGrowth,financial_only,Все категории
financial_only,test,6,6,39,1645.7245056696577,0.8290583713496729,0.3032272284645834,0.06992733147405575,1.0,SeasonalNaive_NatGrowth,financial_only,Все категории
financial_only,test,12,6,39,1133.9508713942307,0.9057012148948458,-0.04869645714199344,0.04818191512984328,1.0,SeasonalNaive_NatGrowth,financial_only,Все категории
financial_only,test,1,6,39,124.46095414301665,0.6476740562525811,-1.9064765549101605,0.11080495386706651,1.0,SeasonalNaive_NatGrowth,financial_only,Здоровье
financial_only,test,3,6,39,145.7721996841141,0.5332235887490513,-0.7894656635428547,0.1297779048241802,1.0,SeasonalNaive_NatGrowth,financial_only,Здоровье
financial_only,test,6,6,39,174.58695330242261,0.36839799390513417,-0.5424839097099516,0.15543107024744002,1.0,SeasonalNaive_NatGrowth,financial_only,Здоровье
financial_only,test,12,6,39,116.69380879198384,0.664085240075749,-0.41836237551983846,0.10389002871462842,1.0,SeasonalNaive_NatGrowth,financial_only,Здоровье
financial_only,test,1,6,39,711.9819213383154,0.24272743264722718,-1.8720589898510704,0.16098351318099105,1.0,SeasonalNaive_NatGrowth,financial_only,Маркетплейсы
financial_only,test,3,6,39,706.139314940014,0.24994949660435062,-0.7727187869492906,0.15966246376113452,1.0,SeasonalNaive_NatGrowth,financial_only,Маркетплейсы
financial_only,test,6,6,39,542.0259680304883,0.47668765453116313,0.004520614095393394,0.12255542163887778,1.0,SeasonalNaive_NatGrowth,financial_only,Маркетплейсы
financial_only,test,12,6,39,1143.3336374657786,-0.7757052077926669,-7.969712902559804,0.25851480238608904,1.0,SeasonalNaive_NatGrowth,financial_only,Маркетплейсы
financial_only,test,1,6,39,83.10466663903038,0.949114487570026,-0.531614060835591,0.126844250169807,1.0,SeasonalNaive_NatGrowth,financial_only,Общественное питание
financial_only,test,3,6,39,83.93184393054142,0.9478642787768844,0.6128557507177034,0.1281067867702478,1.0,SeasonalNaive_NatGrowth,financial_only,Общественное питание
financial_only,test,6,6,39,83.76783502522302,0.9478524422657615,0.6626895117035563,0.12785645682540075,1.0,SeasonalNaive_NatGrowth,financial_only,Общественное питание
financial_only,test,12,6,39,95.14419744768713,0.9323131552019644,-0.0739772606873692,0.14522041747282494,1.0,SeasonalNaive_NatGrowth,financial_only,Общественное питание
financial_only,test,1,6,39,767.5136933898341,0.6372744149479156,0.00017540434596352572,0.07851527882961278,1.0,SeasonalNaive_NatGrowth,financial_only,Продовольствие
financial_only,test,3,6,39,800.7666459786846,0.6028779590911859,0.39695315717503565,0.0819169964366176,1.0,SeasonalNaive_NatGrowth,financial_only,Продовольствие
financial_only,test,6,6,39,902.1188321824262,0.5184933900978743,0.15985669761655064,0.09228514390852954,1.0,SeasonalNaive_NatGrowth,financial_only,Продовольствие
financial_only,test,12,6,39,514.0979442107372,0.7955689547467697,-0.15370951486806517,0.05259130069349117,1.0,SeasonalNaive_NatGrowth,financial_only,Продовольствие
financial_only,test,1,6,39,114.93191071165894,0.8783430129053782,-1.5743029646039028,0.09959843387289397,1.0,SeasonalNaive_NatGrowth,financial_only,Транспорт
financial_only,test,3,6,39,122.4326149792071,0.8649279472147712,-0.06821317335429877,0.10609844238546232,1.0,SeasonalNaive_NatGrowth,financial_only,Транспорт
financial_only,test,6,6,39,120.75110808036041,0.871890618583564,0.12313369378023309,0.10464127132970776,1.0,SeasonalNaive_NatGrowth,financial_only,Транспорт
financial_only,test,12,6,39,137.08692501752805,0.8351112324387995,-0.6967490817072701,0.11879766856439797,1.0,SeasonalNaive_NatGrowth,financial_only,Транспорт
coverage_all,test,1,6,39,1074.4448192763741,0.9169736416993165,0.4541378597530661,0.045653484996596515,1.0,SeasonalNaive_NatGrowth,coverage_all,Все категории
coverage_all,test,3,6,39,1217.193334878825,0.8954286388640808,0.5665655248417606,0.05171891255362268,1.0,SeasonalNaive_NatGrowth,coverage_all,Все категории
coverage_all,test,6,6,39,1498.7326680677425,0.855651886028979,0.4116246801226088,0.06368160388322353,1.0,SeasonalNaive_NatGrowth,coverage_all,Все категории
coverage_all,test,12,6,39,1133.9508713942307,0.9057012148948458,-0.04869645714199344,0.04818191512984328,1.0,SeasonalNaive_NatGrowth,coverage_all,Все категории
coverage_all,test,1,6,39,123.05778756813847,0.6557132395517551,-1.840158140968934,0.10955574435660005,1.0,SeasonalNaive_NatGrowth,coverage_all,Здоровье
coverage_all,test,3,6,39,145.75979404917635,0.534114659547184,-0.7860495941815719,0.12976686034989962,1.0,SeasonalNaive_NatGrowth,coverage_all,Здоровье
coverage_all,test,6,6,39,168.47893339566872,0.40489743540497214,-0.45334581216812153,0.14999322937078013,1.0,SeasonalNaive_NatGrowth,coverage_all,Здоровье
coverage_all,test,12,6,39,116.69380879198384,0.664085240075749,-0.41836237551983846,0.10389002871462842,1.0,SeasonalNaive_NatGrowth,coverage_all,Здоровье
coverage_all,test,1,6,39,716.2257686049126,0.23371020895385042,-1.9062580345392912,0.16194307327922522,1.0,SeasonalNaive_NatGrowth,coverage_all,Маркетплейсы
coverage_all,test,3,6,39,705.656664707933,0.2505001202714924,-0.7714174066890789,0.15955333356039578,1.0,SeasonalNaive_NatGrowth,coverage_all,Маркетплейсы
coverage_all,test,6,6,39,520.0044016587287,0.5259102061980028,0.09815501032211338,0.11757620936673122,1.0,SeasonalNaive_NatGrowth,coverage_all,Маркетплейсы
coverage_all,test,12,6,39,1143.3336374657786,-0.7757052077926669,-7.969712902559804,0.25851480238608904,1.0,SeasonalNaive_NatGrowth,coverage_all,Маркетплейсы
coverage_all,test,1,6,39,82.51605235441214,0.9498292729639223,-0.5100995804365196,0.12594583687256175,1.0,SeasonalNaive_NatGrowth,coverage_all,Общественное питание
coverage_all,test,3,6,39,83.95497721057905,0.9478594775194398,0.6128200980180689,0.1281420955402485,1.0,SeasonalNaive_NatGrowth,coverage_all,Общественное питание
coverage_all,test,6,6,39,81.22385510702435,0.9509980527458208,0.6830365318349052,0.1239735313746246,1.0,SeasonalNaive_NatGrowth,coverage_all,Общественное питание
coverage_all,test,12,6,39,95.14419744768713,0.9323131552019644,-0.0739772606873692,0.14522041747282494,1.0,SeasonalNaive_NatGrowth,coverage_all,Общественное питание
coverage_all,test,1,6,39,749.5363441947596,0.6508085099695249,0.03748107463823369,0.07667622814318854,1.0,SeasonalNaive_NatGrowth,coverage_all,Продовольствие
coverage_all,test,3,6,39,797.5751118362323,0.6056417564806277,0.4011501019885153,0.08159050819901739,1.0,SeasonalNaive_NatGrowth,coverage_all,Продовольствие
coverage_all,test,6,6,39,835.6625996431422,0.5715293867966738,0.25239506883597007,0.08548679011663539,1.0,SeasonalNaive_NatGrowth,coverage_all,Продовольствие
coverage_all,test,12,6,39,514.0979442107372,0.7955689547467697,-0.15370951486806517,0.05259130069349117,1.0,SeasonalNaive_NatGrowth,coverage_all,Продовольствие
coverage_all,test,1,6,39,113.19121690438453,0.8809211620973548,-1.5197484563376875,0.09808997224562903,1.0,SeasonalNaive_NatGrowth,coverage_all,Транспорт
coverage_all,test,3,6,39,122.33496218464433,0.8650267668820595,-0.06743166105618004,0.10601381779911775,1.0,SeasonalNaive_NatGrowth,coverage_all,Транспорт
coverage_all,test,6,6,39,117.93009567245727,0.8761030893776329,0.1519666618612101,0.102196620266105,1.0,SeasonalNaive_NatGrowth,coverage_all,Транспорт
coverage_all,test,12,6,39,137.08692501752805,0.8351112324387995,-0.6967490817072701,0.11879766856439797,1.0,SeasonalNaive_NatGrowth,coverage_all,Транспорт
economic_windows,test,1,6,39,1112.424038531938,0.9085138599824839,0.398518479974318,0.04726723349755172,1.0,SeasonalNaive_NatGrowth,economic_windows,Все категории
economic_windows,test,3,6,39,1165.4782234909187,0.8996202140394883,0.5839390501215709,0.04952152184589403,1.0,SeasonalNaive_NatGrowth,economic_windows,Все категории
economic_windows,test,6,6,39,1154.2438317975427,0.9002980653835514,0.5936063446999755,0.04904416914855881,1.0,SeasonalNaive_NatGrowth,economic_windows,Все категории
economic_windows,test,12,6,39,1133.9508713942307,0.9057012148948458,-0.04869645714199344,0.04818191512984328,1.0,SeasonalNaive_NatGrowth,economic_windows,Все категории
economic_windows,test,1,6,39,132.51833112752095,0.5959423156610495,-2.333232216371671,0.11797826610145337,1.0,SeasonalNaive_NatGrowth,economic_windows,Здоровье
economic_windows,test,3,6,39,147.65898640950522,0.5091306061272672,-0.8818301534674293,0.1314576711211967,1.0,SeasonalNaive_NatGrowth,economic_windows,Здоровье
economic_windows,test,6,6,39,151.85591555864383,0.46735297495926653,-0.30081832823818155,0.13519410833522671,1.0,SeasonalNaive_NatGrowth,economic_windows,Здоровье
economic_windows,test,12,6,39,116.69380879198384,0.664085240075749,-0.41836237551983846,0.10389002871462842,1.0,SeasonalNaive_NatGrowth,economic_windows,Здоровье
economic_windows,test,1,6,39,854.616445790587,-0.04000799801021593,-2.9443714838950297,0.19323406078487576,1.0,SeasonalNaive_NatGrowth,economic_windows,Маркетплейсы
economic_windows,test,3,6,39,843.9936074803018,-0.02453013455161135,-1.421442035026919,0.19083217138306505,1.0,SeasonalNaive_NatGrowth,economic_windows,Маркетплейсы
economic_windows,test,6,6,39,843.2601307926014,-0.043967168483892705,-0.9859034566743343,0.19066632777035028,1.0,SeasonalNaive_NatGrowth,economic_windows,Маркетплейсы
economic_windows,test,12,6,39,1143.3336374657786,-0.7757052077926669,-7.969712902559804,0.25851480238608904,1.0,SeasonalNaive_NatGrowth,economic_windows,Маркетплейсы
economic_windows,test,1,6,39,88.26787754087876,0.9420031114046602,-0.7456609124174483,0.13472495821907005,1.0,SeasonalNaive_NatGrowth,economic_windows,Общественное питание
economic_windows,test,3,6,39,87.16498676528279,0.9431081036808996,0.577537819100143,0.1330415948279706,1.0,SeasonalNaive_NatGrowth,economic_windows,Общественное питание
economic_windows,test,6,6,39,87.00103355472923,0.9433031589972076,0.6332629953452027,0.13279134989111369,1.0,SeasonalNaive_NatGrowth,economic_windows,Общественное питание
economic_windows,test,12,6,39,95.14419744768713,0.9323131552019644,-0.0739772606873692,0.14522041747282494,1.0,SeasonalNaive_NatGrowth,economic_windows,Общественное питание
economic_windows,test,1,6,39,814.1099440208758,0.5823689715434233,-0.15116713947602656,0.08328199197391174,1.0,SeasonalNaive_NatGrowth,economic_windows,Продовольствие
economic_windows,test,3,6,39,782.8931310930823,0.5993842443315653,0.39164780154506695,0.08008856781443859,1.0,SeasonalNaive_NatGrowth,economic_windows,Продовольствие
economic_windows,test,6,6,39,678.5793686565171,0.6748140103785887,0.4326083472355746,0.06941745638800968,1.0,SeasonalNaive_NatGrowth,economic_windows,Продовольствие
economic_windows,test,12,6,39,514.0979442107372,0.7955689547467697,-0.15370951486806517,0.05259130069349117,1.0,SeasonalNaive_NatGrowth,economic_windows,Продовольствие
economic_windows,test,1,6,39,125.88655682430159,0.8552215030537844,-2.0635619276816413,0.10909158150869946,1.0,SeasonalNaive_NatGrowth,economic_windows,Транспорт
economic_windows,test,3,6,39,130.98826977330395,0.844697501264432,-0.2282050326721261,0.11351265670568697,1.0,SeasonalNaive_NatGrowth,economic_windows,Транспорт
economic_windows,test,6,6,39,136.23400122487647,0.8349117521668569,-0.12997440528714788,0.11805853638226495,1.0,SeasonalNaive_NatGrowth,economic_windows,Транспорт
economic_windows,test,12,6,39,137.08692501752805,0.8351112324387995,-0.6967490817072701,0.11879766856439797,1.0,SeasonalNaive_NatGrowth,economic_windows,Транспорт
selected_decay,test,1,6,39,1120.4962084489757,0.9072061037468376,0.38992055237250856,0.04761022243619787,1.0,SeasonalNaive_NatGrowth,selected_decay,Все категории
selected_decay,test,3,6,39,1244.7092745853097,0.8921215368340907,0.5528580238865,0.052888073145232486,1.0,SeasonalNaive_NatGrowth,selected_decay,Все категории
selected_decay,test,6,6,39,1771.1165946442395,0.8003854741156382,0.18635403478175094,0.07525527921970955,1.0,SeasonalNaive_NatGrowth,selected_decay,Все категории
selected_decay,test,12,6,39,1133.9508713942307,0.9057012148948458,-0.04869645714199344,0.04818191512984328,1.0,SeasonalNaive_NatGrowth,selected_decay,Все категории
selected_decay,test,1,6,39,123.64097644712074,0.6531524654637535,-1.8612829828413053,0.1100749450752219,1.0,SeasonalNaive_NatGrowth,selected_decay,Здоровье
selected_decay,test,3,6,39,145.53814524446918,0.5339153375816227,-0.7868137283682282,0.1295695311091801,1.0,SeasonalNaive_NatGrowth,selected_decay,Здоровье
selected_decay,test,6,6,39,177.6479761428561,0.3594005570049733,-0.5644572434125117,0.15815623411072302,1.0,SeasonalNaive_NatGrowth,selected_decay,Здоровье
selected_decay,test,12,6,39,116.69380879198384,0.664085240075749,-0.41836237551983846,0.10389002871462842,1.0,SeasonalNaive_NatGrowth,selected_decay,Здоровье
selected_decay,test,1,6,39,671.7676738519474,0.31154178783989683,-1.611071208195642,0.1518908232597126,1.0,SeasonalNaive_NatGrowth,selected_decay,Маркетплейсы
selected_decay,test,3,6,39,670.6389967852479,0.3110601653770704,-0.6282858052687348,0.15163562239856918,1.0,SeasonalNaive_NatGrowth,selected_decay,Маркетплейсы
selected_decay,test,6,6,39,495.30723991735783,0.5588840798122324,0.1608800955233457,0.11199202844363747,1.0,SeasonalNaive_NatGrowth,selected_decay,Маркетплейсы
selected_decay,test,12,6,39,1143.3336374657786,-0.7757052077926669,-7.969712902559804,0.25851480238608904,1.0,SeasonalNaive_NatGrowth,selected_decay,Маркетплейсы
selected_decay,test,1,6,39,84.31113546026293,0.9474202765949344,-0.5826084839544128,0.12868570672298954,1.0,SeasonalNaive_NatGrowth,selected_decay,Общественное питание
selected_decay,test,3,6,39,84.4667073935307,0.9472311366037284,0.6081542265886624,0.12892315915521613,1.0,SeasonalNaive_NatGrowth,selected_decay,Общественное питание
selected_decay,test,6,6,39,83.75625042770163,0.9473511285501435,0.6594468215076583,0.12783877503151903,1.0,SeasonalNaive_NatGrowth,selected_decay,Общественное питание
selected_decay,test,12,6,39,95.14419744768713,0.9323131552019644,-0.0739772606873692,0.14522041747282494,1.0,SeasonalNaive_NatGrowth,selected_decay,Общественное питание
selected_decay,test,1,6,39,783.4811547552407,0.6220192900951909,-0.0418741495484416,0.08014872158392883,1.0,SeasonalNaive_NatGrowth,selected_decay,Продовольствие
selected_decay,test,3,6,39,828.6036841762032,0.583435577766361,0.3674290676832944,0.08476467568285435,1.0,SeasonalNaive_NatGrowth,selected_decay,Продовольствие
selected_decay,test,6,6,39,916.2332911718951,0.5014419729569805,0.13010501069790115,0.09372902783220621,1.0,SeasonalNaive_NatGrowth,selected_decay,Продовольствие
selected_decay,test,12,6,39,514.0979442107372,0.7955689547467697,-0.15370951486806517,0.05259130069349117,1.0,SeasonalNaive_NatGrowth,selected_decay,Продовольствие
selected_decay,test,1,6,39,117.6037496522208,0.8727678987643303,-1.6922742641079944,0.10191381323440299,1.0,SeasonalNaive_NatGrowth,selected_decay,Транспорт
selected_decay,test,3,6,39,125.44408822413364,0.8599232583988325,-0.10779260086344578,0.1087081442253394,1.0,SeasonalNaive_NatGrowth,selected_decay,Транспорт
selected_decay,test,6,6,39,132.87456741247172,0.8477865651528289,-0.04185057250099389,0.11514729663741648,1.0,SeasonalNaive_NatGrowth,selected_decay,Транспорт
selected_decay,test,12,6,39,137.08692501752805,0.8351112324387995,-0.6967490817072701,0.11879766856439797,1.0,SeasonalNaive_NatGrowth,selected_decay,Транспорт
selected_news,test,1,6,39,1120.4962084489757,0.9072061037468376,0.38992055237250856,0.04761022243619787,1.0,SeasonalNaive_NatGrowth,selected_news,Все категории
selected_news,test,3,6,39,1244.7092745853097,0.8921215368340907,0.5528580238865,0.052888073145232486,1.0,SeasonalNaive_NatGrowth,selected_news,Все категории
selected_news,test,6,6,39,1771.1165946442395,0.8003854741156382,0.18635403478175094,0.07525527921970955,1.0,SeasonalNaive_NatGrowth,selected_news,Все категории
selected_news,test,12,6,39,1133.9508713942307,0.9057012148948458,-0.04869645714199344,0.04818191512984328,1.0,SeasonalNaive_NatGrowth,selected_news,Все категории
selected_news,test,1,6,39,123.64097644712074,0.6531524654637535,-1.8612829828413053,0.1100749450752219,1.0,SeasonalNaive_NatGrowth,selected_news,Здоровье
selected_news,test,3,6,39,145.53814524446918,0.5339153375816227,-0.7868137283682282,0.1295695311091801,1.0,SeasonalNaive_NatGrowth,selected_news,Здоровье
selected_news,test,6,6,39,177.6479761428561,0.3594005570049733,-0.5644572434125117,0.15815623411072302,1.0,SeasonalNaive_NatGrowth,selected_news,Здоровье
selected_news,test,12,6,39,116.69380879198384,0.664085240075749,-0.41836237551983846,0.10389002871462842,1.0,SeasonalNaive_NatGrowth,selected_news,Здоровье
selected_news,test,1,6,39,671.7676738519474,0.31154178783989683,-1.611071208195642,0.1518908232597126,1.0,SeasonalNaive_NatGrowth,selected_news,Маркетплейсы
selected_news,test,3,6,39,670.6389967852479,0.3110601653770704,-0.6282858052687348,0.15163562239856918,1.0,SeasonalNaive_NatGrowth,selected_news,Маркетплейсы
selected_news,test,6,6,39,495.30723991735783,0.5588840798122324,0.1608800955233457,0.11199202844363747,1.0,SeasonalNaive_NatGrowth,selected_news,Маркетплейсы
selected_news,test,12,6,39,1143.3336374657786,-0.7757052077926669,-7.969712902559804,0.25851480238608904,1.0,SeasonalNaive_NatGrowth,selected_news,Маркетплейсы
selected_news,test,1,6,39,84.31113546026293,0.9474202765949344,-0.5826084839544128,0.12868570672298954,1.0,SeasonalNaive_NatGrowth,selected_news,Общественное питание
selected_news,test,3,6,39,84.4667073935307,0.9472311366037284,0.6081542265886624,0.12892315915521613,1.0,SeasonalNaive_NatGrowth,selected_news,Общественное питание
selected_news,test,6,6,39,83.75625042770163,0.9473511285501435,0.6594468215076583,0.12783877503151903,1.0,SeasonalNaive_NatGrowth,selected_news,Общественное питание
selected_news,test,12,6,39,95.14419744768713,0.9323131552019644,-0.0739772606873692,0.14522041747282494,1.0,SeasonalNaive_NatGrowth,selected_news,Общественное питание
selected_news,test,1,6,39,783.4811547552407,0.6220192900951909,-0.0418741495484416,0.08014872158392883,1.0,SeasonalNaive_NatGrowth,selected_news,Продовольствие
selected_news,test,3,6,39,828.6036841762032,0.583435577766361,0.3674290676832944,0.08476467568285435,1.0,SeasonalNaive_NatGrowth,selected_news,Продовольствие
selected_news,test,6,6,39,916.2332911718951,0.5014419729569805,0.13010501069790115,0.09372902783220621,1.0,SeasonalNaive_NatGrowth,selected_news,Продовольствие
selected_news,test,12,6,39,514.0979442107372,0.7955689547467697,-0.15370951486806517,0.05259130069349117,1.0,SeasonalNaive_NatGrowth,selected_news,Продовольствие
selected_news,test,1,6,39,117.6037496522208,0.8727678987643303,-1.6922742641079944,0.10191381323440299,1.0,SeasonalNaive_NatGrowth,selected_news,Транспорт
selected_news,test,3,6,39,125.44408822413364,0.8599232583988325,-0.10779260086344578,0.1087081442253394,1.0,SeasonalNaive_NatGrowth,selected_news,Транспорт
selected_news,test,6,6,39,132.87456741247172,0.8477865651528289,-0.04185057250099389,0.11514729663741648,1.0,SeasonalNaive_NatGrowth,selected_news,Транспорт
selected_news,test,12,6,39,137.08692501752805,0.8351112324387995,-0.6967490817072701,0.11879766856439797,1.0,SeasonalNaive_NatGrowth,selected_news,Транспорт
original,test,1,6,39,1123.6826505742522,0.9109785582690548,0.4147227976067758,0.0477456153248311,1.0,NatPath_K3,original,Все категории
original,test,3,6,39,1752.1748881543804,0.812687048773552,0.2236125663540861,0.07445044038803542,1.0,NatPath_K3,original,Все категории
original,test,6,6,39,1863.7508847489316,0.7929308629421633,0.15596839888327696,0.07919133819416034,1.0,NatPath_K3,original,Все категории
original,test,12,6,39,1129.1113615117522,0.9093956611687198,-0.007610533137852871,0.04797628289275974,1.0,NatPath_K3,original,Все категории
original,test,1,6,39,119.64868581396902,0.6927214212971133,-1.534862960492955,0.1065206932018032,1.0,NatPath_K3,original,Здоровье
original,test,3,6,39,173.77275098490918,0.298070938868775,-1.6909627883100269,0.15470620315276176,1.0,NatPath_K3,original,Здоровье
original,test,6,6,39,246.0163086459168,-0.12242430463128451,-1.7411588517043048,0.2190231138573215,1.0,NatPath_K3,original,Здоровье
original,test,12,6,39,119.28863290640024,0.6599200634179964,-0.43594936651744143,0.1062001457169509,1.0,NatPath_K3,original,Здоровье
original,test,1,6,39,392.1466878255208,0.7243686077016336,-0.045369464396446846,0.08866678997941069,1.0,NatPath_K3,original,Маркетплейсы
original,test,3,6,39,536.1495204827725,0.4766640143445561,-0.2368867555691201,0.12122672052596621,1.0,NatPath_K3,original,Маркетплейсы
original,test,6,6,39,482.3643997061966,0.5218552933054424,0.09044148658980733,0.10906557227208691,1.0,NatPath_K3,original,Маркетплейсы
original,test,12,6,39,1404.2256641877004,-1.5283607853700367,-11.771641519850654,0.3175041022037834,1.0,NatPath_K3,original,Маркетплейсы
original,test,1,6,39,109.46312341934595,0.9136879917167973,-1.5979238331820595,0.16707566942878452,1.0,NatPath_K3,original,Общественное питание
original,test,3,6,39,160.86998735737598,0.8195512801244546,-0.3399581429247691,0.24553895402534717,1.0,NatPath_K3,original,Общественное питание
original,test,6,6,39,132.79777200812967,0.8597390277566588,0.09273800937235321,0.2026917921199031,1.0,NatPath_K3,original,Общественное питание
original,test,12,6,39,121.95693435016861,0.8886142237385242,-0.7673418110384123,0.18614521321465954,1.0,NatPath_K3,original,Общественное питание
original,test,1,6,39,553.1083775707799,0.7984251337752689,0.4443747079814654,0.056581998291341154,1.0,NatPath_K3,original,Продовольствие
original,test,3,6,39,976.9300714476495,0.4866557951343836,0.22046481903082205,0.09993819995311332,1.0,NatPath_K3,original,Продовольствие
original,test,6,6,39,1139.4293431991186,0.2723551064204105,-0.26961078266126437,0.11656158497029144,1.0,NatPath_K3,original,Продовольствие
original,test,12,6,39,577.3802208533654,0.7557036157295114,-0.37869012327164775,0.059064964470907304,1.0,NatPath_K3,original,Продовольствие
original,test,1,6,39,80.90624843499599,0.9391672170020134,-0.2872422485280004,0.07011225676803652,1.0,NatPath_K3,original,Транспорт
original,test,3,6,39,116.24094801682692,0.8763924481119509,0.022453479234243345,0.10073282783422831,1.0,NatPath_K3,original,Транспорт
original,test,6,6,39,106.43410863631811,0.9007405292081223,0.3206017814754969,0.09223435393351889,1.0,NatPath_K3,original,Транспорт
original,test,12,6,39,156.13743291349493,0.8072482398038442,-0.9834666542031012,0.1353065801379791,1.0,NatPath_K3,original,Транспорт
coverage_all,test,1,6,39,1158.553142104937,0.9068238298011833,0.38740726769513156,0.049227273045506066,1.0,NatPath_K3,coverage_all,Все категории
coverage_all,test,3,6,39,1740.1440660973303,0.8161278552114333,0.2378742544140292,0.07393924712391957,1.0,NatPath_K3,coverage_all,Все категории
coverage_all,test,6,6,39,2371.5283539400916,0.563047256359935,-0.7810569410151096,0.10076695627656782,1.0,NatPath_K3,coverage_all,Все категории
coverage_all,test,12,6,39,1129.1113615117522,0.9093956611687198,-0.007610533137852871,0.04797628289275974,1.0,NatPath_K3,coverage_all,Все категории
coverage_all,test,1,6,39,113.52484409941502,0.7283882178973147,-1.2406333985009166,0.10106876650444993,1.0,NatPath_K3,coverage_all,Здоровье
coverage_all,test,3,6,39,168.65496481191155,0.3364561146801871,-1.5438067786061662,0.15014994641581844,1.0,NatPath_K3,coverage_all,Здоровье
coverage_all,test,6,6,39,305.8895932441193,-1.1754696164917005,-4.312881921083253,0.2723270322103033,1.0,NatPath_K3,coverage_all,Здоровье
coverage_all,test,12,6,39,119.28863290640024,0.6599200634179964,-0.43594936651744143,0.1062001457169509,1.0,NatPath_K3,coverage_all,Здоровье
coverage_all,test,1,6,39,392.583256120643,0.7251168422895822,-0.04253168317013456,0.08876550076937022,1.0,NatPath_K3,coverage_all,Маркетплейсы
coverage_all,test,3,6,39,546.5529359395225,0.4501403993024631,-0.29957441522678807,0.1235789970643381,1.0,NatPath_K3,coverage_all,Маркетплейсы
coverage_all,test,6,6,39,873.2296653611583,-0.20605570332980183,-1.2942389976331934,0.19744262477825267,1.0,NatPath_K3,coverage_all,Маркетплейсы
coverage_all,test,12,6,39,1404.2256641877004,-1.5283607853700367,-11.771641519850654,0.3175041022037834,1.0,NatPath_K3,coverage_all,Маркетплейсы
coverage_all,test,1,6,39,106.75136677567029,0.9173222637364048,-1.4885350924517318,0.16293666313682637,1.0,NatPath_K3,coverage_all,Общественное питание
coverage_all,test,3,6,39,161.56315886195975,0.8193099149470795,-0.3417504484344185,0.246596955017276,1.0,NatPath_K3,coverage_all,Общественное питание
coverage_all,test,6,6,39,143.77479455406373,0.8256301830362837,-0.1278911354572485,0.21944623263747254,1.0,NatPath_K3,coverage_all,Общественное питание
coverage_all,test,12,6,39,121.95693435016861,0.8886142237385242,-0.7673418110384123,0.18614521321465954,1.0,NatPath_K3,coverage_all,Общественное питание
coverage_all,test,1,6,39,553.7984801707078,0.7896179631118814,0.4200984335463078,0.056652594553689345,1.0,NatPath_K3,coverage_all,Продовольствие
coverage_all,test,3,6,39,958.5908869041449,0.4863441371736007,0.219991553057316,0.09806213415735997,1.0,NatPath_K3,coverage_all,Продовольствие
coverage_all,test,6,6,39,1191.2251177654632,0.11228263980781028,-0.5489087361159644,0.12186020011852533,1.0,NatPath_K3,coverage_all,Продовольствие
coverage_all,test,12,6,39,577.3802208533654,0.7557036157295114,-0.37869012327164775,0.059064964470907304,1.0,NatPath_K3,coverage_all,Продовольствие
coverage_all,test,1,6,39,78.86992433162564,0.9416068657562285,-0.2356184563352557,0.06834760593871086,1.0,NatPath_K3,coverage_all,Транспорт
coverage_all,test,3,6,39,116.64357048069003,0.876527660300177,0.02352280066442003,0.10108173499669093,1.0,NatPath_K3,coverage_all,Транспорт
coverage_all,test,6,6,39,144.72421595125113,0.8172194854770605,-0.25107211389685014,0.12541604122800765,1.0,NatPath_K3,coverage_all,Транспорт
coverage_all,test,12,6,39,156.13743291349493,0.8072482398038442,-0.9834666542031012,0.1353065801379791,1.0,NatPath_K3,coverage_all,Транспорт
financial_only,test,1,6,39,1137.0416965281227,0.9092494797560567,0.4033548595558022,0.0483132452236235,1.0,NatPath_K3,financial_only,Все категории
financial_only,test,3,6,39,1702.699379654363,0.8267253554746075,0.2817994927839107,0.07234821108367175,1.0,NatPath_K3,financial_only,Все категории
financial_only,test,6,6,39,2535.9797764720206,0.5162462037954274,-0.9718220540166482,0.10775454690619808,1.0,NatPath_K3,financial_only,Все категории
financial_only,test,12,6,39,1129.1113615117522,0.9093956611687198,-0.007610533137852871,0.04797628289275974,1.0,NatPath_K3,financial_only,Все категории
financial_only,test,1,6,39,113.34926465381554,0.727679019375503,-1.2464838586018634,0.10091245183931166,1.0,NatPath_K3,financial_only,Здоровье
financial_only,test,3,6,39,164.53653251889594,0.3656405543884397,-1.4319233339657353,0.14648339329179325,1.0,NatPath_K3,financial_only,Здоровье
financial_only,test,6,6,39,302.5541390814346,-1.1397864005114515,-4.225737190754496,0.2693575479478148,1.0,NatPath_K3,financial_only,Здоровье
financial_only,test,12,6,39,119.28863290640024,0.6599200634179964,-0.43594936651744143,0.1062001457169509,1.0,NatPath_K3,financial_only,Здоровье
financial_only,test,1,6,39,386.5504235066366,0.7325731245670273,-0.01425272065513905,0.08740144002635293,1.0,NatPath_K3,financial_only,Маркетплейсы
financial_only,test,3,6,39,566.1922154880251,0.4088077213688197,-0.3972627900177903,0.12801955956081085,1.0,NatPath_K3,financial_only,Маркетплейсы
financial_only,test,6,6,39,918.5604651058951,-0.31936995840923177,-1.5097928748490066,0.20769219879060197,1.0,NatPath_K3,financial_only,Маркетплейсы
financial_only,test,12,6,39,1404.2256641877004,-1.5283607853700367,-11.771641519850654,0.3175041022037834,1.0,NatPath_K3,financial_only,Маркетплейсы
financial_only,test,1,6,39,107.77372475470739,0.9159856606777381,-1.52876579743337,0.1644971077724971,1.0,NatPath_K3,financial_only,Общественное питание
financial_only,test,3,6,39,162.40218110149564,0.8183680288485852,-0.3487446124731306,0.24787757078957656,1.0,NatPath_K3,financial_only,Общественное питание
financial_only,test,6,6,39,141.5715103566382,0.8260177097100823,-0.12538446367344092,0.21608331761433267,1.0,NatPath_K3,financial_only,Общественное питание
financial_only,test,12,6,39,121.95693435016861,0.8886142237385242,-0.7673418110384123,0.18614521321465954,1.0,NatPath_K3,financial_only,Общественное питание
financial_only,test,1,6,39,556.3004276669791,0.7895158085286974,0.4198168524584682,0.05690853931008735,1.0,NatPath_K3,financial_only,Продовольствие
financial_only,test,3,6,39,930.8481708338455,0.4878493188804841,0.22227723600288274,0.0952241038961279,1.0,NatPath_K3,financial_only,Продовольствие
financial_only,test,6,6,39,1200.5016444248897,0.06360979190267524,-0.6338341895458552,0.12280917221310561,1.0,NatPath_K3,financial_only,Продовольствие
financial_only,test,12,6,39,577.3802208533654,0.7557036157295114,-0.37869012327164775,0.059064964470907304,1.0,NatPath_K3,financial_only,Продовольствие
financial_only,test,1,6,39,80.34283059951606,0.9398896280424924,-0.2719557867506648,0.06962400651897699,1.0,NatPath_K3,financial_only,Транспорт
financial_only,test,3,6,39,117.87076724464708,0.8752263847597757,0.01323170309273547,0.1021452070558186,1.0,NatPath_K3,financial_only,Транспорт
financial_only,test,6,6,39,154.40172579389088,0.7973953096951718,-0.3867620344906426,0.13380243990656593,1.0,NatPath_K3,financial_only,Транспорт
financial_only,test,12,6,39,156.13743291349493,0.8072482398038442,-0.9834666542031012,0.1353065801379791,1.0,NatPath_K3,financial_only,Транспорт
economic_windows,test,1,6,39,1123.6826505742522,0.9109785582690548,0.4147227976067758,0.0477456153248311,1.0,NatPath_K3,economic_windows,Все категории
economic_windows,test,3,6,39,2074.22754339772,0.7557779382500316,-0.012268177508696576,0.08813455501215177,1.0,NatPath_K3,economic_windows,Все категории
economic_windows,test,6,6,39,2625.5998176973944,0.565592050528184,-0.7706841412494947,0.11156252953506174,1.0,NatPath_K3,economic_windows,Все категории
economic_windows,test,12,6,39,1129.1113615117522,0.9093956611687198,-0.007610533137852871,0.04797628289275974,1.0,NatPath_K3,economic_windows,Все категории
economic_windows,test,1,6,39,119.64868581396902,0.6927214212971133,-1.534862960492955,0.1065206932018032,1.0,NatPath_K3,economic_windows,Здоровье
economic_windows,test,3,6,39,167.1296671087836,0.3395542251948789,-1.5319296523112786,0.14879200614617832,1.0,NatPath_K3,economic_windows,Здоровье
economic_windows,test,6,6,39,275.1452925908533,-0.7886767103593257,-3.3682651713867235,0.24495603189123252,1.0,NatPath_K3,economic_windows,Здоровье
economic_windows,test,12,6,39,119.28863290640024,0.6599200634179964,-0.43594936651744143,0.1062001457169509,1.0,NatPath_K3,economic_windows,Здоровье
economic_windows,test,1,6,39,392.1466878255208,0.7243686077016336,-0.045369464396446846,0.08866678997941069,1.0,NatPath_K3,economic_windows,Маркетплейсы
economic_windows,test,3,6,39,621.2644782934931,0.3063495669786912,-0.6394191439449639,0.14047173858325865,1.0,NatPath_K3,economic_windows,Маркетплейсы
economic_windows,test,6,6,39,825.3026835064243,-0.11922577266759826,-1.129065355539368,0.18660603794380903,1.0,NatPath_K3,economic_windows,Маркетплейсы
economic_windows,test,12,6,39,1404.2256641877004,-1.5283607853700367,-11.771641519850654,0.3175041022037834,1.0,NatPath_K3,economic_windows,Маркетплейсы
economic_windows,test,1,6,39,109.46312341934595,0.9136879917167973,-1.5979238331820595,0.16707566942878452,1.0,NatPath_K3,economic_windows,Общественное питание
economic_windows,test,3,6,39,162.73083243055896,0.8166566433983222,-0.36145284820538937,0.2483791976306229,1.0,NatPath_K3,economic_windows,Общественное питание
economic_windows,test,6,6,39,136.33791090191056,0.8478660511756866,0.015939023915158557,0.2080951741637667,1.0,NatPath_K3,economic_windows,Общественное питание
economic_windows,test,12,6,39,121.95693435016861,0.8886142237385242,-0.7673418110384123,0.18614521321465954,1.0,NatPath_K3,economic_windows,Общественное питание
economic_windows,test,1,6,39,553.1083775707799,0.7984251337752689,0.4443747079814654,0.056581998291341154,1.0,NatPath_K3,economic_windows,Продовольствие
economic_windows,test,3,6,39,1006.400543327065,0.40240009529473497,0.09251892697701158,0.10295297654508911,1.0,NatPath_K3,economic_windows,Продовольствие
economic_windows,test,6,6,39,923.2171023362316,0.37976792898736145,-0.08219453205554794,0.09444345923008712,1.0,NatPath_K3,economic_windows,Продовольствие
economic_windows,test,12,6,39,577.3802208533654,0.7557036157295114,-0.37869012327164775,0.059064964470907304,1.0,NatPath_K3,economic_windows,Продовольствие
economic_windows,test,1,6,39,80.90624843499599,0.9391672170020134,-0.2872422485280004,0.07011225676803652,1.0,NatPath_K3,economic_windows,Транспорт
economic_windows,test,3,6,39,112.2535392894343,0.8872370914134244,0.10821800709984242,0.09727739355144015,1.0,NatPath_K3,economic_windows,Транспорт
economic_windows,test,6,6,39,146.4805041230271,0.8064498118231358,-0.3247869648445083,0.12693801671989016,1.0,NatPath_K3,economic_windows,Транспорт
economic_windows,test,12,6,39,156.13743291349493,0.8072482398038442,-0.9834666542031012,0.1353065801379791,1.0,NatPath_K3,economic_windows,Транспорт
selected_decay,test,1,6,39,1174.630464790103,0.9026290316558613,0.3598282971082638,0.049910403343893094,1.0,NatPath_K3,selected_decay,Все категории
selected_decay,test,3,6,39,1876.9020483031104,0.7964429270844902,0.15628282824774475,0.07975013510698165,1.0,NatPath_K3,selected_decay,Все категории
selected_decay,test,6,6,39,2973.0836161879756,0.3953863108074295,-1.4644573662552038,0.12632722111934824,1.0,NatPath_K3,selected_decay,Все категории
selected_decay,test,12,6,39,1129.1113615117522,0.9093956611687198,-0.007610533137852871,0.04797628289275974,1.0,NatPath_K3,selected_decay,Все категории
selected_decay,test,1,6,39,112.34054730354866,0.728831614540712,-1.2369756435968835,0.1000144121269309,1.0,NatPath_K3,selected_decay,Здоровье
selected_decay,test,3,6,39,167.74136225961354,0.3368513040156068,-1.5422917540049093,0.14933658539543054,1.0,NatPath_K3,selected_decay,Здоровье
selected_decay,test,6,6,39,306.3733086466315,-1.1672075096310404,-4.292704393510679,0.2727576737976927,1.0,NatPath_K3,selected_decay,Здоровье
selected_decay,test,12,6,39,119.28863290640024,0.6599200634179964,-0.43594936651744143,0.1062001457169509,1.0,NatPath_K3,selected_decay,Здоровье
selected_decay,test,1,6,39,385.1111501056865,0.7343928668940228,-0.007351100901857421,0.0870760114142368,1.0,NatPath_K3,selected_decay,Маркетплейсы
selected_decay,test,3,6,39,607.715428828437,0.3476980508281804,-0.5416934124108654,0.13740821475241785,1.0,NatPath_K3,selected_decay,Маркетплейсы
selected_decay,test,6,6,39,953.0181101296084,-0.3910961701198412,-1.6462352229135684,0.2154832853134647,1.0,NatPath_K3,selected_decay,Маркетплейсы
selected_decay,test,12,6,39,1404.2256641877004,-1.5283607853700367,-11.771641519850654,0.3175041022037834,1.0,NatPath_K3,selected_decay,Маркетплейсы
selected_decay,test,1,6,39,108.23211495969745,0.9146877215993559,-1.5678327468975035,0.16519675755377472,1.0,NatPath_K3,selected_decay,Общественное питание
selected_decay,test,3,6,39,163.38127652175604,0.8142184186164723,-0.3795583750995355,0.2493719829501723,1.0,NatPath_K3,selected_decay,Общественное питание
selected_decay,test,6,6,39,138.68102962753014,0.8378577092542963,-0.04879878639125623,0.21167152131525702,1.0,NatPath_K3,selected_decay,Общественное питание
selected_decay,test,12,6,39,121.95693435016861,0.8886142237385242,-0.7673418110384123,0.18614521321465954,1.0,NatPath_K3,selected_decay,Общественное питание
selected_decay,test,1,6,39,553.7750580923482,0.7883814946215991,0.4166902052346546,0.05665019851694237,1.0,NatPath_K3,selected_decay,Продовольствие
selected_decay,test,3,6,39,935.7172730555778,0.5074686048454751,0.25206996277420946,0.095722204349425,1.0,NatPath_K3,selected_decay,Продовольствие
selected_decay,test,6,6,39,1473.9151875536702,-0.2670177554503037,-1.2107203916865368,0.15077888892230967,1.0,NatPath_K3,selected_decay,Продовольствие
selected_decay,test,12,6,39,577.3802208533654,0.7557036157295114,-0.37869012327164775,0.059064964470907304,1.0,NatPath_K3,selected_decay,Продовольствие
selected_decay,test,1,6,39,80.51281668196302,0.9397546963543822,-0.274810986875347,0.06977131415083547,1.0,NatPath_K3,selected_decay,Транспорт
selected_decay,test,3,6,39,118.57931053491522,0.8740035574594016,0.0035610110134955963,0.10275922105423632,1.0,NatPath_K3,selected_decay,Транспорт
selected_decay,test,6,6,39,142.7047978780637,0.8172174728490804,-0.2510858896691097,0.12366604093497603,1.0,NatPath_K3,selected_decay,Транспорт
selected_decay,test,12,6,39,156.13743291349493,0.8072482398038442,-0.9834666542031012,0.1353065801379791,1.0,NatPath_K3,selected_decay,Транспорт
selected_news,test,1,6,39,1174.630464790103,0.9026290316558613,0.3598282971082638,0.049910403343893094,1.0,NatPath_K3,selected_news,Все категории
selected_news,test,3,6,39,1876.9020483031104,0.7964429270844902,0.15628282824774475,0.07975013510698165,1.0,NatPath_K3,selected_news,Все категории
selected_news,test,6,6,39,2625.5998176973944,0.565592050528184,-0.7706841412494947,0.11156252953506174,1.0,NatPath_K3,selected_news,Все категории
selected_news,test,12,6,39,1129.1113615117522,0.9093956611687198,-0.007610533137852871,0.04797628289275974,1.0,NatPath_K3,selected_news,Все категории
selected_news,test,1,6,39,112.34054730354866,0.728831614540712,-1.2369756435968835,0.1000144121269309,1.0,NatPath_K3,selected_news,Здоровье
selected_news,test,3,6,39,167.74136225961354,0.3368513040156068,-1.5422917540049093,0.14933658539543054,1.0,NatPath_K3,selected_news,Здоровье
selected_news,test,6,6,39,275.1452925908533,-0.7886767103593257,-3.3682651713867235,0.24495603189123252,1.0,NatPath_K3,selected_news,Здоровье
selected_news,test,12,6,39,119.28863290640024,0.6599200634179964,-0.43594936651744143,0.1062001457169509,1.0,NatPath_K3,selected_news,Здоровье
selected_news,test,1,6,39,385.1111501056865,0.7343928668940228,-0.007351100901857421,0.0870760114142368,1.0,NatPath_K3,selected_news,Маркетплейсы
selected_news,test,3,6,39,607.715428828437,0.3476980508281804,-0.5416934124108654,0.13740821475241785,1.0,NatPath_K3,selected_news,Маркетплейсы
selected_news,test,6,6,39,825.3026835064243,-0.11922577266759826,-1.129065355539368,0.18660603794380903,1.0,NatPath_K3,selected_news,Маркетплейсы
selected_news,test,12,6,39,1404.2256641877004,-1.5283607853700367,-11.771641519850654,0.3175041022037834,1.0,NatPath_K3,selected_news,Маркетплейсы
selected_news,test,1,6,39,108.23211495969745,0.9146877215993559,-1.5678327468975035,0.16519675755377472,1.0,NatPath_K3,selected_news,Общественное питание
selected_news,test,3,6,39,163.38127652175604,0.8142184186164723,-0.3795583750995355,0.2493719829501723,1.0,NatPath_K3,selected_news,Общественное питание
selected_news,test,6,6,39,136.33791090191056,0.8478660511756866,0.015939023915158557,0.2080951741637667,1.0,NatPath_K3,selected_news,Общественное питание
selected_news,test,12,6,39,121.95693435016861,0.8886142237385242,-0.7673418110384123,0.18614521321465954,1.0,NatPath_K3,selected_news,Общественное питание
selected_news,test,1,6,39,553.7750580923482,0.7883814946215991,0.4166902052346546,0.05665019851694237,1.0,NatPath_K3,selected_news,Продовольствие
selected_news,test,3,6,39,935.7172730555778,0.5074686048454751,0.25206996277420946,0.095722204349425,1.0,NatPath_K3,selected_news,Продовольствие
selected_news,test,6,6,39,923.2171023362316,0.37976792898736145,-0.08219453205554794,0.09444345923008712,1.0,NatPath_K3,selected_news,Продовольствие
selected_news,test,12,6,39,577.3802208533654,0.7557036157295114,-0.37869012327164775,0.059064964470907304,1.0,NatPath_K3,selected_news,Продовольствие
selected_news,test,1,6,39,80.51281668196302,0.9397546963543822,-0.274810986875347,0.06977131415083547,1.0,NatPath_K3,selected_news,Транспорт
selected_news,test,3,6,39,118.57931053491522,0.8740035574594016,0.0035610110134955963,0.10275922105423632,1.0,NatPath_K3,selected_news,Транспорт
selected_news,test,6,6,39,146.4805041230271,0.8064498118231358,-0.3247869648445083,0.12693801671989016,1.0,NatPath_K3,selected_news,Транспорт
selected_news,test,12,6,39,156.13743291349493,0.8072482398038442,-0.9834666542031012,0.1353065801379791,1.0,NatPath_K3,selected_news,Транспорт
original,test,1,6,39,948.6960052751068,0.9360171850545388,0.5793408621070946,0.040310379896780345,1.0,NatPath_K1,original,Все категории
original,test,3,6,39,1661.2660506810898,0.8298172576861141,0.29461501892536646,0.07058769641720955,1.0,NatPath_K1,original,Все категории
original,test,6,6,39,2106.4590594951924,0.736976832929493,-0.0721050369341345,0.08950408186934722,1.0,NatPath_K1,original,Все категории
original,test,12,6,39,1133.9508713942307,0.9057012148948458,-0.04869645714199344,0.04818191512984328,1.0,NatPath_K1,original,Все категории
original,test,1,6,39,107.23021574101897,0.7347914719475825,-1.187810414265674,0.09546479207194684,1.0,NatPath_K1,original,Здоровье
original,test,3,6,39,158.94022102029913,0.4506527644092432,-1.1060147680070855,0.14150111558311362,1.0,NatPath_K1,original,Здоровье
original,test,6,6,39,237.93416993230835,-0.2262838326253478,-1.9948022050423098,0.21182775677947396,1.0,NatPath_K1,original,Здоровье
original,test,12,6,39,116.69380879198384,0.664085240075749,-0.41836237551983846,0.10389002871462842,1.0,NatPath_K1,original,Здоровье
original,test,1,6,39,362.4778583233173,0.765589162810232,0.11096508536831573,0.08195848424567137,1.0,NatPath_K1,original,Маркетплейсы
original,test,3,6,39,515.1366770165598,0.49978816491140643,-0.18223361427194518,0.1164755867376888,1.0,NatPath_K1,original,Маркетплейсы
original,test,6,6,39,556.5175217848557,0.4215010651570297,-0.10045896946691268,0.12583205151515903,1.0,NatPath_K1,original,Маркетплейсы
original,test,12,6,39,1143.3336374657786,-0.7757052077926669,-7.969712902559804,0.25851480238608904,1.0,NatPath_K1,original,Маркетплейсы
original,test,1,6,39,70.53467755439954,0.9584373849013349,-0.2510021546469787,0.10765843420344069,1.0,NatPath_K1,original,Общественное питание
original,test,3,6,39,158.78768262292584,0.828122423718247,-0.27631139796253956,0.24236069228207324,1.0,NatPath_K1,original,Общественное питание
original,test,6,6,39,147.58237144274588,0.8216835058056374,-0.15341976386593226,0.2252578104337782,1.0,NatPath_K1,original,Общественное питание
original,test,12,6,39,95.14419744768713,0.9323131552019644,-0.0739772606873692,0.14522041747282494,1.0,NatPath_K1,original,Общественное питание
original,test,1,6,39,386.5624227931357,0.8988560334288972,0.7212045975050883,0.03954464483441843,1.0,NatPath_K1,original,Продовольствие
original,test,3,6,39,756.8050255408654,0.6384680627645171,0.4509982552685551,0.07741980125143173,1.0,NatPath_K1,original,Продовольствие
original,test,6,6,39,1227.4342719184028,0.1972195989309422,-0.40070886540884976,0.1255643318610433,1.0,NatPath_K1,original,Продовольствие
original,test,12,6,39,514.0979442107372,0.7955689547467697,-0.15370951486806517,0.05259130069349117,1.0,NatPath_K1,original,Продовольствие
original,test,1,6,39,67.57871787568443,0.9572027162873437,0.09439501199552369,0.05856279967747489,1.0,NatPath_K1,original,Транспорт
original,test,3,6,39,115.32435999161157,0.8850248455631086,0.09072252886228827,0.09993852509225853,1.0,NatPath_K1,original,Транспорт
original,test,6,6,39,130.60272503714276,0.8477195446083395,-0.04230930594141413,0.11317854887025797,1.0,NatPath_K1,original,Транспорт
original,test,12,6,39,137.08692501752805,0.8351112324387995,-0.6967490817072701,0.11879766856439797,1.0,NatPath_K1,original,Транспорт
economic_windows,test,1,6,39,949.6100319525902,0.9355927610025562,0.5765504588408399,0.040349217166464495,1.0,NatPath_K1,economic_windows,Все категории
economic_windows,test,3,6,39,1890.5512624681726,0.7916275842563302,0.1363238684641217,0.08033009434073707,1.0,NatPath_K1,economic_windows,Все категории
economic_windows,test,6,6,39,2007.964090799314,0.758721014353489,0.016526115554523102,0.08531900089085084,1.0,NatPath_K1,economic_windows,Все категории
economic_windows,test,12,6,39,1133.9508713942307,0.9057012148948458,-0.04869645714199344,0.04818191512984328,1.0,NatPath_K1,economic_windows,Все категории
economic_windows,test,1,6,39,104.53793967806916,0.7486196852587113,-1.0737359939785738,0.09306791566193824,1.0,NatPath_K1,economic_windows,Здоровье
economic_windows,test,3,6,39,158.90028549282422,0.46270469927155133,-1.0598116542774139,0.14146556182804254,1.0,NatPath_K1,economic_windows,Здоровье
economic_windows,test,6,6,39,285.045694830052,-1.0116829463125674,-3.9128858777864286,0.2537701505112718,1.0,NatPath_K1,economic_windows,Здоровье
economic_windows,test,12,6,39,116.69380879198384,0.664085240075749,-0.41836237551983846,0.10389002871462842,1.0,NatPath_K1,economic_windows,Здоровье
economic_windows,test,1,6,39,358.982789383317,0.7696294144272016,0.12628828797466607,0.08116822755528605,1.0,NatPath_K1,economic_windows,Маркетплейсы
economic_windows,test,3,6,39,547.2012533684132,0.4261918620715295,-0.356175966291725,0.12372558564226589,1.0,NatPath_K1,economic_windows,Маркетплейсы
economic_windows,test,6,6,39,709.4173590486472,0.04033999084290529,-0.8255287972177279,0.16040364979571542,1.0,NatPath_K1,economic_windows,Маркетплейсы
economic_windows,test,12,6,39,1143.3336374657786,-0.7757052077926669,-7.969712902559804,0.25851480238608904,1.0,NatPath_K1,economic_windows,Маркетплейсы
economic_windows,test,1,6,39,71.50217445929935,0.9572880980614318,-0.2855947881858736,0.10913514332708922,1.0,NatPath_K1,economic_windows,Общественное питание
economic_windows,test,3,6,39,165.039955966507,0.8129911530618404,-0.3886716814981295,0.25190365727064534,1.0,NatPath_K1,economic_windows,Общественное питание
economic_windows,test,6,6,39,140.14631269021723,0.8426864801778392,-0.01756443623447912,0.21390801102022589,1.0,NatPath_K1,economic_windows,Общественное питание
economic_windows,test,12,6,39,95.14419744768713,0.9323131552019644,-0.0739772606873692,0.14522041747282494,1.0,NatPath_K1,economic_windows,Общественное питание
economic_windows,test,1,6,39,397.5707416940551,0.8917699900342259,0.7016724752511618,0.04067077617955911,1.0,NatPath_K1,economic_windows,Продовольствие
economic_windows,test,3,6,39,908.5163006722951,0.5031846963063527,0.24556466401628463,0.09293959349895606,1.0,NatPath_K1,economic_windows,Продовольствие
economic_windows,test,6,6,39,800.3919441263049,0.6018560716324239,0.3053097342305495,0.08187866510693456,1.0,NatPath_K1,economic_windows,Продовольствие
economic_windows,test,12,6,39,514.0979442107372,0.7955689547467697,-0.15370951486806517,0.05259130069349117,1.0,NatPath_K1,economic_windows,Продовольствие
economic_windows,test,1,6,39,67.83229596192965,0.9568764102937422,0.08749026688587502,0.05878254700524594,1.0,NatPath_K1,economic_windows,Транспорт
economic_windows,test,3,6,39,115.21208489263778,0.8860642781789052,0.09894284972150802,0.09984122901537723,1.0,NatPath_K1,economic_windows,Транспорт
economic_windows,test,6,6,39,144.06171614116437,0.8077998562228441,-0.31554635784979745,0.12484192788457536,1.0,NatPath_K1,economic_windows,Транспорт
economic_windows,test,12,6,39,137.08692501752805,0.8351112324387995,-0.6967490817072701,0.11879766856439797,1.0,NatPath_K1,economic_windows,Транспорт
coverage_all,test,1,6,39,962.2908899580732,0.9336973906648209,0.5640892244775331,0.04088803065442676,1.0,NatPath_K1,coverage_all,Все категории
coverage_all,test,3,6,39,1686.1219360655132,0.8251325666265619,0.27519759345993433,0.07164383049698403,1.0,NatPath_K1,coverage_all,Все категории
coverage_all,test,6,6,39,2852.093632781203,0.4687547664992633,-1.165401234525909,0.12118632016929326,1.0,NatPath_K1,coverage_all,Все категории
coverage_all,test,12,6,39,1133.9508713942307,0.9057012148948458,-0.04869645714199344,0.04818191512984328,1.0,NatPath_K1,coverage_all,Все категории
coverage_all,test,1,6,39,100.39369552673655,0.7699425065031522,-0.8978355780956684,0.08937838278663499,1.0,NatPath_K1,coverage_all,Здоровье
coverage_all,test,3,6,39,155.3011610396788,0.4754980883127953,-1.0107660515908985,0.138261337485247,1.0,NatPath_K1,coverage_all,Здоровье
coverage_all,test,6,6,39,327.60161300342287,-1.5665948749724983,-5.268079042159466,0.2916567839734627,1.0,NatPath_K1,coverage_all,Здоровье
coverage_all,test,12,6,39,116.69380879198384,0.664085240075749,-0.41836237551983846,0.10389002871462842,1.0,NatPath_K1,coverage_all,Здоровье
coverage_all,test,1,6,39,357.6602134493224,0.7727504785084954,0.13812534709845914,0.08086918496175659,1.0,NatPath_K1,coverage_all,Маркетплейсы
coverage_all,test,3,6,39,527.8353736688189,0.4710818018945834,-0.2500801243329682,0.11934684054151813,1.0,NatPath_K1,coverage_all,Маркетплейсы
coverage_all,test,6,6,39,910.7604200325359,-0.3659358879972119,-1.5983736686936263,0.20592856038736954,1.0,NatPath_K1,coverage_all,Маркетплейсы
coverage_all,test,12,6,39,1143.3336374657786,-0.7757052077926669,-7.969712902559804,0.25851480238608904,1.0,NatPath_K1,coverage_all,Маркетплейсы
coverage_all,test,1,6,39,71.40063698287267,0.9575031173935289,-0.2791228747341896,0.10898016472501601,1.0,NatPath_K1,coverage_all,Общественное питание
coverage_all,test,3,6,39,160.4769700738841,0.8244482841278771,-0.30359445802389096,0.2449390841907826,1.0,NatPath_K1,coverage_all,Общественное питание
coverage_all,test,6,6,39,140.2407717370728,0.8378324780645553,-0.04896199144440905,0.2140521856791797,1.0,NatPath_K1,coverage_all,Общественное питание
coverage_all,test,12,6,39,95.14419744768713,0.9323131552019644,-0.0739772606873692,0.14522041747282494,1.0,NatPath_K1,coverage_all,Общественное питание
coverage_all,test,1,6,39,398.6528307186007,0.8901571018894546,0.6972266757166472,0.04078147195243245,1.0,NatPath_K1,coverage_all,Продовольствие
coverage_all,test,3,6,39,786.873752245218,0.6067886810000012,0.40289175603718996,0.08049577824256088,1.0,NatPath_K1,coverage_all,Продовольствие
coverage_all,test,6,6,39,1170.7430395542872,0.13912274252888635,-0.5020775357281249,0.11976492013119668,1.0,NatPath_K1,coverage_all,Продовольствие
coverage_all,test,12,6,39,514.0979442107372,0.7955689547467697,-0.15370951486806517,0.05259130069349117,1.0,NatPath_K1,coverage_all,Продовольствие
coverage_all,test,1,6,39,67.41538247126248,0.9572408020871729,0.09520092039216543,0.05842125543292443,1.0,NatPath_K1,coverage_all,Транспорт
coverage_all,test,3,6,39,116.59759003982826,0.8834435869981879,0.07821719415612693,0.10104188897072423,1.0,NatPath_K1,coverage_all,Транспорт
coverage_all,test,6,6,39,125.6971201189265,0.8570144565914793,0.021311289577658266,0.10892741823101121,1.0,NatPath_K1,coverage_all,Транспорт
coverage_all,test,12,6,39,137.08692501752805,0.8351112324387995,-0.6967490817072701,0.11879766856439797,1.0,NatPath_K1,coverage_all,Транспорт
financial_only,test,1,6,39,945.788552082915,0.9358921201967191,0.5785186151441255,0.04018684133220572,1.0,NatPath_K1,financial_only,Все категории
financial_only,test,3,6,39,1667.3238396501633,0.8292922602360563,0.29243897386146567,0.07084509370076517,1.0,NatPath_K1,financial_only,Все категории
financial_only,test,6,6,39,2765.7404339805885,0.5170411290861917,-0.9685818702042985,0.11751714666207948,1.0,NatPath_K1,financial_only,Все категории
financial_only,test,12,6,39,1133.9508713942307,0.9057012148948458,-0.04869645714199344,0.04818191512984328,1.0,NatPath_K1,financial_only,Все категории
financial_only,test,1,6,39,104.63315580489923,0.7482595803710897,-1.0767066421291132,0.0931526845648721,1.0,NatPath_K1,financial_only,Здоровье
financial_only,test,3,6,39,156.16758988224476,0.47060895584064943,-1.0295093609624466,0.13903270075006094,1.0,NatPath_K1,financial_only,Здоровье
financial_only,test,6,6,39,326.2767388604559,-1.5290223230104671,-5.176320218899064,0.2904772765584509,1.0,NatPath_K1,financial_only,Здоровье
financial_only,test,12,6,39,116.69380879198384,0.664085240075749,-0.41836237551983846,0.10389002871462842,1.0,NatPath_K1,financial_only,Здоровье
financial_only,test,1,6,39,359.47617682742623,0.769400706345125,0.12542088153278763,0.08127978550603117,1.0,NatPath_K1,financial_only,Маркетплейсы
financial_only,test,3,6,39,528.1246267561821,0.47148894160400323,-0.24911786351381782,0.11941224245244678,1.0,NatPath_K1,financial_only,Маркетплейсы
financial_only,test,6,6,39,905.9741341959141,-0.36024924340812303,-1.5875561569104248,0.20484635157563533,1.0,NatPath_K1,financial_only,Маркетплейсы
financial_only,test,12,6,39,1143.3336374657786,-0.7757052077926669,-7.969712902559804,0.25851480238608904,1.0,NatPath_K1,financial_only,Маркетплейсы
financial_only,test,1,6,39,71.07824874572903,0.9579311241151944,-0.26624020770912415,0.10848809736155887,1.0,NatPath_K1,financial_only,Общественное питание
financial_only,test,3,6,39,160.03586196791662,0.825657139713249,-0.2946178585425734,0.24426581240944809,1.0,NatPath_K1,financial_only,Общественное питание
financial_only,test,6,6,39,137.60580365265324,0.8462612920131752,0.005558823571672589,0.21003038324128145,1.0,NatPath_K1,financial_only,Общественное питание
financial_only,test,12,6,39,95.14419744768713,0.9323131552019644,-0.0739772606873692,0.14522041747282494,1.0,NatPath_K1,financial_only,Общественное питание
financial_only,test,1,6,39,389.3439448828214,0.8965811038651607,0.7149339327796382,0.03982918957195639,1.0,NatPath_K1,financial_only,Продовольствие
financial_only,test,3,6,39,778.5022794290871,0.6161203404909924,0.41706228100095544,0.07963939153827938,1.0,NatPath_K1,financial_only,Продовольствие
financial_only,test,6,6,39,1121.0289719938298,0.22020494388038925,-0.3606035309957325,0.11467925988841458,1.0,NatPath_K1,financial_only,Продовольствие
financial_only,test,12,6,39,514.0979442107372,0.7955689547467697,-0.15370951486806517,0.05259130069349117,1.0,NatPath_K1,financial_only,Продовольствие
financial_only,test,1,6,39,67.71069069236101,0.9570439588433912,0.0910356508245812,0.058677165529163876,1.0,NatPath_K1,financial_only,Транспорт
financial_only,test,3,6,39,116.09621636909256,0.8841967329861492,0.08417342602800348,0.10060740535271794,1.0,NatPath_K1,financial_only,Транспорт
financial_only,test,6,6,39,126.21081784579046,0.8570327321271705,0.021436379569495068,0.10937258170878611,1.0,NatPath_K1,financial_only,Транспорт
financial_only,test,12,6,39,137.08692501752805,0.8351112324387995,-0.6967490817072701,0.11879766856439797,1.0,NatPath_K1,financial_only,Транспорт
selected_decay,test,1,6,39,954.4599154396396,0.9341650737355046,0.5671640369484844,0.04055529018114046,1.0,NatPath_K1,selected_decay,Все категории
selected_decay,test,3,6,39,1776.6620462085154,0.8119045364485097,0.2203691561581652,0.07549090713214114,1.0,NatPath_K1,selected_decay,Все категории
selected_decay,test,6,6,39,2754.037025058621,0.38264246362869403,-1.516402382743347,0.1170198652809957,1.0,NatPath_K1,selected_decay,Все категории
selected_decay,test,12,6,39,1133.9508713942307,0.9057012148948458,-0.04869645714199344,0.04818191512984328,1.0,NatPath_K1,selected_decay,Все категории
selected_decay,test,1,6,39,104.503938830947,0.7478425593110162,-1.0801468143773327,0.09303764542720677,1.0,NatPath_K1,selected_decay,Здоровье
selected_decay,test,3,6,39,156.52069368430986,0.46810720001196415,-1.0391002615437395,0.1393470615933271,1.0,NatPath_K1,selected_decay,Здоровье
selected_decay,test,6,6,39,308.446129404955,-1.2774495692918784,-4.561935019061584,0.2746030622577299,1.0,NatPath_K1,selected_decay,Здоровье
selected_decay,test,12,6,39,116.69380879198384,0.664085240075749,-0.41836237551983846,0.10389002871462842,1.0,NatPath_K1,selected_decay,Здоровье
selected_decay,test,1,6,39,359.28608343806656,0.7692072402040658,0.1246871349353067,0.08123680421572807,1.0,NatPath_K1,selected_decay,Маркетплейсы
selected_decay,test,3,6,39,547.7159946993357,0.4390902323430388,-0.32569110800842704,0.12384197183880809,1.0,NatPath_K1,selected_decay,Маркетплейсы
selected_decay,test,6,6,39,916.4835242923585,-0.4223709104727633,-1.7057281043455181,0.20722258963507226,1.0,NatPath_K1,selected_decay,Маркетплейсы
selected_decay,test,12,6,39,1143.3336374657786,-0.7757052077926669,-7.969712902559804,0.25851480238608904,1.0,NatPath_K1,selected_decay,Маркетплейсы
selected_decay,test,1,6,39,71.51835489202408,0.9573084468115582,-0.2849823067481154,0.10915983983258518,1.0,NatPath_K1,selected_decay,Общественное питание
selected_decay,test,3,6,39,162.2744708461704,0.8198579431426658,-0.3376809552081175,0.24768264417196448,1.0,NatPath_K1,selected_decay,Общественное питание
selected_decay,test,6,6,39,141.63411559887163,0.8419028374445625,-0.022633339256911356,0.2161788731989822,1.0,NatPath_K1,selected_decay,Общественное питание
selected_decay,test,12,6,39,95.14419744768713,0.9323131552019644,-0.0739772606873692,0.14522041747282494,1.0,NatPath_K1,selected_decay,Общественное питание
selected_decay,test,1,6,39,390.39123289848084,0.89581043959646,0.7128096572319733,0.03993632526383081,1.0,NatPath_K1,selected_decay,Продовольствие
selected_decay,test,3,6,39,776.5928708327172,0.6197768412123644,0.42261483409210177,0.0794440624521213,1.0,NatPath_K1,selected_decay,Продовольствие
selected_decay,test,6,6,39,1258.5455313894172,0.025765427140967523,-0.6998658678938798,0.12874695809057485,1.0,NatPath_K1,selected_decay,Продовольствие
selected_decay,test,12,6,39,514.0979442107372,0.7955689547467697,-0.15370951486806517,0.05259130069349117,1.0,NatPath_K1,selected_decay,Продовольствие
selected_decay,test,1,6,39,68.21526252599064,0.9564456335878807,0.07837488619574573,0.059114420631725985,1.0,NatPath_K1,selected_decay,Транспорт
selected_decay,test,3,6,39,118.6553087634362,0.8800273672644522,0.05120012550720432,0.10282508008756253,1.0,NatPath_K1,selected_decay,Транспорт
selected_decay,test,6,6,39,141.2915097965493,0.8207857417294883,-0.22666227042930331,0.12244130466583661,1.0,NatPath_K1,selected_decay,Транспорт
selected_decay,test,12,6,39,137.08692501752805,0.8351112324387995,-0.6967490817072701,0.11879766856439797,1.0,NatPath_K1,selected_decay,Транспорт
selected_news,test,1,6,39,954.4599154396396,0.9341650737355046,0.5671640369484844,0.04055529018114046,1.0,NatPath_K1,selected_news,Все категории
selected_news,test,3,6,39,1890.5512624681726,0.7916275842563302,0.1363238684641217,0.08033009434073707,1.0,NatPath_K1,selected_news,Все категории
selected_news,test,6,6,39,2007.964090799314,0.758721014353489,0.016526115554523102,0.08531900089085084,1.0,NatPath_K1,selected_news,Все категории
selected_news,test,12,6,39,1133.9508713942307,0.9057012148948458,-0.04869645714199344,0.04818191512984328,1.0,NatPath_K1,selected_news,Все категории
selected_news,test,1,6,39,104.503938830947,0.7478425593110162,-1.0801468143773327,0.09303764542720677,1.0,NatPath_K1,selected_news,Здоровье
selected_news,test,3,6,39,158.90028549282422,0.46270469927155133,-1.0598116542774139,0.14146556182804254,1.0,NatPath_K1,selected_news,Здоровье
selected_news,test,6,6,39,285.045694830052,-1.0116829463125674,-3.9128858777864286,0.2537701505112718,1.0,NatPath_K1,selected_news,Здоровье
selected_news,test,12,6,39,116.69380879198384,0.664085240075749,-0.41836237551983846,0.10389002871462842,1.0,NatPath_K1,selected_news,Здоровье
selected_news,test,1,6,39,359.28608343806656,0.7692072402040658,0.1246871349353067,0.08123680421572807,1.0,NatPath_K1,selected_news,Маркетплейсы
selected_news,test,3,6,39,547.2012533684132,0.4261918620715295,-0.356175966291725,0.12372558564226589,1.0,NatPath_K1,selected_news,Маркетплейсы
selected_news,test,6,6,39,709.4173590486472,0.04033999084290529,-0.8255287972177279,0.16040364979571542,1.0,NatPath_K1,selected_news,Маркетплейсы
selected_news,test,12,6,39,1143.3336374657786,-0.7757052077926669,-7.969712902559804,0.25851480238608904,1.0,NatPath_K1,selected_news,Маркетплейсы
selected_news,test,1,6,39,71.51835489202408,0.9573084468115582,-0.2849823067481154,0.10915983983258518,1.0,NatPath_K1,selected_news,Общественное питание
selected_news,test,3,6,39,165.039955966507,0.8129911530618404,-0.3886716814981295,0.25190365727064534,1.0,NatPath_K1,selected_news,Общественное питание
selected_news,test,6,6,39,140.14631269021723,0.8426864801778392,-0.01756443623447912,0.21390801102022589,1.0,NatPath_K1,selected_news,Общественное питание
selected_news,test,12,6,39,95.14419744768713,0.9323131552019644,-0.0739772606873692,0.14522041747282494,1.0,NatPath_K1,selected_news,Общественное питание
selected_news,test,1,6,39,390.39123289848084,0.89581043959646,0.7128096572319733,0.03993632526383081,1.0,NatPath_K1,selected_news,Продовольствие
selected_news,test,3,6,39,908.5163006722951,0.5031846963063527,0.24556466401628463,0.09293959349895606,1.0,NatPath_K1,selected_news,Продовольствие
selected_news,test,6,6,39,800.3919441263049,0.6018560716324239,0.3053097342305495,0.08187866510693456,1.0,NatPath_K1,selected_news,Продовольствие
selected_news,test,12,6,39,514.0979442107372,0.7955689547467697,-0.15370951486806517,0.05259130069349117,1.0,NatPath_K1,selected_news,Продовольствие
selected_news,test,1,6,39,68.21526252599064,0.9564456335878807,0.07837488619574573,0.059114420631725985,1.0,NatPath_K1,selected_news,Транспорт
selected_news,test,3,6,39,115.21208489263778,0.8860642781789052,0.09894284972150802,0.09984122901537723,1.0,NatPath_K1,selected_news,Транспорт
selected_news,test,6,6,39,144.06171614116437,0.8077998562228441,-0.31554635784979745,0.12484192788457536,1.0,NatPath_K1,selected_news,Транспорт
selected_news,test,12,6,39,137.08692501752805,0.8351112324387995,-0.6967490817072701,0.11879766856439797,1.0,NatPath_K1,selected_news,Транспорт
original,test,1,6,39,1068.0450470753206,0.9184005874477317,0.4635194064833865,0.04538155674218955,1.0,StructHGB,original,Все категории
original,test,3,6,39,1742.1797208867522,0.8192684095764552,0.2508914373035196,0.07402574271096117,1.0,StructHGB,original,Все категории
original,test,6,6,39,2281.4242120726494,0.7060254608998424,-0.19826548972845282,0.09693840406515979,1.0,StructHGB,original,Все категории
original,test,12,6,39,1163.1263605101497,0.8967014995614615,-0.1487822596778603,0.049421590477265055,1.0,StructHGB,original,Все категории
original,test,1,6,39,115.88158058101295,0.7135871288901199,-1.3627334565579257,0.10316691912523268,1.0,StructHGB,original,Здоровье
original,test,3,6,39,172.41526755308493,0.2724191643292083,-1.7893031685029301,0.15349766437789625,1.0,StructHGB,original,Здоровье
original,test,6,6,39,334.10782616770166,-1.0797045239034948,-4.079006611942763,0.2974491278814871,1.0,StructHGB,original,Здоровье
original,test,12,6,39,120.99387926933093,0.6017344770205775,-0.681631475163897,0.10771829047068143,1.0,StructHGB,original,Здоровье
original,test,1,6,39,390.7151317107372,0.7301380413142307,-0.023488104384511876,0.08834310629339741,1.0,StructHGB,original,Маркетплейсы
original,test,3,6,39,543.9989983974359,0.4745416862046691,-0.2419028057532291,0.12300153600016234,1.0,StructHGB,original,Маркетплейсы
original,test,6,6,39,618.2528524806357,0.401820231956997,-0.13789715321644214,0.13979079137208647,1.0,StructHGB,original,Маркетплейсы
original,test,12,6,39,1157.3995324811365,-0.865466211835892,-8.423127372810795,0.2616951881904799,1.0,StructHGB,original,Маркетплейсы
original,test,1,6,39,104.44306215465578,0.9207929240806484,-1.3840709349777702,0.15941345342240854,1.0,StructHGB,original,Общественное питание
original,test,3,6,39,153.46306460127872,0.83736106416204,-0.20770802133147992,0.23423362544321452,1.0,StructHGB,original,Общественное питание
original,test,6,6,39,120.95620538434412,0.889405763237795,0.28463388074377927,0.1846177813576187,1.0,StructHGB,original,Общественное питание
original,test,12,6,39,92.57064408522386,0.9341797074242812,-0.0443609497389843,0.14129235350559247,1.0,StructHGB,original,Общественное питание
original,test,1,6,39,534.124265491453,0.8097307918354273,0.47553786675610066,0.054639957561542864,1.0,StructHGB,original,Продовольствие
original,test,3,6,39,931.9650482438568,0.5192685279057037,0.269988651776622,0.09533835845864683,1.0,StructHGB,original,Продовольствие
original,test,6,6,39,1309.8495426014956,0.055917406784742996,-0.6472560319531662,0.13399526672674136,1.0,StructHGB,original,Продовольствие
original,test,12,6,39,574.752931774172,0.7503993475554607,-0.4086248362416558,0.05879619749463645,1.0,StructHGB,original,Продовольствие
original,test,1,6,39,77.19579478206798,0.9441227674235011,-0.1823811267302211,0.06689682799371875,1.0,StructHGB,original,Транспорт
original,test,3,6,39,107.50618672167134,0.8926503858287979,0.1510288794195348,0.09316340225116598,1.0,StructHGB,original,Транспорт
original,test,6,6,39,101.18475289630075,0.9073737214320682,0.3660037863837101,0.08768533349776642,1.0,StructHGB,original,Транспорт
original,test,12,6,39,112.52802009256477,0.8789254147819631,-0.24588954314637368,0.09751525488995522,1.0,StructHGB,original,Транспорт
coverage_all,test,1,6,39,1075.762084435761,0.9177059562839479,0.45895250915697283,0.04570945599120851,1.0,StructHGB,coverage_all,Все категории
coverage_all,test,3,6,39,1700.7641125937732,0.8282219765596254,0.2880027894365417,0.07226598100155869,1.0,StructHGB,coverage_all,Все категории
coverage_all,test,6,6,39,2281.4242120726494,0.7060254608998424,-0.19826548972845282,0.09693840406515979,1.0,StructHGB,coverage_all,Все категории
coverage_all,test,12,6,39,1163.1263605101497,0.8967014995614615,-0.1487822596778603,0.049421590477265055,1.0,StructHGB,coverage_all,Все категории
coverage_all,test,1,6,39,113.22250198953286,0.7282735335105726,-1.2415794755275886,0.10079959772161166,1.0,StructHGB,coverage_all,Здоровье
coverage_all,test,3,6,39,165.3221684751607,0.3353356848676099,-1.5481021342190253,0.14718282835951896,1.0,StructHGB,coverage_all,Здоровье
coverage_all,test,6,6,39,334.10782616770166,-1.0797045239034948,-4.079006611942763,0.2974491278814871,1.0,StructHGB,coverage_all,Здоровье
coverage_all,test,12,6,39,120.99387926933093,0.6017344770205775,-0.681631475163897,0.10771829047068143,1.0,StructHGB,coverage_all,Здоровье
coverage_all,test,1,6,39,390.34430183644366,0.73115544850081,-0.019629449545384592,0.088259259366717,1.0,StructHGB,coverage_all,Маркетплейсы
coverage_all,test,3,6,39,549.1065448226527,0.4558608724945796,-0.28605427191377775,0.12415638381669239,1.0,StructHGB,coverage_all,Маркетплейсы
coverage_all,test,6,6,39,618.2528524806357,0.401820231956997,-0.13789715321644214,0.13979079137208647,1.0,StructHGB,coverage_all,Маркетплейсы
coverage_all,test,12,6,39,1157.3995324811365,-0.865466211835892,-8.423127372810795,0.2616951881904799,1.0,StructHGB,coverage_all,Маркетплейсы
coverage_all,test,1,6,39,103.33759569533105,0.9221991516002663,-1.3417445882647505,0.15772615871572282,1.0,StructHGB,coverage_all,Общественное питание
coverage_all,test,3,6,39,154.3500608392609,0.836369710624671,-0.21506951575400057,0.23558746485152338,1.0,StructHGB,coverage_all,Общественное питание
coverage_all,test,6,6,39,120.95620538434412,0.889405763237795,0.28463388074377927,0.1846177813576187,1.0,StructHGB,coverage_all,Общественное питание
coverage_all,test,12,6,39,92.57064408522386,0.9341797074242812,-0.0443609497389843,0.14129235350559247,1.0,StructHGB,coverage_all,Общественное питание
coverage_all,test,1,6,39,529.2531678814945,0.8095546387002823,0.47505231446980656,0.05414165298359719,1.0,StructHGB,coverage_all,Продовольствие
coverage_all,test,3,6,39,905.9438021070412,0.5252376303619477,0.2790529897380679,0.09267643149431792,1.0,StructHGB,coverage_all,Продовольствие
coverage_all,test,6,6,39,1309.8495426014956,0.055917406784742996,-0.6472560319531662,0.13399526672674136,1.0,StructHGB,coverage_all,Продовольствие
coverage_all,test,12,6,39,574.752931774172,0.7503993475554607,-0.4086248362416558,0.05879619749463645,1.0,StructHGB,coverage_all,Продовольствие
coverage_all,test,1,6,39,76.43085877674301,0.945002714137827,-0.16376115685031012,0.0662339448338408,1.0,StructHGB,coverage_all,Транспорт
coverage_all,test,3,6,39,108.34271324625722,0.8915253603637859,0.14213165014594387,0.09388832478335038,1.0,StructHGB,coverage_all,Транспорт
coverage_all,test,6,6,39,101.18475289630075,0.9073737214320682,0.3660037863837101,0.08768533349776642,1.0,StructHGB,coverage_all,Транспорт
coverage_all,test,12,6,39,112.52802009256477,0.8789254147819631,-0.24588954314637368,0.09751525488995522,1.0,StructHGB,coverage_all,Транспорт
economic_windows,test,1,6,39,1068.0450470753206,0.9184005874477317,0.4635194064833865,0.04538155674218955,1.0,StructHGB,economic_windows,Все категории
economic_windows,test,3,6,39,1828.5588463060567,0.8061463511703947,0.19650223899487296,0.0776960178480364,1.0,StructHGB,economic_windows,Все категории
economic_windows,test,6,6,39,1817.0227207732826,0.7981344415632495,0.1771786326124366,0.0772058443887013,1.0,StructHGB,economic_windows,Все категории
economic_windows,test,12,6,39,1163.1263605101497,0.8967014995614615,-0.1487822596778603,0.049421590477265055,1.0,StructHGB,economic_windows,Все категории
economic_windows,test,1,6,39,115.88158058101295,0.7135871288901199,-1.3627334565579257,0.10316691912523268,1.0,StructHGB,economic_windows,Здоровье
economic_windows,test,3,6,39,167.08167144233641,0.3177337715200318,-1.615582021353282,0.14874927661993356,1.0,StructHGB,economic_windows,Здоровье
economic_windows,test,6,6,39,320.360690625857,-1.0569558934377086,-4.023450429215656,0.2852103439993705,1.0,StructHGB,economic_windows,Здоровье
economic_windows,test,12,6,39,120.99387926933093,0.6017344770205775,-0.681631475163897,0.10771829047068143,1.0,StructHGB,economic_windows,Здоровье
economic_windows,test,1,6,39,390.7151317107372,0.7301380413142307,-0.023488104384511876,0.08834310629339741,1.0,StructHGB,economic_windows,Маркетплейсы
economic_windows,test,3,6,39,566.1312123389861,0.42650521416286824,-0.3554353693096137,0.12800576637175212,1.0,StructHGB,economic_windows,Маркетплейсы
economic_windows,test,6,6,39,745.6189481760235,0.15333933982058134,-0.6105739552348992,0.16858905285974993,1.0,StructHGB,economic_windows,Маркетплейсы
economic_windows,test,12,6,39,1157.3995324811365,-0.865466211835892,-8.423127372810795,0.2616951881904799,1.0,StructHGB,economic_windows,Маркетплейсы
economic_windows,test,1,6,39,104.44306215465578,0.9207929240806484,-1.3840709349777702,0.15941345342240854,1.0,StructHGB,economic_windows,Общественное питание
economic_windows,test,3,6,39,154.6680575643248,0.8353692214735163,-0.2224988485080499,0.23607282936567742,1.0,StructHGB,economic_windows,Общественное питание
economic_windows,test,6,6,39,120.15039282207013,0.8902520349597928,0.290107892187102,0.1833878541540957,1.0,StructHGB,economic_windows,Общественное питание
economic_windows,test,12,6,39,92.57064408522386,0.9341797074242812,-0.0443609497389843,0.14129235350559247,1.0,StructHGB,economic_windows,Общественное питание
economic_windows,test,1,6,39,534.124265491453,0.8097307918354273,0.47553786675610066,0.054639957561542864,1.0,StructHGB,economic_windows,Продовольствие
economic_windows,test,3,6,39,939.4425788607374,0.49542314046151037,0.23377840874591405,0.09610329647395223,1.0,StructHGB,economic_windows,Продовольствие
economic_windows,test,6,6,39,1168.246424690685,0.23450122809734786,-0.33565906047997096,0.11950952089358813,1.0,StructHGB,economic_windows,Продовольствие
economic_windows,test,12,6,39,574.752931774172,0.7503993475554607,-0.4086248362416558,0.05879619749463645,1.0,StructHGB,economic_windows,Продовольствие
economic_windows,test,1,6,39,77.19579478206798,0.9441227674235011,-0.1823811267302211,0.06689682799371875,1.0,StructHGB,economic_windows,Транспорт
economic_windows,test,3,6,39,106.73902318060112,0.8952854923413949,0.17186853819353476,0.09249858873904514,1.0,StructHGB,economic_windows,Транспорт
economic_windows,test,6,6,39,124.32347265627924,0.857231165173137,0.022794588079479428,0.10773703398414718,1.0,StructHGB,economic_windows,Транспорт
economic_windows,test,12,6,39,112.52802009256477,0.8789254147819631,-0.24588954314637368,0.09751525488995522,1.0,StructHGB,economic_windows,Транспорт
financial_only,test,1,6,39,1068.0450470753206,0.9184005874477317,0.4635194064833865,0.04538155674218955,1.0,StructHGB,financial_only,Все категории
financial_only,test,3,6,39,1711.8272970543715,0.827356972161311,0.2844174604963775,0.07273605905184578,1.0,StructHGB,financial_only,Все категории
financial_only,test,6,6,39,2281.4242120726494,0.7060254608998424,-0.19826548972845282,0.09693840406515979,1.0,StructHGB,financial_only,Все категории
financial_only,test,12,6,39,1163.1263605101497,0.8967014995614615,-0.1487822596778603,0.049421590477265055,1.0,StructHGB,financial_only,Все категории
financial_only,test,1,6,39,115.88158058101295,0.7135871288901199,-1.3627334565579257,0.10316691912523268,1.0,StructHGB,financial_only,Здоровье
financial_only,test,3,6,39,167.23786940641233,0.3158938237674833,-1.6226357696716143,0.14888833636218554,1.0,StructHGB,financial_only,Здоровье
financial_only,test,6,6,39,334.10782616770166,-1.0797045239034948,-4.079006611942763,0.2974491278814871,1.0,StructHGB,financial_only,Здоровье
financial_only,test,12,6,39,120.99387926933093,0.6017344770205775,-0.681631475163897,0.10771829047068143,1.0,StructHGB,financial_only,Здоровье
financial_only,test,1,6,39,390.7151317107372,0.7301380413142307,-0.023488104384511876,0.08834310629339741,1.0,StructHGB,financial_only,Маркетплейсы
financial_only,test,3,6,39,550.3104386798392,0.45699092753061765,-0.28338342537264216,0.12442859165908056,1.0,StructHGB,financial_only,Маркетплейсы
financial_only,test,6,6,39,618.2528524806357,0.401820231956997,-0.13789715321644214,0.13979079137208647,1.0,StructHGB,financial_only,Маркетплейсы
financial_only,test,12,6,39,1157.3995324811365,-0.865466211835892,-8.423127372810795,0.2616951881904799,1.0,StructHGB,financial_only,Маркетплейсы
financial_only,test,1,6,39,104.44306215465578,0.9207929240806484,-1.3840709349777702,0.15941345342240854,1.0,StructHGB,financial_only,Общественное питание
financial_only,test,3,6,39,154.1729529169665,0.8366717458864098,-0.21282669237073515,0.2353171416252701,1.0,StructHGB,financial_only,Общественное питание
financial_only,test,6,6,39,120.95620538434412,0.889405763237795,0.28463388074377927,0.1846177813576187,1.0,StructHGB,financial_only,Общественное питание
financial_only,test,12,6,39,92.57064408522386,0.9341797074242812,-0.0443609497389843,0.14129235350559247,1.0,StructHGB,financial_only,Общественное питание
financial_only,test,1,6,39,534.124265491453,0.8097307918354273,0.47553786675610066,0.054639957561542864,1.0,StructHGB,financial_only,Продовольствие
financial_only,test,3,6,39,910.8580259205206,0.5262427828217473,0.28057935683683866,0.09317914780579158,1.0,StructHGB,financial_only,Продовольствие
financial_only,test,6,6,39,1309.8495426014956,0.055917406784742996,-0.6472560319531662,0.13399526672674136,1.0,StructHGB,financial_only,Продовольствие
financial_only,test,12,6,39,574.752931774172,0.7503993475554607,-0.4086248362416558,0.05879619749463645,1.0,StructHGB,financial_only,Продовольствие
financial_only,test,1,6,39,77.19579478206798,0.9441227674235011,-0.1823811267302211,0.06689682799371875,1.0,StructHGB,financial_only,Транспорт
financial_only,test,3,6,39,108.3056061722311,0.8918984789679443,0.14508244714626173,0.09385616829664689,1.0,StructHGB,financial_only,Транспорт
financial_only,test,6,6,39,101.18475289630075,0.9073737214320682,0.3660037863837101,0.08768533349776642,1.0,StructHGB,financial_only,Транспорт
financial_only,test,12,6,39,112.52802009256477,0.8789254147819631,-0.24588954314637368,0.09751525488995522,1.0,StructHGB,financial_only,Транспорт
selected_decay,test,1,6,39,1087.26593502421,0.9154727613084299,0.4442702249538022,0.04619825807840789,1.0,StructHGB,selected_decay,Все категории
selected_decay,test,3,6,39,1789.301090241899,0.8164850423981909,0.23935474810889767,0.0760279439317955,1.0,StructHGB,selected_decay,Все категории
selected_decay,test,6,6,39,2281.4242120726494,0.7060254608998424,-0.19826548972845282,0.09693840406515979,1.0,StructHGB,selected_decay,Все категории
selected_decay,test,12,6,39,1163.1263605101497,0.8967014995614615,-0.1487822596778603,0.049421590477265055,1.0,StructHGB,selected_decay,Все категории
selected_decay,test,1,6,39,113.06789561840314,0.7268904905754445,-1.2529887456557787,0.10066195494088144,1.0,StructHGB,selected_decay,Здоровье
selected_decay,test,3,6,39,163.78674533048627,0.34263283385546395,-1.5201272896450968,0.14581587362352538,1.0,StructHGB,selected_decay,Здоровье
selected_decay,test,6,6,39,334.10782616770166,-1.0797045239034948,-4.079006611942763,0.2974491278814871,1.0,StructHGB,selected_decay,Здоровье
selected_decay,test,12,6,39,120.99387926933093,0.6017344770205775,-0.681631475163897,0.10771829047068143,1.0,StructHGB,selected_decay,Здоровье
selected_decay,test,1,6,39,387.0559174545997,0.7351737785470771,-0.0043893874711511405,0.08751573533244984,1.0,StructHGB,selected_decay,Маркетплейсы
selected_decay,test,3,6,39,565.0095160203645,0.42766995273529596,-0.3526825494129806,0.12775214390089715,1.0,StructHGB,selected_decay,Маркетплейсы
selected_decay,test,6,6,39,618.2528524806357,0.401820231956997,-0.13789715321644214,0.13979079137208647,1.0,StructHGB,selected_decay,Маркетплейсы
selected_decay,test,12,6,39,1157.3995324811365,-0.865466211835892,-8.423127372810795,0.2616951881904799,1.0,StructHGB,selected_decay,Маркетплейсы
selected_decay,test,1,6,39,103.82444643031536,0.9213282252820186,-1.367958788167241,0.15846924835101295,1.0,StructHGB,selected_decay,Общественное питание
selected_decay,test,3,6,39,155.48257497130612,0.8334266018039109,-0.23692416029019414,0.23731604294100603,1.0,StructHGB,selected_decay,Общественное питание
selected_decay,test,6,6,39,120.95620538434412,0.889405763237795,0.28463388074377927,0.1846177813576187,1.0,StructHGB,selected_decay,Общественное питание
selected_decay,test,12,6,39,92.57064408522386,0.9341797074242812,-0.0443609497389843,0.14129235350559247,1.0,StructHGB,selected_decay,Общественное питание
selected_decay,test,1,6,39,531.2992883753533,0.8072487005534978,0.468696177019836,0.05435096745248278,1.0,StructHGB,selected_decay,Продовольствие
selected_decay,test,3,6,39,931.7026543832992,0.5108622220232404,0.25722331593517855,0.09531151603576592,1.0,StructHGB,selected_decay,Продовольствие
selected_decay,test,6,6,39,1309.8495426014956,0.055917406784742996,-0.6472560319531662,0.13399526672674136,1.0,StructHGB,selected_decay,Продовольствие
selected_decay,test,12,6,39,574.752931774172,0.7503993475554607,-0.4086248362416558,0.05879619749463645,1.0,StructHGB,selected_decay,Продовольствие
selected_decay,test,1,6,39,77.19359654825891,0.9442377617538936,-0.1799478078332808,0.06689492303413604,1.0,StructHGB,selected_decay,Транспорт
selected_decay,test,3,6,39,110.0377187890608,0.8899524420258248,0.12969227386806703,0.09535719358074336,1.0,StructHGB,selected_decay,Транспорт
selected_decay,test,6,6,39,101.18475289630075,0.9073737214320682,0.3660037863837101,0.08768533349776642,1.0,StructHGB,selected_decay,Транспорт
selected_decay,test,12,6,39,112.52802009256477,0.8789254147819631,-0.24588954314637368,0.09751525488995522,1.0,StructHGB,selected_decay,Транспорт
selected_news,test,1,6,39,1087.26593502421,0.9154727613084299,0.4442702249538022,0.04619825807840789,1.0,StructHGB,selected_news,Все категории
selected_news,test,3,6,39,1828.5588463060567,0.8061463511703947,0.19650223899487296,0.0776960178480364,1.0,StructHGB,selected_news,Все категории
selected_news,test,6,6,39,1817.0227207732826,0.7981344415632495,0.1771786326124366,0.0772058443887013,1.0,StructHGB,selected_news,Все категории
selected_news,test,12,6,39,1163.1263605101497,0.8967014995614615,-0.1487822596778603,0.049421590477265055,1.0,StructHGB,selected_news,Все категории
selected_news,test,1,6,39,113.06789561840314,0.7268904905754445,-1.2529887456557787,0.10066195494088144,1.0,StructHGB,selected_news,Здоровье
selected_news,test,3,6,39,167.08167144233641,0.3177337715200318,-1.615582021353282,0.14874927661993356,1.0,StructHGB,selected_news,Здоровье
selected_news,test,6,6,39,320.360690625857,-1.0569558934377086,-4.023450429215656,0.2852103439993705,1.0,StructHGB,selected_news,Здоровье
selected_news,test,12,6,39,120.99387926933093,0.6017344770205775,-0.681631475163897,0.10771829047068143,1.0,StructHGB,selected_news,Здоровье
selected_news,test,1,6,39,387.0559174545997,0.7351737785470771,-0.0043893874711511405,0.08751573533244984,1.0,StructHGB,selected_news,Маркетплейсы
selected_news,test,3,6,39,566.1312123389861,0.42650521416286824,-0.3554353693096137,0.12800576637175212,1.0,StructHGB,selected_news,Маркетплейсы
selected_news,test,6,6,39,745.6189481760235,0.15333933982058134,-0.6105739552348992,0.16858905285974993,1.0,StructHGB,selected_news,Маркетплейсы
selected_news,test,12,6,39,1157.3995324811365,-0.865466211835892,-8.423127372810795,0.2616951881904799,1.0,StructHGB,selected_news,Маркетплейсы
selected_news,test,1,6,39,103.82444643031536,0.9213282252820186,-1.367958788167241,0.15846924835101295,1.0,StructHGB,selected_news,Общественное питание
selected_news,test,3,6,39,154.6680575643248,0.8353692214735163,-0.2224988485080499,0.23607282936567742,1.0,StructHGB,selected_news,Общественное питание
selected_news,test,6,6,39,120.15039282207013,0.8902520349597928,0.290107892187102,0.1833878541540957,1.0,StructHGB,selected_news,Общественное питание
selected_news,test,12,6,39,92.57064408522386,0.9341797074242812,-0.0443609497389843,0.14129235350559247,1.0,StructHGB,selected_news,Общественное питание
selected_news,test,1,6,39,531.2992883753533,0.8072487005534978,0.468696177019836,0.05435096745248278,1.0,StructHGB,selected_news,Продовольствие
selected_news,test,3,6,39,939.4425788607374,0.49542314046151037,0.23377840874591405,0.09610329647395223,1.0,StructHGB,selected_news,Продовольствие
selected_news,test,6,6,39,1168.246424690685,0.23450122809734786,-0.33565906047997096,0.11950952089358813,1.0,StructHGB,selected_news,Продовольствие
selected_news,test,12,6,39,574.752931774172,0.7503993475554607,-0.4086248362416558,0.05879619749463645,1.0,StructHGB,selected_news,Продовольствие
selected_news,test,1,6,39,77.19359654825891,0.9442377617538936,-0.1799478078332808,0.06689492303413604,1.0,StructHGB,selected_news,Транспорт
selected_news,test,3,6,39,106.73902318060112,0.8952854923413949,0.17186853819353476,0.09249858873904514,1.0,StructHGB,selected_news,Транспорт
selected_news,test,6,6,39,124.32347265627924,0.857231165173137,0.022794588079479428,0.10773703398414718,1.0,StructHGB,selected_news,Транспорт
selected_news,test,12,6,39,112.52802009256477,0.8789254147819631,-0.24588954314637368,0.09751525488995522,1.0,StructHGB,selected_news,Транспорт
original,test,1,6,39,1126.8836388221155,0.8870042433804786,0.257102120223357,0.0478816262826079,1.0,Chronos2_NatCov,original,Все категории
original,test,3,6,39,1398.9604867788462,0.8445389735187183,0.3556345859083361,0.059442253755761384,1.0,Chronos2_NatCov,original,Все категории
original,test,6,6,39,1655.5456063034187,0.7995926511758122,0.183122420332532,0.07034463300726566,1.0,Chronos2_NatCov,original,Все категории
original,test,12,6,39,3431.535907451923,0.35627601426212585,-6.158852178931556,0.14580699748885037,1.0,Chronos2_NatCov,original,Все категории
original,test,1,6,39,77.58255917801816,0.8694952805297642,-0.07658523074103529,0.06907011078133858,1.0,Chronos2_NatCov,original,Здоровье
original,test,3,6,39,112.11826735276442,0.7172693253317395,-0.08389546291180427,0.09981652099021407,1.0,Chronos2_NatCov,original,Здоровье
original,test,6,6,39,116.0968523596087,0.6516489927065579,0.14926517253543548,0.10335857103454373,1.0,Chronos2_NatCov,original,Здоровье
original,test,12,6,39,153.30965612688635,0.500610055941336,-1.108617994414689,0.1364883428018346,1.0,Chronos2_NatCov,original,Здоровье
original,test,1,6,39,469.4576624682826,0.6174861141391481,-0.4507358274840898,0.10614727920594033,1.0,Chronos2_NatCov,original,Маркетплейсы
original,test,3,6,39,723.0877946380876,0.09942940391582922,-1.1284678930618677,0.16349461977956822,1.0,Chronos2_NatCov,original,Маркетплейсы
original,test,6,6,39,1245.644755567241,-1.2938200154086457,-3.363456280147461,0.2816479785747333,1.0,Chronos2_NatCov,original,Маркетплейсы
original,test,12,6,39,1749.9562059712207,-2.981006449601517,-19.10946679632303,0.39567591466449864,1.0,Chronos2_NatCov,original,Маркетплейсы
original,test,1,6,39,61.92119376679771,0.9680878559752288,0.039469464574771074,0.09451150832581479,1.0,Chronos2_NatCov,original,Общественное питание
original,test,3,6,39,117.24577983627971,0.8933977383016415,0.20840353583316928,0.1789544875199886,1.0,Chronos2_NatCov,original,Общественное питание
original,test,6,6,39,145.4107201079018,0.8077418786129511,-0.24359957822997802,0.2219431772568588,1.0,Chronos2_NatCov,original,Общественное питание
original,test,12,6,39,139.1338993626782,0.80957363360171,-2.021467287436928,0.21236274509729763,1.0,Chronos2_NatCov,original,Общественное питание
original,test,1,6,39,569.8542647402511,0.7709181787574144,0.36855394619414594,0.05829507261390239,1.0,Chronos2_NatCov,original,Продовольствие
original,test,3,6,39,818.3516647469285,0.6186636503466748,0.42092440604263004,0.08371591242170526,1.0,Chronos2_NatCov,original,Продовольствие
original,test,6,6,39,728.3135099492522,0.6523792227850282,0.3934636373821493,0.07450517013772007,1.0,Chronos2_NatCov,original,Продовольствие
original,test,12,6,39,1007.1525127704327,0.37526625184628737,-2.525693803557652,0.1030299016749283,1.0,Chronos2_NatCov,original,Продовольствие
original,test,1,6,39,68.11020353920439,0.9544017829598402,0.035126316124881596,0.05902337793972346,1.0,Chronos2_NatCov,original,Транспорт
original,test,3,6,39,115.36786071255676,0.8805536905468152,0.05536253699107574,0.09997622222660228,1.0,Chronos2_NatCov,original,Транспорт
original,test,6,6,39,182.91183771638788,0.7026799499874445,-1.035057316935399,0.15850891593606062,1.0,Chronos2_NatCov,original,Транспорт
original,test,12,6,39,153.27366051307092,0.7538794328015834,-1.5326458106261636,0.13282487384523134,1.0,Chronos2_NatCov,original,Транспорт
coverage_all,test,1,6,39,1126.8836388221155,0.8870042433804786,0.257102120223357,0.0478816262826079,1.0,Chronos2_NatCov,coverage_all,Все категории
coverage_all,test,3,6,39,1455.0866462198467,0.8387435064507338,0.3316131406519839,0.06182707122799045,1.0,Chronos2_NatCov,coverage_all,Все категории
coverage_all,test,6,6,39,1568.789024584425,0.841511452583594,0.3539870579690997,0.06665831963797454,1.0,Chronos2_NatCov,coverage_all,Все категории
coverage_all,test,12,6,39,3431.535907451923,0.35627601426212585,-6.158852178931556,0.14580699748885037,1.0,Chronos2_NatCov,coverage_all,Все категории
coverage_all,test,1,6,39,77.58255917801816,0.8694952805297642,-0.07658523074103529,0.06907011078133858,1.0,Chronos2_NatCov,coverage_all,Здоровье
coverage_all,test,3,6,39,107.31082399776261,0.7393427769800651,0.0007268162961227009,0.0955365558972468,1.0,Chronos2_NatCov,coverage_all,Здоровье
coverage_all,test,6,6,39,123.99527751263749,0.6455338243329147,0.13433084881497703,0.11039037181680486,1.0,Chronos2_NatCov,coverage_all,Здоровье
coverage_all,test,12,6,39,153.30965612688635,0.500610055941336,-1.108617994414689,0.1364883428018346,1.0,Chronos2_NatCov,coverage_all,Здоровье
coverage_all,test,1,6,39,469.4576624682826,0.6174861141391481,-0.4507358274840898,0.10614727920594033,1.0,Chronos2_NatCov,coverage_all,Маркетплейсы
coverage_all,test,3,6,39,691.6190721380935,0.15714485684548685,-0.9920593882445305,0.1563793471138743,1.0,Chronos2_NatCov,coverage_all,Маркетплейсы
coverage_all,test,6,6,39,964.639049336252,-0.6155906939438838,-2.0732835672729757,0.2181108514972123,1.0,Chronos2_NatCov,coverage_all,Маркетплейсы
coverage_all,test,12,6,39,1749.9562059712207,-2.981006449601517,-19.10946679632303,0.39567591466449864,1.0,Chronos2_NatCov,coverage_all,Маркетплейсы
coverage_all,test,1,6,39,61.92119376679771,0.9680878559752288,0.039469464574771074,0.09451150832581479,1.0,Chronos2_NatCov,coverage_all,Общественное питание
coverage_all,test,3,6,39,119.65055579141688,0.8877915350489736,0.16677354973803515,0.18262494328609713,1.0,Chronos2_NatCov,coverage_all,Общественное питание
coverage_all,test,6,6,39,146.7414991769523,0.81008755552712,-0.22842683650089635,0.22397437093083838,1.0,Chronos2_NatCov,coverage_all,Общественное питание
coverage_all,test,12,6,39,139.1338993626782,0.80957363360171,-2.021467287436928,0.21236274509729763,1.0,Chronos2_NatCov,coverage_all,Общественное питание
coverage_all,test,1,6,39,569.8542647402511,0.7709181787574144,0.36855394619414594,0.05829507261390239,1.0,Chronos2_NatCov,coverage_all,Продовольствие
coverage_all,test,3,6,39,865.3998491611405,0.5825233523233542,0.3660438142430902,0.08852885758414766,1.0,Chronos2_NatCov,coverage_all,Продовольствие
coverage_all,test,6,6,39,676.4424958113981,0.6950145790130338,0.4678547428063766,0.06919885811581869,1.0,Chronos2_NatCov,coverage_all,Продовольствие
coverage_all,test,12,6,39,1007.1525127704327,0.37526625184628737,-2.525693803557652,0.1030299016749283,1.0,Chronos2_NatCov,coverage_all,Продовольствие
coverage_all,test,1,6,39,68.11020353920439,0.9544017829598402,0.035126316124881596,0.05902337793972346,1.0,Chronos2_NatCov,coverage_all,Транспорт
coverage_all,test,3,6,39,117.31603470841408,0.8758490876053278,0.01815632938653744,0.10166448336920246,1.0,Chronos2_NatCov,coverage_all,Транспорт
coverage_all,test,6,6,39,167.33997681122625,0.7556894120092909,-0.6722250977500064,0.1450145526296711,1.0,Chronos2_NatCov,coverage_all,Транспорт
coverage_all,test,12,6,39,153.27366051307092,0.7538794328015834,-1.5326458106261636,0.13282487384523134,1.0,Chronos2_NatCov,coverage_all,Транспорт
economic_windows,test,1,6,39,1126.8836388221155,0.8870042433804786,0.257102120223357,0.0478816262826079,1.0,Chronos2_NatCov,economic_windows,Все категории
economic_windows,test,3,6,39,1434.521453824913,0.8368074957260463,0.3235886319983675,0.06095324998970057,1.0,Chronos2_NatCov,economic_windows,Все категории
economic_windows,test,6,6,39,2001.1328026482984,0.7430457724023738,-0.04736751799163108,0.08502873739335466,1.0,Chronos2_NatCov,economic_windows,Все категории
economic_windows,test,12,6,39,3431.535907451923,0.35627601426212585,-6.158852178931556,0.14580699748885037,1.0,Chronos2_NatCov,economic_windows,Все категории
economic_windows,test,1,6,39,77.58255917801816,0.8694952805297642,-0.07658523074103529,0.06907011078133858,1.0,Chronos2_NatCov,economic_windows,Здоровье
economic_windows,test,3,6,39,108.53589648165716,0.7338374984723582,-0.020378592247081162,0.09662721200699963,1.0,Chronos2_NatCov,economic_windows,Здоровье
economic_windows,test,6,6,39,141.29593035906439,0.5674032121380728,-0.056477937419673774,0.1257927769624031,1.0,Chronos2_NatCov,economic_windows,Здоровье
economic_windows,test,12,6,39,153.30965612688635,0.500610055941336,-1.108617994414689,0.1364883428018346,1.0,Chronos2_NatCov,economic_windows,Здоровье
economic_windows,test,1,6,39,469.4576624682826,0.6174861141391481,-0.4507358274840898,0.10614727920594033,1.0,Chronos2_NatCov,economic_windows,Маркетплейсы
economic_windows,test,3,6,39,689.0232685916425,0.15010460555746719,-1.008698782080832,0.1557924198873376,1.0,Chronos2_NatCov,economic_windows,Маркетплейсы
economic_windows,test,6,6,39,819.9195638359529,-0.23601712726155366,-1.3512336016295632,0.18538888131320633,1.0,Chronos2_NatCov,economic_windows,Маркетплейсы
economic_windows,test,12,6,39,1749.9562059712207,-2.981006449601517,-19.10946679632303,0.39567591466449864,1.0,Chronos2_NatCov,economic_windows,Маркетплейсы
economic_windows,test,1,6,39,61.92119376679771,0.9680878559752288,0.039469464574771074,0.09451150832581479,1.0,Chronos2_NatCov,economic_windows,Общественное питание
economic_windows,test,3,6,39,118.90454555010601,0.8896035145522206,0.18022876677622324,0.18148629351460965,1.0,Chronos2_NatCov,economic_windows,Общественное питание
economic_windows,test,6,6,39,140.83791112284476,0.8414424415135007,-0.025611357462626883,0.21496361100218953,1.0,Chronos2_NatCov,economic_windows,Общественное питание
economic_windows,test,12,6,39,139.1338993626782,0.80957363360171,-2.021467287436928,0.21236274509729763,1.0,Chronos2_NatCov,economic_windows,Общественное питание
economic_windows,test,1,6,39,569.8542647402511,0.7709181787574144,0.36855394619414594,0.05829507261390239,1.0,Chronos2_NatCov,economic_windows,Продовольствие
economic_windows,test,3,6,39,876.8189216519886,0.5697151295660223,0.3465939789271466,0.0896970082872767,1.0,Chronos2_NatCov,economic_windows,Продовольствие
economic_windows,test,6,6,39,874.2697281976023,0.4479666147940605,0.03680003195157533,0.0894362303538202,1.0,Chronos2_NatCov,economic_windows,Продовольствие
economic_windows,test,12,6,39,1007.1525127704327,0.37526625184628737,-2.525693803557652,0.1030299016749283,1.0,Chronos2_NatCov,economic_windows,Продовольствие
economic_windows,test,1,6,39,68.11020353920439,0.9544017829598402,0.035126316124881596,0.05902337793972346,1.0,Chronos2_NatCov,economic_windows,Транспорт
economic_windows,test,3,6,39,112.78490146918996,0.8854209835259743,0.09385537375265052,0.09773786480433459,1.0,Chronos2_NatCov,economic_windows,Транспорт
economic_windows,test,6,6,39,175.77087936228915,0.7206270279094601,-0.9122155097943565,0.15232065834932196,1.0,Chronos2_NatCov,economic_windows,Транспорт
economic_windows,test,12,6,39,153.27366051307092,0.7538794328015834,-1.5326458106261636,0.13282487384523134,1.0,Chronos2_NatCov,economic_windows,Транспорт
financial_only,test,1,6,39,1126.8836388221155,0.8870042433804786,0.257102120223357,0.0478816262826079,1.0,Chronos2_NatCov,financial_only,Все категории
financial_only,test,3,6,39,1414.3566359493345,0.8425218870481035,0.347274029000185,0.06009644078570457,1.0,Chronos2_NatCov,financial_only,Все категории
financial_only,test,6,6,39,1729.8885376464766,0.7956219766590931,0.1669376097060996,0.07350348662150628,1.0,Chronos2_NatCov,financial_only,Все категории
financial_only,test,12,6,39,3431.535907451923,0.35627601426212585,-6.158852178931556,0.14580699748885037,1.0,Chronos2_NatCov,financial_only,Все категории
financial_only,test,1,6,39,77.58255917801816,0.8694952805297642,-0.07658523074103529,0.06907011078133858,1.0,Chronos2_NatCov,financial_only,Здоровье
financial_only,test,3,6,39,108.59343058036445,0.7329155478427467,-0.02391304462172017,0.09667843339765135,1.0,Chronos2_NatCov,financial_only,Здоровье
financial_only,test,6,6,39,112.37393356243008,0.6928558357759069,0.24989957804881358,0.10004413520675637,1.0,Chronos2_NatCov,financial_only,Здоровье
financial_only,test,12,6,39,153.30965612688635,0.500610055941336,-1.108617994414689,0.1364883428018346,1.0,Chronos2_NatCov,financial_only,Здоровье
financial_only,test,1,6,39,469.4576624682826,0.6174861141391481,-0.4507358274840898,0.10614727920594033,1.0,Chronos2_NatCov,financial_only,Маркетплейсы
financial_only,test,3,6,39,693.616994912004,0.15293699664310678,-1.0020045223386282,0.15683108980223334,1.0,Chronos2_NatCov,financial_only,Маркетплейсы
financial_only,test,6,6,39,947.5741362805753,-0.587706176773662,-2.020239792805951,0.21425236917694898,1.0,Chronos2_NatCov,financial_only,Маркетплейсы
financial_only,test,12,6,39,1749.9562059712207,-2.981006449601517,-19.10946679632303,0.39567591466449864,1.0,Chronos2_NatCov,financial_only,Маркетплейсы
financial_only,test,1,6,39,61.92119376679771,0.9680878559752288,0.039469464574771074,0.09451150832581479,1.0,Chronos2_NatCov,financial_only,Общественное питание
financial_only,test,3,6,39,118.28938896999831,0.8908289899709426,0.18932878016176136,0.18054736820154985,1.0,Chronos2_NatCov,financial_only,Общественное питание
financial_only,test,6,6,39,151.32651078688914,0.7953600492378005,-0.32369001954690946,0.2309725622864266,1.0,Chronos2_NatCov,financial_only,Общественное питание
financial_only,test,12,6,39,139.1338993626782,0.80957363360171,-2.021467287436928,0.21236274509729763,1.0,Chronos2_NatCov,financial_only,Общественное питание
financial_only,test,1,6,39,569.8542647402511,0.7709181787574144,0.36855394619414594,0.05829507261390239,1.0,Chronos2_NatCov,financial_only,Продовольствие
financial_only,test,3,6,39,844.5648213907715,0.5978580452430788,0.3893302028045694,0.08639747148784467,1.0,Chronos2_NatCov,financial_only,Продовольствие
financial_only,test,6,6,39,767.4658983575795,0.6135511796670929,0.32571561544571115,0.07851038948325134,1.0,Chronos2_NatCov,financial_only,Продовольствие
financial_only,test,12,6,39,1007.1525127704327,0.37526625184628737,-2.525693803557652,0.1030299016749283,1.0,Chronos2_NatCov,financial_only,Продовольствие
financial_only,test,1,6,39,68.11020353920439,0.9544017829598402,0.035126316124881596,0.05902337793972346,1.0,Chronos2_NatCov,financial_only,Транспорт
financial_only,test,3,6,39,115.82906201984032,0.8794226347116469,0.04641761672065414,0.10037589301969313,1.0,Chronos2_NatCov,financial_only,Транспорт
financial_only,test,6,6,39,178.81206897544115,0.7266187266943696,-0.8712043151151279,0.15495611199056838,1.0,Chronos2_NatCov,financial_only,Транспорт
financial_only,test,12,6,39,153.27366051307092,0.7538794328015834,-1.5326458106261636,0.13282487384523134,1.0,Chronos2_NatCov,financial_only,Транспорт
selected_decay,test,1,6,39,1126.8836388221155,0.8870042433804786,0.257102120223357,0.0478816262826079,1.0,Chronos2_NatCov,selected_decay,Все категории
selected_decay,test,3,6,39,1445.4165259531824,0.8391711471188086,0.33338565471807147,0.06141618489619468,1.0,Chronos2_NatCov,selected_decay,Все категории
selected_decay,test,6,6,39,2175.2990867267063,0.6787456073495712,-0.30946051761826254,0.09242911542527786,1.0,Chronos2_NatCov,selected_decay,Все категории
selected_decay,test,12,6,39,3431.535907451923,0.35627601426212585,-6.158852178931556,0.14580699748885037,1.0,Chronos2_NatCov,selected_decay,Все категории
selected_decay,test,1,6,39,77.58255917801816,0.8694952805297642,-0.07658523074103529,0.06907011078133858,1.0,Chronos2_NatCov,selected_decay,Здоровье
selected_decay,test,3,6,39,108.46722038984491,0.7326746325081213,-0.024836633965015897,0.09656607113565227,1.0,Chronos2_NatCov,selected_decay,Здоровье
selected_decay,test,6,6,39,135.00985089509012,0.594452304903233,0.009580735541926622,0.12019641342970827,1.0,Chronos2_NatCov,selected_decay,Здоровье
selected_decay,test,12,6,39,153.30965612688635,0.500610055941336,-1.108617994414689,0.1364883428018346,1.0,Chronos2_NatCov,selected_decay,Здоровье
selected_decay,test,1,6,39,469.4576624682826,0.6174861141391481,-0.4507358274840898,0.10614727920594033,1.0,Chronos2_NatCov,selected_decay,Маркетплейсы
selected_decay,test,3,6,39,679.7621286291408,0.17484121153821974,-0.9502346574000025,0.15369841889862995,1.0,Chronos2_NatCov,selected_decay,Маркетплейсы
selected_decay,test,6,6,39,802.4592541195958,-0.16498086381084254,-1.2161037188183372,0.181440997364013,1.0,Chronos2_NatCov,selected_decay,Маркетплейсы
selected_decay,test,12,6,39,1749.9562059712207,-2.981006449601517,-19.10946679632303,0.39567591466449864,1.0,Chronos2_NatCov,selected_decay,Маркетплейсы
selected_decay,test,1,6,39,61.92119376679771,0.9680878559752288,0.039469464574771074,0.09451150832581479,1.0,Chronos2_NatCov,selected_decay,Общественное питание
selected_decay,test,3,6,39,118.84381389175259,0.8892433018163114,0.17755393489600957,0.18139359761705112,1.0,Chronos2_NatCov,selected_decay,Общественное питание
selected_decay,test,6,6,39,118.7635257602223,0.8824064929809075,0.23935990492114212,0.18127105229855858,1.0,Chronos2_NatCov,selected_decay,Общественное питание
selected_decay,test,12,6,39,139.1338993626782,0.80957363360171,-2.021467287436928,0.21236274509729763,1.0,Chronos2_NatCov,selected_decay,Общественное питание
selected_decay,test,1,6,39,569.8542647402511,0.7709181787574144,0.36855394619414594,0.05829507261390239,1.0,Chronos2_NatCov,selected_decay,Продовольствие
selected_decay,test,3,6,39,868.9633977162849,0.5712246378435897,0.34888623195576707,0.08889340223115491,1.0,Chronos2_NatCov,selected_decay,Продовольствие
selected_decay,test,6,6,39,1334.3301501530582,-0.08561108473404189,-0.8941980506102083,0.13649958911783774,1.0,Chronos2_NatCov,selected_decay,Продовольствие
selected_decay,test,12,6,39,1007.1525127704327,0.37526625184628737,-2.525693803557652,0.1030299016749283,1.0,Chronos2_NatCov,selected_decay,Продовольствие
selected_decay,test,1,6,39,68.11020353920439,0.9544017829598402,0.035126316124881596,0.05902337793972346,1.0,Chronos2_NatCov,selected_decay,Транспорт
selected_decay,test,3,6,39,114.60156263585674,0.882378182240385,0.0697914734109999,0.09931215871415787,1.0,Chronos2_NatCov,selected_decay,Транспорт
selected_decay,test,6,6,39,107.95576525473041,0.8769681724365473,0.1578878690207216,0.09355300090586767,1.0,Chronos2_NatCov,selected_decay,Транспорт
selected_decay,test,12,6,39,153.27366051307092,0.7538794328015834,-1.5326458106261636,0.13282487384523134,1.0,Chronos2_NatCov,selected_decay,Транспорт
selected_news,test,1,6,39,1126.8836388221155,0.8870042433804786,0.257102120223357,0.0478816262826079,1.0,Chronos2_NatCov,selected_news,Все категории
selected_news,test,3,6,39,1445.4165259531824,0.8391711471188086,0.33338565471807147,0.06141618489619468,1.0,Chronos2_NatCov,selected_news,Все категории
selected_news,test,6,6,39,2001.1328026482984,0.7430457724023738,-0.04736751799163108,0.08502873739335466,1.0,Chronos2_NatCov,selected_news,Все категории
selected_news,test,12,6,39,3431.535907451923,0.35627601426212585,-6.158852178931556,0.14580699748885037,1.0,Chronos2_NatCov,selected_news,Все категории
selected_news,test,1,6,39,77.58255917801816,0.8694952805297642,-0.07658523074103529,0.06907011078133858,1.0,Chronos2_NatCov,selected_news,Здоровье
selected_news,test,3,6,39,108.46722038984491,0.7326746325081213,-0.024836633965015897,0.09656607113565227,1.0,Chronos2_NatCov,selected_news,Здоровье
selected_news,test,6,6,39,141.29593035906439,0.5674032121380728,-0.056477937419673774,0.1257927769624031,1.0,Chronos2_NatCov,selected_news,Здоровье
selected_news,test,12,6,39,153.30965612688635,0.500610055941336,-1.108617994414689,0.1364883428018346,1.0,Chronos2_NatCov,selected_news,Здоровье
selected_news,test,1,6,39,469.4576624682826,0.6174861141391481,-0.4507358274840898,0.10614727920594033,1.0,Chronos2_NatCov,selected_news,Маркетплейсы
selected_news,test,3,6,39,679.7621286291408,0.17484121153821974,-0.9502346574000025,0.15369841889862995,1.0,Chronos2_NatCov,selected_news,Маркетплейсы
selected_news,test,6,6,39,819.9195638359529,-0.23601712726155366,-1.3512336016295632,0.18538888131320633,1.0,Chronos2_NatCov,selected_news,Маркетплейсы
selected_news,test,12,6,39,1749.9562059712207,-2.981006449601517,-19.10946679632303,0.39567591466449864,1.0,Chronos2_NatCov,selected_news,Маркетплейсы
selected_news,test,1,6,39,61.92119376679771,0.9680878559752288,0.039469464574771074,0.09451150832581479,1.0,Chronos2_NatCov,selected_news,Общественное питание
selected_news,test,3,6,39,118.84381389175259,0.8892433018163114,0.17755393489600957,0.18139359761705112,1.0,Chronos2_NatCov,selected_news,Общественное питание
selected_news,test,6,6,39,140.83791112284476,0.8414424415135007,-0.025611357462626883,0.21496361100218953,1.0,Chronos2_NatCov,selected_news,Общественное питание
selected_news,test,12,6,39,139.1338993626782,0.80957363360171,-2.021467287436928,0.21236274509729763,1.0,Chronos2_NatCov,selected_news,Общественное питание
selected_news,test,1,6,39,569.8542647402511,0.7709181787574144,0.36855394619414594,0.05829507261390239,1.0,Chronos2_NatCov,selected_news,Продовольствие
selected_news,test,3,6,39,868.9633977162849,0.5712246378435897,0.34888623195576707,0.08889340223115491,1.0,Chronos2_NatCov,selected_news,Продовольствие
selected_news,test,6,6,39,874.2697281976023,0.4479666147940605,0.03680003195157533,0.0894362303538202,1.0,Chronos2_NatCov,selected_news,Продовольствие
selected_news,test,12,6,39,1007.1525127704327,0.37526625184628737,-2.525693803557652,0.1030299016749283,1.0,Chronos2_NatCov,selected_news,Продовольствие
selected_news,test,1,6,39,68.11020353920439,0.9544017829598402,0.035126316124881596,0.05902337793972346,1.0,Chronos2_NatCov,selected_news,Транспорт
selected_news,test,3,6,39,114.60156263585674,0.882378182240385,0.0697914734109999,0.09931215871415787,1.0,Chronos2_NatCov,selected_news,Транспорт
selected_news,test,6,6,39,175.77087936228915,0.7206270279094601,-0.9122155097943565,0.15232065834932196,1.0,Chronos2_NatCov,selected_news,Транспорт
selected_news,test,12,6,39,153.27366051307092,0.7538794328015834,-1.5326458106261636,0.13282487384523134,1.0,Chronos2_NatCov,selected_news,Транспорт
