method,territory_id,mo_name,category,month,abs_z,status
AbsZ,2254,Базарносызганский,Общественное питание,2024-11-01,6.7935014,alarm_without_verified_registry_event_not_proven_false_alarm
AbsZ,1425,Становлянский,Общественное питание,2024-11-01,6.2382503,alarm_without_verified_registry_event_not_proven_false_alarm
AbsZ,416,Чеди-Хольский,Здоровье,2024-07-01,6.2378836,alarm_without_verified_registry_event_not_proven_false_alarm
AbsZ,15,Улаганский,Все категории,2024-11-01,6.137368,alarm_without_verified_registry_event_not_proven_false_alarm
AbsZ,792,Лазовский,Продовольствие,2024-09-01,6.0412874,alarm_without_verified_registry_event_not_proven_false_alarm
AbsZ,79,Хайбуллинский,Продовольствие,2024-09-01,5.9633045,alarm_without_verified_registry_event_not_proven_false_alarm
AbsZ,1884,Алексеевский,Продовольствие,2024-08-01,5.859424,alarm_without_verified_registry_event_not_proven_false_alarm
AbsZ,930,Черноярский,Все категории,2024-07-01,5.8071547,alarm_without_verified_registry_event_not_proven_false_alarm
AbsZ,569,Целинный,Продовольствие,2024-09-01,5.7143497,alarm_without_verified_registry_event_not_proven_false_alarm
AbsZ,1660,Тевризский,Транспорт,2024-10-01,5.606451,alarm_without_verified_registry_event_not_proven_false_alarm
AbsZ,1568,Сосновский,Общественное питание,2024-12-01,5.6007476,alarm_without_verified_registry_event_not_proven_false_alarm
AbsZ,1349,Половинский,Общественное питание,2024-07-01,5.5952187,alarm_without_verified_registry_event_not_proven_false_alarm
AbsZ,402,Барун-Хемчикский,Здоровье,2024-12-01,5.5948634,alarm_without_verified_registry_event_not_proven_false_alarm
AbsZ,1851,Кадомский,Общественное питание,2024-07-01,5.5454803,alarm_without_verified_registry_event_not_proven_false_alarm
AbsZ,284,Советский,Продовольствие,2024-08-01,5.4225492,alarm_without_verified_registry_event_not_proven_false_alarm
AbsZ,2317,Чесменский,Все категории,2024-07-01,5.41187,alarm_without_verified_registry_event_not_proven_false_alarm
AbsZ,316,Булунский,Транспорт,2024-07-01,5.3744802,alarm_without_verified_registry_event_not_proven_false_alarm
AbsZ,1243,Кемеровский,Продовольствие,2024-09-01,5.3588943,alarm_without_verified_registry_event_not_proven_false_alarm
AbsZ,808,Яковлевский,Транспорт,2024-07-01,5.319742,alarm_without_verified_registry_event_not_proven_false_alarm
AbsZ,15,Улаганский,Общественное питание,2024-07-01,5.19685,alarm_without_verified_registry_event_not_proven_false_alarm
AbsZ,718,Таймырский Долгано-Ненецкий,Все категории,2024-09-01,5.1408176,alarm_without_verified_registry_event_not_proven_false_alarm
AbsZ,46,Бураевский,Продовольствие,2024-08-01,5.0773997,alarm_without_verified_registry_event_not_proven_false_alarm
AbsZ,2151,Верхнекетский,Общественное питание,2024-09-01,5.0544133,alarm_without_verified_registry_event_not_proven_false_alarm
AbsZ,870,Архаринский,Транспорт,2024-07-01,5.051888,alarm_without_verified_registry_event_not_proven_false_alarm
AbsZ,2217,Когалым,Все категории,2024-09-01,5.0291705,alarm_without_verified_registry_event_not_proven_false_alarm
BOCPD,2254,Базарносызганский,Общественное питание,2024-11-01,6.7935014,alarm_without_verified_registry_event_not_proven_false_alarm
BOCPD,1425,Становлянский,Общественное питание,2024-11-01,6.2382503,alarm_without_verified_registry_event_not_proven_false_alarm
BOCPD,1884,Алексеевский,Продовольствие,2024-08-01,5.859424,alarm_without_verified_registry_event_not_proven_false_alarm
BOCPD,569,Целинный,Продовольствие,2024-09-01,5.7143497,alarm_without_verified_registry_event_not_proven_false_alarm
BOCPD,1660,Тевризский,Транспорт,2024-10-01,5.606451,alarm_without_verified_registry_event_not_proven_false_alarm
BOCPD,1568,Сосновский,Общественное питание,2024-12-01,5.6007476,alarm_without_verified_registry_event_not_proven_false_alarm
BOCPD,284,Советский,Продовольствие,2024-08-01,5.4225492,alarm_without_verified_registry_event_not_proven_false_alarm
BOCPD,2122,Кесовогорский,Общественное питание,2024-07-01,5.3221955,alarm_without_verified_registry_event_not_proven_false_alarm
BOCPD,718,Таймырский Долгано-Ненецкий,Все категории,2024-09-01,5.1408176,alarm_without_verified_registry_event_not_proven_false_alarm
BOCPD,46,Бураевский,Продовольствие,2024-08-01,5.0773997,alarm_without_verified_registry_event_not_proven_false_alarm
BOCPD,2151,Верхнекетский,Общественное питание,2024-09-01,5.0544133,alarm_without_verified_registry_event_not_proven_false_alarm
BOCPD,870,Архаринский,Транспорт,2024-07-01,5.051888,alarm_without_verified_registry_event_not_proven_false_alarm
BOCPD,2217,Когалым,Все категории,2024-09-01,5.0291705,alarm_without_verified_registry_event_not_proven_false_alarm
BOCPD,484,Аликовский,Продовольствие,2024-08-01,4.9997697,alarm_without_verified_registry_event_not_proven_false_alarm
BOCPD,519,Бурлинский,Продовольствие,2024-09-01,4.917617,alarm_without_verified_registry_event_not_proven_false_alarm
BOCPD,371,Высокогорский,Продовольствие,2024-09-01,4.8108644,alarm_without_verified_registry_event_not_proven_false_alarm
BOCPD,223,Суоярвский,Продовольствие,2024-09-01,4.796783,alarm_without_verified_registry_event_not_proven_false_alarm
BOCPD,1291,Санчурский,Транспорт,2024-09-01,4.742328,alarm_without_verified_registry_event_not_proven_false_alarm
BOCPD,2265,Павловский,Здоровье,2024-07-01,4.7133684,alarm_without_verified_registry_event_not_proven_false_alarm
BOCPD,277,Мари-Турекский,Продовольствие,2024-09-01,4.705197,alarm_without_verified_registry_event_not_proven_false_alarm
BOCPD,2244,Красноселькупский,Здоровье,2024-07-01,4.663315,alarm_without_verified_registry_event_not_proven_false_alarm
BOCPD,1179,Пионерский,Общественное питание,2024-07-01,4.6242023,alarm_without_verified_registry_event_not_proven_false_alarm
BOCPD,457,Орджоникидзевский,Продовольствие,2024-09-01,4.6123824,alarm_without_verified_registry_event_not_proven_false_alarm
BOCPD,59,Караидельский,Продовольствие,2024-09-01,4.5962663,alarm_without_verified_registry_event_not_proven_false_alarm
BOCPD,2233,Нижневартовский,Продовольствие,2024-09-01,4.573973,alarm_without_verified_registry_event_not_proven_false_alarm
BOCPD,1910,Шигонский,Продовольствие,2024-09-01,4.5727,alarm_without_verified_registry_event_not_proven_false_alarm
BOCPD,1319,Межевской,Маркетплейсы,2024-07-01,4.5287247,alarm_without_verified_registry_event_not_proven_false_alarm
BOCPD,2337,Ярославский,Продовольствие,2024-09-01,4.502037,alarm_without_verified_registry_event_not_proven_false_alarm
BOCPD,1671,Медногорск,Продовольствие,2024-09-01,4.4928727,alarm_without_verified_registry_event_not_proven_false_alarm
BOCPD,396,Черемшанский,Продовольствие,2024-08-01,4.463929,alarm_without_verified_registry_event_not_proven_false_alarm
BOCPD,564,Тюменцевский,Продовольствие,2024-09-01,4.4352994,alarm_without_verified_registry_event_not_proven_false_alarm
BOCPD,891,Коряжма,Транспорт,2024-12-01,4.430608,alarm_without_verified_registry_event_not_proven_false_alarm
BOCPD,1214,Мещовский,Общественное питание,2024-08-01,4.4018373,alarm_without_verified_registry_event_not_proven_false_alarm
BOCPD,490,Комсомольский,Продовольствие,2024-08-01,4.3961215,alarm_without_verified_registry_event_not_proven_false_alarm
BOCPD,582,Каларский,Продовольствие,2024-09-01,4.3925037,alarm_without_verified_registry_event_not_proven_false_alarm
BOCPD,2039,Байкаловский,Продовольствие,2024-08-01,4.353882,alarm_without_verified_registry_event_not_proven_false_alarm
BOCPD,1284,Нолинский,Продовольствие,2024-09-01,4.3198767,alarm_without_verified_registry_event_not_proven_false_alarm
BOCPD,485,Батыревский,Продовольствие,2024-08-01,4.3155437,alarm_without_verified_registry_event_not_proven_false_alarm
BOCPD,1013,Алексеевский,Продовольствие,2024-09-01,4.3104367,alarm_without_verified_registry_event_not_proven_false_alarm
BOCPD,377,Камско-Устьинский,Продовольствие,2024-08-01,4.2906146,alarm_without_verified_registry_event_not_proven_false_alarm
BOCPD,228,Усинск,Все категории,2024-09-01,4.270396,alarm_without_verified_registry_event_not_proven_false_alarm
BOCPD,388,Пестречинский,Продовольствие,2024-09-01,4.257742,alarm_without_verified_registry_event_not_proven_false_alarm
BOCPD,695,Ермаковский,Продовольствие,2024-09-01,4.2070217,alarm_without_verified_registry_event_not_proven_false_alarm
BOCPD,1570,Тонкинский,Продовольствие,2024-08-01,4.200107,alarm_without_verified_registry_event_not_proven_false_alarm
BOCPD,48,Гафурийский,Продовольствие,2024-09-01,4.1740727,alarm_without_verified_registry_event_not_proven_false_alarm
BOCPD,708,Мотыгинский,Продовольствие,2024-09-01,4.1185293,alarm_without_verified_registry_event_not_proven_false_alarm
BOCPD,1683,Бугурусланский,Продовольствие,2024-09-01,4.105402,alarm_without_verified_registry_event_not_proven_false_alarm
BOCPD,675,Лесосибирск,Транспорт,2024-07-01,4.103214,alarm_without_verified_registry_event_not_proven_false_alarm
BOCPD,889,Шимановский,Общественное питание,2024-09-01,4.0858784,alarm_without_verified_registry_event_not_proven_false_alarm
BOCPD,1146,Братский,Продовольствие,2024-09-01,4.0815253,alarm_without_verified_registry_event_not_proven_false_alarm
BOCPD,2253,Новоульяновск,Продовольствие,2024-08-01,4.0763407,alarm_without_verified_registry_event_not_proven_false_alarm
BOCPD,2236,Сургутский,Продовольствие,2024-09-01,4.054194,alarm_without_verified_registry_event_not_proven_false_alarm
BOCPD,79,Хайбуллинский,Продовольствие,2024-08-01,4.053648,alarm_without_verified_registry_event_not_proven_false_alarm
BOCPD,1273,Кикнурский,Продовольствие,2024-09-01,4.0414147,alarm_without_verified_registry_event_not_proven_false_alarm
BOCPD,1641,Кормиловский,Транспорт,2024-07-01,4.0285482,alarm_without_verified_registry_event_not_proven_false_alarm
BOCPD,1941,Пугачевский,Продовольствие,2024-09-01,4.020871,alarm_without_verified_registry_event_not_proven_false_alarm
BOCPD,460,Ширинский,Продовольствие,2024-09-01,4.0060267,alarm_without_verified_registry_event_not_proven_false_alarm
BOCPD,2238,Салехард,Все категории,2024-09-01,4.0059633,alarm_without_verified_registry_event_not_proven_false_alarm
BOCPD,459,Усть-Абаканский,Продовольствие,2024-09-01,4.004032,alarm_without_verified_registry_event_not_proven_false_alarm
BOCPD,1132,Южский,Продовольствие,2024-09-01,4.0007396,alarm_without_verified_registry_event_not_proven_false_alarm
BOCPD,1564,Пильнинский,Продовольствие,2024-09-01,3.9988778,alarm_without_verified_registry_event_not_proven_false_alarm
BOCPD,1753,Наровчатский,Продовольствие,2024-09-01,3.9944715,alarm_without_verified_registry_event_not_proven_false_alarm
BOCPD,1425,Становлянский,Транспорт,2024-11-01,3.9939015,alarm_without_verified_registry_event_not_proven_false_alarm
BOCPD,2271,Тереньгульский,Продовольствие,2024-08-01,3.993143,alarm_without_verified_registry_event_not_proven_false_alarm
BOCPD,39,Белокатайский,Транспорт,2024-07-01,3.9904172,alarm_without_verified_registry_event_not_proven_false_alarm
BOCPD,1320,Нейский,Продовольствие,2024-09-01,3.9852276,alarm_without_verified_registry_event_not_proven_false_alarm
BOCPD,566,Усть-Калманский,Продовольствие,2024-09-01,3.9776626,alarm_without_verified_registry_event_not_proven_false_alarm
BOCPD,238,Сысольский,Продовольствие,2024-09-01,3.974634,alarm_without_verified_registry_event_not_proven_false_alarm
BOCPD,2329,Некрасовский,Продовольствие,2024-08-01,3.970872,alarm_without_verified_registry_event_not_proven_false_alarm
BOCPD,1048,Бабушкинский,Транспорт,2024-07-01,3.9224188,alarm_without_verified_registry_event_not_proven_false_alarm
BOCPD,2345,Эгвекинот,Продовольствие,2024-09-01,3.919709,alarm_without_verified_registry_event_not_proven_false_alarm
BOCPD,1224,Кемеровский,Продовольствие,2024-09-01,3.9042153,alarm_without_verified_registry_event_not_proven_false_alarm
BOCPD,1678,Адамовский,Продовольствие,2024-09-01,3.9004014,alarm_without_verified_registry_event_not_proven_false_alarm
BOCPD,288,Атюрьевский,Продовольствие,2024-08-01,3.8793283,alarm_without_verified_registry_event_not_proven_false_alarm
BOCPD,2136,Сандовский,Продовольствие,2024-08-01,3.8650103,alarm_without_verified_registry_event_not_proven_false_alarm
BOCPD,905,Ленский,Продовольствие,2024-09-01,3.8649693,alarm_without_verified_registry_event_not_proven_false_alarm
BOCPD,511,Славгород,Продовольствие,2024-09-01,3.8484225,alarm_without_verified_registry_event_not_proven_false_alarm
BOCPD,736,Березовский,Продовольствие,2024-09-01,3.840687,alarm_without_verified_registry_event_not_proven_false_alarm
BOCPD,230,Ижемский,Продовольствие,2024-09-01,3.8402245,alarm_without_verified_registry_event_not_proven_false_alarm
BOCPD,1747,Колышлейский,Продовольствие,2024-09-01,3.8380542,alarm_without_verified_registry_event_not_proven_false_alarm
BOCPD,674,Канск,Продовольствие,2024-09-01,3.8338761,alarm_without_verified_registry_event_not_proven_false_alarm
BOCPD,2258,Карсунский,Продовольствие,2024-09-01,3.8324137,alarm_without_verified_registry_event_not_proven_false_alarm
BOCPD,327,Мирнинский,Все категории,2024-09-01,3.829052,alarm_without_verified_registry_event_not_proven_false_alarm
BOCPD,2334,Рыбинский,Продовольствие,2024-08-01,3.8202605,alarm_without_verified_registry_event_not_proven_false_alarm
BOCPD,80,Чекмагушевский,Продовольствие,2024-09-01,3.8179674,alarm_without_verified_registry_event_not_proven_false_alarm
BOCPD,294,Зубово-Полянский,Продовольствие,2024-09-01,3.8048332,alarm_without_verified_registry_event_not_proven_false_alarm
BOCPD,2245,Надымский,Все категории,2024-09-01,3.781521,alarm_without_verified_registry_event_not_proven_false_alarm
BOCPD,560,Тогульский,Продовольствие,2024-09-01,3.7741303,alarm_without_verified_registry_event_not_proven_false_alarm
BOCPD,2138,Сонковский,Общественное питание,2024-11-01,3.7716966,alarm_without_verified_registry_event_not_proven_false_alarm
BOCPD,2218,Лангепас,Все категории,2024-09-01,3.7659788,alarm_without_verified_registry_event_not_proven_false_alarm
BOCPD,506,Белокуриха,Продовольствие,2024-09-01,3.76189,alarm_without_verified_registry_event_not_proven_false_alarm
BOCPD,913,Устьянский,Продовольствие,2024-09-01,3.7528844,alarm_without_verified_registry_event_not_proven_false_alarm
BOCPD,696,Идринский,Продовольствие,2024-09-01,3.7488606,alarm_without_verified_registry_event_not_proven_false_alarm
BOCPD,1942,Ровенский,Продовольствие,2024-08-01,3.7407196,alarm_without_verified_registry_event_not_proven_false_alarm
BOCPD,1688,Кваркенский,Продовольствие,2024-09-01,3.7261624,alarm_without_verified_registry_event_not_proven_false_alarm
BOCPD,1324,Павинский,Продовольствие,2024-09-01,3.7192612,alarm_without_verified_registry_event_not_proven_false_alarm
BOCPD,2085,Мордовский,Продовольствие,2024-08-01,3.715448,alarm_without_verified_registry_event_not_proven_false_alarm
BOCPD,735,Бардымский,Продовольствие,2024-08-01,3.7048209,alarm_without_verified_registry_event_not_proven_false_alarm
BOCPD,1135,Ангарский,Продовольствие,2024-09-01,3.702568,alarm_without_verified_registry_event_not_proven_false_alarm
BOCPD,716,Северо-Енисейский,Продовольствие,2024-09-01,3.6872447,alarm_without_verified_registry_event_not_proven_false_alarm
BOCPD,1903,Приволжский,Продовольствие,2024-09-01,3.68484,alarm_without_verified_registry_event_not_proven_false_alarm
BOCPD,1150,Иркутский,Продовольствие,2024-09-01,3.6795802,alarm_without_verified_registry_event_not_proven_false_alarm
BOCPD,897,Вельский,Продовольствие,2024-09-01,3.6783972,alarm_without_verified_registry_event_not_proven_false_alarm
BOCPD,1906,Сызранский,Транспорт,2024-07-01,3.6671035,alarm_without_verified_registry_event_not_proven_false_alarm
BOCPD,604,Агинское,Все категории,2024-09-01,3.6638236,alarm_without_verified_registry_event_not_proven_false_alarm
BOCPD,2880,Лабытнанги,Общественное питание,2024-10-01,3.6613271,alarm_without_verified_registry_event_not_proven_false_alarm
BOCPD,702,Кежемский,Продовольствие,2024-09-01,3.6563866,alarm_without_verified_registry_event_not_proven_false_alarm
BOCPD,916,Нарьян-Мар,Все категории,2024-09-01,3.6540701,alarm_without_verified_registry_event_not_proven_false_alarm
BOCPD,2440,Кронверкское,Продовольствие,2024-08-01,3.6497734,alarm_without_verified_registry_event_not_proven_false_alarm
BOCPD,2225,Радужный,Все категории,2024-09-01,3.6444278,alarm_without_verified_registry_event_not_proven_false_alarm
BOCPD,875,Зейский,Продовольствие,2024-09-01,3.643446,alarm_without_verified_registry_event_not_proven_false_alarm
BOCPD,33,Аскинский,Продовольствие,2024-08-01,3.637917,alarm_without_verified_registry_event_not_proven_false_alarm
BOCPD,215,Муезерский,Продовольствие,2024-09-01,3.6354618,alarm_without_verified_registry_event_not_proven_false_alarm
BOCPD,450,Саяногорск,Продовольствие,2024-08-01,3.6348069,alarm_without_verified_registry_event_not_proven_false_alarm
BOCPD,552,Смоленский,Продовольствие,2024-09-01,3.63277,alarm_without_verified_registry_event_not_proven_false_alarm
BOCPD,306,Теньгушевский,Продовольствие,2024-08-01,3.6169753,alarm_without_verified_registry_event_not_proven_false_alarm
BOCPD,331,Нижнеколымский,Маркетплейсы,2024-12-01,3.6151052,alarm_without_verified_registry_event_not_proven_false_alarm
BOCPD,60,Кармаскалинский,Продовольствие,2024-09-01,3.6146529,alarm_without_verified_registry_event_not_proven_false_alarm
BOCPD,237,Сыктывдинский,Продовольствие,2024-09-01,3.611883,alarm_without_verified_registry_event_not_proven_false_alarm
BOCPD,453,Алтайский,Продовольствие,2024-09-01,3.610737,alarm_without_verified_registry_event_not_proven_false_alarm
BOCPD,694,Енисейский,Продовольствие,2024-08-01,3.6079187,alarm_without_verified_registry_event_not_proven_false_alarm
BOCPD,1522,Терский,Продовольствие,2024-09-01,3.6063197,alarm_without_verified_registry_event_not_proven_false_alarm
BOCPD,71,Салаватский,Продовольствие,2024-08-01,3.599394,alarm_without_verified_registry_event_not_proven_false_alarm
BOCPD,604,Агинское,Продовольствие,2024-09-01,3.598388,alarm_without_verified_registry_event_not_proven_false_alarm
BOCPD,2073,Котовск,Продовольствие,2024-08-01,3.593787,alarm_without_verified_registry_event_not_proven_false_alarm
BOCPD,1752,Мокшанский,Продовольствие,2024-09-01,3.5930717,alarm_without_verified_registry_event_not_proven_false_alarm
BOCPD,1907,Хворостянский,Продовольствие,2024-08-01,3.589895,alarm_without_verified_registry_event_not_proven_false_alarm
BOCPD,1038,Серафимовичский,Общественное питание,2024-10-01,3.588563,alarm_without_verified_registry_event_not_proven_false_alarm
BOCPD,1742,Городищенский,Общественное питание,2024-10-01,3.5877185,alarm_without_verified_registry_event_not_proven_false_alarm
BOCPD,901,Каргопольский,Продовольствие,2024-09-01,3.5862014,alarm_without_verified_registry_event_not_proven_false_alarm
BOCPD,553,Суетский,Продовольствие,2024-09-01,3.5793173,alarm_without_verified_registry_event_not_proven_false_alarm
BOCPD,1945,Самойловский,Продовольствие,2024-09-01,3.5787106,alarm_without_verified_registry_event_not_proven_false_alarm
BOCPD,1745,Каменский,Продовольствие,2024-09-01,3.575148,alarm_without_verified_registry_event_not_proven_false_alarm
BOCPD,305,Темниковский,Продовольствие,2024-09-01,3.5724564,alarm_without_verified_registry_event_not_proven_false_alarm
BOCPD,1259,Вятские Поляны,Продовольствие,2024-09-01,3.569711,alarm_without_verified_registry_event_not_proven_false_alarm
BOCPD,2078,Бондарский,Продовольствие,2024-08-01,3.5652974,alarm_without_verified_registry_event_not_proven_false_alarm
BOCPD,1165,Усть-Кутский,Продовольствие,2024-09-01,3.5608447,alarm_without_verified_registry_event_not_proven_false_alarm
BOCPD,907,Мезенский,Продовольствие,2024-09-01,3.5557077,alarm_without_verified_registry_event_not_proven_false_alarm
BOCPD,1607,Здвинский,Продовольствие,2024-09-01,3.5496273,alarm_without_verified_registry_event_not_proven_false_alarm
BOCPD,82,Шаранский,Продовольствие,2024-09-01,3.5487971,alarm_without_verified_registry_event_not_proven_false_alarm
BOCPD,586,Красночикойский,Транспорт,2024-07-01,3.546943,alarm_without_verified_registry_event_not_proven_false_alarm
BOCPD,1620,Новосибирский,Продовольствие,2024-08-01,3.5393646,alarm_without_verified_registry_event_not_proven_false_alarm
BOCPD,992,Вязниковский,Продовольствие,2024-08-01,3.538356,alarm_without_verified_registry_event_not_proven_false_alarm
BOCPD,22,Агидель,Продовольствие,2024-08-01,3.5381083,alarm_without_verified_registry_event_not_proven_false_alarm
BOCPD,379,Лаишевский,Продовольствие,2024-09-01,3.5375662,alarm_without_verified_registry_event_not_proven_false_alarm
BOCPD,924,Камызякский,Общественное питание,2024-07-01,3.535426,alarm_without_verified_registry_event_not_proven_false_alarm
BOCPD,711,Новоселовский,Продовольствие,2024-09-01,3.5275693,alarm_without_verified_registry_event_not_proven_false_alarm
BOCPD,1934,Марксовский,Продовольствие,2024-09-01,3.5261135,alarm_without_verified_registry_event_not_proven_false_alarm
BOCPD,2031,Сосьвинский,Продовольствие,2024-09-01,3.5203784,alarm_without_verified_registry_event_not_proven_false_alarm
BOCPD,297,Кадошкинский,Продовольствие,2024-09-01,3.5192742,alarm_without_verified_registry_event_not_proven_false_alarm
BOCPD,754,Осинский,Продовольствие,2024-09-01,3.515096,alarm_without_verified_registry_event_not_proven_false_alarm
BOCPD,1901,Пестравский,Продовольствие,2024-08-01,3.5098312,alarm_without_verified_registry_event_not_proven_false_alarm
BOCPD,2217,Когалым,Продовольствие,2024-09-01,3.4998689,alarm_without_verified_registry_event_not_proven_false_alarm
BOCPD,1301,Юрьянский,Продовольствие,2024-08-01,3.499274,alarm_without_verified_registry_event_not_proven_false_alarm
BOCPD,747,Красновишерский,Продовольствие,2024-09-01,3.497047,alarm_without_verified_registry_event_not_proven_false_alarm
BOCPD,318,Верхнеколымский,Общественное питание,2024-07-01,3.49651,alarm_without_verified_registry_event_not_proven_false_alarm
BOCPD,1225,Анжеро-Судженский,Продовольствие,2024-09-01,3.4935284,alarm_without_verified_registry_event_not_proven_false_alarm
BOCPD,385,Нижнекамский,Продовольствие,2024-09-01,3.4924223,alarm_without_verified_registry_event_not_proven_false_alarm
BOCPD,1141,Усть-Илимск,Продовольствие,2024-09-01,3.4903326,alarm_without_verified_registry_event_not_proven_false_alarm
BOCPD,693,Емельяновский,Продовольствие,2024-09-01,3.483197,alarm_without_verified_registry_event_not_proven_false_alarm
BOCPD,455,Бейский,Продовольствие,2024-09-01,3.4787242,alarm_without_verified_registry_event_not_proven_false_alarm
BOCPD,282,Параньгинский,Продовольствие,2024-08-01,3.4786983,alarm_without_verified_registry_event_not_proven_false_alarm
BOCPD,2222,Нягань,Продовольствие,2024-09-01,3.478623,alarm_without_verified_registry_event_not_proven_false_alarm
BOCPD,669,Бородино,Продовольствие,2024-09-01,3.4784493,alarm_without_verified_registry_event_not_proven_false_alarm
BOCPD,1334,Шадринск,Продовольствие,2024-09-01,3.4646566,alarm_without_verified_registry_event_not_proven_false_alarm
BOCPD,489,Козловский,Продовольствие,2024-08-01,3.4545987,alarm_without_verified_registry_event_not_proven_false_alarm
BOCPD,482,Шумерля,Продовольствие,2024-08-01,3.453842,alarm_without_verified_registry_event_not_proven_false_alarm
BOCPD,2250,Ямальский,Здоровье,2024-09-01,3.4492333,alarm_without_verified_registry_event_not_proven_false_alarm
BOCPD,2023,Ирбитское,Продовольствие,2024-08-01,3.4467876,alarm_without_verified_registry_event_not_proven_false_alarm
BOCPD,602,Шелопугинский,Общественное питание,2024-10-01,3.4418576,alarm_without_verified_registry_event_not_proven_false_alarm
BOCPD,915,Шенкурский,Транспорт,2024-07-01,3.4402096,alarm_without_verified_registry_event_not_proven_false_alarm
BOCPD,184,Лаганский,Продовольствие,2024-09-01,3.4380753,alarm_without_verified_registry_event_not_proven_false_alarm
BOCPD,272,Волжский,Продовольствие,2024-08-01,3.4336088,alarm_without_verified_registry_event_not_proven_false_alarm
BOCPD,2224,Пыть-Ях,Продовольствие,2024-09-01,3.4319,alarm_without_verified_registry_event_not_proven_false_alarm
BOCPD,2317,Чесменский,Продовольствие,2024-08-01,3.4302948,alarm_without_verified_registry_event_not_proven_false_alarm
BOCPD,365,Атнинский,Продовольствие,2024-08-01,3.4297729,alarm_without_verified_registry_event_not_proven_false_alarm
BOCPD,52,Ермекеевский,Продовольствие,2024-08-01,3.4286816,alarm_without_verified_registry_event_not_proven_false_alarm
BOCPD,2250,Ямальский,Все категории,2024-09-01,3.4270482,alarm_without_verified_registry_event_not_proven_false_alarm
BOCPD,1744,Иссинский,Продовольствие,2024-09-01,3.4243731,alarm_without_verified_registry_event_not_proven_false_alarm
BOCPD,341,Усть-Янский,Общественное питание,2024-07-01,3.4221582,alarm_without_verified_registry_event_not_proven_false_alarm
BOCPD,1233,Новокузнецкий,Продовольствие,2024-09-01,3.4216194,alarm_without_verified_registry_event_not_proven_false_alarm
BOCPD,1766,Бежаницкий,Общественное питание,2024-07-01,3.4179513,alarm_without_verified_registry_event_not_proven_false_alarm
BOCPD,1922,Вольский,Продовольствие,2024-09-01,3.4116867,alarm_without_verified_registry_event_not_proven_false_alarm
BOCPD,884,Селемджинский,Продовольствие,2024-08-01,3.4114568,alarm_without_verified_registry_event_not_proven_false_alarm
BOCPD,2334,Рыбинский,Транспорт,2024-07-01,3.4061353,alarm_without_verified_registry_event_not_proven_false_alarm
BOCPD,1120,Комсомольский,Продовольствие,2024-09-01,3.4050465,alarm_without_verified_registry_event_not_proven_false_alarm
BOCPD,1071,Череповецкий,Продовольствие,2024-09-01,3.4010184,alarm_without_verified_registry_event_not_proven_false_alarm
BOCPD,1236,Прокопьевский,Продовольствие,2024-09-01,3.3991659,alarm_without_verified_registry_event_not_proven_false_alarm
BOCPD,280,Новоторъяльский,Продовольствие,2024-08-01,3.3990715,alarm_without_verified_registry_event_not_proven_false_alarm
BOCPD,1648,Нижнеомский,Продовольствие,2024-08-01,3.3988898,alarm_without_verified_registry_event_not_proven_false_alarm
BOCPD,1421,Краснинский,Общественное питание,2024-09-01,3.3936467,alarm_without_verified_registry_event_not_proven_false_alarm
BOCPD,1944,Ртищевский,Продовольствие,2024-09-01,3.3911338,alarm_without_verified_registry_event_not_proven_false_alarm
BOCPD,1691,Матвеевский,Продовольствие,2024-08-01,3.3898556,alarm_without_verified_registry_event_not_proven_false_alarm
BOCPD,2198,Бердюжский,Общественное питание,2024-07-01,3.3895628,alarm_without_verified_registry_event_not_proven_false_alarm
BOCPD,225,Воркута,Продовольствие,2024-09-01,3.389084,alarm_without_verified_registry_event_not_proven_false_alarm
BOCPD,2065,Темкинский,Продовольствие,2024-09-01,3.3860545,alarm_without_verified_registry_event_not_proven_false_alarm
BOCPD,2311,Саткинский,Продовольствие,2024-09-01,3.3848534,alarm_without_verified_registry_event_not_proven_false_alarm
BOCPD,1555,Дивеевский,Общественное питание,2024-07-01,3.3842149,alarm_without_verified_registry_event_not_proven_false_alarm
BOCPD,1585,Мошенской,Транспорт,2024-12-01,3.3817694,alarm_without_verified_registry_event_not_proven_false_alarm
BOCPD,1270,Вятскополянский,Продовольствие,2024-09-01,3.3805645,alarm_without_verified_registry_event_not_proven_false_alarm
BOCPD,1992,Верхний Тагил,Продовольствие,2024-09-01,3.3799174,alarm_without_verified_registry_event_not_proven_false_alarm
BOCPD,666,Красноярск,Продовольствие,2024-09-01,3.3789232,alarm_without_verified_registry_event_not_proven_false_alarm
BOCPD,678,Норильск,Все категории,2024-09-01,3.3769321,alarm_without_verified_registry_event_not_proven_false_alarm
BOCPD,543,Павловский,Транспорт,2024-07-01,3.3750746,alarm_without_verified_registry_event_not_proven_false_alarm
BOCPD,2231,Кондинский,Продовольствие,2024-09-01,3.3748033,alarm_without_verified_registry_event_not_proven_false_alarm
BOCPD,714,Рыбинский,Продовольствие,2024-09-01,3.3723347,alarm_without_verified_registry_event_not_proven_false_alarm
BOCPD,1614,Краснозерский,Продовольствие,2024-09-01,3.3672557,alarm_without_verified_registry_event_not_proven_false_alarm
BOCPD,448,Абакан,Продовольствие,2024-08-01,3.3653197,alarm_without_verified_registry_event_not_proven_false_alarm
BOCPD,1136,Братск,Продовольствие,2024-09-01,3.357423,alarm_without_verified_registry_event_not_proven_false_alarm
BOCPD,545,Первомайский,Продовольствие,2024-08-01,3.3567333,alarm_without_verified_registry_event_not_proven_false_alarm
BOCPD,1277,Куменский,Продовольствие,2024-09-01,3.3556387,alarm_without_verified_registry_event_not_proven_false_alarm
BOCPD,1417,Долгоруковский,Продовольствие,2024-09-01,3.3516414,alarm_without_verified_registry_event_not_proven_false_alarm
BOCPD,1313,Кадыйский,Продовольствие,2024-09-01,3.3515782,alarm_without_verified_registry_event_not_proven_false_alarm
BOCPD,584,Карымский,Продовольствие,2024-09-01,3.3487585,alarm_without_verified_registry_event_not_proven_false_alarm
BOCPD,23,Кумертау,Продовольствие,2024-08-01,3.3481576,alarm_without_verified_registry_event_not_proven_false_alarm
BOCPD,508,Заринск,Продовольствие,2024-09-01,3.3440328,alarm_without_verified_registry_event_not_proven_false_alarm
BOCPD,1254,Чебулинский,Продовольствие,2024-08-01,3.3430967,alarm_without_verified_registry_event_not_proven_false_alarm
BOCPD,2146,Стрежевой,Продовольствие,2024-09-01,3.3428776,alarm_without_verified_registry_event_not_proven_false_alarm
BOCPD,1272,Зуевский,Продовольствие,2024-09-01,3.3427546,alarm_without_verified_registry_event_not_proven_false_alarm
BOCPD,2241,Муравленко,Все категории,2024-09-01,3.3419785,alarm_without_verified_registry_event_not_proven_false_alarm
BOCPD,2314,Увельский,Общественное питание,2024-10-01,3.334697,alarm_without_verified_registry_event_not_proven_false_alarm
BOCPD,274,Звениговский,Продовольствие,2024-08-01,3.3292992,alarm_without_verified_registry_event_not_proven_false_alarm
BOCPD,51,Дюртюлинский,Продовольствие,2024-08-01,3.326641,alarm_without_verified_registry_event_not_proven_false_alarm
BOCPD,844,Амурский,Продовольствие,2024-09-01,3.3266315,alarm_without_verified_registry_event_not_proven_false_alarm
BOCPD,2163,Шегарский,Продовольствие,2024-09-01,3.3242297,alarm_without_verified_registry_event_not_proven_false_alarm
BOCPD,1041,Суровикинский,Продовольствие,2024-09-01,3.3240216,alarm_without_verified_registry_event_not_proven_false_alarm
BOCPD,2251,Ульяновск,Продовольствие,2024-09-01,3.3179972,alarm_without_verified_registry_event_not_proven_false_alarm
BOCPD,690,Большемуртинский,Продовольствие,2024-09-01,3.3158398,alarm_without_verified_registry_event_not_proven_false_alarm
BOCPD,1649,Нововаршавский,Транспорт,2024-07-01,3.3128757,alarm_without_verified_registry_event_not_proven_false_alarm
BOCPD,1619,Мошковский,Продовольствие,2024-09-01,3.3072596,alarm_without_verified_registry_event_not_proven_false_alarm
BOCPD,751,Нытвенский,Продовольствие,2024-09-01,3.3046558,alarm_without_verified_registry_event_not_proven_false_alarm
BOCPD,66,Мелеузовский,Продовольствие,2024-08-01,3.2980783,alarm_without_verified_registry_event_not_proven_false_alarm
BOCPD,745,Кизел,Продовольствие,2024-09-01,3.297869,alarm_without_verified_registry_event_not_proven_false_alarm
BOCPD,1246,Мариинский,Продовольствие,2024-09-01,3.2973125,alarm_without_verified_registry_event_not_proven_false_alarm
BOCPD,738,Верещагинский,Транспорт,2024-07-01,3.2930214,alarm_without_verified_registry_event_not_proven_false_alarm
BOCPD,2322,Борисоглебский,Общественное питание,2024-10-01,3.2875633,alarm_without_verified_registry_event_not_proven_false_alarm
BOCPD,1154,Киренский,Продовольствие,2024-09-01,3.279912,alarm_without_verified_registry_event_not_proven_false_alarm
BOCPD,1238,Юргинский,Продовольствие,2024-09-01,3.27856,alarm_without_verified_registry_event_not_proven_false_alarm
BOCPD,854,Охотский,Общественное питание,2024-07-01,3.2753356,alarm_without_verified_registry_event_not_proven_false_alarm
BOCPD,2361,Остров Декабристов,Продовольствие,2024-08-01,3.2738464,alarm_without_verified_registry_event_not_proven_false_alarm
BOCPD,351,Моздокский,Продовольствие,2024-09-01,3.2706316,alarm_without_verified_registry_event_not_proven_false_alarm
BOCPD,1308,Шарья,Продовольствие,2024-08-01,3.2651753,alarm_without_verified_registry_event_not_proven_false_alarm
BOCPD,333,Олекминский,Транспорт,2024-07-01,3.2607892,alarm_without_verified_registry_event_not_proven_false_alarm
BOCPD,607,Могойтуйский,Продовольствие,2024-09-01,3.2584803,alarm_without_verified_registry_event_not_proven_false_alarm
BOCPD,2250,Ямальский,Общественное питание,2024-07-01,3.2575874,alarm_without_verified_registry_event_not_proven_false_alarm
BOCPD,2235,Советский,Продовольствие,2024-09-01,3.2570233,alarm_without_verified_registry_event_not_proven_false_alarm
BOCPD,25,Нефтекамск,Продовольствие,2024-08-01,3.2557068,alarm_without_verified_registry_event_not_proven_false_alarm
BOCPD,422,Сарапул,Продовольствие,2024-09-01,3.252362,alarm_without_verified_registry_event_not_proven_false_alarm
BOCPD,744,Карагайский,Продовольствие,2024-08-01,3.2520773,alarm_without_verified_registry_event_not_proven_false_alarm
BOCPD,1175,Эхирит-Булагатский,Общественное питание,2024-09-01,3.2486944,alarm_without_verified_registry_event_not_proven_false_alarm
BOCPD,276,Куженерский,Продовольствие,2024-09-01,3.2480192,alarm_without_verified_registry_event_not_proven_false_alarm
BOCPD,2167,Донской,Продовольствие,2024-08-01,3.2469523,alarm_without_verified_registry_event_not_proven_false_alarm
BOCPD,1603,Барабинский,Продовольствие,2024-08-01,3.2469113,alarm_without_verified_registry_event_not_proven_false_alarm
BOCPD,364,Арский,Продовольствие,2024-08-01,3.2453969,alarm_without_verified_registry_event_not_proven_false_alarm
BOCPD,327,Мирнинский,Транспорт,2024-07-01,3.242938,alarm_without_verified_registry_event_not_proven_false_alarm
BOCPD,2248,Тазовский,Все категории,2024-09-01,3.239328,alarm_without_verified_registry_event_not_proven_false_alarm
BOCPD,741,Добрянский,Транспорт,2024-07-01,3.2387886,alarm_without_verified_registry_event_not_proven_false_alarm
BOCPD,1680,Александровский,Транспорт,2024-09-01,3.236157,alarm_without_verified_registry_event_not_proven_false_alarm
BOCPD,1597,Новосибирск,Продовольствие,2024-09-01,3.2342064,alarm_without_verified_registry_event_not_proven_false_alarm
BOCPD,292,Дубенский,Продовольствие,2024-09-01,3.2335181,alarm_without_verified_registry_event_not_proven_false_alarm
BOCPD,741,Добрянский,Продовольствие,2024-09-01,3.2334757,alarm_without_verified_registry_event_not_proven_false_alarm
BOCPD,737,Большесосновский,Продовольствие,2024-09-01,3.2321908,alarm_without_verified_registry_event_not_proven_false_alarm
BOCPD,1897,Кошкинский,Общественное питание,2024-07-01,3.2321744,alarm_without_verified_registry_event_not_proven_false_alarm
BOCPD,1237,Тайгинский,Продовольствие,2024-09-01,3.2321708,alarm_without_verified_registry_event_not_proven_false_alarm
BOCPD,232,Койгородский,Общественное питание,2024-12-01,3.2320614,alarm_without_verified_registry_event_not_proven_false_alarm
BOCPD,686,Березовский,Продовольствие,2024-08-01,3.2313156,alarm_without_verified_registry_event_not_proven_false_alarm
BOCPD,1519,Кольский,Продовольствие,2024-09-01,3.2291462,alarm_without_verified_registry_event_not_proven_false_alarm
BOCPD,380,Лениногорский,Продовольствие,2024-09-01,3.2261996,alarm_without_verified_registry_event_not_proven_false_alarm
BOCPD,219,Пряжинский,Продовольствие,2024-09-01,3.2256448,alarm_without_verified_registry_event_not_proven_false_alarm
BOCPD,279,Моркинский,Продовольствие,2024-09-01,3.2244823,alarm_without_verified_registry_event_not_proven_false_alarm
BOCPD,1567,Сеченовский,Продовольствие,2024-09-01,3.2228265,alarm_without_verified_registry_event_not_proven_false_alarm
BOCPD,384,Муслюмовский,Продовольствие,2024-08-01,3.220559,alarm_without_verified_registry_event_not_proven_false_alarm
BOCPD,1118,Ильинский,Продовольствие,2024-09-01,3.2202215,alarm_without_verified_registry_event_not_proven_false_alarm
BOCPD,37,Балтачевский,Продовольствие,2024-08-01,3.218907,alarm_without_verified_registry_event_not_proven_false_alarm
BOCPD,2257,Инзенский,Продовольствие,2024-09-01,3.2098594,alarm_without_verified_registry_event_not_proven_false_alarm
BOCPD,2075,Моршанск,Общественное питание,2024-10-01,3.2098494,alarm_without_verified_registry_event_not_proven_false_alarm
BOCPD,1650,Одесский,Продовольствие,2024-08-01,3.2075717,alarm_without_verified_registry_event_not_proven_false_alarm
BOCPD,325,Ленский,Транспорт,2024-07-01,3.2056878,alarm_without_verified_registry_event_not_proven_false_alarm
BOCPD,880,Михайловский,Продовольствие,2024-08-01,3.204858,alarm_without_verified_registry_event_not_proven_false_alarm
BOCPD,2222,Нягань,Транспорт,2024-07-01,3.2034678,alarm_without_verified_registry_event_not_proven_false_alarm
BOCPD,413,Тоджинский,Общественное питание,2024-09-01,3.2033405,alarm_without_verified_registry_event_not_proven_false_alarm
BOCPD,212,Лахденпохский,Продовольствие,2024-09-01,3.2031157,alarm_without_verified_registry_event_not_proven_false_alarm
BOCPD,220,Пудожский,Продовольствие,2024-08-01,3.201477,alarm_without_verified_registry_event_not_proven_false_alarm
BOCPD,915,Шенкурский,Продовольствие,2024-08-01,3.1996002,alarm_without_verified_registry_event_not_proven_false_alarm
BOCPD,911,Плесецкий,Продовольствие,2024-09-01,3.1989048,alarm_without_verified_registry_event_not_proven_false_alarm
BOCPD,214,Медвежьегорский,Продовольствие,2024-09-01,3.1937673,alarm_without_verified_registry_event_not_proven_false_alarm
BOCPD,2288,Чебаркульский,Продовольствие,2024-09-01,3.1937096,alarm_without_verified_registry_event_not_proven_false_alarm
BOCPD,583,Калганский,Все категории,2024-12-01,3.1925647,alarm_without_verified_registry_event_not_proven_false_alarm
BOCPD,555,Солонешенский,Продовольствие,2024-09-01,3.1920242,alarm_without_verified_registry_event_not_proven_false_alarm
BOCPD,879,Мазановский,Продовольствие,2024-09-01,3.1919599,alarm_without_verified_registry_event_not_proven_false_alarm
BOCPD,1032,Новониколаевский,Продовольствие,2024-09-01,3.1896186,alarm_without_verified_registry_event_not_proven_false_alarm
BOCPD,1548,Вознесенский,Продовольствие,2024-08-01,3.1853056,alarm_without_verified_registry_event_not_proven_false_alarm
BOCPD,374,Заинский,Продовольствие,2024-09-01,3.1845984,alarm_without_verified_registry_event_not_proven_false_alarm
BOCPD,900,Виноградовский,Продовольствие,2024-09-01,3.1787596,alarm_without_verified_registry_event_not_proven_false_alarm
BOCPD,452,Черногорск,Продовольствие,2024-09-01,3.1775997,alarm_without_verified_registry_event_not_proven_false_alarm
BOCPD,1144,Балаганский,Продовольствие,2024-09-01,3.1765852,alarm_without_verified_registry_event_not_proven_false_alarm
BOCPD,1647,Называевский,Продовольствие,2024-08-01,3.1725419,alarm_without_verified_registry_event_not_proven_false_alarm
BOCPD,881,Октябрьский,Транспорт,2024-12-01,3.1711097,alarm_without_verified_registry_event_not_proven_false_alarm
BOCPD,1311,Вохомский,Продовольствие,2024-09-01,3.1688168,alarm_without_verified_registry_event_not_proven_false_alarm
BOCPD,434,Кезский,Продовольствие,2024-09-01,3.167296,alarm_without_verified_registry_event_not_proven_false_alarm
BOCPD,2880,Лабытнанги,Все категории,2024-09-01,3.1654644,alarm_without_verified_registry_event_not_proven_false_alarm
BOCPD,1904,Сергиевский,Продовольствие,2024-08-01,3.1630452,alarm_without_verified_registry_event_not_proven_false_alarm
BOCPD,487,Ибресинский,Продовольствие,2024-09-01,3.1598039,alarm_without_verified_registry_event_not_proven_false_alarm
BOCPD,2250,Ямальский,Транспорт,2024-09-01,3.155732,alarm_without_verified_registry_event_not_proven_false_alarm
BOCPD,2226,Сургут,Продовольствие,2024-09-01,3.152253,alarm_without_verified_registry_event_not_proven_false_alarm
BOCPD,562,Третьяковский,Продовольствие,2024-09-01,3.1513007,alarm_without_verified_registry_event_not_proven_false_alarm
BOCPD,1195,Правдинский,Продовольствие,2024-09-01,3.1503768,alarm_without_verified_registry_event_not_proven_false_alarm
BOCPD,332,Оймяконский,Транспорт,2024-07-01,3.1488543,alarm_without_verified_registry_event_not_proven_false_alarm
BOCPD,1653,Павлоградский,Продовольствие,2024-09-01,3.148093,alarm_without_verified_registry_event_not_proven_false_alarm
BOCPD,1925,Духовницкий,Продовольствие,2024-09-01,3.1447709,alarm_without_verified_registry_event_not_proven_false_alarm
BOCPD,1169,Шелеховский,Продовольствие,2024-08-01,3.143766,alarm_without_verified_registry_event_not_proven_false_alarm
BOCPD,538,Локтевский,Продовольствие,2024-08-01,3.1432488,alarm_without_verified_registry_event_not_proven_false_alarm
BOCPD,1639,Калачинский,Продовольствие,2024-08-01,3.143009,alarm_without_verified_registry_event_not_proven_false_alarm
BOCPD,1885,Безенчукский,Продовольствие,2024-09-01,3.1356208,alarm_without_verified_registry_event_not_proven_false_alarm
BOCPD,2227,Урай,Продовольствие,2024-09-01,3.1352725,alarm_without_verified_registry_event_not_proven_false_alarm
BOCPD,2161,Томский,Продовольствие,2024-08-01,3.134489,alarm_without_verified_registry_event_not_proven_false_alarm
BOCPD,1011,Урюпинск,Продовольствие,2024-09-01,3.1338062,alarm_without_verified_registry_event_not_proven_false_alarm
BOCPD,2286,Троицкий,Продовольствие,2024-09-01,3.1330702,alarm_without_verified_registry_event_not_proven_false_alarm
BOCPD,2195,Абатский,Продовольствие,2024-09-01,3.1308546,alarm_without_verified_registry_event_not_proven_false_alarm
BOCPD,679,Сосновоборск,Продовольствие,2024-08-01,3.12959,alarm_without_verified_registry_event_not_proven_false_alarm
BOCPD,290,Большеберезниковский,Продовольствие,2024-08-01,3.1293864,alarm_without_verified_registry_event_not_proven_false_alarm
BOCPD,510,Рубцовск,Продовольствие,2024-09-01,3.12892,alarm_without_verified_registry_event_not_proven_false_alarm
BOCPD,213,Лоухский,Продовольствие,2024-09-01,3.126546,alarm_without_verified_registry_event_not_proven_false_alarm
BOCPD,705,Курагинский,Продовольствие,2024-09-01,3.125617,alarm_without_verified_registry_event_not_proven_false_alarm
BOCPD,1061,Никольский,Продовольствие,2024-08-01,3.1222656,alarm_without_verified_registry_event_not_proven_false_alarm
BOCPD,2237,Ханты-Мансийский,Продовольствие,2024-09-01,3.1222293,alarm_without_verified_registry_event_not_proven_false_alarm
BOCPD,892,Котлас,Продовольствие,2024-09-01,3.1214795,alarm_without_verified_registry_event_not_proven_false_alarm
BOCPD,1549,Володарский,Продовольствие,2024-09-01,3.1174319,alarm_without_verified_registry_event_not_proven_false_alarm
BOCPD,1264,Арбажский,Продовольствие,2024-09-01,3.1147883,alarm_without_verified_registry_event_not_proven_false_alarm
BOCPD,1600,Обь,Продовольствие,2024-08-01,3.1140792,alarm_without_verified_registry_event_not_proven_false_alarm
BOCPD,687,Бирилюсский,Транспорт,2024-07-01,3.1129496,alarm_without_verified_registry_event_not_proven_false_alarm
BOCPD,731,Лысьвенский,Продовольствие,2024-09-01,3.1096466,alarm_without_verified_registry_event_not_proven_false_alarm
BOCPD,1598,Бердск,Продовольствие,2024-08-01,3.1073556,alarm_without_verified_registry_event_not_proven_false_alarm
BOCPD,1231,Междуреченский,Продовольствие,2024-09-01,3.1041226,alarm_without_verified_registry_event_not_proven_false_alarm
BOCPD,914,Холмогорский,Продовольствие,2024-09-01,3.1036828,alarm_without_verified_registry_event_not_proven_false_alarm
BOCPD,26,Октябрьский,Продовольствие,2024-08-01,3.102366,alarm_without_verified_registry_event_not_proven_false_alarm
BOCPD,428,Граховский,Общественное питание,2024-11-01,3.1017752,alarm_without_verified_registry_event_not_proven_false_alarm
BOCPD,588,Могочинский,Продовольствие,2024-08-01,3.1015553,alarm_without_verified_registry_event_not_proven_false_alarm
BOCPD,1134,Иркутск,Продовольствие,2024-09-01,3.095604,alarm_without_verified_registry_event_not_proven_false_alarm
BOCPD,1067,Усть-Кубинский,Продовольствие,2024-09-01,3.094191,alarm_without_verified_registry_event_not_proven_false_alarm
BOCPD,2250,Ямальский,Общественное питание,2024-10-01,3.0928557,alarm_without_verified_registry_event_not_proven_false_alarm
BOCPD,1250,Таштагольский,Продовольствие,2024-09-01,3.0911372,alarm_without_verified_registry_event_not_proven_false_alarm
BOCPD,270,Волжск,Продовольствие,2024-09-01,3.090604,alarm_without_verified_registry_event_not_proven_false_alarm
BOCPD,330,Нерюнгринский,Продовольствие,2024-09-01,3.088745,alarm_without_verified_registry_event_not_proven_false_alarm
BOCPD,1533,Шахунья,Продовольствие,2024-09-01,3.0843961,alarm_without_verified_registry_event_not_proven_false_alarm
BOCPD,2002,Нижнетуринский,Продовольствие,2024-08-01,3.0810592,alarm_without_verified_registry_event_not_proven_false_alarm
BOCPD,727,Пермский,Продовольствие,2024-09-01,3.081041,alarm_without_verified_registry_event_not_proven_false_alarm
BOCPD,1234,Осинниковский,Продовольствие,2024-09-01,3.0802155,alarm_without_verified_registry_event_not_proven_false_alarm
BOCPD,1932,Краснопартизанский,Общественное питание,2024-11-01,3.07745,alarm_without_verified_registry_event_not_proven_false_alarm
BOCPD,301,Лямбирский,Продовольствие,2024-08-01,3.077043,alarm_without_verified_registry_event_not_proven_false_alarm
BOCPD,1905,Ставропольский,Продовольствие,2024-09-01,3.076951,alarm_without_verified_registry_event_not_proven_false_alarm
BOCPD,55,Иглинский,Продовольствие,2024-09-01,3.0766935,alarm_without_verified_registry_event_not_proven_false_alarm
BOCPD,234,Печора,Транспорт,2024-07-01,3.075888,alarm_without_verified_registry_event_not_proven_false_alarm
BOCPD,1243,Кемеровский,Продовольствие,2024-08-01,3.0753646,alarm_without_verified_registry_event_not_proven_false_alarm
BOCPD,1931,Краснокутский,Продовольствие,2024-09-01,3.0752711,alarm_without_verified_registry_event_not_proven_false_alarm
BOCPD,2165,Алексин,Продовольствие,2024-08-01,3.0751896,alarm_without_verified_registry_event_not_proven_false_alarm
BOCPD,2000,Нижний Тагил,Продовольствие,2024-09-01,3.0746853,alarm_without_verified_registry_event_not_proven_false_alarm
BOCPD,75,Туймазинский,Продовольствие,2024-08-01,3.0724556,alarm_without_verified_registry_event_not_proven_false_alarm
BOCPD,1218,Сухиничский,Общественное питание,2024-10-01,3.069896,alarm_without_verified_registry_event_not_proven_false_alarm
BOCPD,283,Сернурский,Продовольствие,2024-09-01,3.064906,alarm_without_verified_registry_event_not_proven_false_alarm
BOCPD,512,Яровое,Продовольствие,2024-09-01,3.0634034,alarm_without_verified_registry_event_not_proven_false_alarm
BOCPD,2089,Первомайский,Продовольствие,2024-09-01,3.063272,alarm_without_verified_registry_event_not_proven_false_alarm
BOCPD,1228,Калтанский,Продовольствие,2024-09-01,3.0590444,alarm_without_verified_registry_event_not_proven_false_alarm
BOCPD,667,Ачинск,Продовольствие,2024-09-01,3.0551496,alarm_without_verified_registry_event_not_proven_false_alarm
BOCPD,677,Назарово,Продовольствие,2024-08-01,3.0548112,alarm_without_verified_registry_event_not_proven_false_alarm
BOCPD,1055,Вытегорский,Продовольствие,2024-09-01,3.0545337,alarm_without_verified_registry_event_not_proven_false_alarm
BOCPD,2081,Знаменский,Продовольствие,2024-09-01,3.0539064,alarm_without_verified_registry_event_not_proven_false_alarm
BOCPD,504,Барнаул,Продовольствие,2024-09-01,3.0538545,alarm_without_verified_registry_event_not_proven_false_alarm
BOCPD,507,Бийск,Продовольствие,2024-09-01,3.0519989,alarm_without_verified_registry_event_not_proven_false_alarm
BOCPD,534,Крутихинский,Продовольствие,2024-09-01,3.0489447,alarm_without_verified_registry_event_not_proven_false_alarm
BOCPD,1006,Юрьев-Польский,Продовольствие,2024-09-01,3.0482597,alarm_without_verified_registry_event_not_proven_false_alarm
BOCPD,758,Сивинский,Продовольствие,2024-08-01,3.0395653,alarm_without_verified_registry_event_not_proven_false_alarm
BOCPD,675,Лесосибирск,Продовольствие,2024-08-01,3.039089,alarm_without_verified_registry_event_not_proven_false_alarm
BOCPD,528,Калманский,Продовольствие,2024-09-01,3.0344794,alarm_without_verified_registry_event_not_proven_false_alarm
BOCPD,676,Минусинск,Продовольствие,2024-09-01,3.0315979,alarm_without_verified_registry_event_not_proven_false_alarm
BOCPD,1568,Сосновский,Продовольствие,2024-08-01,3.0299397,alarm_without_verified_registry_event_not_proven_false_alarm
BOCPD,1623,Сузунский,Продовольствие,2024-09-01,3.0246644,alarm_without_verified_registry_event_not_proven_false_alarm
BOCPD,1580,Демянский,Продовольствие,2024-08-01,3.0238364,alarm_without_verified_registry_event_not_proven_false_alarm
BOCPD,1924,Дергачевский,Продовольствие,2024-08-01,3.0225964,alarm_without_verified_registry_event_not_proven_false_alarm
BOCPD,591,Оловяннинский,Продовольствие,2024-09-01,3.0186396,alarm_without_verified_registry_event_not_proven_false_alarm
BOCPD,1416,Добровский,Общественное питание,2024-07-01,3.0141768,alarm_without_verified_registry_event_not_proven_false_alarm
BOCPD,1703,Ташлинский,Продовольствие,2024-08-01,3.0104992,alarm_without_verified_registry_event_not_proven_false_alarm
BOCPD,42,Бирский,Продовольствие,2024-09-01,3.0093718,alarm_without_verified_registry_event_not_proven_false_alarm
BOCPD,1610,Каргатский,Общественное питание,2024-09-01,3.0085979,alarm_without_verified_registry_event_not_proven_false_alarm
BOCPD,1632,Омск,Продовольствие,2024-09-01,3.0063596,alarm_without_verified_registry_event_not_proven_false_alarm
BOCPD,2087,Мучкапский,Продовольствие,2024-09-01,3.003433,alarm_without_verified_registry_event_not_proven_false_alarm
BOCPD,1265,Афанасьевский,Продовольствие,2024-09-01,2.9998941,alarm_without_verified_registry_event_not_proven_false_alarm
BOCPD,1999,Невьянский,Продовольствие,2024-08-01,2.9979703,alarm_without_verified_registry_event_not_proven_false_alarm
BOCPD,293,Ельниковский,Продовольствие,2024-08-01,2.9954624,alarm_without_verified_registry_event_not_proven_false_alarm
BOCPD,53,Зианчуринский,Продовольствие,2024-08-01,2.9902048,alarm_without_verified_registry_event_not_proven_false_alarm
BOCPD,2220,Нефтеюганск,Продовольствие,2024-09-01,2.9862535,alarm_without_verified_registry_event_not_proven_false_alarm
BOCPD,2282,Миасский,Продовольствие,2024-09-01,2.9851031,alarm_without_verified_registry_event_not_proven_false_alarm
BOCPD,298,Ковылкинский,Продовольствие,2024-09-01,2.9828148,alarm_without_verified_registry_event_not_proven_false_alarm
BOCPD,1142,Черемхово,Общественное питание,2024-09-01,2.9826522,alarm_without_verified_registry_event_not_proven_false_alarm
BOCPD,1902,Похвистневский,Продовольствие,2024-09-01,2.98126,alarm_without_verified_registry_event_not_proven_false_alarm
BOCPD,738,Верещагинский,Продовольствие,2024-09-01,2.9809225,alarm_without_verified_registry_event_not_proven_false_alarm
BOCPD,28,Сибай,Продовольствие,2024-08-01,2.9787333,alarm_without_verified_registry_event_not_proven_false_alarm
BOCPD,1949,Турковский,Продовольствие,2024-09-01,2.9716787,alarm_without_verified_registry_event_not_proven_false_alarm
BOCPD,1638,Исилькульский,Продовольствие,2024-09-01,2.967319,alarm_without_verified_registry_event_not_proven_false_alarm
BOCPD,2809,Кунгурский,Продовольствие,2024-09-01,2.9636998,alarm_without_verified_registry_event_not_proven_false_alarm
BOCPD,2096,Староюрьевский,Продовольствие,2024-09-01,2.9615703,alarm_without_verified_registry_event_not_proven_false_alarm
BOCPD,373,Елабужский,Продовольствие,2024-08-01,2.957904,alarm_without_verified_registry_event_not_proven_false_alarm
BOCPD,2144,Томск,Продовольствие,2024-08-01,2.9577754,alarm_without_verified_registry_event_not_proven_false_alarm
BOCPD,362,Альметьевский,Продовольствие,2024-09-01,2.9539628,alarm_without_verified_registry_event_not_proven_false_alarm
BOCPD,1653,Павлоградский,Общественное питание,2024-10-01,2.943953,alarm_without_verified_registry_event_not_proven_false_alarm
BOCPD,792,Лазовский,Продовольствие,2024-08-01,2.943158,alarm_without_verified_registry_event_not_proven_false_alarm
BOCPD,553,Суетский,Здоровье,2024-07-01,2.942223,alarm_without_verified_registry_event_not_proven_false_alarm
BOCPD,912,Приморский,Транспорт,2024-07-01,2.9421396,alarm_without_verified_registry_event_not_proven_false_alarm
BOCPD,827,Андроповский,Продовольствие,2024-09-01,2.9392302,alarm_without_verified_registry_event_not_proven_false_alarm
BOCPD,1404,Подпорожский,Продовольствие,2024-09-01,2.9387448,alarm_without_verified_registry_event_not_proven_false_alarm
BOCPD,2087,Мучкапский,Транспорт,2024-07-01,2.9386847,alarm_without_verified_registry_event_not_proven_false_alarm
BOCPD,1985,Ирбит,Продовольствие,2024-09-01,2.9369469,alarm_without_verified_registry_event_not_proven_false_alarm
BOCPD,391,Сармановский,Продовольствие,2024-09-01,2.9364488,alarm_without_verified_registry_event_not_proven_false_alarm
BOCPD,479,Алатырь,Продовольствие,2024-08-01,2.9345665,alarm_without_verified_registry_event_not_proven_false_alarm
BOCPD,387,Нурлатский,Продовольствие,2024-09-01,2.93423,alarm_without_verified_registry_event_not_proven_false_alarm
BOCPD,2621,Березники,Продовольствие,2024-09-01,2.9317234,alarm_without_verified_registry_event_not_proven_false_alarm
BOCPD,1347,Мокроусовский,Продовольствие,2024-08-01,2.9305325,alarm_without_verified_registry_event_not_proven_false_alarm
BOCPD,1602,Баганский,Продовольствие,2024-09-01,2.9295502,alarm_without_verified_registry_event_not_proven_false_alarm
BOCPD,1024,Клетский,Продовольствие,2024-09-01,2.9270773,alarm_without_verified_registry_event_not_proven_false_alarm
BOCPD,763,Чайковский,Продовольствие,2024-08-01,2.9262033,alarm_without_verified_registry_event_not_proven_false_alarm
BOCPD,2330,Первомайский,Продовольствие,2024-07-01,2.924489,alarm_without_verified_registry_event_not_proven_false_alarm
BOCPD,2267,Сенгилеевский,Продовольствие,2024-09-01,2.9218488,alarm_without_verified_registry_event_not_proven_false_alarm
BOCPD,2149,Асиновский,Продовольствие,2024-08-01,2.921313,alarm_without_verified_registry_event_not_proven_false_alarm
BOCPD,670,Дивногорск,Продовольствие,2024-09-01,2.9163663,alarm_without_verified_registry_event_not_proven_false_alarm
BOCPD,898,Верхнетоемский,Продовольствие,2024-08-01,2.9137871,alarm_without_verified_registry_event_not_proven_false_alarm
BOCPD,1901,Пестравский,Общественное питание,2024-07-01,2.9133148,alarm_without_verified_registry_event_not_proven_false_alarm
BOCPD,1019,Жирновский,Продовольствие,2024-09-01,2.912235,alarm_without_verified_registry_event_not_proven_false_alarm
BOCPD,826,Александровский,Транспорт,2024-07-01,2.9116552,alarm_without_verified_registry_event_not_proven_false_alarm
BOCPD,680,Шарыпово,Продовольствие,2024-09-01,2.9106672,alarm_without_verified_registry_event_not_proven_false_alarm
BOCPD,2349,Билибинский,Все категории,2024-10-01,2.9057584,alarm_without_verified_registry_event_not_proven_false_alarm
BOCPD,303,Рузаевский,Продовольствие,2024-08-01,2.9047253,alarm_without_verified_registry_event_not_proven_false_alarm
BOCPD,1537,Ардатовский,Продовольствие,2024-08-01,2.9046032,alarm_without_verified_registry_event_not_proven_false_alarm
BOCPD,2242,Новый Уренгой,Все категории,2024-09-01,2.90056,alarm_without_verified_registry_event_not_proven_false_alarm
BOCPD,1978,Богданович,Продовольствие,2024-08-01,2.8983011,alarm_without_verified_registry_event_not_proven_false_alarm
BOCPD,375,Зеленодольский,Продовольствие,2024-08-01,2.892768,alarm_without_verified_registry_event_not_proven_false_alarm
BOCPD,505,Алейск,Транспорт,2024-07-01,2.8878872,alarm_without_verified_registry_event_not_proven_false_alarm
BOCPD,1584,Марёвский,Транспорт,2024-10-01,2.885915,alarm_without_verified_registry_event_not_proven_false_alarm
BOCPD,2236,Сургутский,Транспорт,2024-07-01,2.8850288,alarm_without_verified_registry_event_not_proven_false_alarm
BOCPD,1616,Купинский,Продовольствие,2024-09-01,2.8842502,alarm_without_verified_registry_event_not_proven_false_alarm
BOCPD,1631,Чулымский,Продовольствие,2024-09-01,2.8825355,alarm_without_verified_registry_event_not_proven_false_alarm
BOCPD,606,Дульдургинский,Продовольствие,2024-08-01,2.878149,alarm_without_verified_registry_event_not_proven_false_alarm
BOCPD,50,Дуванский,Продовольствие,2024-09-01,2.8763177,alarm_without_verified_registry_event_not_proven_false_alarm
BOCPD,278,Медведевский,Продовольствие,2024-09-01,2.8757012,alarm_without_verified_registry_event_not_proven_false_alarm
BOCPD,2021,Верхотурский,Продовольствие,2024-08-01,2.875415,alarm_without_verified_registry_event_not_proven_false_alarm
BOCPD,1173,Нукутский,Продовольствие,2024-09-01,2.8742201,alarm_without_verified_registry_event_not_proven_false_alarm
BOCPD,421,Можга,Продовольствие,2024-09-01,2.8732567,alarm_without_verified_registry_event_not_proven_false_alarm
BOCPD,2364,Сампсониевское,Продовольствие,2024-08-01,2.8700938,alarm_without_verified_registry_event_not_proven_false_alarm
BOCPD,1690,Курманаевский,Общественное питание,2024-07-01,2.8678546,alarm_without_verified_registry_event_not_proven_false_alarm
BOCPD,2362,Левашово,Продовольствие,2024-08-01,2.8676937,alarm_without_verified_registry_event_not_proven_false_alarm
BOCPD,1040,Старополтавский,Продовольствие,2024-09-01,2.8674111,alarm_without_verified_registry_event_not_proven_false_alarm
BOCPD,2039,Байкаловский,Общественное питание,2024-09-01,2.866115,alarm_without_verified_registry_event_not_proven_false_alarm
BOCPD,2077,Уварово,Продовольствие,2024-09-01,2.8642778,alarm_without_verified_registry_event_not_proven_false_alarm
BOCPD,1975,Малышевский,Общественное питание,2024-10-01,2.8620405,alarm_without_verified_registry_event_not_proven_false_alarm
BOCPD,557,Шелаболихинский,Продовольствие,2024-09-01,2.8589306,alarm_without_verified_registry_event_not_proven_false_alarm
BOCPD,2441,Посадский,Продовольствие,2024-08-01,2.8571696,alarm_without_verified_registry_event_not_proven_false_alarm
BOCPD,2082,Инжавинский,Продовольствие,2024-09-01,2.8561227,alarm_without_verified_registry_event_not_proven_false_alarm
BOCPD,671,Енисейск,Транспорт,2024-07-01,2.8536177,alarm_without_verified_registry_event_not_proven_false_alarm
BOCPD,289,Атяшевский,Продовольствие,2024-09-01,2.8492286,alarm_without_verified_registry_event_not_proven_false_alarm
BOCPD,1413,Грязинский,Продовольствие,2024-08-01,2.8448951,alarm_without_verified_registry_event_not_proven_false_alarm
BOCPD,1338,Далматовский,Продовольствие,2024-09-01,2.8440883,alarm_without_verified_registry_event_not_proven_false_alarm
BOCPD,225,Воркута,Все категории,2024-09-01,2.837753,alarm_without_verified_registry_event_not_proven_false_alarm
BOCPD,1029,Нехаевский,Продовольствие,2024-08-01,2.8364027,alarm_without_verified_registry_event_not_proven_false_alarm
BOCPD,2173,Богородицкий,Общественное питание,2024-07-01,2.8315191,alarm_without_verified_registry_event_not_proven_false_alarm
BOCPD,1656,Саргатский,Продовольствие,2024-09-01,2.8308353,alarm_without_verified_registry_event_not_proven_false_alarm
BOCPD,2100,Умётский,Общественное питание,2024-09-01,2.8291972,alarm_without_verified_registry_event_not_proven_false_alarm
BOCPD,1712,Глазуновский,Продовольствие,2024-09-01,2.8287747,alarm_without_verified_registry_event_not_proven_false_alarm
BOCPD,885,Серышевский,Продовольствие,2024-09-01,2.8285668,alarm_without_verified_registry_event_not_proven_false_alarm
BOCPD,591,Оловяннинский,Общественное питание,2024-09-01,2.823048,alarm_without_verified_registry_event_not_proven_false_alarm
BOCPD,769,Гайнский,Продовольствие,2024-08-01,2.8197563,alarm_without_verified_registry_event_not_proven_false_alarm
BOCPD,1005,Суздальский,Продовольствие,2024-08-01,2.8195765,alarm_without_verified_registry_event_not_proven_false_alarm
BOCPD,1034,Ольховский,Продовольствие,2024-08-01,2.8182156,alarm_without_verified_registry_event_not_proven_false_alarm
BOCPD,397,Чистопольский,Продовольствие,2024-09-01,2.8159728,alarm_without_verified_registry_event_not_proven_false_alarm
BOCPD,57,Ишимбайский,Продовольствие,2024-08-01,2.8144996,alarm_without_verified_registry_event_not_proven_false_alarm
BOCPD,369,Буинский,Продовольствие,2024-08-01,2.8131597,alarm_without_verified_registry_event_not_proven_false_alarm
BOCPD,2075,Моршанск,Продовольствие,2024-08-01,2.8125753,alarm_without_verified_registry_event_not_proven_false_alarm
BOCPD,358,Аксубаевский,Продовольствие,2024-08-01,2.8112862,alarm_without_verified_registry_event_not_proven_false_alarm
BOCPD,1297,Унинский,Продовольствие,2024-09-01,2.8106809,alarm_without_verified_registry_event_not_proven_false_alarm
BOCPD,1761,Спасский,Продовольствие,2024-08-01,2.8057327,alarm_without_verified_registry_event_not_proven_false_alarm
BOCPD,908,Няндомский,Продовольствие,2024-09-01,2.8052225,alarm_without_verified_registry_event_not_proven_false_alarm
BOCPD,1976,Рефтинский,Продовольствие,2024-08-01,2.8008978,alarm_without_verified_registry_event_not_proven_false_alarm
BOCPD,2255,Барышский,Продовольствие,2024-09-01,2.7974641,alarm_without_verified_registry_event_not_proven_false_alarm
BOCPD,1557,Ковернинский,Продовольствие,2024-09-01,2.7939327,alarm_without_verified_registry_event_not_proven_false_alarm
BOCPD,1917,Аткарский,Продовольствие,2024-09-01,2.7927723,alarm_without_verified_registry_event_not_proven_false_alarm
BOCPD,2207,Сладковский,Транспорт,2024-07-01,2.7895465,alarm_without_verified_registry_event_not_proven_false_alarm
BOCPD,2879,Губкинский,Все категории,2024-09-01,2.788099,alarm_without_verified_registry_event_not_proven_false_alarm
BOCPD,541,Новичихинский,Продовольствие,2024-09-01,2.7835653,alarm_without_verified_registry_event_not_proven_false_alarm
BOCPD,372,Дрожжановский,Все категории,2024-07-01,2.7832024,alarm_without_verified_registry_event_not_proven_false_alarm
BOCPD,580,Газимуро-Заводский,Продовольствие,2024-09-01,2.783014,alarm_without_verified_registry_event_not_proven_false_alarm
BOCPD,1728,Свердловский,Продовольствие,2024-08-01,2.7765586,alarm_without_verified_registry_event_not_proven_false_alarm
BOCPD,1766,Бежаницкий,Продовольствие,2024-09-01,2.7756765,alarm_without_verified_registry_event_not_proven_false_alarm
BOCPD,1919,Балаковский,Продовольствие,2024-08-01,2.7736275,alarm_without_verified_registry_event_not_proven_false_alarm
BOCPD,2034,Талицкий,Продовольствие,2024-08-01,2.7735205,alarm_without_verified_registry_event_not_proven_false_alarm
BOCPD,827,Андроповский,Общественное питание,2024-09-01,2.7735023,alarm_without_verified_registry_event_not_proven_false_alarm
BOCPD,44,Благовещенский,Продовольствие,2024-09-01,2.7729218,alarm_without_verified_registry_event_not_proven_false_alarm
BOCPD,739,Горнозаводский,Продовольствие,2024-09-01,2.7713773,alarm_without_verified_registry_event_not_proven_false_alarm
BOCPD,2098,Токарёвский,Продовольствие,2024-09-01,2.770484,alarm_without_verified_registry_event_not_proven_false_alarm
BOCPD,269,Йошкар-Ола,Продовольствие,2024-08-01,2.767564,alarm_without_verified_registry_event_not_proven_false_alarm
BOCPD,2344,Анадырь,Все категории,2024-09-01,2.7664,alarm_without_verified_registry_event_not_proven_false_alarm
BOCPD,542,Зональный,Общественное питание,2024-10-01,2.758045,alarm_without_verified_registry_event_not_proven_false_alarm
BOCPD,1666,Абдулинский,Продовольствие,2024-08-01,2.7526472,alarm_without_verified_registry_event_not_proven_false_alarm
BOCPD,1335,Альменевский,Транспорт,2024-08-01,2.7524157,alarm_without_verified_registry_event_not_proven_false_alarm
BOCPD,2153,Каргасокский,Продовольствие,2024-09-01,2.7497768,alarm_without_verified_registry_event_not_proven_false_alarm
BOCPD,1028,Ленинский,Продовольствие,2024-09-01,2.7448575,alarm_without_verified_registry_event_not_proven_false_alarm
BOCPD,2175,Воловский,Продовольствие,2024-08-01,2.7443032,alarm_without_verified_registry_event_not_proven_false_alarm
BOCPD,209,Калевальский,Продовольствие,2024-09-01,2.7427003,alarm_without_verified_registry_event_not_proven_false_alarm
BOCPD,712,Партизанский,Продовольствие,2024-09-01,2.7426739,alarm_without_verified_registry_event_not_proven_false_alarm
BOCPD,39,Белокатайский,Продовольствие,2024-09-01,2.741652,alarm_without_verified_registry_event_not_proven_false_alarm
BOCPD,742,Еловский,Продовольствие,2024-09-01,2.7397246,alarm_without_verified_registry_event_not_proven_false_alarm
BOCPD,1486,Шаховская,Продовольствие,2024-09-01,2.7357452,alarm_without_verified_registry_event_not_proven_false_alarm
BOCPD,531,Косихинский,Общественное питание,2024-09-01,2.7341788,alarm_without_verified_registry_event_not_proven_false_alarm
BOCPD,2435,Оккервиль,Продовольствие,2024-08-01,2.7324154,alarm_without_verified_registry_event_not_proven_false_alarm
BOCPD,567,Усть-Пристанский,Продовольствие,2024-09-01,2.7316043,alarm_without_verified_registry_event_not_proven_false_alarm
BOCPD,2289,Южноуральский,Продовольствие,2024-08-01,2.7315767,alarm_without_verified_registry_event_not_proven_false_alarm
BOCPD,1612,Коченевский,Продовольствие,2024-09-01,2.7239823,alarm_without_verified_registry_event_not_proven_false_alarm
BOCPD,1599,Искитим,Продовольствие,2024-08-01,2.7234156,alarm_without_verified_registry_event_not_proven_false_alarm
BOCPD,1414,Данковский,Продовольствие,2024-09-01,2.721732,alarm_without_verified_registry_event_not_proven_false_alarm
BOCPD,548,Ребрихинский,Продовольствие,2024-08-01,2.7134912,alarm_without_verified_registry_event_not_proven_false_alarm
BOCPD,218,Прионежский,Продовольствие,2024-10-01,2.7131763,alarm_without_verified_registry_event_not_proven_false_alarm
BOCPD,2265,Павловский,Продовольствие,2024-08-01,2.7120426,alarm_without_verified_registry_event_not_proven_false_alarm
BOCPD,1063,Сокольский,Продовольствие,2024-08-01,2.7117484,alarm_without_verified_registry_event_not_proven_false_alarm
BOCPD,2459,Смольнинское,Продовольствие,2024-08-01,2.7112715,alarm_without_verified_registry_event_not_proven_false_alarm
BOCPD,1031,Новоаннинский,Продовольствие,2024-08-01,2.7099266,alarm_without_verified_registry_event_not_proven_false_alarm
BOCPD,1930,Красноармейский,Продовольствие,2024-09-01,2.7068532,alarm_without_verified_registry_event_not_proven_false_alarm
BOCPD,222,Сортавальский,Продовольствие,2024-09-01,2.7052555,alarm_without_verified_registry_event_not_proven_false_alarm
BOCPD,1887,Большеглушицкий,Продовольствие,2024-09-01,2.7018435,alarm_without_verified_registry_event_not_proven_false_alarm
BOCPD,1166,Усть-Удинский,Транспорт,2024-08-01,2.7012231,alarm_without_verified_registry_event_not_proven_false_alarm
BOCPD,431,Игринский,Продовольствие,2024-09-01,2.7004833,alarm_without_verified_registry_event_not_proven_false_alarm
BOCPD,2332,Пошехонский,Продовольствие,2024-09-01,2.6942244,alarm_without_verified_registry_event_not_proven_false_alarm
BOCPD,774,Юсьвинский,Продовольствие,2024-08-01,2.6915903,alarm_without_verified_registry_event_not_proven_false_alarm
BOCPD,832,Кочубеевский,Общественное питание,2024-09-01,2.6846402,alarm_without_verified_registry_event_not_proven_false_alarm
BOCPD,47,Бурзянский,Продовольствие,2024-08-01,2.6801085,alarm_without_verified_registry_event_not_proven_false_alarm
BOCPD,2320,Рыбинск,Продовольствие,2024-08-01,2.6800084,alarm_without_verified_registry_event_not_proven_false_alarm
BOCPD,1264,Арбажский,Транспорт,2024-09-01,2.6785262,alarm_without_verified_registry_event_not_proven_false_alarm
BOCPD,35,Баймакский,Продовольствие,2024-09-01,2.6780305,alarm_without_verified_registry_event_not_proven_false_alarm
BOCPD,509,Новоалтайск,Продовольствие,2024-08-01,2.6753986,alarm_without_verified_registry_event_not_proven_false_alarm
BOCPD,1561,Лукояновский,Продовольствие,2024-09-01,2.6746116,alarm_without_verified_registry_event_not_proven_false_alarm
BOCPD,2149,Асиновский,Общественное питание,2024-09-01,2.6743846,alarm_without_verified_registry_event_not_proven_false_alarm
BOCPD,1126,Пучежский,Общественное питание,2024-07-01,2.6743138,alarm_without_verified_registry_event_not_proven_false_alarm
BOCPD,61,Кигинский,Транспорт,2024-11-01,2.671675,alarm_without_verified_registry_event_not_proven_false_alarm
BOCPD,897,Вельский,Общественное питание,2024-09-01,2.6646016,alarm_without_verified_registry_event_not_proven_false_alarm
BOCPD,1727,Покровский,Общественное питание,2024-10-01,2.664408,alarm_without_verified_registry_event_not_proven_false_alarm
BOCPD,425,Вавожский,Продовольствие,2024-09-01,2.6638968,alarm_without_verified_registry_event_not_proven_false_alarm
BOCPD,1116,Заволжский,Продовольствие,2024-09-01,2.6589468,alarm_without_verified_registry_event_not_proven_false_alarm
BOCPD,1995,Красноуфимск,Продовольствие,2024-09-01,2.6581519,alarm_without_verified_registry_event_not_proven_false_alarm
BOCPD,1285,Омутнинский,Продовольствие,2024-09-01,2.6579716,alarm_without_verified_registry_event_not_proven_false_alarm
BOCPD,331,Нижнеколымский,Маркетплейсы,2024-07-01,2.6532683,alarm_without_verified_registry_event_not_proven_false_alarm
BOCPD,501,Ядринский,Продовольствие,2024-09-01,2.6514227,alarm_without_verified_registry_event_not_proven_false_alarm
BOCPD,1163,Усольский,Продовольствие,2024-08-01,2.6498728,alarm_without_verified_registry_event_not_proven_false_alarm
BOCPD,793,Михайловский,Транспорт,2024-08-01,2.646434,alarm_without_verified_registry_event_not_proven_false_alarm
BOCPD,1674,Соль-Илецкий,Общественное питание,2024-07-01,2.6448286,alarm_without_verified_registry_event_not_proven_false_alarm
BOCPD,30,Абзелиловский,Продовольствие,2024-09-01,2.643091,alarm_without_verified_registry_event_not_proven_false_alarm
BOCPD,1550,Воротынский,Продовольствие,2024-09-01,2.630747,alarm_without_verified_registry_event_not_proven_false_alarm
BOCPD,2116,Жарковский,Продовольствие,2024-08-01,2.629519,alarm_without_verified_registry_event_not_proven_false_alarm
BOCPD,1394,Волховский,Продовольствие,2024-08-01,2.6284804,alarm_without_verified_registry_event_not_proven_false_alarm
BOCPD,1227,Березовский,Продовольствие,2024-09-01,2.6263669,alarm_without_verified_registry_event_not_proven_false_alarm
BOCPD,1201,Барятинский,Маркетплейсы,2024-11-01,2.6260858,alarm_without_verified_registry_event_not_proven_false_alarm
BOCPD,769,Гайнский,Транспорт,2024-11-01,2.622641,alarm_without_verified_registry_event_not_proven_false_alarm
BOCPD,29,Стерлитамак,Продовольствие,2024-08-01,2.6217742,alarm_without_verified_registry_event_not_proven_false_alarm
BOCPD,926,Лиманский,Продовольствие,2024-09-01,2.619666,alarm_without_verified_registry_event_not_proven_false_alarm
BOCPD,1249,Промышленновский,Продовольствие,2024-09-01,2.6186395,alarm_without_verified_registry_event_not_proven_false_alarm
BOCPD,1405,Приозерский,Продовольствие,2024-08-01,2.617523,alarm_without_verified_registry_event_not_proven_false_alarm
BOCPD,1054,Вологодский,Продовольствие,2024-08-01,2.6118057,alarm_without_verified_registry_event_not_proven_false_alarm
BOCPD,1280,Малмыжский,Продовольствие,2024-09-01,2.6113625,alarm_without_verified_registry_event_not_proven_false_alarm
BOCPD,1154,Киренский,Транспорт,2024-07-01,2.6110363,alarm_without_verified_registry_event_not_proven_false_alarm
BOCPD,1161,Тайшетский,Продовольствие,2024-09-01,2.6104922,alarm_without_verified_registry_event_not_proven_false_alarm
BOCPD,1188,Зеленоградский,Продовольствие,2024-09-01,2.608586,alarm_without_verified_registry_event_not_proven_false_alarm
BOCPD,231,Княжпогостский,Продовольствие,2024-08-01,2.6054366,alarm_without_verified_registry_event_not_proven_false_alarm
BOCPD,2256,Вешкаймский,Продовольствие,2024-08-01,2.603644,alarm_without_verified_registry_event_not_proven_false_alarm
BOCPD,1528,Кулебаки,Общественное питание,2024-07-01,2.6004233,alarm_without_verified_registry_event_not_proven_false_alarm
BOCPD,233,Корткеросский,Общественное питание,2024-11-01,2.600239,alarm_without_verified_registry_event_not_proven_false_alarm
BOCPD,1940,Питерский,Общественное питание,2024-12-01,2.5988898,alarm_without_verified_registry_event_not_proven_false_alarm
BOCPD,2042,Нижнесергинский,Общественное питание,2024-09-01,2.5972698,alarm_without_verified_registry_event_not_proven_false_alarm
BOCPD,1421,Краснинский,Продовольствие,2024-09-01,2.5969284,alarm_without_verified_registry_event_not_proven_false_alarm
BOCPD,912,Приморский,Общественное питание,2024-10-01,2.5918672,alarm_without_verified_registry_event_not_proven_false_alarm
BOCPD,2335,Тутаевский,Продовольствие,2024-09-01,2.5914207,alarm_without_verified_registry_event_not_proven_false_alarm
BOCPD,2243,Ноябрьск,Все категории,2024-09-01,2.5909965,alarm_without_verified_registry_event_not_proven_false_alarm
BOCPD,481,Новочебоксарск,Продовольствие,2024-08-01,2.5873454,alarm_without_verified_registry_event_not_proven_false_alarm
BOCPD,1163,Усольский,Общественное питание,2024-09-01,2.5871937,alarm_without_verified_registry_event_not_proven_false_alarm
BOCPD,1601,Кольцово,Продовольствие,2024-08-01,2.585967,alarm_without_verified_registry_event_not_proven_false_alarm
BOCPD,2067,Хиславичский,Продовольствие,2024-08-01,2.5859609,alarm_without_verified_registry_event_not_proven_false_alarm
BOCPD,20,Шебалинский,Продовольствие,2024-08-01,2.5832946,alarm_without_verified_registry_event_not_proven_false_alarm
BOCPD,1329,Судиславский,Продовольствие,2024-09-01,2.580835,alarm_without_verified_registry_event_not_proven_false_alarm
BOCPD,2336,Угличский,Продовольствие,2024-08-01,2.5794644,alarm_without_verified_registry_event_not_proven_false_alarm
BOCPD,578,Балейский,Продовольствие,2024-09-01,2.5763717,alarm_without_verified_registry_event_not_proven_false_alarm
BOCPD,1892,Исаклинский,Продовольствие,2024-08-01,2.5713239,alarm_without_verified_registry_event_not_proven_false_alarm
BOCPD,39,Белокатайский,Общественное питание,2024-09-01,2.567532,alarm_without_verified_registry_event_not_proven_false_alarm
BOCPD,1975,Малышевский,Транспорт,2024-11-01,2.566476,alarm_without_verified_registry_event_not_proven_false_alarm
BOCPD,2076,Рассказово,Продовольствие,2024-08-01,2.56587,alarm_without_verified_registry_event_not_proven_false_alarm
BOCPD,1854,Кораблинский,Продовольствие,2024-09-01,2.5648937,alarm_without_verified_registry_event_not_proven_false_alarm
BOCPD,45,Буздякский,Продовольствие,2024-08-01,2.5587401,alarm_without_verified_registry_event_not_proven_false_alarm
BOCPD,326,Мегино-Кангаласский,Транспорт,2024-07-01,2.5580666,alarm_without_verified_registry_event_not_proven_false_alarm
BOCPD,316,Булунский,Здоровье,2024-11-01,2.556382,alarm_without_verified_registry_event_not_proven_false_alarm
BOCPD,1519,Кольский,Общественное питание,2024-09-01,2.5561812,alarm_without_verified_registry_event_not_proven_false_alarm
BOCPD,440,Сарапульский,Продовольствие,2024-10-01,2.5445273,alarm_without_verified_registry_event_not_proven_false_alarm
BOCPD,2158,Парабельский,Продовольствие,2024-09-01,2.5437503,alarm_without_verified_registry_event_not_proven_false_alarm
BOCPD,2607,Щаповское,Продовольствие,2024-09-01,2.5343466,alarm_without_verified_registry_event_not_proven_false_alarm
BOCPD,2296,Верхнеуральский,Продовольствие,2024-09-01,2.5334466,alarm_without_verified_registry_event_not_proven_false_alarm
BOCPD,360,Алексеевский,Продовольствие,2024-09-01,2.5332336,alarm_without_verified_registry_event_not_proven_false_alarm
BOCPD,496,Урмарский,Продовольствие,2024-09-01,2.5319724,alarm_without_verified_registry_event_not_proven_false_alarm
BOCPD,1743,Земетчинский,Продовольствие,2024-08-01,2.5315382,alarm_without_verified_registry_event_not_proven_false_alarm
BOCPD,1628,Чановский,Продовольствие,2024-09-01,2.5306878,alarm_without_verified_registry_event_not_proven_false_alarm
BOCPD,2028,Новолялинский,Продовольствие,2024-09-01,2.529505,alarm_without_verified_registry_event_not_proven_false_alarm
BOCPD,705,Курагинский,Транспорт,2024-07-01,2.5282183,alarm_without_verified_registry_event_not_proven_false_alarm
BOCPD,73,Стерлитамакский,Продовольствие,2024-09-01,2.527163,alarm_without_verified_registry_event_not_proven_false_alarm
BOCPD,2304,Красноармейский,Продовольствие,2024-08-01,2.5258484,alarm_without_verified_registry_event_not_proven_false_alarm
BOCPD,2177,Заокский,Продовольствие,2024-09-01,2.5230627,alarm_without_verified_registry_event_not_proven_false_alarm
BOCPD,1185,Гвардейский,Транспорт,2024-07-01,2.5192413,alarm_without_verified_registry_event_not_proven_false_alarm
BOCPD,1961,Ногликский,Общественное питание,2024-09-01,2.5165873,alarm_without_verified_registry_event_not_proven_false_alarm
BOCPD,2279,Копейский,Продовольствие,2024-08-01,2.5104377,alarm_without_verified_registry_event_not_proven_false_alarm
BOCPD,553,Суетский,Все категории,2024-10-01,2.5078259,alarm_without_verified_registry_event_not_proven_false_alarm
BOCPD,2368,Сергиевское,Продовольствие,2024-08-01,2.507626,alarm_without_verified_registry_event_not_proven_false_alarm
BOCPD,2601,Новофедоровское,Продовольствие,2024-09-01,2.5044723,alarm_without_verified_registry_event_not_proven_false_alarm
BOCPD,1027,Кумылженский,Общественное питание,2024-10-01,2.5021012,alarm_without_verified_registry_event_not_proven_false_alarm
BOCPD,917,Заполярный,Общественное питание,2024-09-01,2.4996295,alarm_without_verified_registry_event_not_proven_false_alarm
BOCPD,2223,Покачи,Продовольствие,2024-09-01,2.4987571,alarm_without_verified_registry_event_not_proven_false_alarm
BOCPD,56,Илишевский,Продовольствие,2024-08-01,2.4976838,alarm_without_verified_registry_event_not_proven_false_alarm
BOCPD,451,Сорск,Общественное питание,2024-09-01,2.4957392,alarm_without_verified_registry_event_not_proven_false_alarm
BOCPD,196,Абазинский,Продовольствие,2024-09-01,2.4942434,alarm_without_verified_registry_event_not_proven_false_alarm
BOCPD,1489,Волоколамский,Продовольствие,2024-08-01,2.4939232,alarm_without_verified_registry_event_not_proven_false_alarm
BOCPD,1147,Жигаловский,Продовольствие,2024-08-01,2.4938846,alarm_without_verified_registry_event_not_proven_false_alarm
BOCPD,1015,Городищенский,Транспорт,2024-09-01,2.4937844,alarm_without_verified_registry_event_not_proven_false_alarm
BOCPD,1509,Мончегорск,Здоровье,2024-07-01,2.490926,alarm_without_verified_registry_event_not_proven_false_alarm
BOCPD,54,Зилаирский,Продовольствие,2024-09-01,2.487043,alarm_without_verified_registry_event_not_proven_false_alarm
BOCPD,676,Минусинск,Транспорт,2024-07-01,2.4870148,alarm_without_verified_registry_event_not_proven_false_alarm
BOCPD,1725,Новосильский,Продовольствие,2024-09-01,2.4848578,alarm_without_verified_registry_event_not_proven_false_alarm
BOCPD,516,Баевский,Продовольствие,2024-09-01,2.4805045,alarm_without_verified_registry_event_not_proven_false_alarm
BOCPD,1123,Палехский,Общественное питание,2024-12-01,2.4797585,alarm_without_verified_registry_event_not_proven_false_alarm
BOCPD,2256,Вешкаймский,Транспорт,2024-09-01,2.4787295,alarm_without_verified_registry_event_not_proven_false_alarm
BOCPD,536,Курьинский,Продовольствие,2024-09-01,2.4755843,alarm_without_verified_registry_event_not_proven_false_alarm
BOCPD,1931,Краснокутский,Общественное питание,2024-09-01,2.4748254,alarm_without_verified_registry_event_not_proven_false_alarm
BOCPD,502,Яльчикский,Продовольствие,2024-09-01,2.4737394,alarm_without_verified_registry_event_not_proven_false_alarm
BOCPD,1194,Полесский,Продовольствие,2024-07-01,2.4713821,alarm_without_verified_registry_event_not_proven_false_alarm
BOCPD,2201,Голышмановский,Общественное питание,2024-10-01,2.4615548,alarm_without_verified_registry_event_not_proven_false_alarm
BOCPD,599,Хилокский,Транспорт,2024-07-01,2.4608872,alarm_without_verified_registry_event_not_proven_false_alarm
BOCPD,2181,Куркинский,Продовольствие,2024-08-01,2.4589632,alarm_without_verified_registry_event_not_proven_false_alarm
BOCPD,1996,Кушвинский,Транспорт,2024-09-01,2.4578598,alarm_without_verified_registry_event_not_proven_false_alarm
BOCPD,2876,Кисловодск,Продовольствие,2024-08-01,2.4550328,alarm_without_verified_registry_event_not_proven_false_alarm
BOCPD,438,Малопургинский,Транспорт,2024-12-01,2.453179,alarm_without_verified_registry_event_not_proven_false_alarm
BOCPD,2110,Андреапольский,Общественное питание,2024-09-01,2.4504957,alarm_without_verified_registry_event_not_proven_false_alarm
BOCPD,1121,Лежневский,Продовольствие,2024-08-01,2.4474568,alarm_without_verified_registry_event_not_proven_false_alarm
BOCPD,1685,Грачёвский,Общественное питание,2024-12-01,2.4439707,alarm_without_verified_registry_event_not_proven_false_alarm
BOCPD,369,Буинский,Общественное питание,2024-09-01,2.4433682,alarm_without_verified_registry_event_not_proven_false_alarm
BOCPD,2887,Саратов,Продовольствие,2024-08-01,2.4343727,alarm_without_verified_registry_event_not_proven_false_alarm
BOCPD,195,Карачаевский,Продовольствие,2024-08-01,2.4290357,alarm_without_verified_registry_event_not_proven_false_alarm
BOCPD,874,Завитинский,Транспорт,2024-11-01,2.4273236,alarm_without_verified_registry_event_not_proven_false_alarm
BOCPD,605,Агинский,Продовольствие,2024-09-01,2.421668,alarm_without_verified_registry_event_not_proven_false_alarm
BOCPD,2245,Надымский,Продовольствие,2024-08-01,2.4203296,alarm_without_verified_registry_event_not_proven_false_alarm
BOCPD,2223,Покачи,Транспорт,2024-10-01,2.416874,alarm_without_verified_registry_event_not_proven_false_alarm
BOCPD,330,Нерюнгринский,Общественное питание,2024-09-01,2.4165833,alarm_without_verified_registry_event_not_proven_false_alarm
BOCPD,517,Бийский,Продовольствие,2024-09-01,2.4141285,alarm_without_verified_registry_event_not_proven_false_alarm
BOCPD,810,Благодарненский,Продовольствие,2024-09-01,2.4117343,alarm_without_verified_registry_event_not_proven_false_alarm
BOCPD,2248,Тазовский,Транспорт,2024-10-01,2.4086838,alarm_without_verified_registry_event_not_proven_false_alarm
BOCPD,706,Манский,Транспорт,2024-11-01,2.4068847,alarm_without_verified_registry_event_not_proven_false_alarm
BOCPD,2047,Вяземский,Продовольствие,2024-09-01,2.405959,alarm_without_verified_registry_event_not_proven_false_alarm
BOCPD,275,Килемарский,Продовольствие,2024-08-01,2.3987987,alarm_without_verified_registry_event_not_proven_false_alarm
BOCPD,742,Еловский,Общественное питание,2024-11-01,2.3964336,alarm_without_verified_registry_event_not_proven_false_alarm
BOCPD,1581,Крестецкий,Продовольствие,2024-08-01,2.3940575,alarm_without_verified_registry_event_not_proven_false_alarm
BOCPD,361,Алькеевский,Продовольствие,2024-08-01,2.3928976,alarm_without_verified_registry_event_not_proven_false_alarm
BOCPD,1592,Старорусский,Продовольствие,2024-08-01,2.3913398,alarm_without_verified_registry_event_not_proven_false_alarm
BOCPD,480,Канаш,Продовольствие,2024-09-01,2.389419,alarm_without_verified_registry_event_not_proven_false_alarm
BOCPD,674,Канск,Транспорт,2024-07-01,2.3874676,alarm_without_verified_registry_event_not_proven_false_alarm
BOCPD,277,Мари-Турекский,Общественное питание,2024-10-01,2.380713,alarm_without_verified_registry_event_not_proven_false_alarm
BOCPD,905,Ленский,Общественное питание,2024-09-01,2.3792367,alarm_without_verified_registry_event_not_proven_false_alarm
BOCPD,1552,Гагинский,Общественное питание,2024-09-01,2.3785076,alarm_without_verified_registry_event_not_proven_false_alarm
BOCPD,1027,Кумылженский,Продовольствие,2024-08-01,2.3775604,alarm_without_verified_registry_event_not_proven_false_alarm
BOCPD,449,Абаза,Общественное питание,2024-09-01,2.37342,alarm_without_verified_registry_event_not_proven_false_alarm
BOCPD,2079,Гавриловский,Продовольствие,2024-09-01,2.3729417,alarm_without_verified_registry_event_not_proven_false_alarm
BOCPD,78,Федоровский,Продовольствие,2024-10-01,2.3681316,alarm_without_verified_registry_event_not_proven_false_alarm
BOCPD,1415,Добринский,Продовольствие,2024-09-01,2.367894,alarm_without_verified_registry_event_not_proven_false_alarm
BOCPD,703,Козульский,Продовольствие,2024-09-01,2.3653913,alarm_without_verified_registry_event_not_proven_false_alarm
BOCPD,11,Кош-Агачский,Продовольствие,2024-09-01,2.365184,alarm_without_verified_registry_event_not_proven_false_alarm
BOCPD,2430,Обуховский,Продовольствие,2024-08-01,2.3641744,alarm_without_verified_registry_event_not_proven_false_alarm
BOCPD,2228,Югорск,Продовольствие,2024-08-01,2.363551,alarm_without_verified_registry_event_not_proven_false_alarm
BOCPD,1588,Парфинский,Транспорт,2024-11-01,2.3626664,alarm_without_verified_registry_event_not_proven_false_alarm
BOCPD,718,Таймырский Долгано-Ненецкий,Здоровье,2024-11-01,2.3621728,alarm_without_verified_registry_event_not_proven_false_alarm
BOCPD,2302,Кизильский,Продовольствие,2024-09-01,2.3610606,alarm_without_verified_registry_event_not_proven_false_alarm
BOCPD,2274,Чердаклинский,Продовольствие,2024-08-01,2.3578017,alarm_without_verified_registry_event_not_proven_false_alarm
BOCPD,1401,Лодейнопольский,Продовольствие,2024-08-01,2.354417,alarm_without_verified_registry_event_not_proven_false_alarm
BOCPD,1358,Юргамышский,Общественное питание,2024-10-01,2.3516822,alarm_without_verified_registry_event_not_proven_false_alarm
BOCPD,675,Лесосибирск,Общественное питание,2024-09-01,2.3473063,alarm_without_verified_registry_event_not_proven_false_alarm
BOCPD,1068,Устюженский,Общественное питание,2024-09-01,2.3463316,alarm_without_verified_registry_event_not_proven_false_alarm
BOCPD,1947,Советский,Продовольствие,2024-08-01,2.3437722,alarm_without_verified_registry_event_not_proven_false_alarm
BOCPD,231,Княжпогостский,Общественное питание,2024-09-01,2.3428888,alarm_without_verified_registry_event_not_proven_false_alarm
BOCPD,495,Порецкий,Продовольствие,2024-09-01,2.340375,alarm_without_verified_registry_event_not_proven_false_alarm
BOCPD,312,Алданский,Общественное питание,2024-09-01,2.3394856,alarm_without_verified_registry_event_not_proven_false_alarm
BOCPD,241,Усть-Вымский,Продовольствие,2024-09-01,2.334474,alarm_without_verified_registry_event_not_proven_false_alarm
BOCPD,1061,Никольский,Транспорт,2024-07-01,2.3320372,alarm_without_verified_registry_event_not_proven_false_alarm
BOCPD,1244,Крапивинский,Продовольствие,2024-08-01,2.3316352,alarm_without_verified_registry_event_not_proven_false_alarm
BOCPD,2231,Кондинский,Общественное питание,2024-09-01,2.3268929,alarm_without_verified_registry_event_not_proven_false_alarm
BOCPD,54,Зилаирский,Транспорт,2024-11-01,2.326264,alarm_without_verified_registry_event_not_proven_false_alarm
BOCPD,1788,Струго-Красненский,Транспорт,2024-11-01,2.325754,alarm_without_verified_registry_event_not_proven_false_alarm
BOCPD,806,Чугуевский,Общественное питание,2024-10-01,2.3242686,alarm_without_verified_registry_event_not_proven_false_alarm
BOCPD,283,Сернурский,Общественное питание,2024-11-01,2.3230808,alarm_without_verified_registry_event_not_proven_false_alarm
BOCPD,1702,Северный,Общественное питание,2024-09-01,2.3228984,alarm_without_verified_registry_event_not_proven_false_alarm
BOCPD,1724,Новодеревеньковский,Общественное питание,2024-10-01,2.3205569,alarm_without_verified_registry_event_not_proven_false_alarm
BOCPD,2326,Любимский,Транспорт,2024-07-01,2.3181105,alarm_without_verified_registry_event_not_proven_false_alarm
BOCPD,1997,Верхняя Тура,Транспорт,2024-07-01,2.31313,alarm_without_verified_registry_event_not_proven_false_alarm
BOCPD,2308,Нязепетровский,Продовольствие,2024-08-01,2.3090777,alarm_without_verified_registry_event_not_proven_false_alarm
BOCPD,1694,Октябрьский,Общественное питание,2024-10-01,2.3084967,alarm_without_verified_registry_event_not_proven_false_alarm
BOCPD,994,Гусь-Хрустальный,Продовольствие,2024-08-01,2.3078296,alarm_without_verified_registry_event_not_proven_false_alarm
BOCPD,2885,Кудымкарский,Транспорт,2024-07-01,2.3072379,alarm_without_verified_registry_event_not_proven_false_alarm
BOCPD,532,Красногорский,Продовольствие,2024-09-01,2.3042436,alarm_without_verified_registry_event_not_proven_false_alarm
BOCPD,1016,Даниловский,Продовольствие,2024-09-01,2.3036451,alarm_without_verified_registry_event_not_proven_false_alarm
BOCPD,1154,Киренский,Общественное питание,2024-09-01,2.2997255,alarm_without_verified_registry_event_not_proven_false_alarm
BOCPD,2121,Кашинский,Продовольствие,2024-08-01,2.2995872,alarm_without_verified_registry_event_not_proven_false_alarm
BOCPD,1412,Воловский,Общественное питание,2024-11-01,2.2949595,alarm_without_verified_registry_event_not_proven_false_alarm
BOCPD,36,Бакалинский,Продовольствие,2024-08-01,2.2946143,alarm_without_verified_registry_event_not_proven_false_alarm
BOCPD,1854,Кораблинский,Общественное питание,2024-08-01,2.2934017,alarm_without_verified_registry_event_not_proven_false_alarm
BOCPD,2236,Сургутский,Общественное питание,2024-09-01,2.2931144,alarm_without_verified_registry_event_not_proven_false_alarm
BOCPD,834,Курский,Продовольствие,2024-07-01,2.2928247,alarm_without_verified_registry_event_not_proven_false_alarm
BOCPD,2882,Пуровский,Общественное питание,2024-09-01,2.2913513,alarm_without_verified_registry_event_not_proven_false_alarm
BOCPD,1023,Киквидзенский,Продовольствие,2024-10-01,2.2841816,alarm_without_verified_registry_event_not_proven_false_alarm
BOCPD,236,Сосногорск,Общественное питание,2024-09-01,2.2837605,alarm_without_verified_registry_event_not_proven_false_alarm
BOCPD,3011,Златоустовский,Продовольствие,2024-08-01,2.2824435,alarm_without_verified_registry_event_not_proven_false_alarm
BOCPD,1133,Юрьевецкий,Транспорт,2024-10-01,2.275488,alarm_without_verified_registry_event_not_proven_false_alarm
BOCPD,916,Нарьян-Мар,Общественное питание,2024-09-01,2.272843,alarm_without_verified_registry_event_not_proven_false_alarm
BOCPD,701,Каратузский,Продовольствие,2024-09-01,2.27274,alarm_without_verified_registry_event_not_proven_false_alarm
BOCPD,2232,Нефтеюганский,Общественное питание,2024-09-01,2.2707944,alarm_without_verified_registry_event_not_proven_false_alarm
BOCPD,1346,Мишкинский,Общественное питание,2024-11-01,2.2698812,alarm_without_verified_registry_event_not_proven_false_alarm
BOCPD,2145,Кедровый,Продовольствие,2024-08-01,2.2655787,alarm_without_verified_registry_event_not_proven_false_alarm
BOCPD,228,Усинск,Общественное питание,2024-09-01,2.2602236,alarm_without_verified_registry_event_not_proven_false_alarm
BOCPD,438,Малопургинский,Продовольствие,2024-09-01,2.2602167,alarm_without_verified_registry_event_not_proven_false_alarm
BOCPD,444,Шарканский,Продовольствие,2024-08-01,2.2599318,alarm_without_verified_registry_event_not_proven_false_alarm
BOCPD,1981,Верхнесалдинский,Продовольствие,2024-08-01,2.258731,alarm_without_verified_registry_event_not_proven_false_alarm
BOCPD,1148,Заларинский,Продовольствие,2024-09-01,2.258239,alarm_without_verified_registry_event_not_proven_false_alarm
BOCPD,352,Правобережный,Продовольствие,2024-08-01,2.2558076,alarm_without_verified_registry_event_not_proven_false_alarm
BOCPD,1726,Орловский,Продовольствие,2024-08-01,2.252947,alarm_without_verified_registry_event_not_proven_false_alarm
BOCPD,270,Волжск,Общественное питание,2024-10-01,2.2528238,alarm_without_verified_registry_event_not_proven_false_alarm
BOCPD,987,Гусь-Хрустальный,Продовольствие,2024-08-01,2.2489986,alarm_without_verified_registry_event_not_proven_false_alarm
BOCPD,1650,Одесский,Общественное питание,2024-11-01,2.2488382,alarm_without_verified_registry_event_not_proven_false_alarm
BOCPD,2225,Радужный,Общественное питание,2024-09-01,2.2488074,alarm_without_verified_registry_event_not_proven_false_alarm
BOCPD,2287,Усть-Катавский,Общественное питание,2024-10-01,2.2443466,alarm_without_verified_registry_event_not_proven_false_alarm
BOCPD,307,Торбеевский,Продовольствие,2024-09-01,2.2414937,alarm_without_verified_registry_event_not_proven_false_alarm
BOCPD,1574,Шатковский,Продовольствие,2024-09-01,2.2334933,alarm_without_verified_registry_event_not_proven_false_alarm
BOCPD,1569,Спасский,Транспорт,2024-11-01,2.2306767,alarm_without_verified_registry_event_not_proven_false_alarm
BOCPD,393,Тетюшский,Продовольствие,2024-09-01,2.2253065,alarm_without_verified_registry_event_not_proven_false_alarm
BOCPD,2886,Губахинский,Общественное питание,2024-09-01,2.2244186,alarm_without_verified_registry_event_not_proven_false_alarm
BOCPD,1064,Сямженский,Все категории,2024-08-01,2.223465,alarm_without_verified_registry_event_not_proven_false_alarm
BOCPD,1406,Сланцевский,Продовольствие,2024-08-01,2.2233179,alarm_without_verified_registry_event_not_proven_false_alarm
BOCPD,2017,Артинский,Продовольствие,2024-08-01,2.219848,alarm_without_verified_registry_event_not_proven_false_alarm
BOCPD,1131,Шуйский,Продовольствие,2024-08-01,2.2180607,alarm_without_verified_registry_event_not_proven_false_alarm
BOCPD,378,Кукморский,Общественное питание,2024-09-01,2.2178504,alarm_without_verified_registry_event_not_proven_false_alarm
BOCPD,1663,Черлакский,Общественное питание,2024-10-01,2.2122624,alarm_without_verified_registry_event_not_proven_false_alarm
BOCPD,1474,Пущино,Общественное питание,2024-09-01,2.212042,alarm_without_verified_registry_event_not_proven_false_alarm
BOCPD,225,Воркута,Общественное питание,2024-09-01,2.2045813,alarm_without_verified_registry_event_not_proven_false_alarm
BOCPD,2249,Шурышкарский,Продовольствие,2024-09-01,2.2030418,alarm_without_verified_registry_event_not_proven_false_alarm
BOCPD,2130,Молоковский,Общественное питание,2024-07-01,2.1999335,alarm_without_verified_registry_event_not_proven_false_alarm
BOCPD,333,Олекминский,Продовольствие,2024-09-01,2.1984937,alarm_without_verified_registry_event_not_proven_false_alarm
BOCPD,1291,Санчурский,Все категории,2024-07-01,2.1904254,alarm_without_verified_registry_event_not_proven_false_alarm
BOCPD,1650,Одесский,Общественное питание,2024-08-01,2.176432,alarm_without_verified_registry_event_not_proven_false_alarm
BOCPD,581,Забайкальский,Транспорт,2024-07-01,2.173203,alarm_without_verified_registry_event_not_proven_false_alarm
BOCPD,2248,Тазовский,Общественное питание,2024-10-01,2.1708255,alarm_without_verified_registry_event_not_proven_false_alarm
BOCPD,312,Алданский,Продовольствие,2024-09-01,2.1701906,alarm_without_verified_registry_event_not_proven_false_alarm
BOCPD,1508,Кировск,Общественное питание,2024-09-01,2.1685526,alarm_without_verified_registry_event_not_proven_false_alarm
BOCPD,1535,Сокольский,Общественное питание,2024-12-01,2.1632485,alarm_without_verified_registry_event_not_proven_false_alarm
BOCPD,1928,Ивантеевский,Продовольствие,2024-08-01,2.1620002,alarm_without_verified_registry_event_not_proven_false_alarm
BOCPD,621,Тигильский,Общественное питание,2024-08-01,2.1616664,alarm_without_verified_registry_event_not_proven_false_alarm
BOCPD,1644,Марьяновский,Общественное питание,2024-12-01,2.1536882,alarm_without_verified_registry_event_not_proven_false_alarm
BOCPD,2349,Билибинский,Здоровье,2024-07-01,2.1522326,alarm_without_verified_registry_event_not_proven_false_alarm
BOCPD,857,Солнечный,Общественное питание,2024-09-01,2.1456997,alarm_without_verified_registry_event_not_proven_false_alarm
BOCPD,1110,Кохма,Продовольствие,2024-08-01,2.1385474,alarm_without_verified_registry_event_not_proven_false_alarm
BOCPD,2344,Анадырь,Здоровье,2024-11-01,2.1361315,alarm_without_verified_registry_event_not_proven_false_alarm
BOCPD,1219,Тарусский,Общественное питание,2024-10-01,2.133857,alarm_without_verified_registry_event_not_proven_false_alarm
BOCPD,2564,Обручевский,Продовольствие,2024-07-01,2.1269898,alarm_without_verified_registry_event_not_proven_false_alarm
BOCPD,302,Ромодановский,Продовольствие,2024-09-01,2.1265554,alarm_without_verified_registry_event_not_proven_false_alarm
BOCPD,1888,Большечерниговский,Общественное питание,2024-10-01,2.1216493,alarm_without_verified_registry_event_not_proven_false_alarm
BOCPD,1997,Верхняя Тура,Продовольствие,2024-08-01,2.1215756,alarm_without_verified_registry_event_not_proven_false_alarm
BOCPD,498,Чебоксарский,Продовольствие,2024-09-01,2.1204,alarm_without_verified_registry_event_not_proven_false_alarm
BOCPD,1737,Башмаковский,Продовольствие,2024-09-01,2.1188767,alarm_without_verified_registry_event_not_proven_false_alarm
BOCPD,452,Черногорск,Общественное питание,2024-09-01,2.118178,alarm_without_verified_registry_event_not_proven_false_alarm
BOCPD,2109,Удомельский,Общественное питание,2024-09-01,2.1121747,alarm_without_verified_registry_event_not_proven_false_alarm
BOCPD,317,Верхневилюйский,Общественное питание,2024-10-01,2.1110263,alarm_without_verified_registry_event_not_proven_false_alarm
BOCPD,720,Туруханский,Все категории,2024-10-01,2.110209,alarm_without_verified_registry_event_not_proven_false_alarm
BOCPD,1709,Мценск,Продовольствие,2024-08-01,2.108849,alarm_without_verified_registry_event_not_proven_false_alarm
BOCPD,1018,Еланский,Продовольствие,2024-08-01,2.1079206,alarm_without_verified_registry_event_not_proven_false_alarm
BOCPD,677,Назарово,Общественное питание,2024-09-01,2.1060154,alarm_without_verified_registry_event_not_proven_false_alarm
BOCPD,2264,Новоспасский,Продовольствие,2024-09-01,2.1040797,alarm_without_verified_registry_event_not_proven_false_alarm
BOCPD,2591,Вороновское,Общественное питание,2024-09-01,2.1024418,alarm_without_verified_registry_event_not_proven_false_alarm
BOCPD,1629,Черепановский,Продовольствие,2024-08-01,2.099019,alarm_without_verified_registry_event_not_proven_false_alarm
BOCPD,704,Краснотуранский,Продовольствие,2024-09-01,2.0970483,alarm_without_verified_registry_event_not_proven_false_alarm
BOCPD,1038,Серафимовичский,Продовольствие,2024-09-01,2.0951903,alarm_without_verified_registry_event_not_proven_false_alarm
BOCPD,428,Граховский,Все категории,2024-07-01,2.094427,alarm_without_verified_registry_event_not_proven_false_alarm
BOCPD,1624,Татарский,Общественное питание,2024-10-01,2.088553,alarm_without_verified_registry_event_not_proven_false_alarm
BOCPD,2002,Нижнетуринский,Общественное питание,2024-09-01,2.0866249,alarm_without_verified_registry_event_not_proven_false_alarm
BOCPD,1304,Буй,Общественное питание,2024-10-01,2.0842612,alarm_without_verified_registry_event_not_proven_false_alarm
BOCPD,1057,Кадуйский,Продовольствие,2024-08-01,2.0824697,alarm_without_verified_registry_event_not_proven_false_alarm
BOCPD,2066,Угранский,Продовольствие,2024-08-01,2.0795698,alarm_without_verified_registry_event_not_proven_false_alarm
BOCPD,1289,Пижанский,Общественное питание,2024-10-01,2.0763688,alarm_without_verified_registry_event_not_proven_false_alarm
BOCPD,1872,Шацкий,Продовольствие,2024-09-01,2.0722742,alarm_without_verified_registry_event_not_proven_false_alarm
BOCPD,1229,Киселевский,Общественное питание,2024-09-01,2.0661933,alarm_without_verified_registry_event_not_proven_false_alarm
BOCPD,51,Дюртюлинский,Общественное питание,2024-09-01,2.0644648,alarm_without_verified_registry_event_not_proven_false_alarm
BOCPD,1696,Первомайский,Продовольствие,2024-08-01,2.0528994,alarm_without_verified_registry_event_not_proven_false_alarm
BOCPD,1173,Нукутский,Общественное питание,2024-10-01,2.0518348,alarm_without_verified_registry_event_not_proven_false_alarm
BOCPD,437,Красногорский,Транспорт,2024-10-01,2.0515914,alarm_without_verified_registry_event_not_proven_false_alarm
BOCPD,911,Плесецкий,Общественное питание,2024-09-01,2.0513391,alarm_without_verified_registry_event_not_proven_false_alarm
BOCPD,2301,Катав-Ивановский,Общественное питание,2024-10-01,2.049755,alarm_without_verified_registry_event_not_proven_false_alarm
BOCPD,1138,Саянск,Общественное питание,2024-09-01,2.0496564,alarm_without_verified_registry_event_not_proven_false_alarm
BOCPD,1938,Перелюбский,Продовольствие,2024-08-01,2.0463853,alarm_without_verified_registry_event_not_proven_false_alarm
BOCPD,1151,Казачинско-Ленский,Продовольствие,2024-10-01,2.0360653,alarm_without_verified_registry_event_not_proven_false_alarm
BOCPD,1603,Барабинский,Общественное питание,2024-11-01,2.0326564,alarm_without_verified_registry_event_not_proven_false_alarm
BOCPD,2879,Губкинский,Продовольствие,2024-08-01,2.0303066,alarm_without_verified_registry_event_not_proven_false_alarm
BOCPD,614,Соболевский,Здоровье,2024-10-01,2.0255394,alarm_without_verified_registry_event_not_proven_false_alarm
BOCPD,1936,Новоузенский,Продовольствие,2024-08-01,2.0221007,alarm_without_verified_registry_event_not_proven_false_alarm
BOCPD,2321,Большесельский,Все категории,2024-07-01,2.022087,alarm_without_verified_registry_event_not_proven_false_alarm
BOCPD,1305,Волгореченск,Все категории,2024-11-01,2.0137746,alarm_without_verified_registry_event_not_proven_false_alarm
BOCPD,1330,Сусанинский,Здоровье,2024-11-01,2.013538,alarm_without_verified_registry_event_not_proven_false_alarm
BOCPD,2348,Анадырский,Все категории,2024-10-01,2.0113149,alarm_without_verified_registry_event_not_proven_false_alarm
BOCPD,508,Заринск,Общественное питание,2024-09-01,2.0098555,alarm_without_verified_registry_event_not_proven_false_alarm
BOCPD,1871,Чучковский,Продовольствие,2024-07-01,2.0061219,alarm_without_verified_registry_event_not_proven_false_alarm
BOCPD,230,Ижемский,Общественное питание,2024-11-01,2.0021324,alarm_without_verified_registry_event_not_proven_false_alarm
BOCPD,2129,Максатихинский,Общественное питание,2024-10-01,2.0012023,alarm_without_verified_registry_event_not_proven_false_alarm
BOCPD,2027,Бисертский,Общественное питание,2024-10-01,1.9994286,alarm_without_verified_registry_event_not_proven_false_alarm
BOCPD,592,Ононский,Продовольствие,2024-09-01,1.9969671,alarm_without_verified_registry_event_not_proven_false_alarm
BOCPD,1186,Гурьевский,Продовольствие,2024-08-01,1.9954711,alarm_without_verified_registry_event_not_proven_false_alarm
BOCPD,380,Лениногорский,Общественное питание,2024-09-01,1.9869384,alarm_without_verified_registry_event_not_proven_false_alarm
BOCPD,2223,Покачи,Общественное питание,2024-09-01,1.9867396,alarm_without_verified_registry_event_not_proven_false_alarm
BOCPD,875,Зейский,Транспорт,2024-07-01,1.9843752,alarm_without_verified_registry_event_not_proven_false_alarm
BOCPD,1454,Кашира,Продовольствие,2024-08-01,1.972889,alarm_without_verified_registry_event_not_proven_false_alarm
BOCPD,1761,Спасский,Транспорт,2024-07-01,1.9700347,alarm_without_verified_registry_event_not_proven_false_alarm
BOCPD,1208,Износковский,Продовольствие,2024-07-01,1.9678664,alarm_without_verified_registry_event_not_proven_false_alarm
BOCPD,1510,Оленегорск,Общественное питание,2024-10-01,1.9663918,alarm_without_verified_registry_event_not_proven_false_alarm
BOCPD,1682,Беляевский,Маркетплейсы,2024-11-01,1.9660841,alarm_without_verified_registry_event_not_proven_false_alarm
BOCPD,748,Краснокамский,Общественное питание,2024-10-01,1.9638231,alarm_without_verified_registry_event_not_proven_false_alarm
BOCPD,1302,Яранский,Общественное питание,2024-09-01,1.9621143,alarm_without_verified_registry_event_not_proven_false_alarm
BOCPD,327,Мирнинский,Продовольствие,2024-08-01,1.962098,alarm_without_verified_registry_event_not_proven_false_alarm
BOCPD,1896,Клявлинский,Транспорт,2024-11-01,1.953096,alarm_without_verified_registry_event_not_proven_false_alarm
BOCPD,1133,Юрьевецкий,Общественное питание,2024-11-01,1.9493291,alarm_without_verified_registry_event_not_proven_false_alarm
BOCPD,1003,Собинский,Продовольствие,2024-09-01,1.9468774,alarm_without_verified_registry_event_not_proven_false_alarm
BOCPD,1148,Заларинский,Общественное питание,2024-11-01,1.946146,alarm_without_verified_registry_event_not_proven_false_alarm
BOCPD,718,Таймырский Долгано-Ненецкий,Транспорт,2024-10-01,1.9457188,alarm_without_verified_registry_event_not_proven_false_alarm
BOCPD,227,Инта,Общественное питание,2024-10-01,1.9422054,alarm_without_verified_registry_event_not_proven_false_alarm
BOCPD,1130,Фурмановский,Общественное питание,2024-09-01,1.9414103,alarm_without_verified_registry_event_not_proven_false_alarm
BOCPD,2171,Арсеньевский,Общественное питание,2024-09-01,1.9370096,alarm_without_verified_registry_event_not_proven_false_alarm
BOCPD,1252,Топкинский,Продовольствие,2024-08-01,1.9361025,alarm_without_verified_registry_event_not_proven_false_alarm
BOCPD,1650,Одесский,Транспорт,2024-08-01,1.9343201,alarm_without_verified_registry_event_not_proven_false_alarm
BOCPD,1521,Печенгский,Общественное питание,2024-09-01,1.9313023,alarm_without_verified_registry_event_not_proven_false_alarm
BOCPD,1625,Тогучинский,Общественное питание,2024-12-01,1.9311699,alarm_without_verified_registry_event_not_proven_false_alarm
BOCPD,753,Ординский,Продовольствие,2024-09-01,1.9271356,alarm_without_verified_registry_event_not_proven_false_alarm
BOCPD,817,Кировский,Продовольствие,2024-08-01,1.9259286,alarm_without_verified_registry_event_not_proven_false_alarm
BOCPD,2879,Губкинский,Общественное питание,2024-09-01,1.9254484,alarm_without_verified_registry_event_not_proven_false_alarm
BOCPD,1993,Краснотурьинск,Общественное питание,2024-09-01,1.9229085,alarm_without_verified_registry_event_not_proven_false_alarm
BOCPD,1321,Нерехта и Нерехтский,Продовольствие,2024-08-01,1.9220953,alarm_without_verified_registry_event_not_proven_false_alarm
BOCPD,234,Печора,Общественное питание,2024-09-01,1.9203521,alarm_without_verified_registry_event_not_proven_false_alarm
BOCPD,571,Шипуновский,Общественное питание,2024-10-01,1.9185627,alarm_without_verified_registry_event_not_proven_false_alarm
BOCPD,1207,Кировский,Общественное питание,2024-10-01,1.9176672,alarm_without_verified_registry_event_not_proven_false_alarm
BOCPD,1776,Новосокольнический,Общественное питание,2024-10-01,1.9167368,alarm_without_verified_registry_event_not_proven_false_alarm
BOCPD,1903,Приволжский,Транспорт,2024-08-01,1.9163604,alarm_without_verified_registry_event_not_proven_false_alarm
BOCPD,917,Заполярный,Все категории,2024-10-01,1.91463,alarm_without_verified_registry_event_not_proven_false_alarm
BOCPD,848,Верхнебуреинский,Продовольствие,2024-08-01,1.9112735,alarm_without_verified_registry_event_not_proven_false_alarm
BOCPD,1710,Болховский,Продовольствие,2024-07-01,1.9104766,alarm_without_verified_registry_event_not_proven_false_alarm
BOCPD,1529,Навашинский,Общественное питание,2024-11-01,1.9089304,alarm_without_verified_registry_event_not_proven_false_alarm
BOCPD,1659,Тарский,Общественное питание,2024-09-01,1.9078707,alarm_without_verified_registry_event_not_proven_false_alarm
BOCPD,1756,Никольский,Общественное питание,2024-10-01,1.9071196,alarm_without_verified_registry_event_not_proven_false_alarm
BOCPD,923,Икрянинский,Общественное питание,2024-10-01,1.9027677,alarm_without_verified_registry_event_not_proven_false_alarm
BOCPD,185,Малодербетовский,Общественное питание,2024-11-01,1.900376,alarm_without_verified_registry_event_not_proven_false_alarm
BOCPD,511,Славгород,Общественное питание,2024-09-01,1.8992668,alarm_without_verified_registry_event_not_proven_false_alarm
BOCPD,2341,Облученский,Общественное питание,2024-10-01,1.8991461,alarm_without_verified_registry_event_not_proven_false_alarm
BOCPD,2070,Ярцевский,Общественное питание,2024-09-01,1.8987399,alarm_without_verified_registry_event_not_proven_false_alarm
BOCPD,1918,Базарно-Карабулакский,Продовольствие,2024-09-01,1.8972983,alarm_without_verified_registry_event_not_proven_false_alarm
BOCPD,2337,Ярославский,Общественное питание,2024-09-01,1.8958361,alarm_without_verified_registry_event_not_proven_false_alarm
BOCPD,334,Оленекский,Продовольствие,2024-09-01,1.8930361,alarm_without_verified_registry_event_not_proven_false_alarm
BOCPD,2132,Оленинский,Общественное питание,2024-12-01,1.8909982,alarm_without_verified_registry_event_not_proven_false_alarm
BOCPD,403,Дзун-Хемчикский,Общественное питание,2024-10-01,1.8899082,alarm_without_verified_registry_event_not_proven_false_alarm
BOCPD,1917,Аткарский,Общественное питание,2024-10-01,1.8893638,alarm_without_verified_registry_event_not_proven_false_alarm
BOCPD,2053,Ельнинский,Общественное питание,2024-09-01,1.8887787,alarm_without_verified_registry_event_not_proven_false_alarm
BOCPD,2245,Надымский,Общественное питание,2024-10-01,1.8865603,alarm_without_verified_registry_event_not_proven_false_alarm
BOCPD,1733,Шаблыкинский,Продовольствие,2024-10-01,1.8864214,alarm_without_verified_registry_event_not_proven_false_alarm
BOCPD,395,Тюлячинский,Все категории,2024-09-01,1.8843195,alarm_without_verified_registry_event_not_proven_false_alarm
BOCPD,1887,Большеглушицкий,Общественное питание,2024-07-01,1.8828987,alarm_without_verified_registry_event_not_proven_false_alarm
BOCPD,694,Енисейский,Транспорт,2024-07-01,1.8763906,alarm_without_verified_registry_event_not_proven_false_alarm
BOCPD,1180,Светловский,Продовольствие,2024-09-01,1.8760476,alarm_without_verified_registry_event_not_proven_false_alarm
BOCPD,2243,Ноябрьск,Общественное питание,2024-09-01,1.8729173,alarm_without_verified_registry_event_not_proven_false_alarm
BOCPD,1564,Пильнинский,Транспорт,2024-11-01,1.8703332,alarm_without_verified_registry_event_not_proven_false_alarm
BOCPD,2590,Воскресенское,Общественное питание,2024-09-01,1.8691896,alarm_without_verified_registry_event_not_proven_false_alarm
BOCPD,1304,Буй,Транспорт,2024-10-01,1.865933,alarm_without_verified_registry_event_not_proven_false_alarm
BOCPD,1249,Промышленновский,Общественное питание,2024-09-01,1.8624276,alarm_without_verified_registry_event_not_proven_false_alarm
BOCPD,751,Нытвенский,Общественное питание,2024-10-01,1.8603342,alarm_without_verified_registry_event_not_proven_false_alarm
BOCPD,497,Цивильский,Продовольствие,2024-08-01,1.8592478,alarm_without_verified_registry_event_not_proven_false_alarm
BOCPD,1483,Черноголовка,Продовольствие,2024-09-01,1.8566636,alarm_without_verified_registry_event_not_proven_false_alarm
BOCPD,902,Коношский,Общественное питание,2024-09-01,1.8491199,alarm_without_verified_registry_event_not_proven_false_alarm
BOCPD,1542,Большемурашкинский,Продовольствие,2024-09-01,1.8437566,alarm_without_verified_registry_event_not_proven_false_alarm
BOCPD,1224,Кемеровский,Общественное питание,2024-09-01,1.8376532,alarm_without_verified_registry_event_not_proven_false_alarm
BOCPD,1308,Шарья,Общественное питание,2024-10-01,1.8368894,alarm_without_verified_registry_event_not_proven_false_alarm
BOCPD,1704,Тоцкий,Транспорт,2024-07-01,1.832404,alarm_without_verified_registry_event_not_proven_false_alarm
BOCPD,23,Кумертау,Общественное питание,2024-09-01,1.8297116,alarm_without_verified_registry_event_not_proven_false_alarm
BOCPD,1784,Пустошкинский,Продовольствие,2024-07-01,1.8287405,alarm_without_verified_registry_event_not_proven_false_alarm
BOCPD,1533,Шахунья,Общественное питание,2024-10-01,1.825174,alarm_without_verified_registry_event_not_proven_false_alarm
BOCPD,2241,Муравленко,Транспорт,2024-10-01,1.8250039,alarm_without_verified_registry_event_not_proven_false_alarm
BOCPD,1240,Беловский,Продовольствие,2024-08-01,1.8190798,alarm_without_verified_registry_event_not_proven_false_alarm
BOCPD,1705,Тюльганский,Продовольствие,2024-07-01,1.8182254,alarm_without_verified_registry_event_not_proven_false_alarm
BOCPD,229,Ухта,Общественное питание,2024-09-01,1.8171352,alarm_without_verified_registry_event_not_proven_false_alarm
BOCPD,2527,Куркино,Общественное питание,2024-09-01,1.8159714,alarm_without_verified_registry_event_not_proven_false_alarm
BOCPD,453,Алтайский,Транспорт,2024-07-01,1.8138887,alarm_without_verified_registry_event_not_proven_false_alarm
BOCPD,2308,Нязепетровский,Общественное питание,2024-08-01,1.8110359,alarm_without_verified_registry_event_not_proven_false_alarm
BOCPD,2217,Когалым,Общественное питание,2024-09-01,1.8099827,alarm_without_verified_registry_event_not_proven_false_alarm
BOCPD,718,Таймырский Долгано-Ненецкий,Общественное питание,2024-10-01,1.8069549,alarm_without_verified_registry_event_not_proven_false_alarm
BOCPD,1316,Красносельский,Общественное питание,2024-10-01,1.8030338,alarm_without_verified_registry_event_not_proven_false_alarm
BOCPD,1065,Тарногский,Общественное питание,2024-09-01,1.8025486,alarm_without_verified_registry_event_not_proven_false_alarm
BOCPD,1478,Серебряные Пруды,Общественное питание,2024-10-01,1.801835,alarm_without_verified_registry_event_not_proven_false_alarm
BOCPD,74,Татышлинский,Общественное питание,2024-10-01,1.8017498,alarm_without_verified_registry_event_not_proven_false_alarm
BOCPD,1742,Городищенский,Продовольствие,2024-07-01,1.7942593,alarm_without_verified_registry_event_not_proven_false_alarm
BOCPD,31,Альшеевский,Продовольствие,2024-07-01,1.7920783,alarm_without_verified_registry_event_not_proven_false_alarm
BOCPD,2118,Зубцовский,Общественное питание,2024-11-01,1.7919117,alarm_without_verified_registry_event_not_proven_false_alarm
BOCPD,585,Краснокаменск и Краснокаменский,Общественное питание,2024-09-01,1.791618,alarm_without_verified_registry_event_not_proven_false_alarm
BOCPD,770,Косинский,Транспорт,2024-11-01,1.7901684,alarm_without_verified_registry_event_not_proven_false_alarm
BOCPD,787,Анучинский,Маркетплейсы,2024-11-01,1.7886112,alarm_without_verified_registry_event_not_proven_false_alarm
BOCPD,1447,Егорьевск,Общественное питание,2024-10-01,1.7878065,alarm_without_verified_registry_event_not_proven_false_alarm
BOCPD,1406,Сланцевский,Общественное питание,2024-09-01,1.784433,alarm_without_verified_registry_event_not_proven_false_alarm
BOCPD,1066,Тотемский,Общественное питание,2024-09-01,1.7843108,alarm_without_verified_registry_event_not_proven_false_alarm
BOCPD,615,Усть-Большерецкий,Общественное питание,2024-07-01,1.7837877,alarm_without_verified_registry_event_not_proven_false_alarm
BOCPD,588,Могочинский,Общественное питание,2024-09-01,1.7776465,alarm_without_verified_registry_event_not_proven_false_alarm
BOCPD,2180,Киреевский,Общественное питание,2024-10-01,1.7752041,alarm_without_verified_registry_event_not_proven_false_alarm
BOCPD,1185,Гвардейский,Маркетплейсы,2024-11-01,1.7739515,alarm_without_verified_registry_event_not_proven_false_alarm
BOCPD,1270,Вятскополянский,Общественное питание,2024-10-01,1.769412,alarm_without_verified_registry_event_not_proven_false_alarm
BOCPD,2195,Абатский,Общественное питание,2024-10-01,1.7659012,alarm_without_verified_registry_event_not_proven_false_alarm
BOCPD,2045,Десногорск,Общественное питание,2024-09-01,1.7629398,alarm_without_verified_registry_event_not_proven_false_alarm
BOCPD,2179,Кимовский,Общественное питание,2024-10-01,1.760663,alarm_without_verified_registry_event_not_proven_false_alarm
BOCPD,226,Вуктыл,Общественное питание,2024-10-01,1.7573527,alarm_without_verified_registry_event_not_proven_false_alarm
BOCPD,1507,Апатиты,Общественное питание,2024-09-01,1.7550039,alarm_without_verified_registry_event_not_proven_false_alarm
BOCPD,1057,Кадуйский,Транспорт,2024-11-01,1.7528344,alarm_without_verified_registry_event_not_proven_false_alarm
BOCPD,2062,Сафоновский,Общественное питание,2024-10-01,1.7485921,alarm_without_verified_registry_event_not_proven_false_alarm
BOCPD,2231,Кондинский,Транспорт,2024-08-01,1.7442404,alarm_without_verified_registry_event_not_proven_false_alarm
BOCPD,2139,Спировский,Общественное питание,2024-10-01,1.7385535,alarm_without_verified_registry_event_not_proven_false_alarm
BOCPD,2117,Западнодвинский,Общественное питание,2024-10-01,1.7354201,alarm_without_verified_registry_event_not_proven_false_alarm
BOCPD,2589,Внуковское,Общественное питание,2024-09-01,1.7348123,alarm_without_verified_registry_event_not_proven_false_alarm
BOCPD,2286,Троицкий,Общественное питание,2024-10-01,1.7347646,alarm_without_verified_registry_event_not_proven_false_alarm
BOCPD,2060,Рославльский,Общественное питание,2024-09-01,1.733359,alarm_without_verified_registry_event_not_proven_false_alarm
BOCPD,2212,Упоровский,Продовольствие,2024-09-01,1.7333115,alarm_without_verified_registry_event_not_proven_false_alarm
BOCPD,891,Коряжма,Все категории,2024-12-01,1.7305148,alarm_without_verified_registry_event_not_proven_false_alarm
BOCPD,1333,Курган,Общественное питание,2024-09-01,1.724502,alarm_without_verified_registry_event_not_proven_false_alarm
BOCPD,2340,Ленинский,Общественное питание,2024-11-01,1.72343,alarm_without_verified_registry_event_not_proven_false_alarm
BOCPD,2034,Талицкий,Общественное питание,2024-09-01,1.7231882,alarm_without_verified_registry_event_not_proven_false_alarm
BOCPD,316,Булунский,Все категории,2024-11-01,1.7209707,alarm_without_verified_registry_event_not_proven_false_alarm
BOCPD,2237,Ханты-Мансийский,Общественное питание,2024-10-01,1.7201543,alarm_without_verified_registry_event_not_proven_false_alarm
BOCPD,78,Федоровский,Общественное питание,2024-11-01,1.7171392,alarm_without_verified_registry_event_not_proven_false_alarm
BOCPD,891,Коряжма,Продовольствие,2024-11-01,1.7145181,alarm_without_verified_registry_event_not_proven_false_alarm
BOCPD,548,Ребрихинский,Общественное питание,2024-10-01,1.7117741,alarm_without_verified_registry_event_not_proven_false_alarm
BOCPD,2552,Некрасовка,Общественное питание,2024-09-01,1.6972101,alarm_without_verified_registry_event_not_proven_false_alarm
BOCPD,1710,Болховский,Общественное питание,2024-10-01,1.6961594,alarm_without_verified_registry_event_not_proven_false_alarm
BOCPD,2524,Северный,Общественное питание,2024-09-01,1.6933002,alarm_without_verified_registry_event_not_proven_false_alarm
BOCPD,847,Ванинский,Общественное питание,2024-10-01,1.6930475,alarm_without_verified_registry_event_not_proven_false_alarm
BOCPD,2156,Кривошеинский,Продовольствие,2024-09-01,1.6909856,alarm_without_verified_registry_event_not_proven_false_alarm
BOCPD,1685,Грачёвский,Продовольствие,2024-08-01,1.6897585,alarm_without_verified_registry_event_not_proven_false_alarm
BOCPD,848,Верхнебуреинский,Общественное питание,2024-10-01,1.6893551,alarm_without_verified_registry_event_not_proven_false_alarm
BOCPD,496,Урмарский,Общественное питание,2024-12-01,1.6826277,alarm_without_verified_registry_event_not_proven_false_alarm
BOCPD,1719,Кромской,Транспорт,2024-11-01,1.6787857,alarm_without_verified_registry_event_not_proven_false_alarm
BOCPD,2195,Абатский,Транспорт,2024-12-01,1.6745093,alarm_without_verified_registry_event_not_proven_false_alarm
BOCPD,505,Алейск,Общественное питание,2024-09-01,1.6725247,alarm_without_verified_registry_event_not_proven_false_alarm
BOCPD,1509,Мончегорск,Общественное питание,2024-09-01,1.6714456,alarm_without_verified_registry_event_not_proven_false_alarm
BOCPD,1401,Лодейнопольский,Общественное питание,2024-10-01,1.6709596,alarm_without_verified_registry_event_not_proven_false_alarm
BOCPD,2238,Салехард,Общественное питание,2024-10-01,1.6687391,alarm_without_verified_registry_event_not_proven_false_alarm
BOCPD,316,Булунский,Транспорт,2024-10-01,1.6686108,alarm_without_verified_registry_event_not_proven_false_alarm
BOCPD,2017,Артинский,Общественное питание,2024-10-01,1.6657522,alarm_without_verified_registry_event_not_proven_false_alarm
BOCPD,2048,Гагаринский,Общественное питание,2024-10-01,1.665314,alarm_without_verified_registry_event_not_proven_false_alarm
BOCPD,1619,Мошковский,Транспорт,2024-07-01,1.6629024,alarm_without_verified_registry_event_not_proven_false_alarm
BOCPD,781,Лесозаводский,Общественное питание,2024-10-01,1.6524746,alarm_without_verified_registry_event_not_proven_false_alarm
BOCPD,2001,Нижняя Салда,Общественное питание,2024-10-01,1.6519873,alarm_without_verified_registry_event_not_proven_false_alarm
BOCPD,2242,Новый Уренгой,Общественное питание,2024-09-01,1.650634,alarm_without_verified_registry_event_not_proven_false_alarm
BOCPD,1738,Бековский,Общественное питание,2024-09-01,1.6491355,alarm_without_verified_registry_event_not_proven_false_alarm
BOCPD,1520,Ловозерский,Общественное питание,2024-10-01,1.645929,alarm_without_verified_registry_event_not_proven_false_alarm
BOCPD,543,Павловский,Общественное питание,2024-10-01,1.6433612,alarm_without_verified_registry_event_not_proven_false_alarm
BOCPD,2142,Торопецкий,Общественное питание,2024-10-01,1.6423012,alarm_without_verified_registry_event_not_proven_false_alarm
BOCPD,2293,Ашинский,Общественное питание,2024-10-01,1.641911,alarm_without_verified_registry_event_not_proven_false_alarm
BOCPD,1510,Оленегорск,Транспорт,2024-10-01,1.6415465,alarm_without_verified_registry_event_not_proven_false_alarm
BOCPD,1039,Среднеахтубинский,Общественное питание,2024-10-01,1.6328619,alarm_without_verified_registry_event_not_proven_false_alarm
BOCPD,1315,Костромской,Общественное питание,2024-10-01,1.6288774,alarm_without_verified_registry_event_not_proven_false_alarm
BOCPD,1719,Кромской,Продовольствие,2024-07-01,1.6260262,alarm_without_verified_registry_event_not_proven_false_alarm
BOCPD,1256,Яйский,Общественное питание,2024-10-01,1.6259195,alarm_without_verified_registry_event_not_proven_false_alarm
BOCPD,880,Михайловский,Все категории,2024-12-01,1.625254,alarm_without_verified_registry_event_not_proven_false_alarm
BOCPD,2218,Лангепас,Общественное питание,2024-10-01,1.6233107,alarm_without_verified_registry_event_not_proven_false_alarm
BOCPD,1205,Жиздринский,Общественное питание,2024-11-01,1.6229992,alarm_without_verified_registry_event_not_proven_false_alarm
BOCPD,334,Оленекский,Транспорт,2024-08-01,1.6229697,alarm_without_verified_registry_event_not_proven_false_alarm
BOCPD,2094,Сампурский,Продовольствие,2024-09-01,1.6167767,alarm_without_verified_registry_event_not_proven_false_alarm
BOCPD,354,Казань,Общественное питание,2024-10-01,1.615356,alarm_without_verified_registry_event_not_proven_false_alarm
BOCPD,364,Арский,Общественное питание,2024-10-01,1.6133378,alarm_without_verified_registry_event_not_proven_false_alarm
BOCPD,1048,Бабушкинский,Общественное питание,2024-10-01,1.6128209,alarm_without_verified_registry_event_not_proven_false_alarm
BOCPD,68,Мишкинский,Все категории,2024-07-01,1.6124623,alarm_without_verified_registry_event_not_proven_false_alarm
BOCPD,1035,Палласовский,Общественное питание,2024-10-01,1.611741,alarm_without_verified_registry_event_not_proven_false_alarm
BOCPD,2312,Сосновский,Общественное питание,2024-10-01,1.6113117,alarm_without_verified_registry_event_not_proven_false_alarm
BOCPD,1580,Демянский,Общественное питание,2024-12-01,1.6079291,alarm_without_verified_registry_event_not_proven_false_alarm
BOCPD,567,Усть-Пристанский,Общественное питание,2024-10-01,1.6021061,alarm_without_verified_registry_event_not_proven_false_alarm
BOCPD,2644,Серпухов,Общественное питание,2024-10-01,1.6019722,alarm_without_verified_registry_event_not_proven_false_alarm
BOCPD,2182,Одоевский,Общественное питание,2024-10-01,1.6018914,alarm_without_verified_registry_event_not_proven_false_alarm
BOCPD,1991,Кировградский,Общественное питание,2024-10-01,1.6013173,alarm_without_verified_registry_event_not_proven_false_alarm
BOCPD,2085,Мордовский,Общественное питание,2024-10-01,1.6001906,alarm_without_verified_registry_event_not_proven_false_alarm
BOCPD,1033,Октябрьский,Продовольствие,2024-08-01,1.5997456,alarm_without_verified_registry_event_not_proven_false_alarm
BOCPD,1235,Полысаевский,Продовольствие,2024-08-01,1.596867,alarm_without_verified_registry_event_not_proven_false_alarm
BOCPD,1179,Пионерский,Транспорт,2024-07-01,1.5958307,alarm_without_verified_registry_event_not_proven_false_alarm
BOCPD,316,Булунский,Общественное питание,2024-10-01,1.5909022,alarm_without_verified_registry_event_not_proven_false_alarm
BOCPD,806,Чугуевский,Маркетплейсы,2024-11-01,1.5872678,alarm_without_verified_registry_event_not_proven_false_alarm
BOCPD,1404,Подпорожский,Общественное питание,2024-10-01,1.585586,alarm_without_verified_registry_event_not_proven_false_alarm
BOCPD,783,Партизанский,Общественное питание,2024-10-01,1.5841032,alarm_without_verified_registry_event_not_proven_false_alarm
BOCPD,1506,Мурманск,Общественное питание,2024-10-01,1.5834813,alarm_without_verified_registry_event_not_proven_false_alarm
BOCPD,1011,Урюпинск,Общественное питание,2024-10-01,1.5830228,alarm_without_verified_registry_event_not_proven_false_alarm
BOCPD,991,Александровский,Общественное питание,2024-10-01,1.5790107,alarm_without_verified_registry_event_not_proven_false_alarm
BOCPD,408,Пий-Хемский,Продовольствие,2024-10-01,1.5789138,alarm_without_verified_registry_event_not_proven_false_alarm
BOCPD,849,Вяземский,Общественное питание,2024-10-01,1.5788811,alarm_without_verified_registry_event_not_proven_false_alarm
BOCPD,1660,Тевризский,Общественное питание,2024-10-01,1.5757077,alarm_without_verified_registry_event_not_proven_false_alarm
BOCPD,1320,Нейский,Общественное питание,2024-11-01,1.5732974,alarm_without_verified_registry_event_not_proven_false_alarm
BOCPD,1211,Людиновский,Общественное питание,2024-11-01,1.571989,alarm_without_verified_registry_event_not_proven_false_alarm
BOCPD,1456,Королёв,Общественное питание,2024-10-01,1.57073,alarm_without_verified_registry_event_not_proven_false_alarm
BOCPD,2879,Губкинский,Транспорт,2024-10-01,1.5581205,alarm_without_verified_registry_event_not_proven_false_alarm
BOCPD,1041,Суровикинский,Общественное питание,2024-10-01,1.5579308,alarm_without_verified_registry_event_not_proven_false_alarm
BOCPD,1194,Полесский,Общественное питание,2024-10-01,1.5574187,alarm_without_verified_registry_event_not_proven_false_alarm
BOCPD,1974,Асбестовский,Общественное питание,2024-10-01,1.5561442,alarm_without_verified_registry_event_not_proven_false_alarm
BOCPD,1559,Краснооктябрьский,Транспорт,2024-11-01,1.5465547,alarm_without_verified_registry_event_not_proven_false_alarm
BOCPD,996,Киржачский,Общественное питание,2024-10-01,1.5412376,alarm_without_verified_registry_event_not_proven_false_alarm
BOCPD,2220,Нефтеюганск,Общественное питание,2024-10-01,1.5394614,alarm_without_verified_registry_event_not_proven_false_alarm
BOCPD,65,Кушнаренковский,Общественное питание,2024-10-01,1.5383289,alarm_without_verified_registry_event_not_proven_false_alarm
BOCPD,874,Завитинский,Общественное питание,2024-11-01,1.5355843,alarm_without_verified_registry_event_not_proven_false_alarm
BOCPD,1067,Усть-Кубинский,Общественное питание,2024-10-01,1.5324582,alarm_without_verified_registry_event_not_proven_false_alarm
BOCPD,62,Краснокамский,Здоровье,2024-11-01,1.5316693,alarm_without_verified_registry_event_not_proven_false_alarm
BOCPD,676,Минусинск,Общественное питание,2024-10-01,1.5270827,alarm_without_verified_registry_event_not_proven_false_alarm
BOCPD,1537,Ардатовский,Транспорт,2024-10-01,1.524788,alarm_without_verified_registry_event_not_proven_false_alarm
BOCPD,1774,Невельский,Общественное питание,2024-10-01,1.5190444,alarm_without_verified_registry_event_not_proven_false_alarm
BOCPD,810,Благодарненский,Общественное питание,2024-10-01,1.5159447,alarm_without_verified_registry_event_not_proven_false_alarm
BOCPD,1419,Задонский,Общественное питание,2024-11-01,1.5153062,alarm_without_verified_registry_event_not_proven_false_alarm
BOCPD,1260,Кирово-Чепецк,Общественное питание,2024-10-01,1.5133916,alarm_without_verified_registry_event_not_proven_false_alarm
BOCPD,1276,Котельничский,Общественное питание,2024-11-01,1.509905,alarm_without_verified_registry_event_not_proven_false_alarm
BOCPD,856,Советско-Гаванский,Общественное питание,2024-11-01,1.5088313,alarm_without_verified_registry_event_not_proven_false_alarm
BOCPD,1672,Новотроицк,Общественное питание,2024-10-01,1.50734,alarm_without_verified_registry_event_not_proven_false_alarm
BOCPD,410,Тандинский,Транспорт,2024-08-01,1.5048245,alarm_without_verified_registry_event_not_proven_false_alarm
BOCPD,2186,Узловский,Общественное питание,2024-10-01,1.5041144,alarm_without_verified_registry_event_not_proven_false_alarm
BOCPD,2338,Биробиджан,Общественное питание,2024-10-01,1.5032126,alarm_without_verified_registry_event_not_proven_false_alarm
BOCPD,340,Усть-Майский,Продовольствие,2024-10-01,1.5027784,alarm_without_verified_registry_event_not_proven_false_alarm
BOCPD,368,Бугульминский,Общественное питание,2024-10-01,1.5016811,alarm_without_verified_registry_event_not_proven_false_alarm
BOCPD,1200,Бабынинский,Общественное питание,2024-10-01,1.5011442,alarm_without_verified_registry_event_not_proven_false_alarm
BOCPD,68,Мишкинский,Продовольствие,2024-08-01,1.4979619,alarm_without_verified_registry_event_not_proven_false_alarm
BOCPD,1036,Руднянский,Общественное питание,2024-10-01,1.4969656,alarm_without_verified_registry_event_not_proven_false_alarm
BOCPD,822,Новоалександровский,Общественное питание,2024-11-01,1.4939939,alarm_without_verified_registry_event_not_proven_false_alarm
BOCPD,1846,Касимов,Общественное питание,2024-10-01,1.4929425,alarm_without_verified_registry_event_not_proven_false_alarm
BOCPD,304,Старошайговский,Продовольствие,2024-07-01,1.4928746,alarm_without_verified_registry_event_not_proven_false_alarm
BOCPD,561,Топчихинский,Общественное питание,2024-10-01,1.4894197,alarm_without_verified_registry_event_not_proven_false_alarm
BOCPD,2491,Крюково,Общественное питание,2024-10-01,1.4883952,alarm_without_verified_registry_event_not_proven_false_alarm
BOCPD,2501,Западное Дегунино,Общественное питание,2024-10-01,1.4811313,alarm_without_verified_registry_event_not_proven_false_alarm
BOCPD,1187,Гусевский,Общественное питание,2024-10-01,1.4763929,alarm_without_verified_registry_event_not_proven_false_alarm
BOCPD,901,Каргопольский,Общественное питание,2024-10-01,1.475974,alarm_without_verified_registry_event_not_proven_false_alarm
BOCPD,1512,Ковдорский,Общественное питание,2024-10-01,1.4749507,alarm_without_verified_registry_event_not_proven_false_alarm
BOCPD,1778,Островский,Транспорт,2024-07-01,1.471729,alarm_without_verified_registry_event_not_proven_false_alarm
BOCPD,726,Эвенкийский,Общественное питание,2024-10-01,1.4715427,alarm_without_verified_registry_event_not_proven_false_alarm
BOCPD,1526,Выкса,Общественное питание,2024-10-01,1.468424,alarm_without_verified_registry_event_not_proven_false_alarm
BOCPD,678,Норильск,Общественное питание,2024-10-01,1.4671674,alarm_without_verified_registry_event_not_proven_false_alarm
BOCPD,2241,Муравленко,Общественное питание,2024-10-01,1.4573988,alarm_without_verified_registry_event_not_proven_false_alarm
BOCPD,1484,Чехов,Общественное питание,2024-10-01,1.4561789,alarm_without_verified_registry_event_not_proven_false_alarm
BOCPD,1448,Жуковский,Общественное питание,2024-10-01,1.4551097,alarm_without_verified_registry_event_not_proven_false_alarm
BOCPD,2512,Бабушкинский,Общественное питание,2024-10-01,1.4544262,alarm_without_verified_registry_event_not_proven_false_alarm
BOCPD,2492,Матушкино,Общественное питание,2024-10-01,1.4537632,alarm_without_verified_registry_event_not_proven_false_alarm
BOCPD,1059,Кичменгско-Городецкий,Общественное питание,2024-09-01,1.4530498,alarm_without_verified_registry_event_not_proven_false_alarm
BOCPD,1181,Советский,Маркетплейсы,2024-11-01,1.4523448,alarm_without_verified_registry_event_not_proven_false_alarm
BOCPD,2131,Нелидовский,Общественное питание,2024-10-01,1.449644,alarm_without_verified_registry_event_not_proven_false_alarm
BOCPD,2543,Тверской,Общественное питание,2024-10-01,1.4477137,alarm_without_verified_registry_event_not_proven_false_alarm
BOCPD,2466,Гольяново,Общественное питание,2024-10-01,1.446365,alarm_without_verified_registry_event_not_proven_false_alarm
BOCPD,841,Шпаковский,Общественное питание,2024-10-01,1.4453434,alarm_without_verified_registry_event_not_proven_false_alarm
BOCPD,1890,Волжский,Общественное питание,2024-10-01,1.4438529,alarm_without_verified_registry_event_not_proven_false_alarm
BOCPD,1306,Галич,Общественное питание,2024-10-01,1.4432462,alarm_without_verified_registry_event_not_proven_false_alarm
BOCPD,1430,Магадан,Общественное питание,2024-10-01,1.4403707,alarm_without_verified_registry_event_not_proven_false_alarm
BOCPD,2596,Краснопахорское,Общественное питание,2024-10-01,1.4374043,alarm_without_verified_registry_event_not_proven_false_alarm
BOCPD,2318,Ярославль,Общественное питание,2024-10-01,1.4348491,alarm_without_verified_registry_event_not_proven_false_alarm
BOCPD,1297,Унинский,Транспорт,2024-11-01,1.4284382,alarm_without_verified_registry_event_not_proven_false_alarm
BOCPD,1008,Волжский,Общественное питание,2024-10-01,1.4268808,alarm_without_verified_registry_event_not_proven_false_alarm
BOCPD,1990,Качканарский,Общественное питание,2024-10-01,1.4226909,alarm_without_verified_registry_event_not_proven_false_alarm
BOCPD,2471,Новокосино,Общественное питание,2024-10-01,1.4224734,alarm_without_verified_registry_event_not_proven_false_alarm
BOCPD,924,Камызякский,Общественное питание,2024-11-01,1.4204124,alarm_without_verified_registry_event_not_proven_false_alarm
BOCPD,1407,Тихвинский,Общественное питание,2024-10-01,1.4180391,alarm_without_verified_registry_event_not_proven_false_alarm
BOCPD,371,Высокогорский,Общественное питание,2024-10-01,1.4175233,alarm_without_verified_registry_event_not_proven_false_alarm
BOCPD,752,Октябрьский,Транспорт,2024-07-01,1.4171796,alarm_without_verified_registry_event_not_proven_false_alarm
BOCPD,669,Бородино,Общественное питание,2024-10-01,1.4165059,alarm_without_verified_registry_event_not_proven_false_alarm
BOCPD,3011,Златоустовский,Общественное питание,2024-10-01,1.4155157,alarm_without_verified_registry_event_not_proven_false_alarm
BOCPD,1463,Луховицы,Общественное питание,2024-10-01,1.4150463,alarm_without_verified_registry_event_not_proven_false_alarm
BOCPD,2483,Ново-Переделкино,Общественное питание,2024-10-01,1.4142722,alarm_without_verified_registry_event_not_proven_false_alarm
BOCPD,359,Актанышский,Общественное питание,2024-10-01,1.4137695,alarm_without_verified_registry_event_not_proven_false_alarm
BOCPD,2227,Урай,Общественное питание,2024-10-01,1.4081625,alarm_without_verified_registry_event_not_proven_false_alarm
BOCPD,2605,Сосенское,Общественное питание,2024-10-01,1.4056629,alarm_without_verified_registry_event_not_proven_false_alarm
BOCPD,2565,Северное Бутово,Общественное питание,2024-10-01,1.4032253,alarm_without_verified_registry_event_not_proven_false_alarm
BOCPD,349,Ирафский,Продовольствие,2024-07-01,1.400888,alarm_without_verified_registry_event_not_proven_false_alarm
BOCPD,776,Арсеньевский,Общественное питание,2024-10-01,1.4001689,alarm_without_verified_registry_event_not_proven_false_alarm
BOCPD,2887,Саратов,Общественное питание,2024-10-01,1.3978418,alarm_without_verified_registry_event_not_proven_false_alarm
BOCPD,2528,Митино,Общественное питание,2024-10-01,1.3965377,alarm_without_verified_registry_event_not_proven_false_alarm
BOCPD,563,Троицкий,Транспорт,2024-10-01,1.3948752,alarm_without_verified_registry_event_not_proven_false_alarm
BOCPD,1966,Томаринский,Общественное питание,2024-11-01,1.3943311,alarm_without_verified_registry_event_not_proven_false_alarm
BOCPD,363,Апастовский,Здоровье,2024-09-01,1.3938012,alarm_without_verified_registry_event_not_proven_false_alarm
BOCPD,702,Кежемский,Общественное питание,2024-10-01,1.3937478,alarm_without_verified_registry_event_not_proven_false_alarm
BOCPD,1217,Спас-Деменский,Общественное питание,2024-10-01,1.3926336,alarm_without_verified_registry_event_not_proven_false_alarm
BOCPD,2535,Арбат,Общественное питание,2024-10-01,1.3915522,alarm_without_verified_registry_event_not_proven_false_alarm
BOCPD,14,Турочакский,Общественное питание,2024-11-01,1.3911922,alarm_without_verified_registry_event_not_proven_false_alarm
BOCPD,1440,Бронницы,Общественное питание,2024-10-01,1.390883,alarm_without_verified_registry_event_not_proven_false_alarm
BOCPD,1007,Волгоград,Общественное питание,2024-10-01,1.3903832,alarm_without_verified_registry_event_not_proven_false_alarm
BOCPD,807,Шкотовский,Маркетплейсы,2024-11-01,1.3898284,alarm_without_verified_registry_event_not_proven_false_alarm
BOCPD,362,Альметьевский,Общественное питание,2024-10-01,1.38662,alarm_without_verified_registry_event_not_proven_false_alarm
BOCPD,2516,Лосиноостровский,Общественное питание,2024-10-01,1.3849497,alarm_without_verified_registry_event_not_proven_false_alarm
BOCPD,1765,Великие Луки,Общественное питание,2024-10-01,1.3832057,alarm_without_verified_registry_event_not_proven_false_alarm
BOCPD,1996,Кушвинский,Общественное питание,2024-10-01,1.3769884,alarm_without_verified_registry_event_not_proven_false_alarm
BOCPD,1874,Самара,Общественное питание,2024-10-01,1.3757037,alarm_without_verified_registry_event_not_proven_false_alarm
BOCPD,895,Новодвинск,Общественное питание,2024-10-01,1.3735641,alarm_without_verified_registry_event_not_proven_false_alarm
BOCPD,2297,Еманжелинский,Общественное питание,2024-10-01,1.3733444,alarm_without_verified_registry_event_not_proven_false_alarm
BOCPD,802,Ханкайский,Общественное питание,2024-11-01,1.3711611,alarm_without_verified_registry_event_not_proven_false_alarm
BOCPD,1622,Северный,Здоровье,2024-11-01,1.3703907,alarm_without_verified_registry_event_not_proven_false_alarm
BOCPD,817,Кировский,Общественное питание,2024-10-01,1.3689015,alarm_without_verified_registry_event_not_proven_false_alarm
BOCPD,2538,Савелки,Общественное питание,2024-10-01,1.3667042,alarm_without_verified_registry_event_not_proven_false_alarm
BOCPD,1525,Бор,Общественное питание,2024-10-01,1.3654432,alarm_without_verified_registry_event_not_proven_false_alarm
BOCPD,766,Чернушинский,Общественное питание,2024-10-01,1.3615748,alarm_without_verified_registry_event_not_proven_false_alarm
BOCPD,458,Таштыпский,Транспорт,2024-08-01,1.3590393,alarm_without_verified_registry_event_not_proven_false_alarm
BOCPD,319,Верхоянский,Здоровье,2024-11-01,1.3589891,alarm_without_verified_registry_event_not_proven_false_alarm
BOCPD,784,Спасск-Дальний,Общественное питание,2024-10-01,1.3579295,alarm_without_verified_registry_event_not_proven_false_alarm
BOCPD,80,Чекмагушевский,Общественное питание,2024-10-01,1.3550701,alarm_without_verified_registry_event_not_proven_false_alarm
BOCPD,1523,Нижний Новгород,Общественное питание,2024-10-01,1.3545164,alarm_without_verified_registry_event_not_proven_false_alarm
BOCPD,1877,Новокуйбышевск,Общественное питание,2024-10-01,1.3521951,alarm_without_verified_registry_event_not_proven_false_alarm
BOCPD,1547,Ветлужский,Общественное питание,2024-11-01,1.3501002,alarm_without_verified_registry_event_not_proven_false_alarm
BOCPD,2185,Тепло-Огаревский,Общественное питание,2024-10-01,1.3495444,alarm_without_verified_registry_event_not_proven_false_alarm
BOCPD,2463,Вешняки,Общественное питание,2024-10-01,1.3471859,alarm_without_verified_registry_event_not_proven_false_alarm
BOCPD,1922,Вольский,Общественное питание,2024-10-01,1.3471822,alarm_without_verified_registry_event_not_proven_false_alarm
BOCPD,327,Мирнинский,Общественное питание,2024-10-01,1.3425753,alarm_without_verified_registry_event_not_proven_false_alarm
BOCPD,1465,Люберцы,Общественное питание,2024-10-01,1.3424112,alarm_without_verified_registry_event_not_proven_false_alarm
BOCPD,2011,Сухой Лог,Общественное питание,2024-10-01,1.3417972,alarm_without_verified_registry_event_not_proven_false_alarm
BOCPD,1604,Болотнинский,Транспорт,2024-08-01,1.3388714,alarm_without_verified_registry_event_not_proven_false_alarm
BOCPD,908,Няндомский,Общественное питание,2024-10-01,1.3355163,alarm_without_verified_registry_event_not_proven_false_alarm
BOCPD,383,Мензелинский,Общественное питание,2024-11-01,1.334644,alarm_without_verified_registry_event_not_proven_false_alarm
BOCPD,2497,Войковский,Общественное питание,2024-10-01,1.3345088,alarm_without_verified_registry_event_not_proven_false_alarm
BOCPD,207,Костомукшский,Общественное питание,2024-10-01,1.3343813,alarm_without_verified_registry_event_not_proven_false_alarm
BOCPD,223,Суоярвский,Общественное питание,2024-10-01,1.3337646,alarm_without_verified_registry_event_not_proven_false_alarm
BOCPD,809,Ставрополь,Общественное питание,2024-10-01,1.3331522,alarm_without_verified_registry_event_not_proven_false_alarm
BOCPD,1718,Краснозоренский,Продовольствие,2024-10-01,1.3303459,alarm_without_verified_registry_event_not_proven_false_alarm
BOCPD,1916,Аркадакский,Продовольствие,2024-08-01,1.3301183,alarm_without_verified_registry_event_not_proven_false_alarm
BOCPD,1151,Казачинско-Ленский,Общественное питание,2024-10-01,1.3296125,alarm_without_verified_registry_event_not_proven_false_alarm
BOCPD,294,Зубово-Полянский,Общественное питание,2024-10-01,1.3289111,alarm_without_verified_registry_event_not_proven_false_alarm
BOCPD,824,Пятигорск,Общественное питание,2024-10-01,1.3284044,alarm_without_verified_registry_event_not_proven_false_alarm
BOCPD,1909,Шенталинский,Общественное питание,2024-10-01,1.327089,alarm_without_verified_registry_event_not_proven_false_alarm
BOCPD,2251,Ульяновск,Общественное питание,2024-10-01,1.3265694,alarm_without_verified_registry_event_not_proven_false_alarm
BOCPD,2554,Печатники,Общественное питание,2024-10-01,1.3264157,alarm_without_verified_registry_event_not_proven_false_alarm
BOCPD,345,Владикавказ,Общественное питание,2024-10-01,1.3263011,alarm_without_verified_registry_event_not_proven_false_alarm
BOCPD,2580,Орехово-Борисово Северное,Общественное питание,2024-10-01,1.3252951,alarm_without_verified_registry_event_not_proven_false_alarm
BOCPD,812,Ессентуки,Общественное питание,2024-10-01,1.3237562,alarm_without_verified_registry_event_not_proven_false_alarm
BOCPD,860,Хабаровский,Общественное питание,2024-10-01,1.320642,alarm_without_verified_registry_event_not_proven_false_alarm
BOCPD,998,Кольчугинский,Общественное питание,2024-10-01,1.3136985,alarm_without_verified_registry_event_not_proven_false_alarm
BOCPD,1459,Красногорск,Общественное питание,2024-10-01,1.3132775,alarm_without_verified_registry_event_not_proven_false_alarm
BOCPD,1994,Красноуральск,Общественное питание,2024-10-01,1.3125892,alarm_without_verified_registry_event_not_proven_false_alarm
BOCPD,1409,Сосновоборский,Общественное питание,2024-10-01,1.3098499,alarm_without_verified_registry_event_not_proven_false_alarm
BOCPD,1707,Орёл,Общественное питание,2024-10-01,1.3072842,alarm_without_verified_registry_event_not_proven_false_alarm
BOCPD,819,Минераловодский,Общественное питание,2024-10-01,1.3053457,alarm_without_verified_registry_event_not_proven_false_alarm
BOCPD,2587,Троицк,Общественное питание,2024-10-01,1.3042651,alarm_without_verified_registry_event_not_proven_false_alarm
BOCPD,2498,Восточное Дегунино,Общественное питание,2024-10-01,1.3041173,alarm_without_verified_registry_event_not_proven_false_alarm
BOCPD,604,Агинское,Общественное питание,2024-10-01,1.3039111,alarm_without_verified_registry_event_not_proven_false_alarm
BOCPD,2555,Рязанский,Общественное питание,2024-10-01,1.3035296,alarm_without_verified_registry_event_not_proven_false_alarm
BOCPD,1562,Лысковский,Общественное питание,2024-10-01,1.302151,alarm_without_verified_registry_event_not_proven_false_alarm
BOCPD,1492,Клин,Общественное питание,2024-10-01,1.3014092,alarm_without_verified_registry_event_not_proven_false_alarm
BOCPD,1559,Краснооктябрьский,Продовольствие,2024-07-01,1.2996494,alarm_without_verified_registry_event_not_proven_false_alarm
BOCPD,2500,Дмитровский,Общественное питание,2024-10-01,1.2993522,alarm_without_verified_registry_event_not_proven_false_alarm
BOCPD,1982,Заречный,Общественное питание,2024-10-01,1.2970694,alarm_without_verified_registry_event_not_proven_false_alarm
BOCPD,1110,Кохма,Общественное питание,2024-10-01,1.2964284,alarm_without_verified_registry_event_not_proven_false_alarm
BOCPD,2456,Дворцовый,Общественное питание,2024-10-01,1.296415,alarm_without_verified_registry_event_not_proven_false_alarm
BOCPD,1493,Ленинский,Общественное питание,2024-10-01,1.2963748,alarm_without_verified_registry_event_not_proven_false_alarm
BOCPD,325,Ленский,Общественное питание,2024-10-01,1.2963326,alarm_without_verified_registry_event_not_proven_false_alarm
BOCPD,1446,Дубна,Общественное питание,2024-10-01,1.2959465,alarm_without_verified_registry_event_not_proven_false_alarm
BOCPD,1977,Березовский,Общественное питание,2024-10-01,1.2954526,alarm_without_verified_registry_event_not_proven_false_alarm
BOCPD,1936,Новоузенский,Общественное питание,2024-10-01,1.2954307,alarm_without_verified_registry_event_not_proven_false_alarm
BOCPD,1334,Шадринск,Общественное питание,2024-10-01,1.2933301,alarm_without_verified_registry_event_not_proven_false_alarm
BOCPD,1198,Калуга,Общественное питание,2024-10-01,1.2925768,alarm_without_verified_registry_event_not_proven_false_alarm
BOCPD,823,Петровский,Общественное питание,2024-10-01,1.2905647,alarm_without_verified_registry_event_not_proven_false_alarm
BOCPD,2148,Александровский,Общественное питание,2024-10-01,1.290549,alarm_without_verified_registry_event_not_proven_false_alarm
BOCPD,735,Бардымский,Общественное питание,2024-10-01,1.289408,alarm_without_verified_registry_event_not_proven_false_alarm
BOCPD,2583,Чертаново Северное,Общественное питание,2024-10-01,1.2891806,alarm_without_verified_registry_event_not_proven_false_alarm
BOCPD,309,Якутск,Общественное питание,2024-10-01,1.2886649,alarm_without_verified_registry_event_not_proven_false_alarm
BOCPD,2457,№ 78,Общественное питание,2024-10-01,1.2866449,alarm_without_verified_registry_event_not_proven_false_alarm
BOCPD,2477,Преображенское,Общественное питание,2024-10-01,1.2862573,alarm_without_verified_registry_event_not_proven_false_alarm
BOCPD,2184,Суворовский,Общественное питание,2024-10-01,1.2849642,alarm_without_verified_registry_event_not_proven_false_alarm
BOCPD,683,Абанский,Общественное питание,2024-10-01,1.2847341,alarm_without_verified_registry_event_not_proven_false_alarm
BOCPD,1997,Верхняя Тура,Общественное питание,2024-11-01,1.2842706,alarm_without_verified_registry_event_not_proven_false_alarm
BOCPD,2814,Пушкинский,Общественное питание,2024-10-01,1.2823647,alarm_without_verified_registry_event_not_proven_false_alarm
BOCPD,40,Белорецкий,Общественное питание,2024-10-01,1.2822644,alarm_without_verified_registry_event_not_proven_false_alarm
BOCPD,2652,Орехово-Зуевский,Общественное питание,2024-10-01,1.2802919,alarm_without_verified_registry_event_not_proven_false_alarm
BOCPD,2586,Старое Крюково,Общественное питание,2024-10-01,1.2775551,alarm_without_verified_registry_event_not_proven_false_alarm
BOCPD,2252,Димитровград,Общественное питание,2024-10-01,1.2730074,alarm_without_verified_registry_event_not_proven_false_alarm
BOCPD,2523,Северное Медведково,Общественное питание,2024-10-01,1.2724823,alarm_without_verified_registry_event_not_proven_false_alarm
BOCPD,2479,Дорогомилово,Общественное питание,2024-10-01,1.2711679,alarm_without_verified_registry_event_not_proven_false_alarm
BOCPD,2469,Косино-Ухтомский,Общественное питание,2024-10-01,1.2710868,alarm_without_verified_registry_event_not_proven_false_alarm
BOCPD,1444,Долгопрудный,Общественное питание,2024-10-01,1.2689289,alarm_without_verified_registry_event_not_proven_false_alarm
BOCPD,1475,Реутов,Общественное питание,2024-10-01,1.2685149,alarm_without_verified_registry_event_not_proven_false_alarm
BOCPD,1461,Лобня,Общественное питание,2024-10-01,1.2648667,alarm_without_verified_registry_event_not_proven_false_alarm
BOCPD,2578,Нагатинский затон,Общественное питание,2024-10-01,1.2634466,alarm_without_verified_registry_event_not_proven_false_alarm
BOCPD,295,Инсарский,Транспорт,2024-10-01,1.2631716,alarm_without_verified_registry_event_not_proven_false_alarm
BOCPD,2169,Новомосковск,Общественное питание,2024-10-01,1.26256,alarm_without_verified_registry_event_not_proven_false_alarm
BOCPD,1978,Богданович,Общественное питание,2024-10-01,1.2614764,alarm_without_verified_registry_event_not_proven_false_alarm
BOCPD,538,Локтевский,Общественное питание,2024-10-01,1.2610841,alarm_without_verified_registry_event_not_proven_false_alarm
BOCPD,1129,Тейковский,Здоровье,2024-11-01,1.2606395,alarm_without_verified_registry_event_not_proven_false_alarm
BOCPD,2569,Ясенево,Общественное питание,2024-10-01,1.2601783,alarm_without_verified_registry_event_not_proven_false_alarm
BOCPD,1453,Истра,Общественное питание,2024-10-01,1.2597501,alarm_without_verified_registry_event_not_proven_false_alarm
BOCPD,1439,Балашиха,Общественное питание,2024-10-01,1.2596848,alarm_without_verified_registry_event_not_proven_false_alarm
BOCPD,872,Благовещенский,Общественное питание,2024-10-01,1.2563468,alarm_without_verified_registry_event_not_proven_false_alarm
BOCPD,842,Хабаровск,Общественное питание,2024-10-01,1.255232,alarm_without_verified_registry_event_not_proven_false_alarm
BOCPD,319,Верхоянский,Маркетплейсы,2024-08-01,1.2534924,alarm_without_verified_registry_event_not_proven_false_alarm
BOCPD,66,Мелеузовский,Общественное питание,2024-10-01,1.2531401,alarm_without_verified_registry_event_not_proven_false_alarm
BOCPD,494,Моргаушский,Продовольствие,2024-10-01,1.2501053,alarm_without_verified_registry_event_not_proven_false_alarm
BOCPD,1642,Крутинский,Продовольствие,2024-08-01,1.2453023,alarm_without_verified_registry_event_not_proven_false_alarm
BOCPD,1668,Бузулук,Общественное питание,2024-10-01,1.2452204,alarm_without_verified_registry_event_not_proven_false_alarm
BOCPD,2646,Обнинск,Общественное питание,2024-10-01,1.2449629,alarm_without_verified_registry_event_not_proven_false_alarm
BOCPD,1303,Кострома,Общественное питание,2024-10-01,1.2441785,alarm_without_verified_registry_event_not_proven_false_alarm
BOCPD,1107,Иваново,Общественное питание,2024-10-01,1.243853,alarm_without_verified_registry_event_not_proven_false_alarm
BOCPD,1356,Шумихинский,Общественное питание,2024-11-01,1.2426527,alarm_without_verified_registry_event_not_proven_false_alarm
BOCPD,2505,Савеловский,Общественное питание,2024-10-01,1.241011,alarm_without_verified_registry_event_not_proven_false_alarm
BOCPD,2462,Богородское,Общественное питание,2024-10-01,1.2407341,alarm_without_verified_registry_event_not_proven_false_alarm
BOCPD,1454,Кашира,Общественное питание,2024-10-01,1.2387458,alarm_without_verified_registry_event_not_proven_false_alarm
BOCPD,2546,Выхино-Жулебино,Общественное питание,2024-10-01,1.2385641,alarm_without_verified_registry_event_not_proven_false_alarm
BOCPD,2651,Одинцовский,Общественное питание,2024-10-01,1.2373183,alarm_without_verified_registry_event_not_proven_false_alarm
BOCPD,2584,Чертаново Центральное,Общественное питание,2024-10-01,1.2333649,alarm_without_verified_registry_event_not_proven_false_alarm
BOCPD,1112,Шуя,Общественное питание,2024-10-01,1.2319641,alarm_without_verified_registry_event_not_proven_false_alarm
BOCPD,2581,Орехово-Борисово Южное,Общественное питание,2024-10-01,1.231553,alarm_without_verified_registry_event_not_proven_false_alarm
BOCPD,2570,Бирюлево Восточное,Общественное питание,2024-10-01,1.2305232,alarm_without_verified_registry_event_not_proven_false_alarm
BOCPD,725,Шушенский,Общественное питание,2024-10-01,1.2298894,alarm_without_verified_registry_event_not_proven_false_alarm
BOCPD,2521,Ростокино,Общественное питание,2024-10-01,1.2277565,alarm_without_verified_registry_event_not_proven_false_alarm
BOCPD,1259,Вятские Поляны,Общественное питание,2024-10-01,1.2270439,alarm_without_verified_registry_event_not_proven_false_alarm
BOCPD,1146,Братский,Общественное питание,2024-10-01,1.2262106,alarm_without_verified_registry_event_not_proven_false_alarm
BOCPD,1496,Богородский,Общественное питание,2024-10-01,1.2247242,alarm_without_verified_registry_event_not_proven_false_alarm
BOCPD,1012,Фролово,Общественное питание,2024-10-01,1.2235574,alarm_without_verified_registry_event_not_proven_false_alarm
BOCPD,2480,Крылатское,Общественное питание,2024-10-01,1.2208383,alarm_without_verified_registry_event_not_proven_false_alarm
BOCPD,2520,Отрадное,Общественное питание,2024-10-01,1.2206974,alarm_without_verified_registry_event_not_proven_false_alarm
BOCPD,1070,Чагодощенский,Общественное питание,2024-10-01,1.2202258,alarm_without_verified_registry_event_not_proven_false_alarm
BOCPD,2517,Марфино,Общественное питание,2024-10-01,1.2198122,alarm_without_verified_registry_event_not_proven_false_alarm
BOCPD,2473,Перово,Общественное питание,2024-10-01,1.219749,alarm_without_verified_registry_event_not_proven_false_alarm
BOCPD,1618,Маслянинский,Продовольствие,2024-07-01,1.2191812,alarm_without_verified_registry_event_not_proven_false_alarm
BOCPD,2452,Купчино,Продовольствие,2024-07-01,1.2189353,alarm_without_verified_registry_event_not_proven_false_alarm
BOCPD,1160,Слюдянский,Общественное питание,2024-10-01,1.2171206,alarm_without_verified_registry_event_not_proven_false_alarm
BOCPD,909,Онежский,Общественное питание,2024-10-01,1.2159699,alarm_without_verified_registry_event_not_proven_false_alarm
BOCPD,1511,Полярные Зори,Общественное питание,2024-10-01,1.2132868,alarm_without_verified_registry_event_not_proven_false_alarm
BOCPD,2504,Молжаниновский,Общественное питание,2024-10-01,1.2129111,alarm_without_verified_registry_event_not_proven_false_alarm
BOCPD,2618,Мантуровский,Продовольствие,2024-07-01,1.2125691,alarm_without_verified_registry_event_not_proven_false_alarm
BOCPD,1675,Сорочинский,Общественное питание,2024-10-01,1.2122127,alarm_without_verified_registry_event_not_proven_false_alarm
BOCPD,2533,Щукино,Общественное питание,2024-10-01,1.2090924,alarm_without_verified_registry_event_not_proven_false_alarm
BOCPD,375,Зеленодольский,Общественное питание,2024-10-01,1.2078719,alarm_without_verified_registry_event_not_proven_false_alarm
BOCPD,1881,Сызрань,Общественное питание,2024-11-01,1.2061768,alarm_without_verified_registry_event_not_proven_false_alarm
BOCPD,3009,Тамбов,Общественное питание,2024-10-01,1.2008898,alarm_without_verified_registry_event_not_proven_false_alarm
BOCPD,2568,Южное Бутово,Общественное питание,2024-10-01,1.1982999,alarm_without_verified_registry_event_not_proven_false_alarm
BOCPD,2188,Щекинский,Общественное питание,2024-10-01,1.1976627,alarm_without_verified_registry_event_not_proven_false_alarm
BOCPD,708,Мотыгинский,Общественное питание,2024-10-01,1.197151,alarm_without_verified_registry_event_not_proven_false_alarm
BOCPD,1279,Лузский,Общественное питание,2024-11-01,1.195803,alarm_without_verified_registry_event_not_proven_false_alarm
BOCPD,333,Олекминский,Транспорт,2024-11-01,1.1944404,alarm_without_verified_registry_event_not_proven_false_alarm
BOCPD,21,Уфа,Общественное питание,2024-10-01,1.194385,alarm_without_verified_registry_event_not_proven_false_alarm
BOCPD,1508,Кировск,Транспорт,2024-10-01,1.19287,alarm_without_verified_registry_event_not_proven_false_alarm
BOCPD,15,Улаганский,Транспорт,2024-11-01,1.1897548,alarm_without_verified_registry_event_not_proven_false_alarm
BOCPD,1457,Котельники,Общественное питание,2024-10-01,1.188923,alarm_without_verified_registry_event_not_proven_false_alarm
BOCPD,605,Агинский,Общественное питание,2024-11-01,1.1884468,alarm_without_verified_registry_event_not_proven_false_alarm
BOCPD,2532,Хорошево-Мневники,Общественное питание,2024-10-01,1.1883777,alarm_without_verified_registry_event_not_proven_false_alarm
BOCPD,2525,Южное Медведково,Общественное питание,2024-10-01,1.188199,alarm_without_verified_registry_event_not_proven_false_alarm
BOCPD,2081,Знаменский,Все категории,2024-12-01,1.1861933,alarm_without_verified_registry_event_not_proven_false_alarm
BOCPD,1238,Юргинский,Общественное питание,2024-10-01,1.185598,alarm_without_verified_registry_event_not_proven_false_alarm
BOCPD,1051,Великоустюгский,Общественное питание,2024-10-01,1.185529,alarm_without_verified_registry_event_not_proven_false_alarm
BOCPD,3013,Солнечногорск,Общественное питание,2024-10-01,1.1846823,alarm_without_verified_registry_event_not_proven_false_alarm
BOCPD,2536,Басманный,Общественное питание,2024-10-01,1.1846788,alarm_without_verified_registry_event_not_proven_false_alarm
BOCPD,382,Менделеевский,Общественное питание,2024-10-01,1.1842968,alarm_without_verified_registry_event_not_proven_false_alarm
BOCPD,224,Сыктывкар,Общественное питание,2024-10-01,1.1832013,alarm_without_verified_registry_event_not_proven_false_alarm
BOCPD,2579,Нагорный,Общественное питание,2024-10-01,1.1825982,alarm_without_verified_registry_event_not_proven_false_alarm
BOCPD,2606,Филимонковское,Общественное питание,2024-10-01,1.1796058,alarm_without_verified_registry_event_not_proven_false_alarm
BOCPD,405,Кызылский,Общественное питание,2024-10-01,1.1795746,alarm_without_verified_registry_event_not_proven_false_alarm
BOCPD,20,Шебалинский,Общественное питание,2024-11-01,1.1788154,alarm_without_verified_registry_event_not_proven_false_alarm
BOCPD,2649,Щёлково,Общественное питание,2024-10-01,1.1772859,alarm_without_verified_registry_event_not_proven_false_alarm
BOCPD,478,Чебоксары,Общественное питание,2024-10-01,1.1746216,alarm_without_verified_registry_event_not_proven_false_alarm
BOCPD,2490,Фили-Давыдково,Общественное питание,2024-10-01,1.1744756,alarm_without_verified_registry_event_not_proven_false_alarm
BOCPD,581,Забайкальский,Общественное питание,2024-10-01,1.1715893,alarm_without_verified_registry_event_not_proven_false_alarm
BOCPD,2548,Кузьминки,Общественное питание,2024-10-01,1.1710943,alarm_without_verified_registry_event_not_proven_false_alarm
BOCPD,1343,Куртамышский,Общественное питание,2024-11-01,1.16738,alarm_without_verified_registry_event_not_proven_false_alarm
BOCPD,2470,Новогиреево,Общественное питание,2024-10-01,1.1656876,alarm_without_verified_registry_event_not_proven_false_alarm
BOCPD,2573,Даниловский,Общественное питание,2024-10-01,1.1656054,alarm_without_verified_registry_event_not_proven_false_alarm
BOCPD,1632,Омск,Общественное питание,2024-10-01,1.1617572,alarm_without_verified_registry_event_not_proven_false_alarm
BOCPD,1,Майкоп,Общественное питание,2024-10-01,1.1616418,alarm_without_verified_registry_event_not_proven_false_alarm
BOCPD,2509,Хорошевский,Общественное питание,2024-10-01,1.1616201,alarm_without_verified_registry_event_not_proven_false_alarm
BOCPD,2487,Солнцево,Общественное питание,2024-10-01,1.1609322,alarm_without_verified_registry_event_not_proven_false_alarm
BOCPD,2481,Кунцево,Общественное питание,2024-10-01,1.158892,alarm_without_verified_registry_event_not_proven_false_alarm
BOCPD,586,Красночикойский,Маркетплейсы,2024-12-01,1.1587858,alarm_without_verified_registry_event_not_proven_false_alarm
BOCPD,787,Анучинский,Общественное питание,2024-07-01,1.1575012,alarm_without_verified_registry_event_not_proven_false_alarm
BOCPD,2530,Северное Тушино,Общественное питание,2024-10-01,1.1563207,alarm_without_verified_registry_event_not_proven_false_alarm
BOCPD,2460,Лиговка-Ямская,Общественное питание,2024-10-01,1.1550897,alarm_without_verified_registry_event_not_proven_false_alarm
BOCPD,1009,Камышин,Общественное питание,2024-10-01,1.1542646,alarm_without_verified_registry_event_not_proven_false_alarm
BOCPD,697,Иланский,Продовольствие,2024-07-01,1.1528919,alarm_without_verified_registry_event_not_proven_false_alarm
BOCPD,2474,Северное Измайлово,Общественное питание,2024-10-01,1.1516896,alarm_without_verified_registry_event_not_proven_false_alarm
BOCPD,2502,Коптево,Общественное питание,2024-10-01,1.1504705,alarm_without_verified_registry_event_not_proven_false_alarm
BOCPD,2036,Туринский,Общественное питание,2024-10-01,1.1504254,alarm_without_verified_registry_event_not_proven_false_alarm
BOCPD,2529,Покровское-Стрешнево,Общественное питание,2024-10-01,1.1494924,alarm_without_verified_registry_event_not_proven_false_alarm
BOCPD,1988,Карпинск,Общественное питание,2024-10-01,1.1494297,alarm_without_verified_registry_event_not_proven_false_alarm
BOCPD,1135,Ангарский,Общественное питание,2024-10-01,1.1492531,alarm_without_verified_registry_event_not_proven_false_alarm
BOCPD,1870,Ухоловский,Здоровье,2024-11-01,1.1492268,alarm_without_verified_registry_event_not_proven_false_alarm
BOCPD,1265,Афанасьевский,Общественное питание,2024-10-01,1.1474385,alarm_without_verified_registry_event_not_proven_false_alarm
BOCPD,17,Усть-Коксинский,Общественное питание,2024-10-01,1.1472214,alarm_without_verified_registry_event_not_proven_false_alarm
BOCPD,2219,Мегион,Общественное питание,2024-10-01,1.1469007,alarm_without_verified_registry_event_not_proven_false_alarm
BOCPD,388,Пестречинский,Общественное питание,2024-11-01,1.1460912,alarm_without_verified_registry_event_not_proven_false_alarm
BOCPD,2216,Ханты-Мансийск,Общественное питание,2024-10-01,1.1446334,alarm_without_verified_registry_event_not_proven_false_alarm
BOCPD,2557,Южнопортовый,Общественное питание,2024-10-01,1.1443753,alarm_without_verified_registry_event_not_proven_false_alarm
BOCPD,2496,Бескудниковский,Общественное питание,2024-10-01,1.1408106,alarm_without_verified_registry_event_not_proven_false_alarm
BOCPD,2545,Якиманка,Общественное питание,2024-10-01,1.1397948,alarm_without_verified_registry_event_not_proven_false_alarm
BOCPD,2493,Силино,Общественное питание,2024-10-01,1.1393937,alarm_without_verified_registry_event_not_proven_false_alarm
BOCPD,2458,Литейный,Общественное питание,2024-10-01,1.1391684,alarm_without_verified_registry_event_not_proven_false_alarm
BOCPD,35,Баймакский,Транспорт,2024-11-01,1.1381861,alarm_without_verified_registry_event_not_proven_false_alarm
BOCPD,73,Стерлитамакский,Общественное питание,2024-10-01,1.1368111,alarm_without_verified_registry_event_not_proven_false_alarm
BOCPD,2105,Осташковский,Общественное питание,2024-11-01,1.136719,alarm_without_verified_registry_event_not_proven_false_alarm
BOCPD,2035,Тугулымский,Общественное питание,2024-10-01,1.1366574,alarm_without_verified_registry_event_not_proven_false_alarm
BOCPD,1488,Электросталь,Общественное питание,2024-10-01,1.135658,alarm_without_verified_registry_event_not_proven_false_alarm
BOCPD,2582,Царицыно,Общественное питание,2024-10-01,1.1335756,alarm_without_verified_registry_event_not_proven_false_alarm
BOCPD,25,Нефтекамск,Общественное питание,2024-10-01,1.1304398,alarm_without_verified_registry_event_not_proven_false_alarm
BOCPD,1703,Ташлинский,Общественное питание,2024-10-01,1.1291864,alarm_without_verified_registry_event_not_proven_false_alarm
BOCPD,2571,Бирюлево Западное,Общественное питание,2024-10-01,1.1275731,alarm_without_verified_registry_event_not_proven_false_alarm
BOCPD,1583,Маловишерский,Общественное питание,2024-11-01,1.1269683,alarm_without_verified_registry_event_not_proven_false_alarm
BOCPD,2550,Люблино,Общественное питание,2024-10-01,1.1259093,alarm_without_verified_registry_event_not_proven_false_alarm
BOCPD,2489,Филевский парк,Общественное питание,2024-10-01,1.1244689,alarm_without_verified_registry_event_not_proven_false_alarm
BOCPD,2599,Московский,Общественное питание,2024-10-01,1.124073,alarm_without_verified_registry_event_not_proven_false_alarm
BOCPD,6,Майкопский,Общественное питание,2024-11-01,1.1182655,alarm_without_verified_registry_event_not_proven_false_alarm
BOCPD,1780,Печорский,Общественное питание,2024-11-01,1.1177624,alarm_without_verified_registry_event_not_proven_false_alarm
BOCPD,401,Бай-Тайгинский,Транспорт,2024-08-01,1.1144568,alarm_without_verified_registry_event_not_proven_false_alarm
BOCPD,1176,Калининград,Общественное питание,2024-10-01,1.1133093,alarm_without_verified_registry_event_not_proven_false_alarm
BOCPD,1970,Южно-Курильский,Общественное питание,2024-10-01,1.1129732,alarm_without_verified_registry_event_not_proven_false_alarm
BOCPD,212,Лахденпохский,Общественное питание,2024-11-01,1.1120628,alarm_without_verified_registry_event_not_proven_false_alarm
BOCPD,2522,Свиблово,Общественное питание,2024-10-01,1.1114111,alarm_without_verified_registry_event_not_proven_false_alarm
BOCPD,459,Усть-Абаканский,Общественное питание,2024-10-01,1.1106597,alarm_without_verified_registry_event_not_proven_false_alarm
BOCPD,1971,Екатеринбург,Общественное питание,2024-10-01,1.1099132,alarm_without_verified_registry_event_not_proven_false_alarm
BOCPD,618,Карагинский,Здоровье,2024-08-01,1.1069963,alarm_without_verified_registry_event_not_proven_false_alarm
BOCPD,2494,Аэропорт,Общественное питание,2024-10-01,1.106694,alarm_without_verified_registry_event_not_proven_false_alarm
BOCPD,1250,Таштагольский,Общественное питание,2024-10-01,1.1032963,alarm_without_verified_registry_event_not_proven_false_alarm
BOCPD,2884,Ржевский,Общественное питание,2024-11-01,1.1025729,alarm_without_verified_registry_event_not_proven_false_alarm
BOCPD,2190,Тюмень,Общественное питание,2024-10-01,1.1011493,alarm_without_verified_registry_event_not_proven_false_alarm
BOCPD,2222,Нягань,Общественное питание,2024-10-01,1.1005958,alarm_without_verified_registry_event_not_proven_false_alarm
BOCPD,2495,Беговой,Общественное питание,2024-10-01,1.0985855,alarm_without_verified_registry_event_not_proven_false_alarm
BOCPD,75,Туймазинский,Общественное питание,2024-10-01,1.0977619,alarm_without_verified_registry_event_not_proven_false_alarm
BOCPD,918,Астрахань,Общественное питание,2024-10-01,1.0977443,alarm_without_verified_registry_event_not_proven_false_alarm
BOCPD,1467,Мытищи,Общественное питание,2024-10-01,1.0970852,alarm_without_verified_registry_event_not_proven_false_alarm
BOCPD,448,Абакан,Общественное питание,2024-10-01,1.0958314,alarm_without_verified_registry_event_not_proven_false_alarm
BOCPD,2416,Песочный,Общественное питание,2024-10-01,1.0936307,alarm_without_verified_registry_event_not_proven_false_alarm
BOCPD,2514,Бутырский,Общественное питание,2024-10-01,1.0929177,alarm_without_verified_registry_event_not_proven_false_alarm
BOCPD,2476,Сокольники,Общественное питание,2024-10-01,1.0926793,alarm_without_verified_registry_event_not_proven_false_alarm
BOCPD,1268,Верхнекамский,Общественное питание,2024-10-01,1.0919046,alarm_without_verified_registry_event_not_proven_false_alarm
BOCPD,2062,Сафоновский,Транспорт,2024-10-01,1.0893513,alarm_without_verified_registry_event_not_proven_false_alarm
BOCPD,1208,Износковский,Маркетплейсы,2024-12-01,1.0879048,alarm_without_verified_registry_event_not_proven_false_alarm
BOCPD,2508,Ховрино,Общественное питание,2024-10-01,1.0875225,alarm_without_verified_registry_event_not_proven_false_alarm
BOCPD,1544,Вадский,Продовольствие,2024-07-01,1.0850834,alarm_without_verified_registry_event_not_proven_false_alarm
BOCPD,1464,Лыткарино,Общественное питание,2024-10-01,1.0816869,alarm_without_verified_registry_event_not_proven_false_alarm
BOCPD,2567,Черемушки,Общественное питание,2024-10-01,1.0787064,alarm_without_verified_registry_event_not_proven_false_alarm
BOCPD,671,Енисейск,Общественное питание,2024-10-01,1.0785373,alarm_without_verified_registry_event_not_proven_false_alarm
BOCPD,1597,Новосибирск,Общественное питание,2024-10-01,1.078238,alarm_without_verified_registry_event_not_proven_false_alarm
BOCPD,326,Мегино-Кангаласский,Продовольствие,2024-08-01,1.0771799,alarm_without_verified_registry_event_not_proven_false_alarm
BOCPD,374,Заинский,Общественное питание,2024-10-01,1.0759383,alarm_without_verified_registry_event_not_proven_false_alarm
BOCPD,167,Нальчик,Общественное питание,2024-10-01,1.0752757,alarm_without_verified_registry_event_not_proven_false_alarm
BOCPD,2577,Нагатино-Садовники,Общественное питание,2024-10-01,1.073976,alarm_without_verified_registry_event_not_proven_false_alarm
BOCPD,2531,Строгино,Общественное питание,2024-10-01,1.070405,alarm_without_verified_registry_event_not_proven_false_alarm
BOCPD,2540,Мещанский,Общественное питание,2024-10-01,1.068294,alarm_without_verified_registry_event_not_proven_false_alarm
BOCPD,2180,Киреевский,Продовольствие,2024-07-01,1.0677043,alarm_without_verified_registry_event_not_proven_false_alarm
BOCPD,2482,Можайский,Общественное питание,2024-10-01,1.0622385,alarm_without_verified_registry_event_not_proven_false_alarm
BOCPD,2377,Коломяги,Общественное питание,2024-10-01,1.0621668,alarm_without_verified_registry_event_not_proven_false_alarm
BOCPD,373,Елабужский,Общественное питание,2024-10-01,1.0573695,alarm_without_verified_registry_event_not_proven_false_alarm
BOCPD,1615,Куйбышевский,Общественное питание,2024-10-01,1.0573598,alarm_without_verified_registry_event_not_proven_false_alarm
BOCPD,217,Питкярантский,Общественное питание,2024-11-01,1.0571694,alarm_without_verified_registry_event_not_proven_false_alarm
BOCPD,2542,Таганский,Общественное питание,2024-10-01,1.0562836,alarm_without_verified_registry_event_not_proven_false_alarm
BOCPD,1851,Кадомский,Общественное питание,2024-11-01,1.0555485,alarm_without_verified_registry_event_not_proven_false_alarm
BOCPD,1305,Волгореченск,Здоровье,2024-11-01,1.0532329,alarm_without_verified_registry_event_not_proven_false_alarm
BOCPD,2366,Сосновское,Общественное питание,2024-10-01,1.0484815,alarm_without_verified_registry_event_not_proven_false_alarm
BOCPD,207,Костомукшский,Транспорт,2024-10-01,1.0459844,alarm_without_verified_registry_event_not_proven_false_alarm
BOCPD,2093,Ржаксинский,Общественное питание,2024-11-01,1.0440931,alarm_without_verified_registry_event_not_proven_false_alarm
BOCPD,1595,Чудовский,Общественное питание,2024-10-01,1.042832,alarm_without_verified_registry_event_not_proven_false_alarm
BOCPD,27,Салават,Общественное питание,2024-10-01,1.0416249,alarm_without_verified_registry_event_not_proven_false_alarm
BOCPD,2484,Очаково-Матвеевское,Общественное питание,2024-10-01,1.0342987,alarm_without_verified_registry_event_not_proven_false_alarm
BOCPD,43,Благоварский,Продовольствие,2024-07-01,1.0317662,alarm_without_verified_registry_event_not_proven_false_alarm
BOCPD,1665,Оренбург,Общественное питание,2024-10-01,1.0307105,alarm_without_verified_registry_event_not_proven_false_alarm
BOCPD,29,Стерлитамак,Общественное питание,2024-10-01,1.0269046,alarm_without_verified_registry_event_not_proven_false_alarm
BOCPD,920,Ахтубинский,Общественное питание,2024-11-01,1.0240663,alarm_without_verified_registry_event_not_proven_false_alarm
BOCPD,2534,Южное Тушино,Общественное питание,2024-10-01,1.0234262,alarm_without_verified_registry_event_not_proven_false_alarm
BOCPD,2556,Текстильщики,Общественное питание,2024-10-01,1.0181844,alarm_without_verified_registry_event_not_proven_false_alarm
BOCPD,1292,Свечинский,Общественное питание,2024-11-01,1.016068,alarm_without_verified_registry_event_not_proven_false_alarm
BOCPD,2193,Тобольск,Общественное питание,2024-10-01,1.0139613,alarm_without_verified_registry_event_not_proven_false_alarm
BOCPD,2227,Урай,Транспорт,2024-11-01,1.0078704,alarm_without_verified_registry_event_not_proven_false_alarm
BOCPD,2588,Щербинка,Общественное питание,2024-10-01,1.0073309,alarm_without_verified_registry_event_not_proven_false_alarm
BOCPD,333,Олекминский,Маркетплейсы,2024-12-01,1.0055186,alarm_without_verified_registry_event_not_proven_false_alarm
BOCPD,355,Набережные Челны,Общественное питание,2024-10-01,1.0049714,alarm_without_verified_registry_event_not_proven_false_alarm
BOCPD,2235,Советский,Общественное питание,2024-10-01,1.0041797,alarm_without_verified_registry_event_not_proven_false_alarm
BOCPD,1719,Кромской,Все категории,2024-12-01,1.0034482,alarm_without_verified_registry_event_not_proven_false_alarm
BOCPD,2040,Камышловский,Общественное питание,2024-10-01,1.0007144,alarm_without_verified_registry_event_not_proven_false_alarm
BOCPD,1246,Мариинский,Общественное питание,2024-10-01,0.99914116,alarm_without_verified_registry_event_not_proven_false_alarm
BOCPD,2601,Новофедоровское,Все категории,2024-12-01,0.9869685,alarm_without_verified_registry_event_not_proven_false_alarm
BOCPD,2585,Чертаново Южное,Общественное питание,2024-10-01,0.98230225,alarm_without_verified_registry_event_not_proven_false_alarm
BOCPD,501,Ядринский,Маркетплейсы,2024-12-01,0.98045176,alarm_without_verified_registry_event_not_proven_false_alarm
BOCPD,1757,Пачелмский,Здоровье,2024-10-01,0.97948766,alarm_without_verified_registry_event_not_proven_false_alarm
BOCPD,1908,Челно-Вершинский,Продовольствие,2024-07-01,0.97183573,alarm_without_verified_registry_event_not_proven_false_alarm
BOCPD,1295,Сунский,Продовольствие,2024-07-01,0.9630873,alarm_without_verified_registry_event_not_proven_false_alarm
BOCPD,2045,Десногорск,Транспорт,2024-09-01,0.9575022,alarm_without_verified_registry_event_not_proven_false_alarm
BOCPD,686,Березовский,Транспорт,2024-07-01,0.95495427,alarm_without_verified_registry_event_not_proven_false_alarm
BOCPD,2142,Торопецкий,Маркетплейсы,2024-12-01,0.9495227,alarm_without_verified_registry_event_not_proven_false_alarm
BOCPD,504,Барнаул,Общественное питание,2024-10-01,0.9451559,alarm_without_verified_registry_event_not_proven_false_alarm
BOCPD,2165,Алексин,Общественное питание,2024-11-01,0.93864745,alarm_without_verified_registry_event_not_proven_false_alarm
BOCPD,1578,Валдайский,Общественное питание,2024-10-01,0.93596685,alarm_without_verified_registry_event_not_proven_false_alarm
BOCPD,787,Анучинский,Здоровье,2024-11-01,0.9259251,alarm_without_verified_registry_event_not_proven_false_alarm
BOCPD,2137,Селижаровский,Общественное питание,2024-11-01,0.9211394,alarm_without_verified_registry_event_not_proven_false_alarm
BOCPD,2043,Таборинский,Транспорт,2024-08-01,0.9161227,alarm_without_verified_registry_event_not_proven_false_alarm
BOCPD,1200,Бабынинский,Продовольствие,2024-07-01,0.9158793,alarm_without_verified_registry_event_not_proven_false_alarm
BOCPD,2604,Рязановское,Общественное питание,2024-11-01,0.9103834,alarm_without_verified_registry_event_not_proven_false_alarm
BOCPD,509,Новоалтайск,Общественное питание,2024-10-01,0.9092261,alarm_without_verified_registry_event_not_proven_false_alarm
BOCPD,370,Верхнеуслонский,Продовольствие,2024-07-01,0.90620965,alarm_without_verified_registry_event_not_proven_false_alarm
BOCPD,2348,Анадырский,Общественное питание,2024-11-01,0.8974307,alarm_without_verified_registry_event_not_proven_false_alarm
BOCPD,1010,Михайловка,Общественное питание,2024-11-01,0.8926883,alarm_without_verified_registry_event_not_proven_false_alarm
BOCPD,791,Красноармейский,Общественное питание,2024-11-01,0.89086,alarm_without_verified_registry_event_not_proven_false_alarm
BOCPD,1024,Клетский,Общественное питание,2024-11-01,0.8900401,alarm_without_verified_registry_event_not_proven_false_alarm
BOCPD,1219,Тарусский,Продовольствие,2024-07-01,0.88745964,alarm_without_verified_registry_event_not_proven_false_alarm
BOCPD,2226,Сургут,Общественное питание,2024-10-01,0.88377,alarm_without_verified_registry_event_not_proven_false_alarm
BOCPD,1236,Прокопьевский,Общественное питание,2024-10-01,0.8790807,alarm_without_verified_registry_event_not_proven_false_alarm
BOCPD,1299,Фаленский,Здоровье,2024-10-01,0.878268,alarm_without_verified_registry_event_not_proven_false_alarm
BOCPD,30,Абзелиловский,Маркетплейсы,2024-12-01,0.87483454,alarm_without_verified_registry_event_not_proven_false_alarm
BOCPD,450,Саяногорск,Общественное питание,2024-10-01,0.86726254,alarm_without_verified_registry_event_not_proven_false_alarm
BOCPD,1271,Даровской,Продовольствие,2024-07-01,0.8626571,alarm_without_verified_registry_event_not_proven_false_alarm
BOCPD,2081,Знаменский,Маркетплейсы,2024-12-01,0.85928035,alarm_without_verified_registry_event_not_proven_false_alarm
BOCPD,2145,Кедровый,Маркетплейсы,2024-12-01,0.8569745,alarm_without_verified_registry_event_not_proven_false_alarm
BOCPD,1681,Асекеевский,Продовольствие,2024-07-01,0.8565626,alarm_without_verified_registry_event_not_proven_false_alarm
BOCPD,1328,Солигаличский,Здоровье,2024-11-01,0.8547212,alarm_without_verified_registry_event_not_proven_false_alarm
BOCPD,220,Пудожский,Общественное питание,2024-10-01,0.8517684,alarm_without_verified_registry_event_not_proven_false_alarm
BOCPD,2085,Мордовский,Все категории,2024-12-01,0.8502136,alarm_without_verified_registry_event_not_proven_false_alarm
BOCPD,1536,Чкаловск,Общественное питание,2024-11-01,0.84915507,alarm_without_verified_registry_event_not_proven_false_alarm
BOCPD,1896,Клявлинский,Продовольствие,2024-07-01,0.84911054,alarm_without_verified_registry_event_not_proven_false_alarm
BOCPD,2087,Мучкапский,Общественное питание,2024-11-01,0.84871876,alarm_without_verified_registry_event_not_proven_false_alarm
BOCPD,1555,Дивеевский,Общественное питание,2024-11-01,0.83990026,alarm_without_verified_registry_event_not_proven_false_alarm
BOCPD,1676,Ясненский,Общественное питание,2024-10-01,0.832044,alarm_without_verified_registry_event_not_proven_false_alarm
BOCPD,1494,Лотошино,Общественное питание,2024-10-01,0.82032937,alarm_without_verified_registry_event_not_proven_false_alarm
BOCPD,1234,Осинниковский,Общественное питание,2024-10-01,0.8150078,alarm_without_verified_registry_event_not_proven_false_alarm
BOCPD,1141,Усть-Илимск,Транспорт,2024-10-01,0.8041864,alarm_without_verified_registry_event_not_proven_false_alarm
BOCPD,392,Спасский,Продовольствие,2024-07-01,0.8000141,alarm_without_verified_registry_event_not_proven_false_alarm
BOCPD,820,Невинномысск,Общественное питание,2024-11-01,0.7974819,alarm_without_verified_registry_event_not_proven_false_alarm
BOCPD,1668,Бузулук,Продовольствие,2024-07-01,0.7921291,alarm_without_verified_registry_event_not_proven_false_alarm
BOCPD,1171,Баяндаевский,Общественное питание,2024-10-01,0.7805568,alarm_without_verified_registry_event_not_proven_false_alarm
BOCPD,1534,Первомайск,Общественное питание,2024-11-01,0.7673589,alarm_without_verified_registry_event_not_proven_false_alarm
BOCPD,1970,Южно-Курильский,Транспорт,2024-10-01,0.7660674,alarm_without_verified_registry_event_not_proven_false_alarm
BOCPD,830,Будённовский,Общественное питание,2024-11-01,0.7659396,alarm_without_verified_registry_event_not_proven_false_alarm
BOCPD,1727,Покровский,Продовольствие,2024-08-01,0.7639733,alarm_without_verified_registry_event_not_proven_false_alarm
BOCPD,2255,Барышский,Общественное питание,2024-11-01,0.7614985,alarm_without_verified_registry_event_not_proven_false_alarm
BOCPD,1710,Болховский,Здоровье,2024-10-01,0.75935656,alarm_without_verified_registry_event_not_proven_false_alarm
BOCPD,1691,Матвеевский,Все категории,2024-12-01,0.7343459,alarm_without_verified_registry_event_not_proven_false_alarm
BOCPD,173,Майский,Общественное питание,2024-10-01,0.7150973,alarm_without_verified_registry_event_not_proven_false_alarm
BOCPD,2176,Дубенский,Общественное питание,2024-10-01,0.7122529,alarm_without_verified_registry_event_not_proven_false_alarm
BOCPD,1619,Мошковский,Общественное питание,2024-10-01,0.7121271,alarm_without_verified_registry_event_not_proven_false_alarm
BOCPD,1404,Подпорожский,Транспорт,2024-10-01,0.7116702,alarm_without_verified_registry_event_not_proven_false_alarm
BOCPD,714,Рыбинский,Общественное питание,2024-10-01,0.7107727,alarm_without_verified_registry_event_not_proven_false_alarm
BOCPD,1267,Богородский,Маркетплейсы,2024-07-01,0.71040106,alarm_without_verified_registry_event_not_proven_false_alarm
BOCPD,518,Благовещенский,Общественное питание,2024-10-01,0.70863026,alarm_without_verified_registry_event_not_proven_false_alarm
BOCPD,1024,Клетский,Здоровье,2024-09-01,0.7070833,alarm_without_verified_registry_event_not_proven_false_alarm
BOCPD,72,Стерлибашевский,Продовольствие,2024-07-01,0.6521057,alarm_without_verified_registry_event_not_proven_false_alarm
BOCPD,1015,Городищенский,Здоровье,2024-11-01,0.6516427,alarm_without_verified_registry_event_not_proven_false_alarm
BOCPD,1419,Задонский,Продовольствие,2024-07-01,0.6459489,alarm_without_verified_registry_event_not_proven_false_alarm
BOCPD,854,Охотский,Транспорт,2024-08-01,0.64290243,alarm_without_verified_registry_event_not_proven_false_alarm
BOCPD,1179,Пионерский,Все категории,2024-08-01,0.6390755,alarm_without_verified_registry_event_not_proven_false_alarm
BOCPD,2053,Ельнинский,Маркетплейсы,2024-12-01,0.6306677,alarm_without_verified_registry_event_not_proven_false_alarm
BOCPD,1548,Вознесенский,Здоровье,2024-11-01,0.62657076,alarm_without_verified_registry_event_not_proven_false_alarm
BOCPD,395,Тюлячинский,Продовольствие,2024-07-01,0.618187,alarm_without_verified_registry_event_not_proven_false_alarm
BOCPD,930,Черноярский,Все категории,2024-12-01,0.59699625,alarm_without_verified_registry_event_not_proven_false_alarm
BOCPD,711,Новоселовский,Здоровье,2024-11-01,0.5901563,alarm_without_verified_registry_event_not_proven_false_alarm
BOCPD,226,Вуктыл,Продовольствие,2024-07-01,0.5882573,alarm_without_verified_registry_event_not_proven_false_alarm
BOCPD,1270,Вятскополянский,Здоровье,2024-11-01,0.5794218,alarm_without_verified_registry_event_not_proven_false_alarm
BOCPD,372,Дрожжановский,Здоровье,2024-10-01,0.57862276,alarm_without_verified_registry_event_not_proven_false_alarm
BOCPD,799,Пожарский,Продовольствие,2024-07-01,0.56633484,alarm_without_verified_registry_event_not_proven_false_alarm
BOCPD,1019,Жирновский,Общественное питание,2024-10-01,0.5597625,alarm_without_verified_registry_event_not_proven_false_alarm
BOCPD,346,Алагирский,Здоровье,2024-11-01,0.5535218,alarm_without_verified_registry_event_not_proven_false_alarm
BOCPD,2040,Камышловский,Здоровье,2024-11-01,0.5534164,alarm_without_verified_registry_event_not_proven_false_alarm
BOCPD,1719,Кромской,Здоровье,2024-11-01,0.54718894,alarm_without_verified_registry_event_not_proven_false_alarm
BOCPD,1058,Кирилловский,Здоровье,2024-11-01,0.5354239,alarm_without_verified_registry_event_not_proven_false_alarm
BOCPD,2593,Киевский,Продовольствие,2024-09-01,0.533548,alarm_without_verified_registry_event_not_proven_false_alarm
BOCPD,458,Таштыпский,Здоровье,2024-11-01,0.5332608,alarm_without_verified_registry_event_not_proven_false_alarm
BOCPD,378,Кукморский,Здоровье,2024-11-01,0.52601475,alarm_without_verified_registry_event_not_proven_false_alarm
BOCPD,1348,Петуховский,Здоровье,2024-11-01,0.5209049,alarm_without_verified_registry_event_not_proven_false_alarm
BOCPD,2088,Никифоровский,Общественное питание,2024-10-01,0.517594,alarm_without_verified_registry_event_not_proven_false_alarm
BOCPD,668,Боготол,Продовольствие,2024-07-01,0.51666623,alarm_without_verified_registry_event_not_proven_false_alarm
BOCPD,1123,Палехский,Здоровье,2024-09-01,0.50892144,alarm_without_verified_registry_event_not_proven_false_alarm
BOCPD,1306,Галич,Продовольствие,2024-07-01,0.50063527,alarm_without_verified_registry_event_not_proven_false_alarm
BOCPD,2112,Бельский,Здоровье,2024-11-01,0.4908005,alarm_without_verified_registry_event_not_proven_false_alarm
BOCPD,1309,Антроповский,Здоровье,2024-10-01,0.48337114,alarm_without_verified_registry_event_not_proven_false_alarm
BOCPD,300,Краснослободский,Общественное питание,2024-10-01,0.47582492,alarm_without_verified_registry_event_not_proven_false_alarm
BOCPD,1681,Асекеевский,Все категории,2024-12-01,0.47561702,alarm_without_verified_registry_event_not_proven_false_alarm
BOCPD,243,Усть-Цилемский,Маркетплейсы,2024-08-01,0.4626579,alarm_without_verified_registry_event_not_proven_false_alarm
BOCPD,279,Моркинский,Здоровье,2024-10-01,0.46236214,alarm_without_verified_registry_event_not_proven_false_alarm
BOCPD,560,Тогульский,Здоровье,2024-10-01,0.45272833,alarm_without_verified_registry_event_not_proven_false_alarm
BOCPD,796,Ольгинский,Маркетплейсы,2024-12-01,0.42712006,alarm_without_verified_registry_event_not_proven_false_alarm
BOCPD,1278,Лебяжский,Здоровье,2024-10-01,0.42108667,alarm_without_verified_registry_event_not_proven_false_alarm
BOCPD,308,Чамзинский,Здоровье,2024-11-01,0.41662377,alarm_without_verified_registry_event_not_proven_false_alarm
BOCPD,1165,Усть-Кутский,Транспорт,2024-11-01,0.3869698,alarm_without_verified_registry_event_not_proven_false_alarm
BOCPD,2118,Зубцовский,Здоровье,2024-11-01,0.3798707,alarm_without_verified_registry_event_not_proven_false_alarm
BOCPD,544,Панкрушихинский,Здоровье,2024-11-01,0.35625118,alarm_without_verified_registry_event_not_proven_false_alarm
BOCPD,566,Усть-Калманский,Здоровье,2024-10-01,0.35002586,alarm_without_verified_registry_event_not_proven_false_alarm
BOCPD,1014,Быковский,Маркетплейсы,2024-10-01,0.3320691,alarm_without_verified_registry_event_not_proven_false_alarm
BOCPD,550,Романовский,Здоровье,2024-11-01,0.33168325,alarm_without_verified_registry_event_not_proven_false_alarm
BOCPD,2118,Зубцовский,Продовольствие,2024-07-01,0.33114937,alarm_without_verified_registry_event_not_proven_false_alarm
BOCPD,794,Надеждинский,Маркетплейсы,2024-12-01,0.33048394,alarm_without_verified_registry_event_not_proven_false_alarm
BOCPD,1747,Колышлейский,Здоровье,2024-11-01,0.3301772,alarm_without_verified_registry_event_not_proven_false_alarm
BOCPD,1068,Устюженский,Здоровье,2024-11-01,0.31790495,alarm_without_verified_registry_event_not_proven_false_alarm
BOCPD,1904,Сергиевский,Здоровье,2024-11-01,0.306104,alarm_without_verified_registry_event_not_proven_false_alarm
BOCPD,2321,Большесельский,Продовольствие,2024-07-01,0.301404,alarm_without_verified_registry_event_not_proven_false_alarm
BOCPD,776,Арсеньевский,Маркетплейсы,2024-12-01,0.29827142,alarm_without_verified_registry_event_not_proven_false_alarm
BOCPD,1040,Старополтавский,Здоровье,2024-11-01,0.29767674,alarm_without_verified_registry_event_not_proven_false_alarm
BOCPD,1702,Северный,Здоровье,2024-10-01,0.28668058,alarm_without_verified_registry_event_not_proven_false_alarm
BOCPD,790,Кировский,Здоровье,2024-11-01,0.28227937,alarm_without_verified_registry_event_not_proven_false_alarm
BOCPD,1288,Орловский,Здоровье,2024-11-01,0.273874,alarm_without_verified_registry_event_not_proven_false_alarm
BOCPD,542,Зональный,Здоровье,2024-11-01,0.26509598,alarm_without_verified_registry_event_not_proven_false_alarm
BOCPD,173,Майский,Здоровье,2024-11-01,0.25189775,alarm_without_verified_registry_event_not_proven_false_alarm
BOCPD,1194,Полесский,Здоровье,2024-11-01,0.24891707,alarm_without_verified_registry_event_not_proven_false_alarm
BOCPD,805,Черниговский,Здоровье,2024-11-01,0.2474746,alarm_without_verified_registry_event_not_proven_false_alarm
BOCPD,2061,Руднянский,Общественное питание,2024-11-01,0.23656596,alarm_without_verified_registry_event_not_proven_false_alarm
BOCPD,1694,Октябрьский,Здоровье,2024-11-01,0.23210423,alarm_without_verified_registry_event_not_proven_false_alarm
BOCPD,558,Табунский,Здоровье,2024-11-01,0.22012676,alarm_without_verified_registry_event_not_proven_false_alarm
BOCPD,788,Дальнереченский,Все категории,2024-12-01,0.21773537,alarm_without_verified_registry_event_not_proven_false_alarm
BOCPD,1862,Ряжский,Продовольствие,2024-07-01,0.20372179,alarm_without_verified_registry_event_not_proven_false_alarm
BOCPD,1741,Вадинский,Здоровье,2024-11-01,0.19161926,alarm_without_verified_registry_event_not_proven_false_alarm
BOCPD,548,Ребрихинский,Здоровье,2024-11-01,0.18379806,alarm_without_verified_registry_event_not_proven_false_alarm
BOCPD,2317,Чесменский,Все категории,2024-12-01,0.16980767,alarm_without_verified_registry_event_not_proven_false_alarm
BOCPD,2321,Большесельский,Здоровье,2024-11-01,0.1585725,alarm_without_verified_registry_event_not_proven_false_alarm
BOCPD,776,Арсеньевский,Здоровье,2024-11-01,0.15188895,alarm_without_verified_registry_event_not_proven_false_alarm
BOCPD,583,Калганский,Здоровье,2024-11-01,0.14105612,alarm_without_verified_registry_event_not_proven_false_alarm
BOCPD,447,Ярский,Здоровье,2024-11-01,0.13859849,alarm_without_verified_registry_event_not_proven_false_alarm
BOCPD,1935,Новобурасский,Транспорт,2024-10-01,0.12918094,alarm_without_verified_registry_event_not_proven_false_alarm
BOCPD,210,Кемский,Здоровье,2024-11-01,0.12354845,alarm_without_verified_registry_event_not_proven_false_alarm
BOCPD,1604,Болотнинский,Здоровье,2024-10-01,0.0944934,alarm_without_verified_registry_event_not_proven_false_alarm
BOCPD,1739,Белинский,Все категории,2024-12-01,0.08753099,alarm_without_verified_registry_event_not_proven_false_alarm
BOCPD,783,Партизанский,Здоровье,2024-11-01,0.07581352,alarm_without_verified_registry_event_not_proven_false_alarm
BOCPD,2270,Сурский,Здоровье,2024-11-01,0.06448381,alarm_without_verified_registry_event_not_proven_false_alarm
BOCPD,1885,Безенчукский,Здоровье,2024-10-01,0.064145,alarm_without_verified_registry_event_not_proven_false_alarm
BOCPD,2265,Павловский,Здоровье,2024-11-01,0.041837282,alarm_without_verified_registry_event_not_proven_false_alarm
BOCPD,323,Кобяйский,Продовольствие,2024-07-01,0.029301746,alarm_without_verified_registry_event_not_proven_false_alarm
BOCPD,855,Полины Осипенко,Продовольствие,2024-07-01,0.025879368,alarm_without_verified_registry_event_not_proven_false_alarm
BOCPD,1345,Макушинский,Продовольствие,2024-07-01,0.019494781,alarm_without_verified_registry_event_not_proven_false_alarm
BOCPD,1889,Борский,Здоровье,2024-11-01,0.018489653,alarm_without_verified_registry_event_not_proven_false_alarm
BOCPD,495,Порецкий,Здоровье,2024-11-01,0.01134542,alarm_without_verified_registry_event_not_proven_false_alarm
BOCPD,1020,Иловлинский,Здоровье,2024-11-01,0.0049852342,alarm_without_verified_registry_event_not_proven_false_alarm
CUSUM,416,Чеди-Хольский,Здоровье,2024-07-01,6.2378836,alarm_without_verified_registry_event_not_proven_false_alarm
CUSUM,1305,Волгореченск,Все категории,2024-07-01,6.0456114,alarm_without_verified_registry_event_not_proven_false_alarm
CUSUM,1851,Кадомский,Общественное питание,2024-07-01,5.5454803,alarm_without_verified_registry_event_not_proven_false_alarm
CUSUM,2317,Чесменский,Все категории,2024-07-01,5.41187,alarm_without_verified_registry_event_not_proven_false_alarm
CUSUM,2122,Кесовогорский,Общественное питание,2024-07-01,5.3221955,alarm_without_verified_registry_event_not_proven_false_alarm
CUSUM,284,Советский,Продовольствие,2024-09-01,5.2455564,alarm_without_verified_registry_event_not_proven_false_alarm
CUSUM,2254,Базарносызганский,Общественное питание,2024-12-01,4.914938,alarm_without_verified_registry_event_not_proven_false_alarm
CUSUM,566,Усть-Калманский,Все категории,2024-09-01,4.821838,alarm_without_verified_registry_event_not_proven_false_alarm
CUSUM,1691,Матвеевский,Все категории,2024-08-01,4.526904,alarm_without_verified_registry_event_not_proven_false_alarm
CUSUM,2054,Ершичский,Здоровье,2024-07-01,4.4953175,alarm_without_verified_registry_event_not_proven_false_alarm
CUSUM,2237,Ханты-Мансийский,Все категории,2024-09-01,4.422699,alarm_without_verified_registry_event_not_proven_false_alarm
CUSUM,1058,Кирилловский,Здоровье,2024-07-01,4.341682,alarm_without_verified_registry_event_not_proven_false_alarm
CUSUM,1310,Буйский,Здоровье,2024-07-01,4.330046,alarm_without_verified_registry_event_not_proven_false_alarm
CUSUM,1316,Красносельский,Все категории,2024-09-01,4.2577744,alarm_without_verified_registry_event_not_proven_false_alarm
CUSUM,78,Федоровский,Здоровье,2024-08-01,4.243106,alarm_without_verified_registry_event_not_proven_false_alarm
CUSUM,2130,Молоковский,Все категории,2024-08-01,4.2231836,alarm_without_verified_registry_event_not_proven_false_alarm
CUSUM,1648,Нижнеомский,Все категории,2024-09-01,4.2165365,alarm_without_verified_registry_event_not_proven_false_alarm
CUSUM,1034,Ольховский,Все категории,2024-07-01,4.20034,alarm_without_verified_registry_event_not_proven_false_alarm
CUSUM,1673,Орск,Все категории,2024-08-01,4.118106,alarm_without_verified_registry_event_not_proven_false_alarm
CUSUM,793,Михайловский,Здоровье,2024-08-01,4.0447497,alarm_without_verified_registry_event_not_proven_false_alarm
CUSUM,1036,Руднянский,Общественное питание,2024-07-01,4.0192266,alarm_without_verified_registry_event_not_proven_false_alarm
CUSUM,1019,Жирновский,Общественное питание,2024-07-01,3.9896793,alarm_without_verified_registry_event_not_proven_false_alarm
CUSUM,1776,Новосокольнический,Здоровье,2024-07-01,3.9706378,alarm_without_verified_registry_event_not_proven_false_alarm
CUSUM,370,Верхнеуслонский,Все категории,2024-07-01,3.903382,alarm_without_verified_registry_event_not_proven_false_alarm
CUSUM,2269,Старомайнский,Все категории,2024-07-01,3.8887873,alarm_without_verified_registry_event_not_proven_false_alarm
CUSUM,2054,Ершичский,Транспорт,2024-12-01,3.8541358,alarm_without_verified_registry_event_not_proven_false_alarm
CUSUM,1744,Иссинский,Здоровье,2024-07-01,3.835444,alarm_without_verified_registry_event_not_proven_false_alarm
CUSUM,1066,Тотемский,Все категории,2024-09-01,3.8093426,alarm_without_verified_registry_event_not_proven_false_alarm
CUSUM,1562,Лысковский,Все категории,2024-09-01,3.751575,alarm_without_verified_registry_event_not_proven_false_alarm
CUSUM,361,Алькеевский,Все категории,2024-07-01,3.7393076,alarm_without_verified_registry_event_not_proven_false_alarm
CUSUM,1570,Тонкинский,Продовольствие,2024-10-01,3.709942,alarm_without_verified_registry_event_not_proven_false_alarm
CUSUM,891,Коряжма,Продовольствие,2024-08-01,3.708634,alarm_without_verified_registry_event_not_proven_false_alarm
CUSUM,1663,Черлакский,Все категории,2024-09-01,3.6961722,alarm_without_verified_registry_event_not_proven_false_alarm
CUSUM,542,Зональный,Здоровье,2024-07-01,3.6926959,alarm_without_verified_registry_event_not_proven_false_alarm
CUSUM,1017,Дубовский,Все категории,2024-07-01,3.6626446,alarm_without_verified_registry_event_not_proven_false_alarm
CUSUM,1559,Краснооктябрьский,Здоровье,2024-07-01,3.6448226,alarm_without_verified_registry_event_not_proven_false_alarm
CUSUM,15,Улаганский,Все категории,2024-12-01,3.6110973,alarm_without_verified_registry_event_not_proven_false_alarm
CUSUM,1857,Александро-Невский,Все категории,2024-07-01,3.60152,alarm_without_verified_registry_event_not_proven_false_alarm
CUSUM,1912,Шиханы,Здоровье,2024-07-01,3.6000695,alarm_without_verified_registry_event_not_proven_false_alarm
CUSUM,2157,Молчановский,Здоровье,2024-07-01,3.5890262,alarm_without_verified_registry_event_not_proven_false_alarm
CUSUM,2334,Рыбинский,Продовольствие,2024-10-01,3.5767612,alarm_without_verified_registry_event_not_proven_false_alarm
CUSUM,2450,Волковское,Все категории,2024-08-01,3.5727117,alarm_without_verified_registry_event_not_proven_false_alarm
CUSUM,564,Тюменцевский,Все категории,2024-09-01,3.5710485,alarm_without_verified_registry_event_not_proven_false_alarm
CUSUM,1884,Алексеевский,Общественное питание,2024-07-01,3.56119,alarm_without_verified_registry_event_not_proven_false_alarm
CUSUM,522,Егорьевский,Все категории,2024-09-01,3.5590394,alarm_without_verified_registry_event_not_proven_false_alarm
CUSUM,1851,Кадомский,Здоровье,2024-07-01,3.5353167,alarm_without_verified_registry_event_not_proven_false_alarm
CUSUM,185,Малодербетовский,Здоровье,2024-08-01,3.5332892,alarm_without_verified_registry_event_not_proven_false_alarm
CUSUM,796,Ольгинский,Все категории,2024-09-01,3.5245867,alarm_without_verified_registry_event_not_proven_false_alarm
CUSUM,1644,Марьяновский,Все категории,2024-07-01,3.5212147,alarm_without_verified_registry_event_not_proven_false_alarm
CUSUM,792,Лазовский,Продовольствие,2024-10-01,3.5167966,alarm_without_verified_registry_event_not_proven_false_alarm
CUSUM,2112,Бельский,Здоровье,2024-07-01,3.513199,alarm_without_verified_registry_event_not_proven_false_alarm
CUSUM,1950,Федоровский,Здоровье,2024-07-01,3.5051007,alarm_without_verified_registry_event_not_proven_false_alarm
CUSUM,46,Бураевский,Все категории,2024-08-01,3.498425,alarm_without_verified_registry_event_not_proven_false_alarm
CUSUM,2138,Сонковский,Все категории,2024-08-01,3.497776,alarm_without_verified_registry_event_not_proven_false_alarm
CUSUM,1428,Хлевенский,Все категории,2024-09-01,3.484276,alarm_without_verified_registry_event_not_proven_false_alarm
CUSUM,1065,Тарногский,Все категории,2024-09-01,3.4796078,alarm_without_verified_registry_event_not_proven_false_alarm
CUSUM,892,Котлас,Все категории,2024-09-01,3.4570646,alarm_without_verified_registry_event_not_proven_false_alarm
CUSUM,2040,Камышловский,Здоровье,2024-07-01,3.4318326,alarm_without_verified_registry_event_not_proven_false_alarm
CUSUM,1616,Купинский,Все категории,2024-09-01,3.4266057,alarm_without_verified_registry_event_not_proven_false_alarm
CUSUM,1070,Чагодощенский,Все категории,2024-09-01,3.423564,alarm_without_verified_registry_event_not_proven_false_alarm
CUSUM,871,Белогорский,Здоровье,2024-07-01,3.418224,alarm_without_verified_registry_event_not_proven_false_alarm
CUSUM,184,Лаганский,Все категории,2024-09-01,3.4159489,alarm_without_verified_registry_event_not_proven_false_alarm
CUSUM,770,Косинский,Общественное питание,2024-08-01,3.4154902,alarm_without_verified_registry_event_not_proven_false_alarm
CUSUM,383,Мензелинский,Здоровье,2024-07-01,3.4129696,alarm_without_verified_registry_event_not_proven_false_alarm
CUSUM,1651,Оконешниковский,Все категории,2024-09-01,3.4101684,alarm_without_verified_registry_event_not_proven_false_alarm
CUSUM,1142,Черемхово,Все категории,2024-09-01,3.400131,alarm_without_verified_registry_event_not_proven_false_alarm
CUSUM,1275,Кирово-Чепецкий,Здоровье,2024-07-01,3.3924878,alarm_without_verified_registry_event_not_proven_false_alarm
CUSUM,692,Дзержинский,Все категории,2024-09-01,3.3857422,alarm_without_verified_registry_event_not_proven_false_alarm
CUSUM,1650,Одесский,Все категории,2024-10-01,3.382419,alarm_without_verified_registry_event_not_proven_false_alarm
CUSUM,1685,Грачёвский,Все категории,2024-09-01,3.3650973,alarm_without_verified_registry_event_not_proven_false_alarm
CUSUM,391,Сармановский,Все категории,2024-09-01,3.3620617,alarm_without_verified_registry_event_not_proven_false_alarm
CUSUM,989,Муром,Все категории,2024-07-01,3.3435922,alarm_without_verified_registry_event_not_proven_false_alarm
CUSUM,1420,Измалковский,Все категории,2024-07-01,3.3367567,alarm_without_verified_registry_event_not_proven_false_alarm
CUSUM,27,Салават,Все категории,2024-07-01,3.3299766,alarm_without_verified_registry_event_not_proven_false_alarm
CUSUM,2118,Зубцовский,Здоровье,2024-07-01,3.3042462,alarm_without_verified_registry_event_not_proven_false_alarm
CUSUM,897,Вельский,Все категории,2024-09-01,3.303922,alarm_without_verified_registry_event_not_proven_false_alarm
CUSUM,2531,Строгино,Все категории,2024-08-01,3.2958536,alarm_without_verified_registry_event_not_proven_false_alarm
CUSUM,846,Бикинский,Здоровье,2024-08-01,3.2869487,alarm_without_verified_registry_event_not_proven_false_alarm
CUSUM,1405,Приозерский,Все категории,2024-09-01,3.2852128,alarm_without_verified_registry_event_not_proven_false_alarm
CUSUM,2443,Петровский,Все категории,2024-07-01,3.2812963,alarm_without_verified_registry_event_not_proven_false_alarm
CUSUM,899,Вилегодский,Все категории,2024-09-01,3.2564254,alarm_without_verified_registry_event_not_proven_false_alarm
CUSUM,1634,Большереченский,Все категории,2024-09-01,3.2538748,alarm_without_verified_registry_event_not_proven_false_alarm
CUSUM,243,Усть-Цилемский,Маркетплейсы,2024-11-01,3.2487466,alarm_without_verified_registry_event_not_proven_false_alarm
CUSUM,1756,Никольский,Здоровье,2024-07-01,3.2400289,alarm_without_verified_registry_event_not_proven_false_alarm
CUSUM,1927,Ершовский,Здоровье,2024-07-01,3.2325506,alarm_without_verified_registry_event_not_proven_false_alarm
CUSUM,1617,Кыштовский,Все категории,2024-09-01,3.2176342,alarm_without_verified_registry_event_not_proven_false_alarm
CUSUM,2506,Сокол,Все категории,2024-08-01,3.2154417,alarm_without_verified_registry_event_not_proven_false_alarm
CUSUM,1873,Шиловский,Все категории,2024-07-01,3.2130222,alarm_without_verified_registry_event_not_proven_false_alarm
CUSUM,1243,Кемеровский,Все категории,2024-09-01,3.211662,alarm_without_verified_registry_event_not_proven_false_alarm
CUSUM,2460,Лиговка-Ямская,Все категории,2024-07-01,3.207302,alarm_without_verified_registry_event_not_proven_false_alarm
CUSUM,988,Ковров,Все категории,2024-07-01,3.204522,alarm_without_verified_registry_event_not_proven_false_alarm
CUSUM,1023,Киквидзенский,Все категории,2024-09-01,3.1948857,alarm_without_verified_registry_event_not_proven_false_alarm
CUSUM,419,Воткинск,Все категории,2024-08-01,3.186269,alarm_without_verified_registry_event_not_proven_false_alarm
CUSUM,79,Хайбуллинский,Продовольствие,2024-10-01,3.185847,alarm_without_verified_registry_event_not_proven_false_alarm
CUSUM,1671,Медногорск,Все категории,2024-09-01,3.1696947,alarm_without_verified_registry_event_not_proven_false_alarm
CUSUM,1530,Перевозский,Все категории,2024-09-01,3.1590343,alarm_without_verified_registry_event_not_proven_false_alarm
CUSUM,2407,Урицк,Все категории,2024-08-01,3.156715,alarm_without_verified_registry_event_not_proven_false_alarm
CUSUM,1009,Камышин,Все категории,2024-07-01,3.149572,alarm_without_verified_registry_event_not_proven_false_alarm
CUSUM,930,Черноярский,Все категории,2024-09-01,3.1425323,alarm_without_verified_registry_event_not_proven_false_alarm
CUSUM,1570,Тонкинский,Здоровье,2024-07-01,3.1422448,alarm_without_verified_registry_event_not_proven_false_alarm
CUSUM,2225,Радужный,Здоровье,2024-07-01,3.1357968,alarm_without_verified_registry_event_not_proven_false_alarm
CUSUM,1933,Лысогорский,Все категории,2024-08-01,3.130267,alarm_without_verified_registry_event_not_proven_false_alarm
CUSUM,2270,Сурский,Здоровье,2024-07-01,3.107762,alarm_without_verified_registry_event_not_proven_false_alarm
CUSUM,1299,Фаленский,Здоровье,2024-07-01,3.1066198,alarm_without_verified_registry_event_not_proven_false_alarm
CUSUM,2553,Нижегородский,Все категории,2024-08-01,3.1063159,alarm_without_verified_registry_event_not_proven_false_alarm
CUSUM,799,Пожарский,Здоровье,2024-07-01,3.0936868,alarm_without_verified_registry_event_not_proven_false_alarm
CUSUM,1258,Киров,Все категории,2024-08-01,3.0848608,alarm_without_verified_registry_event_not_proven_false_alarm
CUSUM,1955,Анивский,Здоровье,2024-07-01,3.081764,alarm_without_verified_registry_event_not_proven_false_alarm
CUSUM,2572,Братеево,Все категории,2024-08-01,3.0815692,alarm_without_verified_registry_event_not_proven_false_alarm
CUSUM,316,Булунский,Транспорт,2024-08-01,3.0746374,alarm_without_verified_registry_event_not_proven_false_alarm
CUSUM,220,Пудожский,Здоровье,2024-07-01,3.072517,alarm_without_verified_registry_event_not_proven_false_alarm
CUSUM,502,Яльчикский,Все категории,2024-09-01,3.0708382,alarm_without_verified_registry_event_not_proven_false_alarm
CUSUM,357,Азнакаевский,Все категории,2024-07-01,3.0701818,alarm_without_verified_registry_event_not_proven_false_alarm
CUSUM,2142,Торопецкий,Все категории,2024-09-01,3.0693996,alarm_without_verified_registry_event_not_proven_false_alarm
CUSUM,1214,Мещовский,Здоровье,2024-07-01,3.0513375,alarm_without_verified_registry_event_not_proven_false_alarm
CUSUM,210,Кемский,Здоровье,2024-08-01,3.0498395,alarm_without_verified_registry_event_not_proven_false_alarm
CUSUM,1709,Мценск,Все категории,2024-07-01,3.027532,alarm_without_verified_registry_event_not_proven_false_alarm
CUSUM,2276,Верхнеуфалейский,Здоровье,2024-07-01,3.0213058,alarm_without_verified_registry_event_not_proven_false_alarm
CUSUM,1974,Асбестовский,Все категории,2024-08-01,3.0184643,alarm_without_verified_registry_event_not_proven_false_alarm
CUSUM,26,Октябрьский,Все категории,2024-07-01,3.017681,alarm_without_verified_registry_event_not_proven_false_alarm
CUSUM,430,Завьяловский,Все категории,2024-07-01,3.0114365,alarm_without_verified_registry_event_not_proven_false_alarm
CUSUM,2175,Воловский,Все категории,2024-08-01,2.999377,alarm_without_verified_registry_event_not_proven_false_alarm
CUSUM,2148,Александровский,Маркетплейсы,2024-11-01,2.9906352,alarm_without_verified_registry_event_not_proven_false_alarm
CUSUM,1875,Жигулевск,Все категории,2024-07-01,2.9898965,alarm_without_verified_registry_event_not_proven_false_alarm
CUSUM,774,Юсьвинский,Все категории,2024-09-01,2.9819498,alarm_without_verified_registry_event_not_proven_false_alarm
CUSUM,1784,Пустошкинский,Здоровье,2024-08-01,2.978525,alarm_without_verified_registry_event_not_proven_false_alarm
CUSUM,2395,Понтонный,Здоровье,2024-07-01,2.9691708,alarm_without_verified_registry_event_not_proven_false_alarm
CUSUM,2525,Южное Медведково,Все категории,2024-08-01,2.9594586,alarm_without_verified_registry_event_not_proven_false_alarm
CUSUM,2464,Восточное Измайлово,Все категории,2024-08-01,2.9506538,alarm_without_verified_registry_event_not_proven_false_alarm
CUSUM,558,Табунский,Здоровье,2024-07-01,2.9438584,alarm_without_verified_registry_event_not_proven_false_alarm
CUSUM,2105,Осташковский,Здоровье,2024-07-01,2.9392185,alarm_without_verified_registry_event_not_proven_false_alarm
CUSUM,1454,Кашира,Все категории,2024-08-01,2.9248586,alarm_without_verified_registry_event_not_proven_false_alarm
CUSUM,1878,Октябрьск,Все категории,2024-08-01,2.9209204,alarm_without_verified_registry_event_not_proven_false_alarm
CUSUM,1922,Вольский,Все категории,2024-09-01,2.9183955,alarm_without_verified_registry_event_not_proven_false_alarm
CUSUM,1678,Адамовский,Все категории,2024-08-01,2.915411,alarm_without_verified_registry_event_not_proven_false_alarm
CUSUM,1326,Поназыревский,Здоровье,2024-07-01,2.912036,alarm_without_verified_registry_event_not_proven_false_alarm
CUSUM,993,Гороховецкий,Все категории,2024-09-01,2.9114742,alarm_without_verified_registry_event_not_proven_false_alarm
CUSUM,269,Йошкар-Ола,Все категории,2024-07-01,2.9044554,alarm_without_verified_registry_event_not_proven_false_alarm
CUSUM,987,Гусь-Хрустальный,Все категории,2024-07-01,2.9002411,alarm_without_verified_registry_event_not_proven_false_alarm
CUSUM,2011,Сухой Лог,Все категории,2024-09-01,2.896998,alarm_without_verified_registry_event_not_proven_false_alarm
CUSUM,2579,Нагорный,Все категории,2024-08-01,2.895886,alarm_without_verified_registry_event_not_proven_false_alarm
CUSUM,992,Вязниковский,Все категории,2024-08-01,2.8958256,alarm_without_verified_registry_event_not_proven_false_alarm
CUSUM,349,Ирафский,Все категории,2024-07-01,2.8940165,alarm_without_verified_registry_event_not_proven_false_alarm
CUSUM,1545,Варнавинский,Все категории,2024-09-01,2.8904634,alarm_without_verified_registry_event_not_proven_false_alarm
CUSUM,2574,Донской,Все категории,2024-08-01,2.8832672,alarm_without_verified_registry_event_not_proven_false_alarm
CUSUM,1489,Волоколамский,Все категории,2024-09-01,2.8829067,alarm_without_verified_registry_event_not_proven_false_alarm
CUSUM,21,Уфа,Все категории,2024-07-01,2.8744693,alarm_without_verified_registry_event_not_proven_false_alarm
CUSUM,8,Теучежский,Все категории,2024-09-01,2.8732216,alarm_without_verified_registry_event_not_proven_false_alarm
CUSUM,763,Чайковский,Все категории,2024-09-01,2.8701408,alarm_without_verified_registry_event_not_proven_false_alarm
CUSUM,694,Енисейский,Все категории,2024-09-01,2.8699179,alarm_without_verified_registry_event_not_proven_false_alarm
CUSUM,2523,Северное Медведково,Все категории,2024-07-01,2.8683155,alarm_without_verified_registry_event_not_proven_false_alarm
CUSUM,418,Ижевск,Все категории,2024-07-01,2.859095,alarm_without_verified_registry_event_not_proven_false_alarm
CUSUM,842,Хабаровск,Все категории,2024-07-01,2.8575745,alarm_without_verified_registry_event_not_proven_false_alarm
CUSUM,883,Свободненский,Здоровье,2024-08-01,2.8575242,alarm_without_verified_registry_event_not_proven_false_alarm
CUSUM,1113,Вичугский,Здоровье,2024-07-01,2.8564196,alarm_without_verified_registry_event_not_proven_false_alarm
CUSUM,2481,Кунцево,Все категории,2024-08-01,2.8499527,alarm_without_verified_registry_event_not_proven_false_alarm
CUSUM,508,Заринск,Все категории,2024-09-01,2.8462431,alarm_without_verified_registry_event_not_proven_false_alarm
CUSUM,803,Хасанский,Здоровье,2024-07-01,2.8448281,alarm_without_verified_registry_event_not_proven_false_alarm
CUSUM,2512,Бабушкинский,Все категории,2024-08-01,2.8406215,alarm_without_verified_registry_event_not_proven_false_alarm
CUSUM,362,Альметьевский,Все категории,2024-07-01,2.8393607,alarm_without_verified_registry_event_not_proven_false_alarm
CUSUM,2584,Чертаново Центральное,Все категории,2024-08-01,2.8361099,alarm_without_verified_registry_event_not_proven_false_alarm
CUSUM,815,Ипатовский,Все категории,2024-09-01,2.8356204,alarm_without_verified_registry_event_not_proven_false_alarm
CUSUM,2381,№ 21,Все категории,2024-09-01,2.826303,alarm_without_verified_registry_event_not_proven_false_alarm
CUSUM,2352,Сенной,Все категории,2024-08-01,2.8259678,alarm_without_verified_registry_event_not_proven_false_alarm
CUSUM,851,Лазо,Здоровье,2024-07-01,2.8237398,alarm_without_verified_registry_event_not_proven_false_alarm
CUSUM,1975,Малышевский,Все категории,2024-09-01,2.8207533,alarm_without_verified_registry_event_not_proven_false_alarm
CUSUM,1706,Шарлыкский,Все категории,2024-09-01,2.8199813,alarm_without_verified_registry_event_not_proven_false_alarm
CUSUM,773,Юрлинский,Здоровье,2024-08-01,2.817619,alarm_without_verified_registry_event_not_proven_false_alarm
CUSUM,2536,Басманный,Все категории,2024-08-01,2.8138661,alarm_without_verified_registry_event_not_proven_false_alarm
CUSUM,2440,Кронверкское,Все категории,2024-08-01,2.8100471,alarm_without_verified_registry_event_not_proven_false_alarm
CUSUM,1410,Липецк,Все категории,2024-07-01,2.803925,alarm_without_verified_registry_event_not_proven_false_alarm
CUSUM,2075,Моршанск,Здоровье,2024-07-01,2.8037775,alarm_without_verified_registry_event_not_proven_false_alarm
CUSUM,1919,Балаковский,Все категории,2024-08-01,2.8027623,alarm_without_verified_registry_event_not_proven_false_alarm
CUSUM,2321,Большесельский,Здоровье,2024-07-01,2.8016188,alarm_without_verified_registry_event_not_proven_false_alarm
CUSUM,2485,Проспект Вернадского,Все категории,2024-07-01,2.8006012,alarm_without_verified_registry_event_not_proven_false_alarm
CUSUM,1344,Лебяжьевский,Здоровье,2024-07-01,2.7947114,alarm_without_verified_registry_event_not_proven_false_alarm
CUSUM,1574,Шатковский,Все категории,2024-09-01,2.7916002,alarm_without_verified_registry_event_not_proven_false_alarm
CUSUM,2360,Морской,Все категории,2024-09-01,2.7760212,alarm_without_verified_registry_event_not_proven_false_alarm
CUSUM,173,Майский,Общественное питание,2024-08-01,2.7709405,alarm_without_verified_registry_event_not_proven_false_alarm
CUSUM,2527,Куркино,Все категории,2024-07-01,2.7687461,alarm_without_verified_registry_event_not_proven_false_alarm
CUSUM,1018,Еланский,Все категории,2024-09-01,2.7682605,alarm_without_verified_registry_event_not_proven_false_alarm
CUSUM,481,Новочебоксарск,Все категории,2024-07-01,2.7647393,alarm_without_verified_registry_event_not_proven_false_alarm
CUSUM,2521,Ростокино,Все категории,2024-08-01,2.7643492,alarm_without_verified_registry_event_not_proven_false_alarm
CUSUM,1884,Алексеевский,Продовольствие,2024-10-01,2.7628706,alarm_without_verified_registry_event_not_proven_false_alarm
CUSUM,1607,Здвинский,Все категории,2024-09-01,2.7625153,alarm_without_verified_registry_event_not_proven_false_alarm
CUSUM,1933,Лысогорский,Здоровье,2024-08-01,2.7605689,alarm_without_verified_registry_event_not_proven_false_alarm
CUSUM,548,Ребрихинский,Общественное питание,2024-07-01,2.7526329,alarm_without_verified_registry_event_not_proven_false_alarm
CUSUM,2128,Лихославльский,Здоровье,2024-08-01,2.7519557,alarm_without_verified_registry_event_not_proven_false_alarm
CUSUM,422,Сарапул,Все категории,2024-09-01,2.747487,alarm_without_verified_registry_event_not_proven_false_alarm
CUSUM,2571,Бирюлево Западное,Все категории,2024-09-01,2.7462788,alarm_without_verified_registry_event_not_proven_false_alarm
CUSUM,1492,Клин,Все категории,2024-08-01,2.7439342,alarm_without_verified_registry_event_not_proven_false_alarm
CUSUM,1120,Комсомольский,Здоровье,2024-07-01,2.7436073,alarm_without_verified_registry_event_not_proven_false_alarm
CUSUM,589,Нерчинский,Здоровье,2024-12-01,2.7389524,alarm_without_verified_registry_event_not_proven_false_alarm
CUSUM,1726,Орловский,Все категории,2024-07-01,2.7372754,alarm_without_verified_registry_event_not_proven_false_alarm
CUSUM,2165,Алексин,Все категории,2024-08-01,2.736696,alarm_without_verified_registry_event_not_proven_false_alarm
CUSUM,801,Тернейский,Все категории,2024-09-01,2.7278354,alarm_without_verified_registry_event_not_proven_false_alarm
CUSUM,1036,Руднянский,Все категории,2024-07-01,2.7250586,alarm_without_verified_registry_event_not_proven_false_alarm
CUSUM,2587,Троицк,Все категории,2024-07-01,2.7243638,alarm_without_verified_registry_event_not_proven_false_alarm
CUSUM,1979,Верхняя Пышма,Все категории,2024-07-01,2.7224603,alarm_without_verified_registry_event_not_proven_false_alarm
CUSUM,781,Лесозаводский,Здоровье,2024-07-01,2.7222447,alarm_without_verified_registry_event_not_proven_false_alarm
CUSUM,2198,Бердюжский,Все категории,2024-09-01,2.7211034,alarm_without_verified_registry_event_not_proven_false_alarm
CUSUM,2456,Дворцовый,Здоровье,2024-08-01,2.7194767,alarm_without_verified_registry_event_not_proven_false_alarm
CUSUM,549,Родинский,Здоровье,2024-07-01,2.7191002,alarm_without_verified_registry_event_not_proven_false_alarm
CUSUM,2466,Гольяново,Все категории,2024-08-01,2.7183578,alarm_without_verified_registry_event_not_proven_false_alarm
CUSUM,2499,Головинский,Все категории,2024-08-01,2.6963096,alarm_without_verified_registry_event_not_proven_false_alarm
CUSUM,2274,Чердаклинский,Все категории,2024-07-01,2.69133,alarm_without_verified_registry_event_not_proven_false_alarm
CUSUM,2337,Ярославский,Все категории,2024-07-01,2.691311,alarm_without_verified_registry_event_not_proven_false_alarm
CUSUM,991,Александровский,Все категории,2024-08-01,2.6863372,alarm_without_verified_registry_event_not_proven_false_alarm
CUSUM,385,Нижнекамский,Все категории,2024-09-01,2.6837008,alarm_without_verified_registry_event_not_proven_false_alarm
CUSUM,1456,Королёв,Все категории,2024-07-01,2.679978,alarm_without_verified_registry_event_not_proven_false_alarm
CUSUM,293,Ельниковский,Все категории,2024-08-01,2.676965,alarm_without_verified_registry_event_not_proven_false_alarm
CUSUM,1328,Солигаличский,Все категории,2024-09-01,2.675711,alarm_without_verified_registry_event_not_proven_false_alarm
CUSUM,903,Котласский,Маркетплейсы,2024-08-01,2.6734402,alarm_without_verified_registry_event_not_proven_false_alarm
CUSUM,1878,Октябрьск,Здоровье,2024-07-01,2.6703627,alarm_without_verified_registry_event_not_proven_false_alarm
CUSUM,1068,Устюженский,Здоровье,2024-07-01,2.6698654,alarm_without_verified_registry_event_not_proven_false_alarm
CUSUM,2513,Бибирево,Все категории,2024-07-01,2.668859,alarm_without_verified_registry_event_not_proven_false_alarm
CUSUM,1496,Богородский,Все категории,2024-07-01,2.667578,alarm_without_verified_registry_event_not_proven_false_alarm
CUSUM,1008,Волжский,Все категории,2024-07-01,2.6669366,alarm_without_verified_registry_event_not_proven_false_alarm
CUSUM,2586,Старое Крюково,Все категории,2024-08-01,2.6644673,alarm_without_verified_registry_event_not_proven_false_alarm
CUSUM,998,Кольчугинский,Все категории,2024-09-01,2.6633606,alarm_without_verified_registry_event_not_proven_false_alarm
CUSUM,1650,Одесский,Продовольствие,2024-11-01,2.6630342,alarm_without_verified_registry_event_not_proven_false_alarm
CUSUM,414,Улуг-Хемский,Все категории,2024-09-01,2.6625063,alarm_without_verified_registry_event_not_proven_false_alarm
CUSUM,41,Бижбулякский,Здоровье,2024-07-01,2.6605225,alarm_without_verified_registry_event_not_proven_false_alarm
CUSUM,2475,Соколиная гора,Все категории,2024-08-01,2.6604457,alarm_without_verified_registry_event_not_proven_false_alarm
CUSUM,2134,Рамешковский,Здоровье,2024-08-01,2.657535,alarm_without_verified_registry_event_not_proven_false_alarm
CUSUM,923,Икрянинский,Здоровье,2024-07-01,2.6572666,alarm_without_verified_registry_event_not_proven_false_alarm
CUSUM,2583,Чертаново Северное,Все категории,2024-08-01,2.6543787,alarm_without_verified_registry_event_not_proven_false_alarm
CUSUM,534,Крутихинский,Все категории,2024-10-01,2.6512785,alarm_without_verified_registry_event_not_proven_false_alarm
CUSUM,2532,Хорошево-Мневники,Все категории,2024-08-01,2.650117,alarm_without_verified_registry_event_not_proven_false_alarm
CUSUM,414,Улуг-Хемский,Здоровье,2024-07-01,2.6499279,alarm_without_verified_registry_event_not_proven_false_alarm
CUSUM,2551,Марьино,Все категории,2024-08-01,2.6480424,alarm_without_verified_registry_event_not_proven_false_alarm
CUSUM,2526,Ярославский,Все категории,2024-07-01,2.6474764,alarm_without_verified_registry_event_not_proven_false_alarm
CUSUM,2548,Кузьминки,Все категории,2024-08-01,2.6452734,alarm_without_verified_registry_event_not_proven_false_alarm
CUSUM,2503,Левобережный,Здоровье,2024-08-01,2.6448054,alarm_without_verified_registry_event_not_proven_false_alarm
CUSUM,1977,Березовский,Все категории,2024-07-01,2.6408038,alarm_without_verified_registry_event_not_proven_false_alarm
CUSUM,2546,Выхино-Жулебино,Все категории,2024-08-01,2.6382616,alarm_without_verified_registry_event_not_proven_false_alarm
CUSUM,2006,Ревда,Все категории,2024-09-01,2.6378186,alarm_without_verified_registry_event_not_proven_false_alarm
CUSUM,2497,Войковский,Все категории,2024-08-01,2.6340685,alarm_without_verified_registry_event_not_proven_false_alarm
CUSUM,2320,Рыбинск,Все категории,2024-09-01,2.6332047,alarm_without_verified_registry_event_not_proven_false_alarm
CUSUM,2887,Саратов,Все категории,2024-07-01,2.6291142,alarm_without_verified_registry_event_not_proven_false_alarm
CUSUM,986,Владимир,Все категории,2024-07-01,2.6279786,alarm_without_verified_registry_event_not_proven_false_alarm
CUSUM,544,Панкрушихинский,Все категории,2024-10-01,2.6265569,alarm_without_verified_registry_event_not_proven_false_alarm
CUSUM,397,Чистопольский,Все категории,2024-07-01,2.6252706,alarm_without_verified_registry_event_not_proven_false_alarm
CUSUM,1556,Княгининский,Здоровье,2024-07-01,2.6248105,alarm_without_verified_registry_event_not_proven_false_alarm
CUSUM,1305,Волгореченск,Здоровье,2024-07-01,2.6246183,alarm_without_verified_registry_event_not_proven_false_alarm
CUSUM,1591,Солецкий,Здоровье,2024-07-01,2.6242514,alarm_without_verified_registry_event_not_proven_false_alarm
CUSUM,2473,Перово,Все категории,2024-08-01,2.620623,alarm_without_verified_registry_event_not_proven_false_alarm
CUSUM,1681,Асекеевский,Все категории,2024-08-01,2.6131685,alarm_without_verified_registry_event_not_proven_false_alarm
CUSUM,1728,Свердловский,Здоровье,2024-07-01,2.6131434,alarm_without_verified_registry_event_not_proven_false_alarm
CUSUM,1759,Сердобский,Все категории,2024-07-01,2.6119335,alarm_without_verified_registry_event_not_proven_false_alarm
CUSUM,871,Белогорский,Все категории,2024-07-01,2.6083028,alarm_without_verified_registry_event_not_proven_false_alarm
CUSUM,2541,Пресненский,Все категории,2024-08-01,2.6076972,alarm_without_verified_registry_event_not_proven_false_alarm
CUSUM,2467,Ивановское,Все категории,2024-08-01,2.6069398,alarm_without_verified_registry_event_not_proven_false_alarm
CUSUM,1615,Куйбышевский,Все категории,2024-09-01,2.6061296,alarm_without_verified_registry_event_not_proven_false_alarm
CUSUM,2312,Сосновский,Все категории,2024-07-01,2.6057563,alarm_without_verified_registry_event_not_proven_false_alarm
CUSUM,1244,Крапивинский,Транспорт,2024-07-01,2.6036773,alarm_without_verified_registry_event_not_proven_false_alarm
CUSUM,2364,Сампсониевское,Все категории,2024-09-01,2.6012776,alarm_without_verified_registry_event_not_proven_false_alarm
CUSUM,284,Советский,Все категории,2024-09-01,2.600653,alarm_without_verified_registry_event_not_proven_false_alarm
CUSUM,598,Улётовский,Здоровье,2024-07-01,2.600653,alarm_without_verified_registry_event_not_proven_false_alarm
CUSUM,1856,Михайловский,Здоровье,2024-07-01,2.5997338,alarm_without_verified_registry_event_not_proven_false_alarm
CUSUM,2001,Нижняя Салда,Здоровье,2024-08-01,2.599694,alarm_without_verified_registry_event_not_proven_false_alarm
CUSUM,1555,Дивеевский,Здоровье,2024-07-01,2.59946,alarm_without_verified_registry_event_not_proven_false_alarm
CUSUM,1526,Выкса,Все категории,2024-08-01,2.598554,alarm_without_verified_registry_event_not_proven_false_alarm
CUSUM,297,Кадошкинский,Все категории,2024-08-01,2.5984964,alarm_without_verified_registry_event_not_proven_false_alarm
CUSUM,1578,Валдайский,Здоровье,2024-07-01,2.5958343,alarm_without_verified_registry_event_not_proven_false_alarm
CUSUM,1933,Лысогорский,Маркетплейсы,2024-07-01,2.5946777,alarm_without_verified_registry_event_not_proven_false_alarm
CUSUM,2252,Димитровград,Все категории,2024-07-01,2.5934927,alarm_without_verified_registry_event_not_proven_false_alarm
CUSUM,2205,Нижнетавдинский,Все категории,2024-09-01,2.592404,alarm_without_verified_registry_event_not_proven_false_alarm
CUSUM,303,Рузаевский,Здоровье,2024-07-01,2.5898116,alarm_without_verified_registry_event_not_proven_false_alarm
CUSUM,493,Мариинско-Посадский,Все категории,2024-09-01,2.5897582,alarm_without_verified_registry_event_not_proven_false_alarm
CUSUM,2477,Преображенское,Все категории,2024-08-01,2.5895963,alarm_without_verified_registry_event_not_proven_false_alarm
CUSUM,2545,Якиманка,Здоровье,2024-08-01,2.5874164,alarm_without_verified_registry_event_not_proven_false_alarm
CUSUM,1682,Беляевский,Все категории,2024-09-01,2.5871599,alarm_without_verified_registry_event_not_proven_false_alarm
CUSUM,2567,Черемушки,Все категории,2024-08-01,2.5854,alarm_without_verified_registry_event_not_proven_false_alarm
CUSUM,2547,Капотня,Все категории,2024-08-01,2.5822124,alarm_without_verified_registry_event_not_proven_false_alarm
CUSUM,778,Большой Камень,Здоровье,2024-07-01,2.5817513,alarm_without_verified_registry_event_not_proven_false_alarm
CUSUM,2569,Ясенево,Все категории,2024-08-01,2.5807598,alarm_without_verified_registry_event_not_proven_false_alarm
CUSUM,2005,Полевской,Все категории,2024-09-01,2.5802512,alarm_without_verified_registry_event_not_proven_false_alarm
CUSUM,1969,Холмский,Здоровье,2024-08-01,2.576697,alarm_without_verified_registry_event_not_proven_false_alarm
CUSUM,2446,Стрельна,Все категории,2024-08-01,2.5744553,alarm_without_verified_registry_event_not_proven_false_alarm
CUSUM,2193,Тобольск,Все категории,2024-09-01,2.5736866,alarm_without_verified_registry_event_not_proven_false_alarm
CUSUM,2514,Бутырский,Все категории,2024-07-01,2.5684266,alarm_without_verified_registry_event_not_proven_false_alarm
CUSUM,2260,Майнский,Здоровье,2024-07-01,2.5680563,alarm_without_verified_registry_event_not_proven_false_alarm
CUSUM,2445,Петергоф,Все категории,2024-09-01,2.5677319,alarm_without_verified_registry_event_not_proven_false_alarm
CUSUM,794,Надеждинский,Здоровье,2024-07-01,2.5670452,alarm_without_verified_registry_event_not_proven_false_alarm
CUSUM,776,Арсеньевский,Все категории,2024-08-01,2.5669665,alarm_without_verified_registry_event_not_proven_false_alarm
CUSUM,2549,Лефортово,Все категории,2024-08-01,2.562798,alarm_without_verified_registry_event_not_proven_false_alarm
CUSUM,425,Вавожский,Здоровье,2024-07-01,2.5619905,alarm_without_verified_registry_event_not_proven_false_alarm
CUSUM,1646,Муромцевский,Маркетплейсы,2024-07-01,2.5619159,alarm_without_verified_registry_event_not_proven_false_alarm
CUSUM,2275,Челябинский,Все категории,2024-07-01,2.5611155,alarm_without_verified_registry_event_not_proven_false_alarm
CUSUM,1446,Дубна,Все категории,2024-09-01,2.5591457,alarm_without_verified_registry_event_not_proven_false_alarm
CUSUM,505,Алейск,Все категории,2024-09-01,2.5585244,alarm_without_verified_registry_event_not_proven_false_alarm
CUSUM,1463,Луховицы,Все категории,2024-07-01,2.5570543,alarm_without_verified_registry_event_not_proven_false_alarm
CUSUM,60,Кармаскалинский,Здоровье,2024-07-01,2.556941,alarm_without_verified_registry_event_not_proven_false_alarm
CUSUM,1540,Богородский,Все категории,2024-08-01,2.5542078,alarm_without_verified_registry_event_not_proven_false_alarm
CUSUM,2265,Павловский,Здоровье,2024-08-01,2.553545,alarm_without_verified_registry_event_not_proven_false_alarm
CUSUM,49,Давлекановский,Все категории,2024-07-01,2.5524867,alarm_without_verified_registry_event_not_proven_false_alarm
CUSUM,2251,Ульяновск,Все категории,2024-08-01,2.5503502,alarm_without_verified_registry_event_not_proven_false_alarm
CUSUM,790,Кировский,Все категории,2024-07-01,2.549822,alarm_without_verified_registry_event_not_proven_false_alarm
CUSUM,1560,Кстовский,Все категории,2024-07-01,2.5452685,alarm_without_verified_registry_event_not_proven_false_alarm
CUSUM,29,Стерлитамак,Все категории,2024-08-01,2.5450594,alarm_without_verified_registry_event_not_proven_false_alarm
CUSUM,2101,Тверь,Все категории,2024-09-01,2.5446181,alarm_without_verified_registry_event_not_proven_false_alarm
CUSUM,3005,Арзамас,Все категории,2024-08-01,2.544028,alarm_without_verified_registry_event_not_proven_false_alarm
CUSUM,718,Таймырский Долгано-Ненецкий,Все категории,2024-11-01,2.5430906,alarm_without_verified_registry_event_not_proven_false_alarm
CUSUM,2494,Аэропорт,Все категории,2024-08-01,2.5426126,alarm_without_verified_registry_event_not_proven_false_alarm
CUSUM,1021,Калачевский,Все категории,2024-07-01,2.5407884,alarm_without_verified_registry_event_not_proven_false_alarm
CUSUM,2480,Крылатское,Все категории,2024-08-01,2.5339024,alarm_without_verified_registry_event_not_proven_false_alarm
CUSUM,2351,Коломна,Все категории,2024-09-01,2.532776,alarm_without_verified_registry_event_not_proven_false_alarm
CUSUM,1971,Екатеринбург,Все категории,2024-07-01,2.5314114,alarm_without_verified_registry_event_not_proven_false_alarm
CUSUM,2582,Царицыно,Все категории,2024-08-01,2.5312016,alarm_without_verified_registry_event_not_proven_false_alarm
CUSUM,2080,Жердевский,Все категории,2024-09-01,2.5277336,alarm_without_verified_registry_event_not_proven_false_alarm
CUSUM,1929,Калининский,Здоровье,2024-07-01,2.5248854,alarm_without_verified_registry_event_not_proven_false_alarm
CUSUM,1306,Галич,Здоровье,2024-07-01,2.5241094,alarm_without_verified_registry_event_not_proven_false_alarm
CUSUM,2012,Тавдинский,Здоровье,2024-07-01,2.522321,alarm_without_verified_registry_event_not_proven_false_alarm
CUSUM,920,Ахтубинский,Все категории,2024-07-01,2.5221596,alarm_without_verified_registry_event_not_proven_false_alarm
CUSUM,1007,Волгоград,Все категории,2024-07-01,2.5202608,alarm_without_verified_registry_event_not_proven_false_alarm
CUSUM,2544,Хамовники,Все категории,2024-08-01,2.5198162,alarm_without_verified_registry_event_not_proven_false_alarm
CUSUM,2289,Южноуральский,Все категории,2024-07-01,2.5193644,alarm_without_verified_registry_event_not_proven_false_alarm
CUSUM,1113,Вичугский,Все категории,2024-08-01,2.5180144,alarm_without_verified_registry_event_not_proven_false_alarm
CUSUM,783,Партизанский,Здоровье,2024-07-01,2.5177364,alarm_without_verified_registry_event_not_proven_false_alarm
CUSUM,2305,Кунашакский,Здоровье,2024-07-01,2.5148847,alarm_without_verified_registry_event_not_proven_false_alarm
CUSUM,1871,Чучковский,Все категории,2024-09-01,2.509566,alarm_without_verified_registry_event_not_proven_false_alarm
CUSUM,2144,Томск,Все категории,2024-09-01,2.5091484,alarm_without_verified_registry_event_not_proven_false_alarm
CUSUM,2010,Серовский,Все категории,2024-09-01,2.5089533,alarm_without_verified_registry_event_not_proven_false_alarm
CUSUM,570,Чарышский,Все категории,2024-08-01,2.5057518,alarm_without_verified_registry_event_not_proven_false_alarm
CUSUM,832,Кочубеевский,Здоровье,2024-07-01,2.5028863,alarm_without_verified_registry_event_not_proven_false_alarm
CUSUM,1877,Новокуйбышевск,Все категории,2024-08-01,2.502842,alarm_without_verified_registry_event_not_proven_false_alarm
CUSUM,2580,Орехово-Борисово Северное,Все категории,2024-09-01,2.499748,alarm_without_verified_registry_event_not_proven_false_alarm
CUSUM,2366,Сосновское,Все категории,2024-09-01,2.4984725,alarm_without_verified_registry_event_not_proven_false_alarm
CUSUM,3009,Тамбов,Все категории,2024-07-01,2.4966173,alarm_without_verified_registry_event_not_proven_false_alarm
CUSUM,278,Медведевский,Все категории,2024-08-01,2.496268,alarm_without_verified_registry_event_not_proven_false_alarm
CUSUM,797,Партизанский,Здоровье,2024-08-01,2.496077,alarm_without_verified_registry_event_not_proven_false_alarm
CUSUM,2561,Коньково,Все категории,2024-09-01,2.4950304,alarm_without_verified_registry_event_not_proven_false_alarm
CUSUM,1154,Киренский,Все категории,2024-10-01,2.4948616,alarm_without_verified_registry_event_not_proven_false_alarm
CUSUM,1396,Выборгский,Все категории,2024-09-01,2.4935324,alarm_without_verified_registry_event_not_proven_false_alarm
CUSUM,1027,Кумылженский,Здоровье,2024-08-01,2.4931486,alarm_without_verified_registry_event_not_proven_false_alarm
CUSUM,77,Учалинский,Все категории,2024-09-01,2.4918036,alarm_without_verified_registry_event_not_proven_false_alarm
CUSUM,1845,Рязань,Все категории,2024-07-01,2.491772,alarm_without_verified_registry_event_not_proven_false_alarm
CUSUM,735,Бардымский,Все категории,2024-09-01,2.4910276,alarm_without_verified_registry_event_not_proven_false_alarm
CUSUM,2355,Измайловское,Все категории,2024-08-01,2.4894195,alarm_without_verified_registry_event_not_proven_false_alarm
CUSUM,827,Андроповский,Все категории,2024-09-01,2.4865885,alarm_without_verified_registry_event_not_proven_false_alarm
CUSUM,758,Сивинский,Здоровье,2024-07-01,2.486124,alarm_without_verified_registry_event_not_proven_false_alarm
CUSUM,1403,Лужский,Все категории,2024-08-01,2.4847925,alarm_without_verified_registry_event_not_proven_false_alarm
CUSUM,2327,Мышкинский,Здоровье,2024-12-01,2.4829752,alarm_without_verified_registry_event_not_proven_false_alarm
CUSUM,519,Бурлинский,Здоровье,2024-07-01,2.482604,alarm_without_verified_registry_event_not_proven_false_alarm
CUSUM,413,Тоджинский,Все категории,2024-09-01,2.4810102,alarm_without_verified_registry_event_not_proven_false_alarm
CUSUM,25,Нефтекамск,Все категории,2024-08-01,2.4798777,alarm_without_verified_registry_event_not_proven_false_alarm
CUSUM,1978,Богданович,Все категории,2024-08-01,2.47984,alarm_without_verified_registry_event_not_proven_false_alarm
CUSUM,2318,Ярославль,Все категории,2024-08-01,2.4793131,alarm_without_verified_registry_event_not_proven_false_alarm
CUSUM,2370,Лисий Нос,Все категории,2024-08-01,2.4789493,alarm_without_verified_registry_event_not_proven_false_alarm
CUSUM,509,Новоалтайск,Все категории,2024-08-01,2.4785647,alarm_without_verified_registry_event_not_proven_false_alarm
CUSUM,2191,Заводоуковский,Все категории,2024-09-01,2.4755628,alarm_without_verified_registry_event_not_proven_false_alarm
CUSUM,2529,Покровское-Стрешнево,Все категории,2024-09-01,2.470683,alarm_without_verified_registry_event_not_proven_false_alarm
CUSUM,2591,Вороновское,Все категории,2024-09-01,2.4692345,alarm_without_verified_registry_event_not_proven_false_alarm
CUSUM,1889,Борский,Здоровье,2024-07-01,2.4679291,alarm_without_verified_registry_event_not_proven_false_alarm
CUSUM,667,Ачинск,Все категории,2024-09-01,2.4659526,alarm_without_verified_registry_event_not_proven_false_alarm
CUSUM,2509,Хорошевский,Все категории,2024-07-01,2.464676,alarm_without_verified_registry_event_not_proven_false_alarm
CUSUM,2167,Донской,Все категории,2024-07-01,2.4640875,alarm_without_verified_registry_event_not_proven_false_alarm
CUSUM,1944,Ртищевский,Здоровье,2024-07-01,2.4619527,alarm_without_verified_registry_event_not_proven_false_alarm
CUSUM,2431,Рыбацкое,Все категории,2024-08-01,2.461083,alarm_without_verified_registry_event_not_proven_false_alarm
CUSUM,2646,Обнинск,Все категории,2024-07-01,2.4594457,alarm_without_verified_registry_event_not_proven_false_alarm
CUSUM,1398,Кингисеппский,Все категории,2024-08-01,2.4584637,alarm_without_verified_registry_event_not_proven_false_alarm
CUSUM,2534,Южное Тушино,Все категории,2024-08-01,2.457545,alarm_without_verified_registry_event_not_proven_false_alarm
CUSUM,2470,Новогиреево,Все категории,2024-07-01,2.4564545,alarm_without_verified_registry_event_not_proven_false_alarm
CUSUM,1014,Быковский,Здоровье,2024-07-01,2.4558249,alarm_without_verified_registry_event_not_proven_false_alarm
CUSUM,307,Торбеевский,Все категории,2024-09-01,2.4520774,alarm_without_verified_registry_event_not_proven_false_alarm
CUSUM,368,Бугульминский,Все категории,2024-08-01,2.4517474,alarm_without_verified_registry_event_not_proven_false_alarm
CUSUM,1771,Красногородский,Здоровье,2024-07-01,2.4501162,alarm_without_verified_registry_event_not_proven_false_alarm
CUSUM,827,Андроповский,Здоровье,2024-07-01,2.4495234,alarm_without_verified_registry_event_not_proven_false_alarm
CUSUM,2369,Шувалово-Озерки,Все категории,2024-09-01,2.4487193,alarm_without_verified_registry_event_not_proven_false_alarm
CUSUM,2253,Новоульяновск,Здоровье,2024-07-01,2.4486623,alarm_without_verified_registry_event_not_proven_false_alarm
CUSUM,1116,Заволжский,Все категории,2024-09-01,2.4453473,alarm_without_verified_registry_event_not_proven_false_alarm
CUSUM,1954,Александровск-Сахалинский,Маркетплейсы,2024-07-01,2.4450533,alarm_without_verified_registry_event_not_proven_false_alarm
CUSUM,1491,Дмитровский,Все категории,2024-07-01,2.4447868,alarm_without_verified_registry_event_not_proven_false_alarm
CUSUM,1330,Сусанинский,Здоровье,2024-07-01,2.444155,alarm_without_verified_registry_event_not_proven_false_alarm
CUSUM,1472,Подольск,Все категории,2024-07-01,2.441805,alarm_without_verified_registry_event_not_proven_false_alarm
CUSUM,1854,Кораблинский,Все категории,2024-09-01,2.4408793,alarm_without_verified_registry_event_not_proven_false_alarm
CUSUM,398,Ютазинский,Здоровье,2024-12-01,2.440343,alarm_without_verified_registry_event_not_proven_false_alarm
CUSUM,2554,Печатники,Все категории,2024-07-01,2.436766,alarm_without_verified_registry_event_not_proven_false_alarm
CUSUM,2286,Троицкий,Все категории,2024-09-01,2.4367547,alarm_without_verified_registry_event_not_proven_false_alarm
CUSUM,205,Хабезский,Все категории,2024-09-01,2.4339907,alarm_without_verified_registry_event_not_proven_false_alarm
CUSUM,1623,Сузунский,Все категории,2024-09-01,2.4333303,alarm_without_verified_registry_event_not_proven_false_alarm
CUSUM,2434,Невский,Все категории,2024-09-01,2.424188,alarm_without_verified_registry_event_not_proven_false_alarm
CUSUM,2557,Южнопортовый,Все категории,2024-09-01,2.4225662,alarm_without_verified_registry_event_not_proven_false_alarm
CUSUM,1672,Новотроицк,Все категории,2024-08-01,2.4194329,alarm_without_verified_registry_event_not_proven_false_alarm
CUSUM,1610,Каргатский,Все категории,2024-08-01,2.4186494,alarm_without_verified_registry_event_not_proven_false_alarm
CUSUM,1667,Бугуруслан,Все категории,2024-09-01,2.4173868,alarm_without_verified_registry_event_not_proven_false_alarm
CUSUM,2126,Кувшиновский,Все категории,2024-09-01,2.4149435,alarm_without_verified_registry_event_not_proven_false_alarm
CUSUM,584,Карымский,Здоровье,2024-08-01,2.414547,alarm_without_verified_registry_event_not_proven_false_alarm
CUSUM,2468,Измайлово,Все категории,2024-07-01,2.4142854,alarm_without_verified_registry_event_not_proven_false_alarm
CUSUM,2482,Можайский,Все категории,2024-08-01,2.4119246,alarm_without_verified_registry_event_not_proven_false_alarm
CUSUM,2564,Обручевский,Все категории,2024-09-01,2.4070563,alarm_without_verified_registry_event_not_proven_false_alarm
CUSUM,6,Майкопский,Все категории,2024-09-01,2.4068894,alarm_without_verified_registry_event_not_proven_false_alarm
CUSUM,1888,Большечерниговский,Здоровье,2024-07-01,2.4067552,alarm_without_verified_registry_event_not_proven_false_alarm
CUSUM,2542,Таганский,Все категории,2024-08-01,2.4062347,alarm_without_verified_registry_event_not_proven_false_alarm
CUSUM,2474,Северное Измайлово,Все категории,2024-08-01,2.4058447,alarm_without_verified_registry_event_not_proven_false_alarm
CUSUM,2508,Ховрино,Все категории,2024-09-01,2.4041421,alarm_without_verified_registry_event_not_proven_false_alarm
CUSUM,1306,Галич,Все категории,2024-09-01,2.4035857,alarm_without_verified_registry_event_not_proven_false_alarm
CUSUM,387,Нурлатский,Все категории,2024-09-01,2.402946,alarm_without_verified_registry_event_not_proven_false_alarm
CUSUM,2281,Магнитогорский,Все категории,2024-07-01,2.3983092,alarm_without_verified_registry_event_not_proven_false_alarm
CUSUM,927,Наримановский,Все категории,2024-07-01,2.3978748,alarm_without_verified_registry_event_not_proven_false_alarm
CUSUM,748,Краснокамский,Все категории,2024-09-01,2.397607,alarm_without_verified_registry_event_not_proven_false_alarm
CUSUM,1186,Гурьевский,Все категории,2024-08-01,2.397107,alarm_without_verified_registry_event_not_proven_false_alarm
CUSUM,2599,Московский,Все категории,2024-08-01,2.395395,alarm_without_verified_registry_event_not_proven_false_alarm
CUSUM,2550,Люблино,Все категории,2024-08-01,2.3945763,alarm_without_verified_registry_event_not_proven_false_alarm
CUSUM,2408,Константиновское,Все категории,2024-09-01,2.3942223,alarm_without_verified_registry_event_not_proven_false_alarm
CUSUM,1632,Омск,Здоровье,2024-07-01,2.3936136,alarm_without_verified_registry_event_not_proven_false_alarm
CUSUM,1889,Борский,Все категории,2024-08-01,2.3934593,alarm_without_verified_registry_event_not_proven_false_alarm
CUSUM,1669,Гайский,Все категории,2024-09-01,2.3930304,alarm_without_verified_registry_event_not_proven_false_alarm
CUSUM,401,Бай-Тайгинский,Здоровье,2024-12-01,2.392292,alarm_without_verified_registry_event_not_proven_false_alarm
CUSUM,926,Лиманский,Здоровье,2024-07-01,2.391217,alarm_without_verified_registry_event_not_proven_false_alarm
CUSUM,18,Чемальский,Здоровье,2024-07-01,2.3869877,alarm_without_verified_registry_event_not_proven_false_alarm
CUSUM,2528,Митино,Все категории,2024-08-01,2.3869076,alarm_without_verified_registry_event_not_proven_false_alarm
CUSUM,2194,Ялуторовск,Все категории,2024-09-01,2.38491,alarm_without_verified_registry_event_not_proven_false_alarm
CUSUM,1397,Гатчинский,Все категории,2024-08-01,2.3842273,alarm_without_verified_registry_event_not_proven_false_alarm
CUSUM,1303,Кострома,Все категории,2024-09-01,2.3782613,alarm_without_verified_registry_event_not_proven_false_alarm
CUSUM,2462,Богородское,Все категории,2024-09-01,2.3774035,alarm_without_verified_registry_event_not_proven_false_alarm
CUSUM,2426,Пулковский меридиан,Все категории,2024-09-01,2.3711915,alarm_without_verified_registry_event_not_proven_false_alarm
CUSUM,1286,Опаринский,Все категории,2024-09-01,2.3693569,alarm_without_verified_registry_event_not_proven_false_alarm
CUSUM,806,Чугуевский,Здоровье,2024-07-01,2.3686821,alarm_without_verified_registry_event_not_proven_false_alarm
CUSUM,1597,Новосибирск,Все категории,2024-08-01,2.3677018,alarm_without_verified_registry_event_not_proven_false_alarm
CUSUM,2188,Щекинский,Здоровье,2024-07-01,2.3664849,alarm_without_verified_registry_event_not_proven_false_alarm
CUSUM,2435,Оккервиль,Все категории,2024-09-01,2.3624365,alarm_without_verified_registry_event_not_proven_false_alarm
CUSUM,2507,Тимирязевский,Все категории,2024-09-01,2.3600614,alarm_without_verified_registry_event_not_proven_false_alarm
CUSUM,2560,Зюзино,Все категории,2024-07-01,2.3555946,alarm_without_verified_registry_event_not_proven_false_alarm
CUSUM,380,Лениногорский,Здоровье,2024-07-01,2.3547227,alarm_without_verified_registry_event_not_proven_false_alarm
CUSUM,1598,Бердск,Все категории,2024-09-01,2.3545375,alarm_without_verified_registry_event_not_proven_false_alarm
CUSUM,828,Апанасенковский,Все категории,2024-09-01,2.3538446,alarm_without_verified_registry_event_not_proven_false_alarm
CUSUM,1788,Струго-Красненский,Маркетплейсы,2024-08-01,2.3519597,alarm_without_verified_registry_event_not_proven_false_alarm
CUSUM,2556,Текстильщики,Все категории,2024-08-01,2.3499932,alarm_without_verified_registry_event_not_proven_false_alarm
CUSUM,345,Владикавказ,Здоровье,2024-07-01,2.349971,alarm_without_verified_registry_event_not_proven_false_alarm
CUSUM,2559,Гагаринский,Все категории,2024-09-01,2.3492143,alarm_without_verified_registry_event_not_proven_false_alarm
CUSUM,2587,Троицк,Здоровье,2024-08-01,2.3468218,alarm_without_verified_registry_event_not_proven_false_alarm
CUSUM,1025,Котельниковский,Здоровье,2024-07-01,2.3453221,alarm_without_verified_registry_event_not_proven_false_alarm
CUSUM,1259,Вятские Поляны,Все категории,2024-09-01,2.344946,alarm_without_verified_registry_event_not_proven_false_alarm
CUSUM,805,Черниговский,Здоровье,2024-07-01,2.3438394,alarm_without_verified_registry_event_not_proven_false_alarm
CUSUM,2644,Серпухов,Все категории,2024-08-01,2.339745,alarm_without_verified_registry_event_not_proven_false_alarm
CUSUM,2437,Павловск,Здоровье,2024-08-01,2.3391147,alarm_without_verified_registry_event_not_proven_false_alarm
CUSUM,1986,Каменск-Уральский,Все категории,2024-08-01,2.3389022,alarm_without_verified_registry_event_not_proven_false_alarm
CUSUM,1523,Нижний Новгород,Все категории,2024-08-01,2.338134,alarm_without_verified_registry_event_not_proven_false_alarm
CUSUM,2074,Мичуринск,Все категории,2024-08-01,2.3379412,alarm_without_verified_registry_event_not_proven_false_alarm
CUSUM,2471,Новокосино,Все категории,2024-07-01,2.3378134,alarm_without_verified_registry_event_not_proven_false_alarm
CUSUM,2378,Гражданка,Все категории,2024-09-01,2.337312,alarm_without_verified_registry_event_not_proven_false_alarm
CUSUM,1481,Фрязино,Все категории,2024-08-01,2.3368206,alarm_without_verified_registry_event_not_proven_false_alarm
CUSUM,23,Кумертау,Все категории,2024-07-01,2.336432,alarm_without_verified_registry_event_not_proven_false_alarm
CUSUM,548,Ребрихинский,Все категории,2024-11-01,2.3312936,alarm_without_verified_registry_event_not_proven_false_alarm
CUSUM,1158,Нижнеудинский,Все категории,2024-08-01,2.330257,alarm_without_verified_registry_event_not_proven_false_alarm
CUSUM,1001,Петушинский,Все категории,2024-09-01,2.3215005,alarm_without_verified_registry_event_not_proven_false_alarm
CUSUM,2255,Барышский,Все категории,2024-08-01,2.3207889,alarm_without_verified_registry_event_not_proven_false_alarm
CUSUM,2340,Ленинский,Здоровье,2024-08-01,2.3203764,alarm_without_verified_registry_event_not_proven_false_alarm
CUSUM,2489,Филевский парк,Все категории,2024-08-01,2.3197885,alarm_without_verified_registry_event_not_proven_false_alarm
CUSUM,221,Сегежский,Здоровье,2024-07-01,2.318735,alarm_without_verified_registry_event_not_proven_false_alarm
CUSUM,559,Тальменский,Все категории,2024-09-01,2.3186636,alarm_without_verified_registry_event_not_proven_false_alarm
CUSUM,1012,Фролово,Все категории,2024-09-01,2.317863,alarm_without_verified_registry_event_not_proven_false_alarm
CUSUM,2343,Смидовичский,Здоровье,2024-07-01,2.3176165,alarm_without_verified_registry_event_not_proven_false_alarm
CUSUM,1586,Новгородский,Все категории,2024-08-01,2.3145266,alarm_without_verified_registry_event_not_proven_false_alarm
CUSUM,2575,Зябликово,Все категории,2024-07-01,2.3135862,alarm_without_verified_registry_event_not_proven_false_alarm
CUSUM,2447,Пушкин,Все категории,2024-09-01,2.3118262,alarm_without_verified_registry_event_not_proven_false_alarm
CUSUM,1553,Городецкий,Все категории,2024-09-01,2.309516,alarm_without_verified_registry_event_not_proven_false_alarm
CUSUM,996,Киржачский,Все категории,2024-07-01,2.3091311,alarm_without_verified_registry_event_not_proven_false_alarm
CUSUM,524,Завьяловский,Здоровье,2024-07-01,2.3089414,alarm_without_verified_registry_event_not_proven_false_alarm
CUSUM,1938,Перелюбский,Здоровье,2024-07-01,2.3087256,alarm_without_verified_registry_event_not_proven_false_alarm
CUSUM,2336,Угличский,Здоровье,2024-07-01,2.3053906,alarm_without_verified_registry_event_not_proven_false_alarm
CUSUM,1395,Всеволожский,Все категории,2024-09-01,2.3042815,alarm_without_verified_registry_event_not_proven_false_alarm
CUSUM,666,Красноярск,Все категории,2024-08-01,2.3001356,alarm_without_verified_registry_event_not_proven_false_alarm
CUSUM,1024,Клетский,Все категории,2024-09-01,2.2999344,alarm_without_verified_registry_event_not_proven_false_alarm
CUSUM,1883,Чапаевск,Все категории,2024-08-01,2.2963517,alarm_without_verified_registry_event_not_proven_false_alarm
CUSUM,2590,Воскресенское,Все категории,2024-07-01,2.2958214,alarm_without_verified_registry_event_not_proven_false_alarm
CUSUM,2538,Савелки,Все категории,2024-08-01,2.294313,alarm_without_verified_registry_event_not_proven_false_alarm
CUSUM,2311,Саткинский,Все категории,2024-08-01,2.2938316,alarm_without_verified_registry_event_not_proven_false_alarm
CUSUM,928,Приволжский,Здоровье,2024-07-01,2.2910023,alarm_without_verified_registry_event_not_proven_false_alarm
CUSUM,569,Целинный,Здоровье,2024-07-01,2.2896836,alarm_without_verified_registry_event_not_proven_false_alarm
CUSUM,2393,Металлострой,Все категории,2024-09-01,2.286611,alarm_without_verified_registry_event_not_proven_false_alarm
CUSUM,2578,Нагатинский затон,Все категории,2024-09-01,2.2861485,alarm_without_verified_registry_event_not_proven_false_alarm
CUSUM,206,Петрозаводский,Все категории,2024-08-01,2.2859972,alarm_without_verified_registry_event_not_proven_false_alarm
CUSUM,603,Шилкинский,Здоровье,2024-08-01,2.2853668,alarm_without_verified_registry_event_not_proven_false_alarm
CUSUM,1443,Дзержинский,Все категории,2024-07-01,2.285047,alarm_without_verified_registry_event_not_proven_false_alarm
CUSUM,2501,Западное Дегунино,Все категории,2024-07-01,2.2848747,alarm_without_verified_registry_event_not_proven_false_alarm
CUSUM,355,Набережные Челны,Все категории,2024-07-01,2.283655,alarm_without_verified_registry_event_not_proven_false_alarm
CUSUM,2543,Тверской,Все категории,2024-09-01,2.2835324,alarm_without_verified_registry_event_not_proven_false_alarm
CUSUM,2520,Отрадное,Все категории,2024-08-01,2.2825894,alarm_without_verified_registry_event_not_proven_false_alarm
CUSUM,1972,Алапаевск,Все категории,2024-09-01,2.281066,alarm_without_verified_registry_event_not_proven_false_alarm
CUSUM,2565,Северное Бутово,Все категории,2024-08-01,2.2791378,alarm_without_verified_registry_event_not_proven_false_alarm
CUSUM,2487,Солнцево,Все категории,2024-08-01,2.2787223,alarm_without_verified_registry_event_not_proven_false_alarm
CUSUM,38,Белебеевский,Все категории,2024-09-01,2.2769854,alarm_without_verified_registry_event_not_proven_false_alarm
CUSUM,586,Красночикойский,Здоровье,2024-07-01,2.2765179,alarm_without_verified_registry_event_not_proven_false_alarm
CUSUM,2648,Лосино-Петровский,Все категории,2024-07-01,2.2755024,alarm_without_verified_registry_event_not_proven_false_alarm
CUSUM,1176,Калининград,Все категории,2024-09-01,2.274194,alarm_without_verified_registry_event_not_proven_false_alarm
CUSUM,1675,Сорочинский,Все категории,2024-09-01,2.2740772,alarm_without_verified_registry_event_not_proven_false_alarm
CUSUM,727,Пермский,Все категории,2024-07-01,2.2734318,alarm_without_verified_registry_event_not_proven_false_alarm
CUSUM,1020,Иловлинский,Все категории,2024-08-01,2.271694,alarm_without_verified_registry_event_not_proven_false_alarm
CUSUM,567,Усть-Пристанский,Здоровье,2024-07-01,2.2694037,alarm_without_verified_registry_event_not_proven_false_alarm
CUSUM,2288,Чебаркульский,Все категории,2024-09-01,2.2681344,alarm_without_verified_registry_event_not_proven_false_alarm
CUSUM,2813,Шатура,Все категории,2024-08-01,2.2668915,alarm_without_verified_registry_event_not_proven_false_alarm
CUSUM,1680,Александровский,Общественное питание,2024-12-01,2.266648,alarm_without_verified_registry_event_not_proven_false_alarm
CUSUM,2383,Северный,Все категории,2024-09-01,2.266143,alarm_without_verified_registry_event_not_proven_false_alarm
CUSUM,830,Будённовский,Все категории,2024-09-01,2.2654989,alarm_without_verified_registry_event_not_proven_false_alarm
CUSUM,1690,Курманаевский,Маркетплейсы,2024-07-01,2.2636764,alarm_without_verified_registry_event_not_proven_false_alarm
CUSUM,57,Ишимбайский,Все категории,2024-08-01,2.260864,alarm_without_verified_registry_event_not_proven_false_alarm
CUSUM,2449,Шушары,Все категории,2024-09-01,2.2601943,alarm_without_verified_registry_event_not_proven_false_alarm
CUSUM,525,Залесовский,Все категории,2024-07-01,2.2584841,alarm_without_verified_registry_event_not_proven_false_alarm
CUSUM,1708,Ливны,Все категории,2024-07-01,2.2562087,alarm_without_verified_registry_event_not_proven_false_alarm
CUSUM,2605,Сосенское,Все категории,2024-07-01,2.254655,alarm_without_verified_registry_event_not_proven_false_alarm
CUSUM,2589,Внуковское,Все категории,2024-07-01,2.2527194,alarm_without_verified_registry_event_not_proven_false_alarm
CUSUM,2533,Щукино,Все категории,2024-07-01,2.251573,alarm_without_verified_registry_event_not_proven_false_alarm
CUSUM,814,Изобильненский,Здоровье,2024-07-01,2.2463684,alarm_without_verified_registry_event_not_proven_false_alarm
CUSUM,2503,Левобережный,Все категории,2024-09-01,2.245762,alarm_without_verified_registry_event_not_proven_false_alarm
CUSUM,2524,Северный,Все категории,2024-09-01,2.2421954,alarm_without_verified_registry_event_not_proven_false_alarm
CUSUM,2581,Орехово-Борисово Южное,Все категории,2024-08-01,2.2408793,alarm_without_verified_registry_event_not_proven_false_alarm
CUSUM,2472,Метро,Все категории,2024-08-01,2.240261,alarm_without_verified_registry_event_not_proven_false_alarm
CUSUM,767,Чусовской,Все категории,2024-09-01,2.2376266,alarm_without_verified_registry_event_not_proven_false_alarm
CUSUM,2229,Белоярский,Здоровье,2024-08-01,2.2351282,alarm_without_verified_registry_event_not_proven_false_alarm
CUSUM,48,Гафурийский,Здоровье,2024-07-01,2.2324045,alarm_without_verified_registry_event_not_proven_false_alarm
CUSUM,1619,Мошковский,Все категории,2024-09-01,2.2320557,alarm_without_verified_registry_event_not_proven_false_alarm
CUSUM,2116,Жарковский,Все категории,2024-10-01,2.2298932,alarm_without_verified_registry_event_not_proven_false_alarm
CUSUM,2555,Рязанский,Все категории,2024-09-01,2.2263286,alarm_without_verified_registry_event_not_proven_false_alarm
CUSUM,1448,Жуковский,Все категории,2024-07-01,2.2249293,alarm_without_verified_registry_event_not_proven_false_alarm
CUSUM,31,Альшеевский,Все категории,2024-09-01,2.2207243,alarm_without_verified_registry_event_not_proven_false_alarm
CUSUM,2124,Конаковский,Все категории,2024-09-01,2.2193456,alarm_without_verified_registry_event_not_proven_false_alarm
CUSUM,2463,Вешняки,Все категории,2024-09-01,2.2190318,alarm_without_verified_registry_event_not_proven_false_alarm
CUSUM,1256,Яйский,Общественное питание,2024-07-01,2.2186801,alarm_without_verified_registry_event_not_proven_false_alarm
CUSUM,1287,Оричевский,Здоровье,2024-07-01,2.2177656,alarm_without_verified_registry_event_not_proven_false_alarm
CUSUM,1912,Шиханы,Все категории,2024-08-01,2.2169888,alarm_without_verified_registry_event_not_proven_false_alarm
CUSUM,775,Владивостокский,Все категории,2024-07-01,2.2163715,alarm_without_verified_registry_event_not_proven_false_alarm
CUSUM,372,Дрожжановский,Здоровье,2024-07-01,2.216056,alarm_without_verified_registry_event_not_proven_false_alarm
CUSUM,2566,Теплый Стан,Все категории,2024-09-01,2.2152028,alarm_without_verified_registry_event_not_proven_false_alarm
CUSUM,801,Тернейский,Продовольствие,2024-12-01,2.2120366,alarm_without_verified_registry_event_not_proven_false_alarm
CUSUM,480,Канаш,Все категории,2024-09-01,2.2119823,alarm_without_verified_registry_event_not_proven_false_alarm
CUSUM,32,Архангельский,Здоровье,2024-07-01,2.2118175,alarm_without_verified_registry_event_not_proven_false_alarm
CUSUM,821,Нефтекумский,Все категории,2024-09-01,2.2115262,alarm_without_verified_registry_event_not_proven_false_alarm
CUSUM,2515,Лианозово,Все категории,2024-08-01,2.210803,alarm_without_verified_registry_event_not_proven_false_alarm
CUSUM,2502,Коптево,Все категории,2024-08-01,2.209248,alarm_without_verified_registry_event_not_proven_false_alarm
CUSUM,2484,Очаково-Матвеевское,Все категории,2024-09-01,2.2089782,alarm_without_verified_registry_event_not_proven_false_alarm
CUSUM,2588,Щербинка,Все категории,2024-07-01,2.2088704,alarm_without_verified_registry_event_not_proven_false_alarm
CUSUM,2412,Сестрорецк,Все категории,2024-09-01,2.2060103,alarm_without_verified_registry_event_not_proven_false_alarm
CUSUM,2483,Ново-Переделкино,Все категории,2024-08-01,2.2056599,alarm_without_verified_registry_event_not_proven_false_alarm
CUSUM,1480,Ступино,Все категории,2024-09-01,2.2052605,alarm_without_verified_registry_event_not_proven_false_alarm
CUSUM,1539,Балахнинский,Все категории,2024-08-01,2.20514,alarm_without_verified_registry_event_not_proven_false_alarm
CUSUM,2505,Савеловский,Все категории,2024-08-01,2.2049675,alarm_without_verified_registry_event_not_proven_false_alarm
CUSUM,2271,Тереньгульский,Продовольствие,2024-12-01,2.2042158,alarm_without_verified_registry_event_not_proven_false_alarm
CUSUM,1400,Кировский,Все категории,2024-09-01,2.2017274,alarm_without_verified_registry_event_not_proven_false_alarm
CUSUM,791,Красноармейский,Здоровье,2024-07-01,2.2008092,alarm_without_verified_registry_event_not_proven_false_alarm
CUSUM,274,Звениговский,Продовольствие,2024-11-01,2.2006376,alarm_without_verified_registry_event_not_proven_false_alarm
CUSUM,2519,Останкинский,Все категории,2024-08-01,2.197766,alarm_without_verified_registry_event_not_proven_false_alarm
CUSUM,2128,Лихославльский,Все категории,2024-08-01,2.1954622,alarm_without_verified_registry_event_not_proven_false_alarm
CUSUM,6,Майкопский,Здоровье,2024-07-01,2.1951509,alarm_without_verified_registry_event_not_proven_false_alarm
CUSUM,680,Шарыпово,Здоровье,2024-07-01,2.1945665,alarm_without_verified_registry_event_not_proven_false_alarm
CUSUM,2535,Арбат,Здоровье,2024-08-01,2.194213,alarm_without_verified_registry_event_not_proven_false_alarm
CUSUM,583,Калганский,Здоровье,2024-07-01,2.1940787,alarm_without_verified_registry_event_not_proven_false_alarm
CUSUM,2215,Ярковский,Здоровье,2024-07-01,2.1922495,alarm_without_verified_registry_event_not_proven_false_alarm
CUSUM,2491,Крюково,Все категории,2024-08-01,2.1903658,alarm_without_verified_registry_event_not_proven_false_alarm
CUSUM,1035,Палласовский,Все категории,2024-08-01,2.1900394,alarm_without_verified_registry_event_not_proven_false_alarm
CUSUM,1426,Тербунский,Все категории,2024-09-01,2.1894531,alarm_without_verified_registry_event_not_proven_false_alarm
CUSUM,1926,Екатериновский,Все категории,2024-09-01,2.1854994,alarm_without_verified_registry_event_not_proven_false_alarm
CUSUM,79,Хайбуллинский,Здоровье,2024-07-01,2.1852624,alarm_without_verified_registry_event_not_proven_false_alarm
CUSUM,1686,Домбаровский,Здоровье,2024-07-01,2.1838517,alarm_without_verified_registry_event_not_proven_false_alarm
CUSUM,1848,Скопин,Все категории,2024-09-01,2.1827147,alarm_without_verified_registry_event_not_proven_false_alarm
CUSUM,59,Караидельский,Продовольствие,2024-11-01,2.1820002,alarm_without_verified_registry_event_not_proven_false_alarm
CUSUM,1865,Сараевский,Все категории,2024-08-01,2.1819797,alarm_without_verified_registry_event_not_proven_false_alarm
CUSUM,2254,Базарносызганский,Все категории,2024-09-01,2.1810787,alarm_without_verified_registry_event_not_proven_false_alarm
CUSUM,1484,Чехов,Все категории,2024-09-01,2.1807516,alarm_without_verified_registry_event_not_proven_false_alarm
CUSUM,842,Хабаровск,Здоровье,2024-08-01,2.1803644,alarm_without_verified_registry_event_not_proven_false_alarm
CUSUM,379,Лаишевский,Все категории,2024-07-01,2.1793096,alarm_without_verified_registry_event_not_proven_false_alarm
CUSUM,2386,Ульянка,Все категории,2024-09-01,2.175848,alarm_without_verified_registry_event_not_proven_false_alarm
CUSUM,805,Черниговский,Все категории,2024-08-01,2.1757166,alarm_without_verified_registry_event_not_proven_false_alarm
CUSUM,1134,Иркутск,Все категории,2024-09-01,2.1726995,alarm_without_verified_registry_event_not_proven_false_alarm
CUSUM,2201,Голышмановский,Здоровье,2024-07-01,2.170488,alarm_without_verified_registry_event_not_proven_false_alarm
CUSUM,354,Казань,Все категории,2024-08-01,2.170302,alarm_without_verified_registry_event_not_proven_false_alarm
CUSUM,237,Сыктывдинский,Продовольствие,2024-12-01,2.1681225,alarm_without_verified_registry_event_not_proven_false_alarm
CUSUM,1204,Думиничский,Все категории,2024-09-01,2.1673808,alarm_without_verified_registry_event_not_proven_false_alarm
CUSUM,2518,Марьина роща,Все категории,2024-09-01,2.1644282,alarm_without_verified_registry_event_not_proven_false_alarm
CUSUM,1281,Мурашинский,Здоровье,2024-08-01,2.1634493,alarm_without_verified_registry_event_not_proven_false_alarm
CUSUM,308,Чамзинский,Здоровье,2024-07-01,2.1630166,alarm_without_verified_registry_event_not_proven_false_alarm
CUSUM,2119,Калининский,Здоровье,2024-07-01,2.1628726,alarm_without_verified_registry_event_not_proven_false_alarm
CUSUM,1128,Савинский,Все категории,2024-08-01,2.1624677,alarm_without_verified_registry_event_not_proven_false_alarm
CUSUM,1198,Калуга,Все категории,2024-09-01,2.1614988,alarm_without_verified_registry_event_not_proven_false_alarm
CUSUM,545,Первомайский,Все категории,2024-09-01,2.1603801,alarm_without_verified_registry_event_not_proven_false_alarm
CUSUM,2562,Котловка,Все категории,2024-09-01,2.1583524,alarm_without_verified_registry_event_not_proven_false_alarm
CUSUM,1122,Лухский,Здоровье,2024-08-01,2.1576347,alarm_without_verified_registry_event_not_proven_false_alarm
CUSUM,2315,Уйский,Здоровье,2024-08-01,2.1568174,alarm_without_verified_registry_event_not_proven_false_alarm
CUSUM,804,Хорольский,Все категории,2024-09-01,2.156444,alarm_without_verified_registry_event_not_proven_false_alarm
CUSUM,781,Лесозаводский,Все категории,2024-07-01,2.155536,alarm_without_verified_registry_event_not_proven_false_alarm
CUSUM,2308,Нязепетровский,Все категории,2024-08-01,2.1551712,alarm_without_verified_registry_event_not_proven_false_alarm
CUSUM,1495,Можайский,Все категории,2024-07-01,2.151671,alarm_without_verified_registry_event_not_proven_false_alarm
CUSUM,536,Курьинский,Здоровье,2024-07-01,2.1511362,alarm_without_verified_registry_event_not_proven_false_alarm
CUSUM,877,Константиновский,Здоровье,2024-08-01,2.1498795,alarm_without_verified_registry_event_not_proven_false_alarm
CUSUM,2500,Дмитровский,Все категории,2024-08-01,2.149118,alarm_without_verified_registry_event_not_proven_false_alarm
CUSUM,1975,Малышевский,Продовольствие,2024-11-01,2.1467345,alarm_without_verified_registry_event_not_proven_false_alarm
CUSUM,2490,Фили-Давыдково,Все категории,2024-08-01,2.1467204,alarm_without_verified_registry_event_not_proven_false_alarm
CUSUM,1,Майкоп,Здоровье,2024-07-01,2.1462765,alarm_without_verified_registry_event_not_proven_false_alarm
CUSUM,1453,Истра,Все категории,2024-07-01,2.1434402,alarm_without_verified_registry_event_not_proven_false_alarm
CUSUM,2876,Кисловодск,Все категории,2024-09-01,2.1412454,alarm_without_verified_registry_event_not_proven_false_alarm
CUSUM,1402,Ломоносовский,Все категории,2024-09-01,2.136428,alarm_without_verified_registry_event_not_proven_false_alarm
CUSUM,2422,Ломоносов,Все категории,2024-09-01,2.1353834,alarm_without_verified_registry_event_not_proven_false_alarm
CUSUM,687,Бирилюсский,Здоровье,2024-07-01,2.1341383,alarm_without_verified_registry_event_not_proven_false_alarm
CUSUM,1846,Касимов,Все категории,2024-09-01,2.1324768,alarm_without_verified_registry_event_not_proven_false_alarm
CUSUM,723,Уярский,Здоровье,2024-07-01,2.1322522,alarm_without_verified_registry_event_not_proven_false_alarm
CUSUM,2301,Катав-Ивановский,Все категории,2024-09-01,2.1320808,alarm_without_verified_registry_event_not_proven_false_alarm
CUSUM,2486,Раменки,Все категории,2024-07-01,2.128229,alarm_without_verified_registry_event_not_proven_false_alarm
CUSUM,557,Шелаболихинский,Здоровье,2024-08-01,2.1278172,alarm_without_verified_registry_event_not_proven_false_alarm
CUSUM,788,Дальнереченский,Все категории,2024-07-01,2.1276588,alarm_without_verified_registry_event_not_proven_false_alarm
CUSUM,574,Петровск-Забайкальский,Маркетплейсы,2024-07-01,2.1275446,alarm_without_verified_registry_event_not_proven_false_alarm
CUSUM,277,Мари-Турекский,Продовольствие,2024-11-01,2.117294,alarm_without_verified_registry_event_not_proven_false_alarm
CUSUM,2570,Бирюлево Восточное,Все категории,2024-08-01,2.116484,alarm_without_verified_registry_event_not_proven_false_alarm
CUSUM,478,Чебоксары,Все категории,2024-07-01,2.115851,alarm_without_verified_registry_event_not_proven_false_alarm
CUSUM,2173,Богородицкий,Здоровье,2024-07-01,2.1154742,alarm_without_verified_registry_event_not_proven_false_alarm
CUSUM,2045,Десногорск,Здоровье,2024-12-01,2.1152692,alarm_without_verified_registry_event_not_proven_false_alarm
CUSUM,1563,Павловский,Все категории,2024-09-01,2.114832,alarm_without_verified_registry_event_not_proven_false_alarm
CUSUM,1054,Вологодский,Здоровье,2024-08-01,2.1147082,alarm_without_verified_registry_event_not_proven_false_alarm
CUSUM,390,Сабинский,Здоровье,2024-07-01,2.1122148,alarm_without_verified_registry_event_not_proven_false_alarm
CUSUM,1490,Воскресенск,Все категории,2024-07-01,2.1115298,alarm_without_verified_registry_event_not_proven_false_alarm
CUSUM,2488,Тропарево-Никулино,Все категории,2024-08-01,2.1094744,alarm_without_verified_registry_event_not_proven_false_alarm
CUSUM,2440,Кронверкское,Здоровье,2024-07-01,2.1089127,alarm_without_verified_registry_event_not_proven_false_alarm
CUSUM,2437,Павловск,Все категории,2024-08-01,2.108622,alarm_without_verified_registry_event_not_proven_false_alarm
CUSUM,1135,Ангарский,Все категории,2024-08-01,2.1077466,alarm_without_verified_registry_event_not_proven_false_alarm
CUSUM,1665,Оренбург,Все категории,2024-08-01,2.1066136,alarm_without_verified_registry_event_not_proven_false_alarm
CUSUM,75,Туймазинский,Все категории,2024-09-01,2.1065304,alarm_without_verified_registry_event_not_proven_false_alarm
CUSUM,1427,Усманский,Все категории,2024-08-01,2.1044436,alarm_without_verified_registry_event_not_proven_false_alarm
CUSUM,1765,Великие Луки,Все категории,2024-09-01,2.1030593,alarm_without_verified_registry_event_not_proven_false_alarm
CUSUM,828,Апанасенковский,Здоровье,2024-07-01,2.1029444,alarm_without_verified_registry_event_not_proven_false_alarm
CUSUM,1857,Александро-Невский,Маркетплейсы,2024-07-01,2.1019332,alarm_without_verified_registry_event_not_proven_false_alarm
CUSUM,2130,Молоковский,Маркетплейсы,2024-07-01,2.101276,alarm_without_verified_registry_event_not_proven_false_alarm
CUSUM,569,Целинный,Продовольствие,2024-11-01,2.1001673,alarm_without_verified_registry_event_not_proven_false_alarm
CUSUM,1737,Башмаковский,Здоровье,2024-07-01,2.0995836,alarm_without_verified_registry_event_not_proven_false_alarm
CUSUM,1624,Татарский,Здоровье,2024-07-01,2.099021,alarm_without_verified_registry_event_not_proven_false_alarm
CUSUM,2652,Орехово-Зуевский,Все категории,2024-07-01,2.098598,alarm_without_verified_registry_event_not_proven_false_alarm
CUSUM,1428,Хлевенский,Здоровье,2024-08-01,2.0985138,alarm_without_verified_registry_event_not_proven_false_alarm
CUSUM,1024,Клетский,Общественное питание,2024-08-01,2.0984564,alarm_without_verified_registry_event_not_proven_false_alarm
CUSUM,1902,Похвистневский,Маркетплейсы,2024-07-01,2.0972545,alarm_without_verified_registry_event_not_proven_false_alarm
CUSUM,2042,Нижнесергинский,Здоровье,2024-07-01,2.0971005,alarm_without_verified_registry_event_not_proven_false_alarm
CUSUM,1408,Тосненский,Все категории,2024-09-01,2.0967982,alarm_without_verified_registry_event_not_proven_false_alarm
CUSUM,1715,Залегощенский,Здоровье,2024-12-01,2.096351,alarm_without_verified_registry_event_not_proven_false_alarm
CUSUM,777,Артемовский,Здоровье,2024-08-01,2.0907502,alarm_without_verified_registry_event_not_proven_false_alarm
CUSUM,42,Бирский,Все категории,2024-09-01,2.0894263,alarm_without_verified_registry_event_not_proven_false_alarm
CUSUM,4,Кошехабльский,Здоровье,2024-08-01,2.0845652,alarm_without_verified_registry_event_not_proven_false_alarm
CUSUM,2585,Чертаново Южное,Все категории,2024-07-01,2.0803807,alarm_without_verified_registry_event_not_proven_false_alarm
CUSUM,498,Чебоксарский,Все категории,2024-07-01,2.0773416,alarm_without_verified_registry_event_not_proven_false_alarm
CUSUM,280,Новоторъяльский,Продовольствие,2024-11-01,2.0772722,alarm_without_verified_registry_event_not_proven_false_alarm
CUSUM,1110,Кохма,Здоровье,2024-12-01,2.075051,alarm_without_verified_registry_event_not_proven_false_alarm
CUSUM,2495,Беговой,Все категории,2024-09-01,2.0745294,alarm_without_verified_registry_event_not_proven_false_alarm
CUSUM,1415,Добринский,Все категории,2024-09-01,2.074394,alarm_without_verified_registry_event_not_proven_false_alarm
CUSUM,1138,Саянск,Все категории,2024-08-01,2.0736089,alarm_without_verified_registry_event_not_proven_false_alarm
CUSUM,1601,Кольцово,Все категории,2024-08-01,2.0735,alarm_without_verified_registry_event_not_proven_false_alarm
CUSUM,1937,Озинский,Все категории,2024-09-01,2.073307,alarm_without_verified_registry_event_not_proven_false_alarm
CUSUM,1060,Междуреченский,Здоровье,2024-08-01,2.071355,alarm_without_verified_registry_event_not_proven_false_alarm
CUSUM,1997,Верхняя Тура,Здоровье,2024-07-01,2.0693548,alarm_without_verified_registry_event_not_proven_false_alarm
CUSUM,2077,Уварово,Все категории,2024-08-01,2.06124,alarm_without_verified_registry_event_not_proven_false_alarm
CUSUM,2530,Северное Тушино,Все категории,2024-09-01,2.0601602,alarm_without_verified_registry_event_not_proven_false_alarm
CUSUM,487,Ибресинский,Продовольствие,2024-12-01,2.0584078,alarm_without_verified_registry_event_not_proven_false_alarm
CUSUM,1348,Петуховский,Здоровье,2024-08-01,2.0548275,alarm_without_verified_registry_event_not_proven_false_alarm
CUSUM,1549,Володарский,Здоровье,2024-07-01,2.0548272,alarm_without_verified_registry_event_not_proven_false_alarm
CUSUM,1870,Ухоловский,Здоровье,2024-07-01,2.0524495,alarm_without_verified_registry_event_not_proven_false_alarm
CUSUM,2262,Николаевский,Здоровье,2024-07-01,2.0494442,alarm_without_verified_registry_event_not_proven_false_alarm
CUSUM,498,Чебоксарский,Здоровье,2024-07-01,2.048901,alarm_without_verified_registry_event_not_proven_false_alarm
CUSUM,288,Атюрьевский,Здоровье,2024-08-01,2.046601,alarm_without_verified_registry_event_not_proven_false_alarm
CUSUM,1259,Вятские Поляны,Здоровье,2024-07-01,2.0463932,alarm_without_verified_registry_event_not_proven_false_alarm
CUSUM,2279,Копейский,Все категории,2024-08-01,2.0463638,alarm_without_verified_registry_event_not_proven_false_alarm
CUSUM,1013,Алексеевский,Все категории,2024-08-01,2.0459006,alarm_without_verified_registry_event_not_proven_false_alarm
CUSUM,2476,Сокольники,Все категории,2024-07-01,2.0458384,alarm_without_verified_registry_event_not_proven_false_alarm
CUSUM,1031,Новоаннинский,Все категории,2024-09-01,2.0445304,alarm_without_verified_registry_event_not_proven_false_alarm
CUSUM,372,Дрожжановский,Маркетплейсы,2024-07-01,2.0421226,alarm_without_verified_registry_event_not_proven_false_alarm
CUSUM,1707,Орёл,Все категории,2024-07-01,2.0413797,alarm_without_verified_registry_event_not_proven_false_alarm
CUSUM,532,Красногорский,Все категории,2024-09-01,2.0409374,alarm_without_verified_registry_event_not_proven_false_alarm
CUSUM,1891,Елховский,Все категории,2024-09-01,2.0398595,alarm_without_verified_registry_event_not_proven_false_alarm
CUSUM,1125,Приволжский,Все категории,2024-07-01,2.0381672,alarm_without_verified_registry_event_not_proven_false_alarm
CUSUM,351,Моздокский,Здоровье,2024-08-01,2.0376945,alarm_without_verified_registry_event_not_proven_false_alarm
CUSUM,2077,Уварово,Здоровье,2024-07-01,2.0376225,alarm_without_verified_registry_event_not_proven_false_alarm
CUSUM,1254,Чебулинский,Маркетплейсы,2024-07-01,2.035668,alarm_without_verified_registry_event_not_proven_false_alarm
CUSUM,2380,Финляндский,Все категории,2024-09-01,2.034447,alarm_without_verified_registry_event_not_proven_false_alarm
CUSUM,554,Советский,Здоровье,2024-08-01,2.031082,alarm_without_verified_registry_event_not_proven_false_alarm
CUSUM,3013,Солнечногорск,Все категории,2024-07-01,2.02758,alarm_without_verified_registry_event_not_proven_false_alarm
CUSUM,2266,Радищевский,Здоровье,2024-08-01,2.02363,alarm_without_verified_registry_event_not_proven_false_alarm
CUSUM,1936,Новоузенский,Здоровье,2024-07-01,2.0222757,alarm_without_verified_registry_event_not_proven_false_alarm
CUSUM,1699,Сакмарский,Все категории,2024-07-01,2.022174,alarm_without_verified_registry_event_not_proven_false_alarm
CUSUM,1775,Новоржевский,Здоровье,2024-08-01,2.021938,alarm_without_verified_registry_event_not_proven_false_alarm
CUSUM,1755,Нижнеломовский,Здоровье,2024-08-01,2.0207732,alarm_without_verified_registry_event_not_proven_false_alarm
CUSUM,1021,Калачевский,Здоровье,2024-07-01,2.0199542,alarm_without_verified_registry_event_not_proven_false_alarm
CUSUM,2573,Даниловский,Все категории,2024-07-01,2.0188873,alarm_without_verified_registry_event_not_proven_false_alarm
CUSUM,912,Приморский,Все категории,2024-09-01,2.0180068,alarm_without_verified_registry_event_not_proven_false_alarm
CUSUM,1983,Ивдельский,Здоровье,2024-12-01,2.016017,alarm_without_verified_registry_event_not_proven_false_alarm
CUSUM,1440,Бронницы,Все категории,2024-07-01,2.014909,alarm_without_verified_registry_event_not_proven_false_alarm
CUSUM,2186,Узловский,Все категории,2024-07-01,2.0128522,alarm_without_verified_registry_event_not_proven_false_alarm
CUSUM,1618,Маслянинский,Все категории,2024-09-01,2.0127292,alarm_without_verified_registry_event_not_proven_false_alarm
CUSUM,872,Благовещенский,Здоровье,2024-07-01,2.011412,alarm_without_verified_registry_event_not_proven_false_alarm
CUSUM,2563,Ломоносовский,Все категории,2024-09-01,2.0101185,alarm_without_verified_registry_event_not_proven_false_alarm
CUSUM,74,Татышлинский,Все категории,2024-11-01,2.0087154,alarm_without_verified_registry_event_not_proven_false_alarm
CUSUM,1660,Тевризский,Здоровье,2024-07-01,2.007109,alarm_without_verified_registry_event_not_proven_false_alarm
CUSUM,1107,Иваново,Все категории,2024-07-01,2.0055566,alarm_without_verified_registry_event_not_proven_false_alarm
CUSUM,1920,Балашовский,Здоровье,2024-08-01,2.002313,alarm_without_verified_registry_event_not_proven_false_alarm
CUSUM,2231,Кондинский,Здоровье,2024-07-01,2.0019076,alarm_without_verified_registry_event_not_proven_false_alarm
CUSUM,802,Ханкайский,Здоровье,2024-07-01,2.001611,alarm_without_verified_registry_event_not_proven_false_alarm
CUSUM,1335,Альменевский,Все категории,2024-09-01,2.0000288,alarm_without_verified_registry_event_not_proven_false_alarm
CUSUM,2498,Восточное Дегунино,Все категории,2024-09-01,1.9982364,alarm_without_verified_registry_event_not_proven_false_alarm
CUSUM,2032,Сысертский,Все категории,2024-07-01,1.9971395,alarm_without_verified_registry_event_not_proven_false_alarm
CUSUM,2507,Тимирязевский,Здоровье,2024-08-01,1.994165,alarm_without_verified_registry_event_not_proven_false_alarm
CUSUM,219,Пряжинский,Здоровье,2024-08-01,1.9912843,alarm_without_verified_registry_event_not_proven_false_alarm
CUSUM,2164,Тула,Все категории,2024-07-01,1.9861308,alarm_without_verified_registry_event_not_proven_false_alarm
CUSUM,2152,Зырянский,Здоровье,2024-08-01,1.9843208,alarm_without_verified_registry_event_not_proven_false_alarm
CUSUM,2493,Силино,Все категории,2024-07-01,1.9833051,alarm_without_verified_registry_event_not_proven_false_alarm
CUSUM,1659,Тарский,Здоровье,2024-08-01,1.9830315,alarm_without_verified_registry_event_not_proven_false_alarm
CUSUM,1594,Холмский,Маркетплейсы,2024-07-01,1.9828016,alarm_without_verified_registry_event_not_proven_false_alarm
CUSUM,2161,Томский,Все категории,2024-07-01,1.9807504,alarm_without_verified_registry_event_not_proven_false_alarm
CUSUM,302,Ромодановский,Здоровье,2024-09-01,1.9806807,alarm_without_verified_registry_event_not_proven_false_alarm
CUSUM,1604,Болотнинский,Все категории,2024-09-01,1.9804688,alarm_without_verified_registry_event_not_proven_false_alarm
CUSUM,1758,Пензенский,Здоровье,2024-07-01,1.980268,alarm_without_verified_registry_event_not_proven_false_alarm
CUSUM,1488,Электросталь,Все категории,2024-07-01,1.9783909,alarm_without_verified_registry_event_not_proven_false_alarm
CUSUM,1945,Самойловский,Здоровье,2024-08-01,1.9778976,alarm_without_verified_registry_event_not_proven_false_alarm
CUSUM,2576,Москворечье-Сабурово,Все категории,2024-09-01,1.976367,alarm_without_verified_registry_event_not_proven_false_alarm
CUSUM,693,Емельяновский,Все категории,2024-09-01,1.9749016,alarm_without_verified_registry_event_not_proven_false_alarm
CUSUM,2292,Аргаяшский,Все категории,2024-08-01,1.9716866,alarm_without_verified_registry_event_not_proven_false_alarm
CUSUM,782,Находкинский,Здоровье,2024-08-01,1.9714744,alarm_without_verified_registry_event_not_proven_false_alarm
CUSUM,2478,Внуково,Все категории,2024-09-01,1.9694165,alarm_without_verified_registry_event_not_proven_false_alarm
CUSUM,779,Дальнегорский,Здоровье,2024-08-01,1.9690715,alarm_without_verified_registry_event_not_proven_false_alarm
CUSUM,490,Комсомольский,Продовольствие,2024-12-01,1.9675848,alarm_without_verified_registry_event_not_proven_false_alarm
CUSUM,1749,Лопатинский,Здоровье,2024-07-01,1.9670157,alarm_without_verified_registry_event_not_proven_false_alarm
CUSUM,1863,Рязанский,Все категории,2024-07-01,1.9663335,alarm_without_verified_registry_event_not_proven_false_alarm
CUSUM,2138,Сонковский,Здоровье,2024-08-01,1.9660169,alarm_without_verified_registry_event_not_proven_false_alarm
CUSUM,1121,Лежневский,Все категории,2024-08-01,1.9659503,alarm_without_verified_registry_event_not_proven_false_alarm
CUSUM,401,Бай-Тайгинский,Маркетплейсы,2024-07-01,1.9616717,alarm_without_verified_registry_event_not_proven_false_alarm
CUSUM,1220,Ульяновский,Здоровье,2024-08-01,1.9613084,alarm_without_verified_registry_event_not_proven_false_alarm
CUSUM,19,Чойский,Маркетплейсы,2024-07-01,1.9600248,alarm_without_verified_registry_event_not_proven_false_alarm
CUSUM,1500,Раменский,Все категории,2024-07-01,1.9598961,alarm_without_verified_registry_event_not_proven_false_alarm
CUSUM,2809,Кунгурский,Все категории,2024-08-01,1.9575839,alarm_without_verified_registry_event_not_proven_false_alarm
CUSUM,2338,Биробиджан,Здоровье,2024-08-01,1.9572035,alarm_without_verified_registry_event_not_proven_false_alarm
CUSUM,2184,Суворовский,Здоровье,2024-08-01,1.9562955,alarm_without_verified_registry_event_not_proven_false_alarm
CUSUM,820,Невинномысск,Все категории,2024-09-01,1.9558381,alarm_without_verified_registry_event_not_proven_false_alarm
CUSUM,1719,Кромской,Все категории,2024-08-01,1.9554143,alarm_without_verified_registry_event_not_proven_false_alarm
CUSUM,2047,Вяземский,Здоровье,2024-12-01,1.9537001,alarm_without_verified_registry_event_not_proven_false_alarm
CUSUM,2606,Филимонковское,Все категории,2024-09-01,1.9530866,alarm_without_verified_registry_event_not_proven_false_alarm
CUSUM,2044,Смоленск,Все категории,2024-07-01,1.952496,alarm_without_verified_registry_event_not_proven_false_alarm
CUSUM,2453,Георгиевский,Все категории,2024-09-01,1.9522989,alarm_without_verified_registry_event_not_proven_false_alarm
CUSUM,78,Федоровский,Маркетплейсы,2024-07-01,1.949889,alarm_without_verified_registry_event_not_proven_false_alarm
CUSUM,1501,Сергиево-Посадский,Все категории,2024-07-01,1.947593,alarm_without_verified_registry_event_not_proven_false_alarm
CUSUM,2179,Кимовский,Здоровье,2024-08-01,1.9471687,alarm_without_verified_registry_event_not_proven_false_alarm
CUSUM,2206,Омутинский,Здоровье,2024-07-01,1.9463364,alarm_without_verified_registry_event_not_proven_false_alarm
CUSUM,1908,Челно-Вершинский,Здоровье,2024-08-01,1.9443178,alarm_without_verified_registry_event_not_proven_false_alarm
CUSUM,2568,Южное Бутово,Все категории,2024-09-01,1.9399359,alarm_without_verified_registry_event_not_proven_false_alarm
CUSUM,2446,Стрельна,Здоровье,2024-07-01,1.9396676,alarm_without_verified_registry_event_not_proven_false_alarm
CUSUM,2577,Нагатино-Садовники,Все категории,2024-09-01,1.938789,alarm_without_verified_registry_event_not_proven_false_alarm
CUSUM,1931,Краснокутский,Маркетплейсы,2024-07-01,1.9385222,alarm_without_verified_registry_event_not_proven_false_alarm
CUSUM,1879,Отрадный,Все категории,2024-08-01,1.9382823,alarm_without_verified_registry_event_not_proven_false_alarm
CUSUM,421,Можга,Здоровье,2024-07-01,1.9376943,alarm_without_verified_registry_event_not_proven_false_alarm
CUSUM,31,Альшеевский,Маркетплейсы,2024-07-01,1.9370835,alarm_without_verified_registry_event_not_proven_false_alarm
CUSUM,1937,Озинский,Здоровье,2024-12-01,1.9367714,alarm_without_verified_registry_event_not_proven_false_alarm
CUSUM,1447,Егорьевск,Все категории,2024-07-01,1.9366701,alarm_without_verified_registry_event_not_proven_false_alarm
CUSUM,1855,Милославский,Маркетплейсы,2024-09-01,1.9362006,alarm_without_verified_registry_event_not_proven_false_alarm
CUSUM,2516,Лосиноостровский,Все категории,2024-08-01,1.9355026,alarm_without_verified_registry_event_not_proven_false_alarm
CUSUM,1572,Уренский,Маркетплейсы,2024-07-01,1.9332324,alarm_without_verified_registry_event_not_proven_false_alarm
CUSUM,787,Анучинский,Здоровье,2024-08-01,1.9332197,alarm_without_verified_registry_event_not_proven_false_alarm
CUSUM,1444,Долгопрудный,Все категории,2024-07-01,1.9310315,alarm_without_verified_registry_event_not_proven_false_alarm
CUSUM,2602,Первомайское,Все категории,2024-07-01,1.9302765,alarm_without_verified_registry_event_not_proven_false_alarm
CUSUM,2132,Оленинский,Все категории,2024-09-01,1.9302759,alarm_without_verified_registry_event_not_proven_false_alarm
CUSUM,838,Степновский,Здоровье,2024-07-01,1.9287454,alarm_without_verified_registry_event_not_proven_false_alarm
CUSUM,704,Краснотуранский,Маркетплейсы,2024-07-01,1.9250801,alarm_without_verified_registry_event_not_proven_false_alarm
CUSUM,375,Зеленодольский,Все категории,2024-07-01,1.9220271,alarm_without_verified_registry_event_not_proven_false_alarm
CUSUM,1419,Задонский,Здоровье,2024-07-01,1.9204165,alarm_without_verified_registry_event_not_proven_false_alarm
CUSUM,1012,Фролово,Здоровье,2024-07-01,1.9199944,alarm_without_verified_registry_event_not_proven_false_alarm
CUSUM,1525,Бор,Все категории,2024-07-01,1.9188086,alarm_without_verified_registry_event_not_proven_false_alarm
CUSUM,1225,Анжеро-Судженский,Здоровье,2024-07-01,1.9171383,alarm_without_verified_registry_event_not_proven_false_alarm
CUSUM,1935,Новобурасский,Транспорт,2024-07-01,1.9148916,alarm_without_verified_registry_event_not_proven_false_alarm
CUSUM,2190,Тюмень,Все категории,2024-08-01,1.9148355,alarm_without_verified_registry_event_not_proven_false_alarm
CUSUM,2651,Одинцовский,Все категории,2024-07-01,1.9135008,alarm_without_verified_registry_event_not_proven_false_alarm
CUSUM,2194,Ялуторовск,Здоровье,2024-07-01,1.912736,alarm_without_verified_registry_event_not_proven_false_alarm
CUSUM,366,Бавлинский,Все категории,2024-10-01,1.909911,alarm_without_verified_registry_event_not_proven_false_alarm
CUSUM,2883,Кимрский,Все категории,2024-07-01,1.9080032,alarm_without_verified_registry_event_not_proven_false_alarm
CUSUM,1010,Михайловка,Все категории,2024-08-01,1.907225,alarm_without_verified_registry_event_not_proven_false_alarm
CUSUM,2082,Инжавинский,Здоровье,2024-07-01,1.9047618,alarm_without_verified_registry_event_not_proven_false_alarm
CUSUM,2343,Смидовичский,Все категории,2024-09-01,1.9032804,alarm_without_verified_registry_event_not_proven_false_alarm
CUSUM,1421,Краснинский,Здоровье,2024-07-01,1.9030596,alarm_without_verified_registry_event_not_proven_false_alarm
CUSUM,2569,Ясенево,Здоровье,2024-08-01,1.8958517,alarm_without_verified_registry_event_not_proven_false_alarm
CUSUM,1291,Санчурский,Маркетплейсы,2024-07-01,1.8929226,alarm_without_verified_registry_event_not_proven_false_alarm
CUSUM,1111,Тейково,Здоровье,2024-07-01,1.8912821,alarm_without_verified_registry_event_not_proven_false_alarm
CUSUM,1646,Муромцевский,Здоровье,2024-08-01,1.8902003,alarm_without_verified_registry_event_not_proven_false_alarm
CUSUM,388,Пестречинский,Продовольствие,2024-11-01,1.8898786,alarm_without_verified_registry_event_not_proven_false_alarm
CUSUM,1411,Елец,Все категории,2024-08-01,1.889503,alarm_without_verified_registry_event_not_proven_false_alarm
CUSUM,560,Тогульский,Здоровье,2024-07-01,1.8884833,alarm_without_verified_registry_event_not_proven_false_alarm
CUSUM,1011,Урюпинск,Все категории,2024-07-01,1.8863177,alarm_without_verified_registry_event_not_proven_false_alarm
CUSUM,1881,Сызрань,Здоровье,2024-08-01,1.8860728,alarm_without_verified_registry_event_not_proven_false_alarm
CUSUM,1534,Первомайск,Маркетплейсы,2024-07-01,1.8854984,alarm_without_verified_registry_event_not_proven_false_alarm
CUSUM,1461,Лобня,Все категории,2024-08-01,1.8828081,alarm_without_verified_registry_event_not_proven_false_alarm
CUSUM,1158,Нижнеудинский,Маркетплейсы,2024-07-01,1.8817539,alarm_without_verified_registry_event_not_proven_false_alarm
CUSUM,1406,Сланцевский,Здоровье,2024-08-01,1.8817284,alarm_without_verified_registry_event_not_proven_false_alarm
CUSUM,2400,Малая Охта,Здоровье,2024-08-01,1.8810289,alarm_without_verified_registry_event_not_proven_false_alarm
CUSUM,1167,Черемховский,Здоровье,2024-08-01,1.8804647,alarm_without_verified_registry_event_not_proven_false_alarm
CUSUM,1109,Кинешма,Все категории,2024-07-01,1.8794408,alarm_without_verified_registry_event_not_proven_false_alarm
CUSUM,731,Лысьвенский,Все категории,2024-08-01,1.8789867,alarm_without_verified_registry_event_not_proven_false_alarm
CUSUM,12,Майминский,Здоровье,2024-07-01,1.8769063,alarm_without_verified_registry_event_not_proven_false_alarm
CUSUM,2710,Вышневолоцкий,Все категории,2024-07-01,1.8746859,alarm_without_verified_registry_event_not_proven_false_alarm
CUSUM,2179,Кимовский,Все категории,2024-08-01,1.8709427,alarm_without_verified_registry_event_not_proven_false_alarm
CUSUM,2257,Инзенский,Здоровье,2024-08-01,1.8697783,alarm_without_verified_registry_event_not_proven_false_alarm
CUSUM,1587,Окуловский,Здоровье,2024-08-01,1.8696953,alarm_without_verified_registry_event_not_proven_false_alarm
CUSUM,784,Спасск-Дальний,Все категории,2024-09-01,1.8690059,alarm_without_verified_registry_event_not_proven_false_alarm
CUSUM,1035,Палласовский,Здоровье,2024-07-01,1.8675094,alarm_without_verified_registry_event_not_proven_false_alarm
CUSUM,1197,Черняховский,Здоровье,2024-08-01,1.8673211,alarm_without_verified_registry_event_not_proven_false_alarm
CUSUM,518,Благовещенский,Здоровье,2024-07-01,1.8671167,alarm_without_verified_registry_event_not_proven_false_alarm
CUSUM,371,Высокогорский,Продовольствие,2024-11-01,1.8649114,alarm_without_verified_registry_event_not_proven_false_alarm
CUSUM,885,Серышевский,Здоровье,2024-07-01,1.8640709,alarm_without_verified_registry_event_not_proven_false_alarm
CUSUM,2326,Любимский,Все категории,2024-07-01,1.8624985,alarm_without_verified_registry_event_not_proven_false_alarm
CUSUM,825,Советский,Все категории,2024-07-01,1.8618377,alarm_without_verified_registry_event_not_proven_false_alarm
CUSUM,1654,Полтавский,Все категории,2024-08-01,1.8610864,alarm_without_verified_registry_event_not_proven_false_alarm
CUSUM,547,Поспелихинский,Здоровье,2024-07-01,1.8609517,alarm_without_verified_registry_event_not_proven_false_alarm
CUSUM,1561,Лукояновский,Маркетплейсы,2024-08-01,1.8586287,alarm_without_verified_registry_event_not_proven_false_alarm
CUSUM,1108,Вичуга,Здоровье,2024-12-01,1.8549763,alarm_without_verified_registry_event_not_proven_false_alarm
CUSUM,2310,Пластовский,Все категории,2024-08-01,1.8515993,alarm_without_verified_registry_event_not_proven_false_alarm
CUSUM,2469,Косино-Ухтомский,Все категории,2024-08-01,1.8494111,alarm_without_verified_registry_event_not_proven_false_alarm
CUSUM,820,Невинномысск,Здоровье,2024-08-01,1.8481609,alarm_without_verified_registry_event_not_proven_false_alarm
CUSUM,1619,Мошковский,Здоровье,2024-07-01,1.8477103,alarm_without_verified_registry_event_not_proven_false_alarm
CUSUM,1773,Локнянский,Здоровье,2024-07-01,1.8454913,alarm_without_verified_registry_event_not_proven_false_alarm
CUSUM,21,Уфа,Здоровье,2024-07-01,1.8448118,alarm_without_verified_registry_event_not_proven_false_alarm
CUSUM,214,Медвежьегорский,Здоровье,2024-08-01,1.8446975,alarm_without_verified_registry_event_not_proven_false_alarm
CUSUM,809,Ставрополь,Все категории,2024-09-01,1.8430634,alarm_without_verified_registry_event_not_proven_false_alarm
CUSUM,413,Тоджинский,Маркетплейсы,2024-07-01,1.8428493,alarm_without_verified_registry_event_not_proven_false_alarm
CUSUM,2031,Сосьвинский,Все категории,2024-08-01,1.842811,alarm_without_verified_registry_event_not_proven_false_alarm
CUSUM,1468,Наро-Фоминский,Все категории,2024-08-01,1.8381273,alarm_without_verified_registry_event_not_proven_false_alarm
CUSUM,1888,Большечерниговский,Маркетплейсы,2024-07-01,1.8379536,alarm_without_verified_registry_event_not_proven_false_alarm
CUSUM,272,Волжский,Здоровье,2024-07-01,1.8370831,alarm_without_verified_registry_event_not_proven_false_alarm
CUSUM,710,Нижнеингашский,Здоровье,2024-08-01,1.8367088,alarm_without_verified_registry_event_not_proven_false_alarm
CUSUM,1171,Баяндаевский,Здоровье,2024-07-01,1.8358939,alarm_without_verified_registry_event_not_proven_false_alarm
CUSUM,563,Троицкий,Здоровье,2024-07-01,1.8353138,alarm_without_verified_registry_event_not_proven_false_alarm
CUSUM,2063,Смоленский,Все категории,2024-07-01,1.83483,alarm_without_verified_registry_event_not_proven_false_alarm
CUSUM,1787,Себежский,Все категории,2024-10-01,1.8285826,alarm_without_verified_registry_event_not_proven_false_alarm
CUSUM,1955,Анивский,Все категории,2024-07-01,1.8258599,alarm_without_verified_registry_event_not_proven_false_alarm
CUSUM,671,Енисейск,Здоровье,2024-08-01,1.8252875,alarm_without_verified_registry_event_not_proven_false_alarm
CUSUM,482,Шумерля,Все категории,2024-07-01,1.8240936,alarm_without_verified_registry_event_not_proven_false_alarm
CUSUM,2211,Уватский,Маркетплейсы,2024-07-01,1.8235924,alarm_without_verified_registry_event_not_proven_false_alarm
CUSUM,277,Мари-Турекский,Все категории,2024-09-01,1.8200264,alarm_without_verified_registry_event_not_proven_false_alarm
CUSUM,1181,Советский,Здоровье,2024-07-01,1.8174307,alarm_without_verified_registry_event_not_proven_false_alarm
CUSUM,778,Большой Камень,Маркетплейсы,2024-08-01,1.8155332,alarm_without_verified_registry_event_not_proven_false_alarm
CUSUM,1944,Ртищевский,Все категории,2024-08-01,1.8102505,alarm_without_verified_registry_event_not_proven_false_alarm
CUSUM,2295,Варненский,Здоровье,2024-07-01,1.8096468,alarm_without_verified_registry_event_not_proven_false_alarm
CUSUM,1917,Аткарский,Здоровье,2024-07-01,1.8078582,alarm_without_verified_registry_event_not_proven_false_alarm
CUSUM,60,Кармаскалинский,Все категории,2024-09-01,1.8074347,alarm_without_verified_registry_event_not_proven_false_alarm
CUSUM,2499,Головинский,Здоровье,2024-08-01,1.8059279,alarm_without_verified_registry_event_not_proven_false_alarm
CUSUM,1014,Быковский,Все категории,2024-08-01,1.8057998,alarm_without_verified_registry_event_not_proven_false_alarm
CUSUM,1483,Черноголовка,Все категории,2024-09-01,1.8056229,alarm_without_verified_registry_event_not_proven_false_alarm
CUSUM,373,Елабужский,Все категории,2024-07-01,1.799527,alarm_without_verified_registry_event_not_proven_false_alarm
CUSUM,998,Кольчугинский,Здоровье,2024-07-01,1.798279,alarm_without_verified_registry_event_not_proven_false_alarm
CUSUM,2197,Аромашевский,Здоровье,2024-07-01,1.7978238,alarm_without_verified_registry_event_not_proven_false_alarm
CUSUM,2268,Старокулаткинский,Все категории,2024-09-01,1.7958074,alarm_without_verified_registry_event_not_proven_false_alarm
CUSUM,1764,Псков,Все категории,2024-09-01,1.7955165,alarm_without_verified_registry_event_not_proven_false_alarm
CUSUM,1632,Омск,Все категории,2024-07-01,1.7954642,alarm_without_verified_registry_event_not_proven_false_alarm
CUSUM,1596,Шимский,Здоровье,2024-07-01,1.7941288,alarm_without_verified_registry_event_not_proven_false_alarm
CUSUM,2236,Сургутский,Продовольствие,2024-12-01,1.7936255,alarm_without_verified_registry_event_not_proven_false_alarm
CUSUM,70,Нуримановский,Здоровье,2024-07-01,1.792824,alarm_without_verified_registry_event_not_proven_false_alarm
CUSUM,1647,Называевский,Все категории,2024-08-01,1.7914892,alarm_without_verified_registry_event_not_proven_false_alarm
CUSUM,826,Александровский,Здоровье,2024-08-01,1.7910899,alarm_without_verified_registry_event_not_proven_false_alarm
CUSUM,715,Саянский,Маркетплейсы,2024-09-01,1.7910235,alarm_without_verified_registry_event_not_proven_false_alarm
CUSUM,1146,Братский,Здоровье,2024-12-01,1.7901767,alarm_without_verified_registry_event_not_proven_false_alarm
CUSUM,275,Килемарский,Все категории,2024-10-01,1.7854148,alarm_without_verified_registry_event_not_proven_false_alarm
CUSUM,1334,Шадринск,Здоровье,2024-07-01,1.7853582,alarm_without_verified_registry_event_not_proven_false_alarm
CUSUM,1603,Барабинский,Здоровье,2024-07-01,1.78284,alarm_without_verified_registry_event_not_proven_false_alarm
CUSUM,1859,Пронский,Здоровье,2024-08-01,1.7794405,alarm_without_verified_registry_event_not_proven_false_alarm
CUSUM,364,Арский,Здоровье,2024-07-01,1.778219,alarm_without_verified_registry_event_not_proven_false_alarm
CUSUM,2217,Когалым,Здоровье,2024-07-01,1.7776519,alarm_without_verified_registry_event_not_proven_false_alarm
CUSUM,770,Косинский,Здоровье,2024-08-01,1.7776214,alarm_without_verified_registry_event_not_proven_false_alarm
CUSUM,356,Агрызский,Все категории,2024-08-01,1.7746681,alarm_without_verified_registry_event_not_proven_false_alarm
CUSUM,1557,Ковернинский,Маркетплейсы,2024-07-01,1.7731293,alarm_without_verified_registry_event_not_proven_false_alarm
CUSUM,459,Усть-Абаканский,Все категории,2024-07-01,1.7727087,alarm_without_verified_registry_event_not_proven_false_alarm
CUSUM,1422,Лебедянский,Здоровье,2024-08-01,1.7722666,alarm_without_verified_registry_event_not_proven_false_alarm
CUSUM,879,Мазановский,Здоровье,2024-07-01,1.7655941,alarm_without_verified_registry_event_not_proven_false_alarm
CUSUM,25,Нефтекамск,Здоровье,2024-07-01,1.764844,alarm_without_verified_registry_event_not_proven_false_alarm
CUSUM,1464,Лыткарино,Все категории,2024-08-01,1.7615254,alarm_without_verified_registry_event_not_proven_false_alarm
CUSUM,1663,Черлакский,Здоровье,2024-07-01,1.7608,alarm_without_verified_registry_event_not_proven_false_alarm
CUSUM,1459,Красногорск,Все категории,2024-07-01,1.7574414,alarm_without_verified_registry_event_not_proven_false_alarm
CUSUM,852,Нанайский,Здоровье,2024-07-01,1.7553644,alarm_without_verified_registry_event_not_proven_false_alarm
CUSUM,531,Косихинский,Здоровье,2024-08-01,1.7549995,alarm_without_verified_registry_event_not_proven_false_alarm
CUSUM,356,Агрызский,Маркетплейсы,2024-07-01,1.7541826,alarm_without_verified_registry_event_not_proven_false_alarm
CUSUM,1915,Александрово-Гайский,Маркетплейсы,2024-07-01,1.7510134,alarm_without_verified_registry_event_not_proven_false_alarm
CUSUM,1339,Звериноголовский,Здоровье,2024-07-01,1.7508851,alarm_without_verified_registry_event_not_proven_false_alarm
CUSUM,28,Сибай,Здоровье,2024-07-01,1.7502635,alarm_without_verified_registry_event_not_proven_false_alarm
CUSUM,19,Чойский,Все категории,2024-10-01,1.7486717,alarm_without_verified_registry_event_not_proven_false_alarm
CUSUM,608,Петропавловск-Камчатский,Здоровье,2024-08-01,1.7452513,alarm_without_verified_registry_event_not_proven_false_alarm
CUSUM,1208,Износковский,Здоровье,2024-08-01,1.7424749,alarm_without_verified_registry_event_not_proven_false_alarm
CUSUM,2540,Мещанский,Все категории,2024-09-01,1.7417003,alarm_without_verified_registry_event_not_proven_false_alarm
CUSUM,408,Пий-Хемский,Маркетплейсы,2024-10-01,1.7376273,alarm_without_verified_registry_event_not_proven_false_alarm
CUSUM,1925,Духовницкий,Здоровье,2024-07-01,1.7344192,alarm_without_verified_registry_event_not_proven_false_alarm
CUSUM,843,Комсомольск-на-Амуре,Все категории,2024-08-01,1.7326535,alarm_without_verified_registry_event_not_proven_false_alarm
CUSUM,2111,Бежецкий,Все категории,2024-09-01,1.732378,alarm_without_verified_registry_event_not_proven_false_alarm
CUSUM,2213,Юргинский,Здоровье,2024-08-01,1.7301538,alarm_without_verified_registry_event_not_proven_false_alarm
CUSUM,2154,Кожевниковский,Все категории,2024-08-01,1.7273066,alarm_without_verified_registry_event_not_proven_false_alarm
CUSUM,2519,Останкинский,Здоровье,2024-08-01,1.7270975,alarm_without_verified_registry_event_not_proven_false_alarm
CUSUM,2351,Коломна,Здоровье,2024-08-01,1.7259867,alarm_without_verified_registry_event_not_proven_false_alarm
CUSUM,2075,Моршанск,Все категории,2024-09-01,1.7249988,alarm_without_verified_registry_event_not_proven_false_alarm
CUSUM,1697,Переволоцкий,Все категории,2024-09-01,1.7245438,alarm_without_verified_registry_event_not_proven_false_alarm
CUSUM,1784,Пустошкинский,Все категории,2024-09-01,1.7237525,alarm_without_verified_registry_event_not_proven_false_alarm
CUSUM,357,Азнакаевский,Здоровье,2024-07-01,1.723311,alarm_without_verified_registry_event_not_proven_false_alarm
CUSUM,2176,Дубенский,Здоровье,2024-08-01,1.7195722,alarm_without_verified_registry_event_not_proven_false_alarm
CUSUM,1645,Москаленский,Здоровье,2024-08-01,1.7170209,alarm_without_verified_registry_event_not_proven_false_alarm
CUSUM,570,Чарышский,Маркетплейсы,2024-07-01,1.7152468,alarm_without_verified_registry_event_not_proven_false_alarm
CUSUM,1621,Ордынский,Все категории,2024-08-01,1.7143701,alarm_without_verified_registry_event_not_proven_false_alarm
CUSUM,1246,Мариинский,Маркетплейсы,2024-07-01,1.7138919,alarm_without_verified_registry_event_not_proven_false_alarm
CUSUM,1020,Иловлинский,Маркетплейсы,2024-07-01,1.7138335,alarm_without_verified_registry_event_not_proven_false_alarm
CUSUM,824,Пятигорск,Все категории,2024-09-01,1.711942,alarm_without_verified_registry_event_not_proven_false_alarm
CUSUM,408,Пий-Хемский,Продовольствие,2024-07-01,1.7102216,alarm_without_verified_registry_event_not_proven_false_alarm
CUSUM,2552,Некрасовка,Все категории,2024-08-01,1.7096071,alarm_without_verified_registry_event_not_proven_false_alarm
CUSUM,2282,Миасский,Все категории,2024-08-01,1.7093104,alarm_without_verified_registry_event_not_proven_false_alarm
CUSUM,275,Килемарский,Здоровье,2024-08-01,1.709118,alarm_without_verified_registry_event_not_proven_false_alarm
CUSUM,1236,Прокопьевский,Все категории,2024-10-01,1.708978,alarm_without_verified_registry_event_not_proven_false_alarm
CUSUM,1640,Колосовский,Здоровье,2024-08-01,1.7088581,alarm_without_verified_registry_event_not_proven_false_alarm
CUSUM,930,Черноярский,Маркетплейсы,2024-07-01,1.7088505,alarm_without_verified_registry_event_not_proven_false_alarm
CUSUM,1702,Северный,Все категории,2024-10-01,1.704596,alarm_without_verified_registry_event_not_proven_false_alarm
CUSUM,351,Моздокский,Все категории,2024-09-01,1.6996758,alarm_without_verified_registry_event_not_proven_false_alarm
CUSUM,2411,Зеленогорск,Все категории,2024-09-01,1.6995678,alarm_without_verified_registry_event_not_proven_false_alarm
CUSUM,1575,Великий Новгород,Все категории,2024-09-01,1.6977175,alarm_without_verified_registry_event_not_proven_false_alarm
CUSUM,1139,Тулун,Маркетплейсы,2024-07-01,1.6973282,alarm_without_verified_registry_event_not_proven_false_alarm
CUSUM,2236,Сургутский,Все категории,2024-10-01,1.6957248,alarm_without_verified_registry_event_not_proven_false_alarm
CUSUM,2522,Свиблово,Здоровье,2024-08-01,1.6940808,alarm_without_verified_registry_event_not_proven_false_alarm
CUSUM,593,Петровск-Забайкальский,Здоровье,2024-08-01,1.6917537,alarm_without_verified_registry_event_not_proven_false_alarm
CUSUM,599,Хилокский,Здоровье,2024-08-01,1.690358,alarm_without_verified_registry_event_not_proven_false_alarm
CUSUM,2232,Нефтеюганский,Здоровье,2024-08-01,1.6891581,alarm_without_verified_registry_event_not_proven_false_alarm
CUSUM,809,Ставрополь,Здоровье,2024-08-01,1.6867093,alarm_without_verified_registry_event_not_proven_false_alarm
CUSUM,1229,Киселевский,Здоровье,2024-07-01,1.684443,alarm_without_verified_registry_event_not_proven_false_alarm
CUSUM,788,Дальнереченский,Маркетплейсы,2024-08-01,1.6826177,alarm_without_verified_registry_event_not_proven_false_alarm
CUSUM,1756,Никольский,Все категории,2024-09-01,1.6820009,alarm_without_verified_registry_event_not_proven_false_alarm
CUSUM,1742,Городищенский,Маркетплейсы,2024-07-01,1.679732,alarm_without_verified_registry_event_not_proven_false_alarm
CUSUM,2076,Рассказово,Здоровье,2024-08-01,1.6780545,alarm_without_verified_registry_event_not_proven_false_alarm
CUSUM,1111,Тейково,Все категории,2024-09-01,1.6775087,alarm_without_verified_registry_event_not_proven_false_alarm
CUSUM,1699,Сакмарский,Здоровье,2024-08-01,1.675664,alarm_without_verified_registry_event_not_proven_false_alarm
CUSUM,1327,Пыщугский,Все категории,2024-11-01,1.6755631,alarm_without_verified_registry_event_not_proven_false_alarm
CUSUM,2087,Мучкапский,Здоровье,2024-08-01,1.6712624,alarm_without_verified_registry_event_not_proven_false_alarm
CUSUM,1167,Черемховский,Маркетплейсы,2024-07-01,1.668817,alarm_without_verified_registry_event_not_proven_false_alarm
CUSUM,527,Змеиногорский,Здоровье,2024-08-01,1.6674967,alarm_without_verified_registry_event_not_proven_false_alarm
CUSUM,833,Красногвардейский,Здоровье,2024-07-01,1.6659737,alarm_without_verified_registry_event_not_proven_false_alarm
CUSUM,2259,Кузоватовский,Маркетплейсы,2024-07-01,1.6608739,alarm_without_verified_registry_event_not_proven_false_alarm
CUSUM,2160,Тегульдетский,Здоровье,2024-08-01,1.6600934,alarm_without_verified_registry_event_not_proven_false_alarm
CUSUM,287,Ардатовский,Маркетплейсы,2024-09-01,1.6579471,alarm_without_verified_registry_event_not_proven_false_alarm
CUSUM,714,Рыбинский,Все категории,2024-10-01,1.6565219,alarm_without_verified_registry_event_not_proven_false_alarm
CUSUM,2333,Ростовский,Все категории,2024-08-01,1.6563554,alarm_without_verified_registry_event_not_proven_false_alarm
CUSUM,2208,Сорокинский,Все категории,2024-08-01,1.655165,alarm_without_verified_registry_event_not_proven_false_alarm
CUSUM,1037,Светлоярский,Здоровье,2024-08-01,1.6536157,alarm_without_verified_registry_event_not_proven_false_alarm
CUSUM,2015,Алапаевское,Здоровье,2024-08-01,1.6532825,alarm_without_verified_registry_event_not_proven_false_alarm
CUSUM,2591,Вороновское,Здоровье,2024-08-01,1.6528928,alarm_without_verified_registry_event_not_proven_false_alarm
CUSUM,808,Яковлевский,Транспорт,2024-09-01,1.6502525,alarm_without_verified_registry_event_not_proven_false_alarm
CUSUM,834,Курский,Продовольствие,2024-12-01,1.6482402,alarm_without_verified_registry_event_not_proven_false_alarm
CUSUM,765,Чердынский,Здоровье,2024-07-01,1.6459293,alarm_without_verified_registry_event_not_proven_false_alarm
CUSUM,1752,Мокшанский,Здоровье,2024-08-01,1.642901,alarm_without_verified_registry_event_not_proven_false_alarm
CUSUM,812,Ессентуки,Здоровье,2024-07-01,1.6412395,alarm_without_verified_registry_event_not_proven_false_alarm
CUSUM,83,Янаульский,Все категории,2024-07-01,1.639182,alarm_without_verified_registry_event_not_proven_false_alarm
CUSUM,1270,Вятскополянский,Все категории,2024-10-01,1.6365076,alarm_without_verified_registry_event_not_proven_false_alarm
CUSUM,1189,Краснознаменский,Здоровье,2024-10-01,1.6335505,alarm_without_verified_registry_event_not_proven_false_alarm
CUSUM,502,Яльчикский,Здоровье,2024-08-01,1.6318163,alarm_without_verified_registry_event_not_proven_false_alarm
CUSUM,2082,Инжавинский,Все категории,2024-08-01,1.6284039,alarm_without_verified_registry_event_not_proven_false_alarm
CUSUM,1960,Невельский,Здоровье,2024-09-01,1.6280707,alarm_without_verified_registry_event_not_proven_false_alarm
CUSUM,843,Комсомольск-на-Амуре,Здоровье,2024-08-01,1.6251463,alarm_without_verified_registry_event_not_proven_false_alarm
CUSUM,294,Зубово-Полянский,Здоровье,2024-07-01,1.6211346,alarm_without_verified_registry_event_not_proven_false_alarm
CUSUM,1061,Никольский,Маркетплейсы,2024-07-01,1.6209122,alarm_without_verified_registry_event_not_proven_false_alarm
CUSUM,1602,Баганский,Все категории,2024-10-01,1.6200392,alarm_without_verified_registry_event_not_proven_false_alarm
CUSUM,2180,Киреевский,Здоровье,2024-08-01,1.6199508,alarm_without_verified_registry_event_not_proven_false_alarm
CUSUM,2293,Ашинский,Здоровье,2024-07-01,1.6155466,alarm_without_verified_registry_event_not_proven_false_alarm
CUSUM,516,Баевский,Здоровье,2024-08-01,1.6155324,alarm_without_verified_registry_event_not_proven_false_alarm
CUSUM,296,Ичалковский,Здоровье,2024-08-01,1.6111785,alarm_without_verified_registry_event_not_proven_false_alarm
CUSUM,371,Высокогорский,Все категории,2024-07-01,1.610152,alarm_without_verified_registry_event_not_proven_false_alarm
CUSUM,1286,Опаринский,Здоровье,2024-07-01,1.6091669,alarm_without_verified_registry_event_not_proven_false_alarm
CUSUM,591,Оловяннинский,Здоровье,2024-08-01,1.6089998,alarm_without_verified_registry_event_not_proven_false_alarm
CUSUM,237,Сыктывдинский,Все категории,2024-10-01,1.6079632,alarm_without_verified_registry_event_not_proven_false_alarm
CUSUM,924,Камызякский,Маркетплейсы,2024-07-01,1.604846,alarm_without_verified_registry_event_not_proven_false_alarm
CUSUM,388,Пестречинский,Здоровье,2024-08-01,1.6036195,alarm_without_verified_registry_event_not_proven_false_alarm
CUSUM,504,Барнаул,Все категории,2024-08-01,1.6025577,alarm_without_verified_registry_event_not_proven_false_alarm
CUSUM,433,Каракулинский,Все категории,2024-10-01,1.5996157,alarm_without_verified_registry_event_not_proven_false_alarm
CUSUM,1429,Чаплыгинский,Все категории,2024-09-01,1.5962071,alarm_without_verified_registry_event_not_proven_false_alarm
CUSUM,1753,Наровчатский,Маркетплейсы,2024-07-01,1.5912763,alarm_without_verified_registry_event_not_proven_false_alarm
CUSUM,490,Комсомольский,Здоровье,2024-08-01,1.5908719,alarm_without_verified_registry_event_not_proven_false_alarm
CUSUM,691,Большеулуйский,Здоровье,2024-10-01,1.590201,alarm_without_verified_registry_event_not_proven_false_alarm
CUSUM,1426,Тербунский,Маркетплейсы,2024-07-01,1.5890342,alarm_without_verified_registry_event_not_proven_false_alarm
CUSUM,2465,Восточный,Все категории,2024-10-01,1.588761,alarm_without_verified_registry_event_not_proven_false_alarm
CUSUM,173,Майский,Все категории,2024-09-01,1.5881714,alarm_without_verified_registry_event_not_proven_false_alarm
CUSUM,918,Астрахань,Здоровье,2024-08-01,1.586576,alarm_without_verified_registry_event_not_proven_false_alarm
CUSUM,1292,Свечинский,Маркетплейсы,2024-08-01,1.584066,alarm_without_verified_registry_event_not_proven_false_alarm
CUSUM,677,Назарово,Все категории,2024-08-01,1.582634,alarm_without_verified_registry_event_not_proven_false_alarm
CUSUM,1689,Красногвардейский,Здоровье,2024-07-01,1.5825598,alarm_without_verified_registry_event_not_proven_false_alarm
CUSUM,360,Алексеевский,Здоровье,2024-08-01,1.5811288,alarm_without_verified_registry_event_not_proven_false_alarm
CUSUM,1018,Еланский,Здоровье,2024-08-01,1.5808332,alarm_without_verified_registry_event_not_proven_false_alarm
CUSUM,5,Красногвардейский,Маркетплейсы,2024-08-01,1.5803952,alarm_without_verified_registry_event_not_proven_false_alarm
CUSUM,1,Майкоп,Все категории,2024-09-01,1.580338,alarm_without_verified_registry_event_not_proven_false_alarm
CUSUM,2302,Кизильский,Здоровье,2024-07-01,1.579035,alarm_without_verified_registry_event_not_proven_false_alarm
CUSUM,793,Михайловский,Продовольствие,2024-12-01,1.5782211,alarm_without_verified_registry_event_not_proven_false_alarm
CUSUM,1063,Сокольский,Маркетплейсы,2024-07-01,1.5759908,alarm_without_verified_registry_event_not_proven_false_alarm
CUSUM,674,Канск,Маркетплейсы,2024-07-01,1.5758373,alarm_without_verified_registry_event_not_proven_false_alarm
CUSUM,1194,Полесский,Все категории,2024-10-01,1.5730901,alarm_without_verified_registry_event_not_proven_false_alarm
CUSUM,1478,Серебряные Пруды,Маркетплейсы,2024-08-01,1.5730078,alarm_without_verified_registry_event_not_proven_false_alarm
CUSUM,817,Кировский,Все категории,2024-07-01,1.5716188,alarm_without_verified_registry_event_not_proven_false_alarm
CUSUM,2876,Кисловодск,Здоровье,2024-07-01,1.5675602,alarm_without_verified_registry_event_not_proven_false_alarm
CUSUM,80,Чекмагушевский,Здоровье,2024-08-01,1.5670295,alarm_without_verified_registry_event_not_proven_false_alarm
CUSUM,1243,Кемеровский,Здоровье,2024-08-01,1.5637056,alarm_without_verified_registry_event_not_proven_false_alarm
CUSUM,1745,Каменский,Все категории,2024-07-01,1.5607382,alarm_without_verified_registry_event_not_proven_false_alarm
CUSUM,66,Мелеузовский,Все категории,2024-08-01,1.5586431,alarm_without_verified_registry_event_not_proven_false_alarm
CUSUM,870,Архаринский,Здоровье,2024-07-01,1.5561234,alarm_without_verified_registry_event_not_proven_false_alarm
CUSUM,1252,Топкинский,Здоровье,2024-08-01,1.5549499,alarm_without_verified_registry_event_not_proven_false_alarm
CUSUM,1243,Кемеровский,Продовольствие,2024-11-01,1.5473304,alarm_without_verified_registry_event_not_proven_false_alarm
CUSUM,1306,Галич,Маркетплейсы,2024-07-01,1.5443821,alarm_without_verified_registry_event_not_proven_false_alarm
CUSUM,1601,Кольцово,Здоровье,2024-07-01,1.5439513,alarm_without_verified_registry_event_not_proven_false_alarm
CUSUM,777,Артемовский,Все категории,2024-07-01,1.542157,alarm_without_verified_registry_event_not_proven_false_alarm
CUSUM,1894,Кинельский,Здоровье,2024-12-01,1.5411794,alarm_without_verified_registry_event_not_proven_false_alarm
CUSUM,1749,Лопатинский,Все категории,2024-09-01,1.5398657,alarm_without_verified_registry_event_not_proven_false_alarm
CUSUM,2173,Богородицкий,Все категории,2024-09-01,1.5394278,alarm_without_verified_registry_event_not_proven_false_alarm
CUSUM,2232,Нефтеюганский,Маркетплейсы,2024-08-01,1.5384535,alarm_without_verified_registry_event_not_proven_false_alarm
CUSUM,44,Благовещенский,Здоровье,2024-07-01,1.5377004,alarm_without_verified_registry_event_not_proven_false_alarm
CUSUM,69,Миякинский,Маркетплейсы,2024-09-01,1.5364027,alarm_without_verified_registry_event_not_proven_false_alarm
CUSUM,2504,Молжаниновский,Все категории,2024-07-01,1.5360084,alarm_without_verified_registry_event_not_proven_false_alarm
CUSUM,63,Кугарчинский,Продовольствие,2024-11-01,1.5352714,alarm_without_verified_registry_event_not_proven_false_alarm
CUSUM,1941,Пугачевский,Все категории,2024-07-01,1.5347519,alarm_without_verified_registry_event_not_proven_false_alarm
CUSUM,1267,Богородский,Транспорт,2024-07-01,1.5344796,alarm_without_verified_registry_event_not_proven_false_alarm
CUSUM,1059,Кичменгско-Городецкий,Здоровье,2024-08-01,1.5248529,alarm_without_verified_registry_event_not_proven_false_alarm
CUSUM,320,Вилюйский,Маркетплейсы,2024-09-01,1.5242168,alarm_without_verified_registry_event_not_proven_false_alarm
CUSUM,1599,Искитим,Все категории,2024-08-01,1.52384,alarm_without_verified_registry_event_not_proven_false_alarm
CUSUM,1130,Фурмановский,Здоровье,2024-08-01,1.5227883,alarm_without_verified_registry_event_not_proven_false_alarm
CUSUM,1662,Усть-Ишимский,Маркетплейсы,2024-10-01,1.5220895,alarm_without_verified_registry_event_not_proven_false_alarm
CUSUM,1308,Шарья,Маркетплейсы,2024-07-01,1.5201329,alarm_without_verified_registry_event_not_proven_false_alarm
CUSUM,823,Петровский,Здоровье,2024-08-01,1.5198627,alarm_without_verified_registry_event_not_proven_false_alarm
CUSUM,844,Амурский,Здоровье,2024-12-01,1.5191078,alarm_without_verified_registry_event_not_proven_false_alarm
CUSUM,445,Юкаменский,Здоровье,2024-08-01,1.5187229,alarm_without_verified_registry_event_not_proven_false_alarm
CUSUM,81,Чишминский,Все категории,2024-09-01,1.5184803,alarm_without_verified_registry_event_not_proven_false_alarm
CUSUM,289,Атяшевский,Здоровье,2024-07-01,1.514051,alarm_without_verified_registry_event_not_proven_false_alarm
CUSUM,287,Ардатовский,Все категории,2024-10-01,1.5069741,alarm_without_verified_registry_event_not_proven_false_alarm
CUSUM,168,Баксан,Здоровье,2024-07-01,1.5030918,alarm_without_verified_registry_event_not_proven_false_alarm
CUSUM,701,Каратузский,Все категории,2024-07-01,1.5012083,alarm_without_verified_registry_event_not_proven_false_alarm
CUSUM,298,Ковылкинский,Все категории,2024-10-01,1.5011722,alarm_without_verified_registry_event_not_proven_false_alarm
CUSUM,1112,Шуя,Все категории,2024-10-01,1.4997624,alarm_without_verified_registry_event_not_proven_false_alarm
CUSUM,405,Кызылский,Все категории,2024-11-01,1.4955795,alarm_without_verified_registry_event_not_proven_false_alarm
CUSUM,2227,Урай,Здоровье,2024-08-01,1.4936936,alarm_without_verified_registry_event_not_proven_false_alarm
CUSUM,1340,Каргапольский,Маркетплейсы,2024-09-01,1.4904243,alarm_without_verified_registry_event_not_proven_false_alarm
CUSUM,1348,Петуховский,Маркетплейсы,2024-07-01,1.4864599,alarm_without_verified_registry_event_not_proven_false_alarm
CUSUM,702,Кежемский,Здоровье,2024-08-01,1.485889,alarm_without_verified_registry_event_not_proven_false_alarm
CUSUM,423,Алнашский,Здоровье,2024-08-01,1.4839355,alarm_without_verified_registry_event_not_proven_false_alarm
CUSUM,2335,Тутаевский,Все категории,2024-09-01,1.4801071,alarm_without_verified_registry_event_not_proven_false_alarm
CUSUM,194,Черкесский,Все категории,2024-10-01,1.4780766,alarm_without_verified_registry_event_not_proven_false_alarm
CUSUM,435,Кизнерский,Здоровье,2024-07-01,1.4755591,alarm_without_verified_registry_event_not_proven_false_alarm
CUSUM,678,Норильск,Маркетплейсы,2024-09-01,1.4755142,alarm_without_verified_registry_event_not_proven_false_alarm
CUSUM,1005,Суздальский,Все категории,2024-08-01,1.4750121,alarm_without_verified_registry_event_not_proven_false_alarm
CUSUM,1905,Ставропольский,Все категории,2024-07-01,1.472509,alarm_without_verified_registry_event_not_proven_false_alarm
CUSUM,1144,Балаганский,Здоровье,2024-07-01,1.4718579,alarm_without_verified_registry_event_not_proven_false_alarm
CUSUM,1315,Костромской,Здоровье,2024-08-01,1.4705287,alarm_without_verified_registry_event_not_proven_false_alarm
CUSUM,1254,Чебулинский,Здоровье,2024-07-01,1.4688681,alarm_without_verified_registry_event_not_proven_false_alarm
CUSUM,832,Кочубеевский,Все категории,2024-08-01,1.4670968,alarm_without_verified_registry_event_not_proven_false_alarm
CUSUM,484,Аликовский,Продовольствие,2024-11-01,1.4635985,alarm_without_verified_registry_event_not_proven_false_alarm
CUSUM,2085,Мордовский,Продовольствие,2024-12-01,1.4625119,alarm_without_verified_registry_event_not_proven_false_alarm
CUSUM,517,Бийский,Здоровье,2024-08-01,1.4592563,alarm_without_verified_registry_event_not_proven_false_alarm
CUSUM,815,Ипатовский,Здоровье,2024-12-01,1.4585273,alarm_without_verified_registry_event_not_proven_false_alarm
CUSUM,1003,Собинский,Все категории,2024-09-01,1.458469,alarm_without_verified_registry_event_not_proven_false_alarm
CUSUM,73,Стерлитамакский,Маркетплейсы,2024-07-01,1.4573278,alarm_without_verified_registry_event_not_proven_false_alarm
CUSUM,2270,Сурский,Все категории,2024-10-01,1.4555991,alarm_without_verified_registry_event_not_proven_false_alarm
CUSUM,2223,Покачи,Здоровье,2024-09-01,1.4543809,alarm_without_verified_registry_event_not_proven_false_alarm
CUSUM,2872,Приуральский,Маркетплейсы,2024-07-01,1.4540755,alarm_without_verified_registry_event_not_proven_false_alarm
CUSUM,579,Борзинский,Здоровье,2024-08-01,1.4523659,alarm_without_verified_registry_event_not_proven_false_alarm
CUSUM,2149,Асиновский,Маркетплейсы,2024-08-01,1.4515566,alarm_without_verified_registry_event_not_proven_false_alarm
CUSUM,2072,Кирсанов,Здоровье,2024-08-01,1.4485468,alarm_without_verified_registry_event_not_proven_false_alarm
CUSUM,45,Буздякский,Все категории,2024-10-01,1.4482671,alarm_without_verified_registry_event_not_proven_false_alarm
CUSUM,1993,Краснотурьинск,Здоровье,2024-08-01,1.4481049,alarm_without_verified_registry_event_not_proven_false_alarm
CUSUM,1739,Белинский,Здоровье,2024-08-01,1.4455681,alarm_without_verified_registry_event_not_proven_false_alarm
CUSUM,1906,Сызранский,Все категории,2024-08-01,1.4441346,alarm_without_verified_registry_event_not_proven_false_alarm
CUSUM,1328,Солигаличский,Маркетплейсы,2024-07-01,1.4429581,alarm_without_verified_registry_event_not_proven_false_alarm
CUSUM,1968,Углегорский,Маркетплейсы,2024-09-01,1.4423265,alarm_without_verified_registry_event_not_proven_false_alarm
CUSUM,1785,Пушкиногорский,Маркетплейсы,2024-09-01,1.4418967,alarm_without_verified_registry_event_not_proven_false_alarm
CUSUM,878,Магдагачинский,Здоровье,2024-12-01,1.441728,alarm_without_verified_registry_event_not_proven_false_alarm
CUSUM,1612,Коченевский,Маркетплейсы,2024-07-01,1.4399894,alarm_without_verified_registry_event_not_proven_false_alarm
CUSUM,1761,Спасский,Все категории,2024-11-01,1.4396625,alarm_without_verified_registry_event_not_proven_false_alarm
CUSUM,363,Апастовский,Здоровье,2024-07-01,1.4395893,alarm_without_verified_registry_event_not_proven_false_alarm
CUSUM,440,Сарапульский,Продовольствие,2024-12-01,1.4379575,alarm_without_verified_registry_event_not_proven_false_alarm
CUSUM,2031,Сосьвинский,Маркетплейсы,2024-07-01,1.4358169,alarm_without_verified_registry_event_not_proven_false_alarm
CUSUM,1657,Седельниковский,Маркетплейсы,2024-08-01,1.433219,alarm_without_verified_registry_event_not_proven_false_alarm
CUSUM,1564,Пильнинский,Здоровье,2024-08-01,1.432933,alarm_without_verified_registry_event_not_proven_false_alarm
CUSUM,725,Шушенский,Здоровье,2024-07-01,1.4328434,alarm_without_verified_registry_event_not_proven_false_alarm
CUSUM,814,Изобильненский,Все категории,2024-09-01,1.4326708,alarm_without_verified_registry_event_not_proven_false_alarm
CUSUM,2237,Ханты-Мансийский,Здоровье,2024-07-01,1.4309653,alarm_without_verified_registry_event_not_proven_false_alarm
CUSUM,7,Тахтамукайский,Здоровье,2024-08-01,1.4301602,alarm_without_verified_registry_event_not_proven_false_alarm
CUSUM,325,Ленский,Маркетплейсы,2024-07-01,1.4295486,alarm_without_verified_registry_event_not_proven_false_alarm
CUSUM,2303,Коркинский,Все категории,2024-07-01,1.4247961,alarm_without_verified_registry_event_not_proven_false_alarm
CUSUM,1609,Карасукский,Маркетплейсы,2024-07-01,1.4226074,alarm_without_verified_registry_event_not_proven_false_alarm
CUSUM,572,Немецкий,Здоровье,2024-08-01,1.42,alarm_without_verified_registry_event_not_proven_false_alarm
CUSUM,1658,Таврический,Здоровье,2024-07-01,1.4191133,alarm_without_verified_registry_event_not_proven_false_alarm
CUSUM,2158,Парабельский,Маркетплейсы,2024-10-01,1.4189013,alarm_without_verified_registry_event_not_proven_false_alarm
CUSUM,1543,Бутурлинский,Здоровье,2024-07-01,1.4182054,alarm_without_verified_registry_event_not_proven_false_alarm
CUSUM,2153,Каргасокский,Здоровье,2024-09-01,1.4181904,alarm_without_verified_registry_event_not_proven_false_alarm
CUSUM,451,Сорск,Здоровье,2024-08-01,1.4157687,alarm_without_verified_registry_event_not_proven_false_alarm
CUSUM,1174,Осинский,Здоровье,2024-07-01,1.4144748,alarm_without_verified_registry_event_not_proven_false_alarm
CUSUM,594,Приаргунский,Здоровье,2024-12-01,1.4132452,alarm_without_verified_registry_event_not_proven_false_alarm
CUSUM,434,Кезский,Маркетплейсы,2024-09-01,1.412384,alarm_without_verified_registry_event_not_proven_false_alarm
CUSUM,1759,Сердобский,Здоровье,2024-08-01,1.410526,alarm_without_verified_registry_event_not_proven_false_alarm
CUSUM,1543,Бутурлинский,Маркетплейсы,2024-07-01,1.4088255,alarm_without_verified_registry_event_not_proven_false_alarm
CUSUM,402,Барун-Хемчикский,Здоровье,2024-10-01,1.4046985,alarm_without_verified_registry_event_not_proven_false_alarm
CUSUM,388,Пестречинский,Все категории,2024-07-01,1.4021744,alarm_without_verified_registry_event_not_proven_false_alarm
CUSUM,1644,Марьяновский,Здоровье,2024-08-01,1.3983701,alarm_without_verified_registry_event_not_proven_false_alarm
CUSUM,2887,Саратов,Здоровье,2024-12-01,1.3966426,alarm_without_verified_registry_event_not_proven_false_alarm
CUSUM,2363,Парголово,Все категории,2024-10-01,1.396146,alarm_without_verified_registry_event_not_proven_false_alarm
CUSUM,2094,Сампурский,Маркетплейсы,2024-08-01,1.3944705,alarm_without_verified_registry_event_not_proven_false_alarm
CUSUM,1213,Медынский,Здоровье,2024-07-01,1.3911723,alarm_without_verified_registry_event_not_proven_false_alarm
CUSUM,1610,Каргатский,Здоровье,2024-08-01,1.3883876,alarm_without_verified_registry_event_not_proven_false_alarm
CUSUM,1057,Кадуйский,Транспорт,2024-08-01,1.3874346,alarm_without_verified_registry_event_not_proven_false_alarm
CUSUM,329,Намский,Здоровье,2024-07-01,1.3863809,alarm_without_verified_registry_event_not_proven_false_alarm
CUSUM,46,Бураевский,Маркетплейсы,2024-08-01,1.3845189,alarm_without_verified_registry_event_not_proven_false_alarm
CUSUM,14,Турочакский,Здоровье,2024-12-01,1.3839359,alarm_without_verified_registry_event_not_proven_false_alarm
CUSUM,518,Благовещенский,Маркетплейсы,2024-07-01,1.3833196,alarm_without_verified_registry_event_not_proven_false_alarm
CUSUM,1604,Болотнинский,Маркетплейсы,2024-07-01,1.3826556,alarm_without_verified_registry_event_not_proven_false_alarm
CUSUM,2341,Облученский,Здоровье,2024-08-01,1.3812773,alarm_without_verified_registry_event_not_proven_false_alarm
CUSUM,1265,Афанасьевский,Маркетплейсы,2024-09-01,1.3791704,alarm_without_verified_registry_event_not_proven_false_alarm
CUSUM,685,Балахтинский,Маркетплейсы,2024-08-01,1.3788037,alarm_without_verified_registry_event_not_proven_false_alarm
CUSUM,517,Бийский,Все категории,2024-10-01,1.3728789,alarm_without_verified_registry_event_not_proven_false_alarm
CUSUM,1750,Лунинский,Здоровье,2024-08-01,1.371152,alarm_without_verified_registry_event_not_proven_false_alarm
CUSUM,872,Благовещенский,Все категории,2024-10-01,1.3708827,alarm_without_verified_registry_event_not_proven_false_alarm
CUSUM,1589,Пестовский,Все категории,2024-10-01,1.3703724,alarm_without_verified_registry_event_not_proven_false_alarm
CUSUM,1214,Мещовский,Маркетплейсы,2024-09-01,1.3689399,alarm_without_verified_registry_event_not_proven_false_alarm
CUSUM,2095,Сосновский,Здоровье,2024-08-01,1.3687315,alarm_without_verified_registry_event_not_proven_false_alarm
CUSUM,2198,Бердюжский,Здоровье,2024-08-01,1.3683017,alarm_without_verified_registry_event_not_proven_false_alarm
CUSUM,274,Звениговский,Маркетплейсы,2024-07-01,1.3600639,alarm_without_verified_registry_event_not_proven_false_alarm
CUSUM,1932,Краснопартизанский,Здоровье,2024-12-01,1.3597678,alarm_without_verified_registry_event_not_proven_false_alarm
CUSUM,1899,Красноярский,Маркетплейсы,2024-07-01,1.3578811,alarm_without_verified_registry_event_not_proven_false_alarm
CUSUM,1049,Белозерский,Здоровье,2024-08-01,1.3482022,alarm_without_verified_registry_event_not_proven_false_alarm
CUSUM,2545,Якиманка,Все категории,2024-10-01,1.3476664,alarm_without_verified_registry_event_not_proven_false_alarm
CUSUM,271,Козьмодемьянск,Маркетплейсы,2024-08-01,1.3473508,alarm_without_verified_registry_event_not_proven_false_alarm
CUSUM,1648,Нижнеомский,Маркетплейсы,2024-07-01,1.3454003,alarm_without_verified_registry_event_not_proven_false_alarm
CUSUM,1709,Мценск,Маркетплейсы,2024-07-01,1.3442379,alarm_without_verified_registry_event_not_proven_false_alarm
CUSUM,1012,Фролово,Маркетплейсы,2024-07-01,1.344188,alarm_without_verified_registry_event_not_proven_false_alarm
CUSUM,69,Миякинский,Здоровье,2024-07-01,1.3423291,alarm_without_verified_registry_event_not_proven_false_alarm
CUSUM,2035,Тугулымский,Маркетплейсы,2024-08-01,1.3420774,alarm_without_verified_registry_event_not_proven_false_alarm
CUSUM,1785,Пушкиногорский,Здоровье,2024-08-01,1.3420334,alarm_without_verified_registry_event_not_proven_false_alarm
CUSUM,380,Лениногорский,Маркетплейсы,2024-07-01,1.3403193,alarm_without_verified_registry_event_not_proven_false_alarm
CUSUM,2033,Арамильский,Все категории,2024-09-01,1.3346841,alarm_without_verified_registry_event_not_proven_false_alarm
CUSUM,507,Бийск,Все категории,2024-08-01,1.3313748,alarm_without_verified_registry_event_not_proven_false_alarm
CUSUM,8,Теучежский,Маркетплейсы,2024-07-01,1.3312839,alarm_without_verified_registry_event_not_proven_false_alarm
CUSUM,377,Камско-Устьинский,Все категории,2024-10-01,1.3304533,alarm_without_verified_registry_event_not_proven_false_alarm
CUSUM,1205,Жиздринский,Здоровье,2024-08-01,1.3292315,alarm_without_verified_registry_event_not_proven_false_alarm
CUSUM,1625,Тогучинский,Маркетплейсы,2024-07-01,1.3280221,alarm_without_verified_registry_event_not_proven_false_alarm
CUSUM,1679,Акбулакский,Здоровье,2024-08-01,1.3250172,alarm_without_verified_registry_event_not_proven_false_alarm
CUSUM,2196,Армизонский,Здоровье,2024-08-01,1.3215548,alarm_without_verified_registry_event_not_proven_false_alarm
CUSUM,1399,Киришский,Все категории,2024-10-01,1.320328,alarm_without_verified_registry_event_not_proven_false_alarm
CUSUM,1562,Лысковский,Маркетплейсы,2024-08-01,1.3194679,alarm_without_verified_registry_event_not_proven_false_alarm
CUSUM,1671,Медногорск,Продовольствие,2024-12-01,1.3191493,alarm_without_verified_registry_event_not_proven_false_alarm
CUSUM,1610,Каргатский,Маркетплейсы,2024-08-01,1.3178278,alarm_without_verified_registry_event_not_proven_false_alarm
CUSUM,1115,Гаврилово-Посадский,Здоровье,2024-08-01,1.3164545,alarm_without_verified_registry_event_not_proven_false_alarm
CUSUM,1312,Галичский,Все категории,2024-08-01,1.3154457,alarm_without_verified_registry_event_not_proven_false_alarm
CUSUM,2148,Александровский,Здоровье,2024-12-01,1.3137252,alarm_without_verified_registry_event_not_proven_false_alarm
CUSUM,1908,Челно-Вершинский,Маркетплейсы,2024-09-01,1.3116616,alarm_without_verified_registry_event_not_proven_false_alarm
CUSUM,1193,Озерский,Здоровье,2024-08-01,1.3091975,alarm_without_verified_registry_event_not_proven_false_alarm
CUSUM,566,Усть-Калманский,Маркетплейсы,2024-07-01,1.3088703,alarm_without_verified_registry_event_not_proven_false_alarm
CUSUM,1861,Рыбновский,Маркетплейсы,2024-07-01,1.3080082,alarm_without_verified_registry_event_not_proven_false_alarm
CUSUM,2190,Тюмень,Здоровье,2024-08-01,1.3010172,alarm_without_verified_registry_event_not_proven_false_alarm
CUSUM,2353,Адмиралтейский,Здоровье,2024-09-01,1.3004266,alarm_without_verified_registry_event_not_proven_false_alarm
CUSUM,686,Березовский,Все категории,2024-08-01,1.2969754,alarm_without_verified_registry_event_not_proven_false_alarm
CUSUM,1714,Должанский,Маркетплейсы,2024-11-01,1.2959449,alarm_without_verified_registry_event_not_proven_false_alarm
CUSUM,1965,Смирныховский,Маркетплейсы,2024-08-01,1.2945441,alarm_without_verified_registry_event_not_proven_false_alarm
CUSUM,901,Каргопольский,Маркетплейсы,2024-09-01,1.2927686,alarm_without_verified_registry_event_not_proven_false_alarm
CUSUM,1694,Октябрьский,Маркетплейсы,2024-09-01,1.2909209,alarm_without_verified_registry_event_not_proven_false_alarm
CUSUM,1251,Тисульский,Здоровье,2024-08-01,1.2905364,alarm_without_verified_registry_event_not_proven_false_alarm
CUSUM,1879,Отрадный,Маркетплейсы,2024-07-01,1.290256,alarm_without_verified_registry_event_not_proven_false_alarm
CUSUM,686,Березовский,Продовольствие,2024-11-01,1.2891935,alarm_without_verified_registry_event_not_proven_false_alarm
CUSUM,1931,Краснокутский,Все категории,2024-10-01,1.2874495,alarm_without_verified_registry_event_not_proven_false_alarm
CUSUM,345,Владикавказ,Все категории,2024-08-01,1.2865344,alarm_without_verified_registry_event_not_proven_false_alarm
CUSUM,279,Моркинский,Все категории,2024-10-01,1.284907,alarm_without_verified_registry_event_not_proven_false_alarm
CUSUM,480,Канаш,Здоровье,2024-07-01,1.284073,alarm_without_verified_registry_event_not_proven_false_alarm
CUSUM,1233,Новокузнецкий,Все категории,2024-10-01,1.2838063,alarm_without_verified_registry_event_not_proven_false_alarm
CUSUM,1631,Чулымский,Здоровье,2024-07-01,1.280721,alarm_without_verified_registry_event_not_proven_false_alarm
CUSUM,3011,Златоустовский,Все категории,2024-10-01,1.2801219,alarm_without_verified_registry_event_not_proven_false_alarm
CUSUM,1596,Шимский,Все категории,2024-10-01,1.2796131,alarm_without_verified_registry_event_not_proven_false_alarm
CUSUM,16,Усть-Канский,Все категории,2024-11-01,1.2784622,alarm_without_verified_registry_event_not_proven_false_alarm
CUSUM,1346,Мишкинский,Здоровье,2024-08-01,1.2769841,alarm_without_verified_registry_event_not_proven_false_alarm
CUSUM,2233,Нижневартовский,Продовольствие,2024-11-01,1.2732108,alarm_without_verified_registry_event_not_proven_false_alarm
CUSUM,422,Сарапул,Здоровье,2024-08-01,1.2691258,alarm_without_verified_registry_event_not_proven_false_alarm
CUSUM,2289,Южноуральский,Здоровье,2024-08-01,1.2685933,alarm_without_verified_registry_event_not_proven_false_alarm
CUSUM,2212,Упоровский,Здоровье,2024-07-01,1.2677255,alarm_without_verified_registry_event_not_proven_false_alarm
CUSUM,2161,Томский,Маркетплейсы,2024-07-01,1.2666866,alarm_without_verified_registry_event_not_proven_false_alarm
CUSUM,2122,Кесовогорский,Здоровье,2024-08-01,1.2648975,alarm_without_verified_registry_event_not_proven_false_alarm
CUSUM,362,Альметьевский,Здоровье,2024-08-01,1.2648343,alarm_without_verified_registry_event_not_proven_false_alarm
CUSUM,2079,Гавриловский,Здоровье,2024-07-01,1.264498,alarm_without_verified_registry_event_not_proven_false_alarm
CUSUM,813,Железноводск,Здоровье,2024-08-01,1.2634609,alarm_without_verified_registry_event_not_proven_false_alarm
CUSUM,373,Елабужский,Здоровье,2024-08-01,1.2612112,alarm_without_verified_registry_event_not_proven_false_alarm
CUSUM,336,Сунтарский,Маркетплейсы,2024-09-01,1.2599839,alarm_without_verified_registry_event_not_proven_false_alarm
CUSUM,230,Ижемский,Здоровье,2024-09-01,1.2586721,alarm_without_verified_registry_event_not_proven_false_alarm
CUSUM,540,Михайловский,Маркетплейсы,2024-07-01,1.2536099,alarm_without_verified_registry_event_not_proven_false_alarm
CUSUM,1754,Неверкинский,Все категории,2024-09-01,1.2526984,alarm_without_verified_registry_event_not_proven_false_alarm
CUSUM,274,Звениговский,Все категории,2024-10-01,1.2526045,alarm_without_verified_registry_event_not_proven_false_alarm
CUSUM,918,Астрахань,Все категории,2024-08-01,1.2487348,alarm_without_verified_registry_event_not_proven_false_alarm
CUSUM,53,Зианчуринский,Маркетплейсы,2024-09-01,1.2481904,alarm_without_verified_registry_event_not_proven_false_alarm
CUSUM,2138,Сонковский,Продовольствие,2024-12-01,1.2470317,alarm_without_verified_registry_event_not_proven_false_alarm
CUSUM,1658,Таврический,Маркетплейсы,2024-07-01,1.2467848,alarm_without_verified_registry_event_not_proven_false_alarm
CUSUM,791,Красноармейский,Все категории,2024-10-01,1.2464508,alarm_without_verified_registry_event_not_proven_false_alarm
CUSUM,347,Ардонский,Здоровье,2024-08-01,1.2459817,alarm_without_verified_registry_event_not_proven_false_alarm
CUSUM,2030,Пышминский,Здоровье,2024-08-01,1.2436006,alarm_without_verified_registry_event_not_proven_false_alarm
CUSUM,1654,Полтавский,Маркетплейсы,2024-09-01,1.2387426,alarm_without_verified_registry_event_not_proven_false_alarm
CUSUM,1592,Старорусский,Здоровье,2024-07-01,1.237194,alarm_without_verified_registry_event_not_proven_false_alarm
CUSUM,38,Белебеевский,Здоровье,2024-08-01,1.2355143,alarm_without_verified_registry_event_not_proven_false_alarm
CUSUM,2268,Старокулаткинский,Продовольствие,2024-11-01,1.2346271,alarm_without_verified_registry_event_not_proven_false_alarm
CUSUM,1555,Дивеевский,Все категории,2024-07-01,1.2335368,alarm_without_verified_registry_event_not_proven_false_alarm
CUSUM,229,Ухта,Все категории,2024-11-01,1.2285718,alarm_without_verified_registry_event_not_proven_false_alarm
CUSUM,510,Рубцовск,Все категории,2024-10-01,1.2272617,alarm_without_verified_registry_event_not_proven_false_alarm
CUSUM,2256,Вешкаймский,Все категории,2024-10-01,1.2244036,alarm_without_verified_registry_event_not_proven_false_alarm
CUSUM,749,Куединский,Маркетплейсы,2024-07-01,1.2230451,alarm_without_verified_registry_event_not_proven_false_alarm
CUSUM,779,Дальнегорский,Маркетплейсы,2024-09-01,1.2222377,alarm_without_verified_registry_event_not_proven_false_alarm
CUSUM,2511,Алтуфьевский,Все категории,2024-10-01,1.2212592,alarm_without_verified_registry_event_not_proven_false_alarm
CUSUM,1224,Кемеровский,Все категории,2024-10-01,1.2182269,alarm_without_verified_registry_event_not_proven_false_alarm
CUSUM,1416,Добровский,Здоровье,2024-08-01,1.2173415,alarm_without_verified_registry_event_not_proven_false_alarm
CUSUM,1016,Даниловский,Здоровье,2024-12-01,1.2152768,alarm_without_verified_registry_event_not_proven_false_alarm
CUSUM,1740,Бессоновский,Здоровье,2024-08-01,1.2130873,alarm_without_verified_registry_event_not_proven_false_alarm
CUSUM,712,Партизанский,Здоровье,2024-07-01,1.2129816,alarm_without_verified_registry_event_not_proven_false_alarm
CUSUM,374,Заинский,Все категории,2024-10-01,1.2117432,alarm_without_verified_registry_event_not_proven_false_alarm
CUSUM,2025,Красноуфимский,Маркетплейсы,2024-07-01,1.2109357,alarm_without_verified_registry_event_not_proven_false_alarm
CUSUM,1927,Ершовский,Маркетплейсы,2024-07-01,1.2107937,alarm_without_verified_registry_event_not_proven_false_alarm
CUSUM,430,Завьяловский,Здоровье,2024-08-01,1.2095108,alarm_without_verified_registry_event_not_proven_false_alarm
CUSUM,503,Янтиковский,Здоровье,2024-08-01,1.2062972,alarm_without_verified_registry_event_not_proven_false_alarm
CUSUM,697,Иланский,Все категории,2024-10-01,1.2020273,alarm_without_verified_registry_event_not_proven_false_alarm
CUSUM,51,Дюртюлинский,Маркетплейсы,2024-07-01,1.2005608,alarm_without_verified_registry_event_not_proven_false_alarm
CUSUM,508,Заринск,Маркетплейсы,2024-07-01,1.197221,alarm_without_verified_registry_event_not_proven_false_alarm
CUSUM,1528,Кулебаки,Все категории,2024-10-01,1.1956203,alarm_without_verified_registry_event_not_proven_false_alarm
CUSUM,1352,Целинный,Маркетплейсы,2024-07-01,1.1805812,alarm_without_verified_registry_event_not_proven_false_alarm
CUSUM,763,Чайковский,Маркетплейсы,2024-07-01,1.1787851,alarm_without_verified_registry_event_not_proven_false_alarm
CUSUM,1136,Братск,Все категории,2024-10-01,1.1784604,alarm_without_verified_registry_event_not_proven_false_alarm
CUSUM,1879,Отрадный,Здоровье,2024-08-01,1.1784192,alarm_without_verified_registry_event_not_proven_false_alarm
CUSUM,11,Кош-Агачский,Маркетплейсы,2024-12-01,1.1783525,alarm_without_verified_registry_event_not_proven_false_alarm
CUSUM,1568,Сосновский,Маркетплейсы,2024-08-01,1.175709,alarm_without_verified_registry_event_not_proven_false_alarm
CUSUM,324,Нюрбинский,Здоровье,2024-09-01,1.1702877,alarm_without_verified_registry_event_not_proven_false_alarm
CUSUM,1876,Кинель,Маркетплейсы,2024-07-01,1.1702193,alarm_without_verified_registry_event_not_proven_false_alarm
CUSUM,1540,Богородский,Маркетплейсы,2024-07-01,1.1690866,alarm_without_verified_registry_event_not_proven_false_alarm
CUSUM,2193,Тобольск,Здоровье,2024-08-01,1.168387,alarm_without_verified_registry_event_not_proven_false_alarm
CUSUM,366,Бавлинский,Здоровье,2024-08-01,1.1642977,alarm_without_verified_registry_event_not_proven_false_alarm
CUSUM,891,Коряжма,Все категории,2024-09-01,1.1620228,alarm_without_verified_registry_event_not_proven_false_alarm
CUSUM,1698,Пономарёвский,Маркетплейсы,2024-07-01,1.1607555,alarm_without_verified_registry_event_not_proven_false_alarm
CUSUM,680,Шарыпово,Маркетплейсы,2024-07-01,1.1577144,alarm_without_verified_registry_event_not_proven_false_alarm
CUSUM,2085,Мордовский,Все категории,2024-10-01,1.1574554,alarm_without_verified_registry_event_not_proven_false_alarm
CUSUM,2023,Ирбитское,Здоровье,2024-07-01,1.1481515,alarm_without_verified_registry_event_not_proven_false_alarm
CUSUM,833,Красногвардейский,Все категории,2024-10-01,1.1474204,alarm_without_verified_registry_event_not_proven_false_alarm
CUSUM,2365,Светлановское,Все категории,2024-10-01,1.1431248,alarm_without_verified_registry_event_not_proven_false_alarm
CUSUM,1242,Ижморский,Маркетплейсы,2024-10-01,1.1400893,alarm_without_verified_registry_event_not_proven_false_alarm
CUSUM,723,Уярский,Маркетплейсы,2024-09-01,1.1363112,alarm_without_verified_registry_event_not_proven_false_alarm
CUSUM,999,Меленковский,Маркетплейсы,2024-07-01,1.1334571,alarm_without_verified_registry_event_not_proven_false_alarm
CUSUM,2046,Велижский,Здоровье,2024-07-01,1.1302416,alarm_without_verified_registry_event_not_proven_false_alarm
CUSUM,1886,Богатовский,Здоровье,2024-08-01,1.1276069,alarm_without_verified_registry_event_not_proven_false_alarm
CUSUM,1133,Юрьевецкий,Маркетплейсы,2024-07-01,1.1255287,alarm_without_verified_registry_event_not_proven_false_alarm
CUSUM,1738,Бековский,Здоровье,2024-08-01,1.1208925,alarm_without_verified_registry_event_not_proven_false_alarm
CUSUM,585,Краснокаменск и Краснокаменский,Здоровье,2024-12-01,1.1144488,alarm_without_verified_registry_event_not_proven_false_alarm
CUSUM,1641,Кормиловский,Маркетплейсы,2024-07-01,1.1121598,alarm_without_verified_registry_event_not_proven_false_alarm
CUSUM,1978,Богданович,Здоровье,2024-08-01,1.1053468,alarm_without_verified_registry_event_not_proven_false_alarm
CUSUM,1188,Зеленоградский,Все категории,2024-08-01,1.0992585,alarm_without_verified_registry_event_not_proven_false_alarm
CUSUM,1605,Венгеровский,Маркетплейсы,2024-07-01,1.0984244,alarm_without_verified_registry_event_not_proven_false_alarm
CUSUM,2621,Березники,Все категории,2024-10-01,1.0982108,alarm_without_verified_registry_event_not_proven_false_alarm
CUSUM,368,Бугульминский,Здоровье,2024-08-01,1.0972645,alarm_without_verified_registry_event_not_proven_false_alarm
CUSUM,1315,Костромской,Маркетплейсы,2024-07-01,1.0971519,alarm_without_verified_registry_event_not_proven_false_alarm
CUSUM,1160,Слюдянский,Маркетплейсы,2024-09-01,1.0957323,alarm_without_verified_registry_event_not_proven_false_alarm
CUSUM,1196,Славский,Маркетплейсы,2024-07-01,1.0931668,alarm_without_verified_registry_event_not_proven_false_alarm
CUSUM,1653,Павлоградский,Все категории,2024-10-01,1.0929776,alarm_without_verified_registry_event_not_proven_false_alarm
CUSUM,2286,Троицкий,Маркетплейсы,2024-07-01,1.084739,alarm_without_verified_registry_event_not_proven_false_alarm
CUSUM,1985,Ирбит,Здоровье,2024-08-01,1.0845388,alarm_without_verified_registry_event_not_proven_false_alarm
CUSUM,2068,Холм-Жирковский,Все категории,2024-10-01,1.0814188,alarm_without_verified_registry_event_not_proven_false_alarm
CUSUM,2409,Горелово,Все категории,2024-10-01,1.08119,alarm_without_verified_registry_event_not_proven_false_alarm
CUSUM,2216,Ханты-Мансийск,Здоровье,2024-09-01,1.0811586,alarm_without_verified_registry_event_not_proven_false_alarm
CUSUM,2311,Саткинский,Здоровье,2024-08-01,1.075754,alarm_without_verified_registry_event_not_proven_false_alarm
CUSUM,1409,Сосновоборский,Все категории,2024-10-01,1.0735527,alarm_without_verified_registry_event_not_proven_false_alarm
CUSUM,794,Надеждинский,Маркетплейсы,2024-09-01,1.0720896,alarm_without_verified_registry_event_not_proven_false_alarm
CUSUM,2047,Вяземский,Все категории,2024-10-01,1.0710783,alarm_without_verified_registry_event_not_proven_false_alarm
CUSUM,2039,Байкаловский,Продовольствие,2024-12-01,1.069958,alarm_without_verified_registry_event_not_proven_false_alarm
CUSUM,897,Вельский,Маркетплейсы,2024-08-01,1.0697545,alarm_without_verified_registry_event_not_proven_false_alarm
CUSUM,2144,Томск,Маркетплейсы,2024-07-01,1.0694715,alarm_without_verified_registry_event_not_proven_false_alarm
CUSUM,1109,Кинешма,Маркетплейсы,2024-07-01,1.0676546,alarm_without_verified_registry_event_not_proven_false_alarm
CUSUM,510,Рубцовск,Маркетплейсы,2024-07-01,1.065408,alarm_without_verified_registry_event_not_proven_false_alarm
CUSUM,1739,Белинский,Маркетплейсы,2024-07-01,1.0633978,alarm_without_verified_registry_event_not_proven_false_alarm
CUSUM,1620,Новосибирский,Здоровье,2024-08-01,1.0613853,alarm_without_verified_registry_event_not_proven_false_alarm
CUSUM,571,Шипуновский,Здоровье,2024-08-01,1.0611492,alarm_without_verified_registry_event_not_proven_false_alarm
CUSUM,2078,Бондарский,Маркетплейсы,2024-10-01,1.0562544,alarm_without_verified_registry_event_not_proven_false_alarm
CUSUM,2885,Кудымкарский,Маркетплейсы,2024-07-01,1.0556909,alarm_without_verified_registry_event_not_proven_false_alarm
CUSUM,1870,Ухоловский,Общественное питание,2024-08-01,1.0546017,alarm_without_verified_registry_event_not_proven_false_alarm
CUSUM,1861,Рыбновский,Все категории,2024-09-01,1.0545948,alarm_without_verified_registry_event_not_proven_false_alarm
CUSUM,996,Киржачский,Здоровье,2024-08-01,1.0541949,alarm_without_verified_registry_event_not_proven_false_alarm
CUSUM,1522,Терский,Здоровье,2024-12-01,1.0511519,alarm_without_verified_registry_event_not_proven_false_alarm
CUSUM,849,Вяземский,Здоровье,2024-07-01,1.0479215,alarm_without_verified_registry_event_not_proven_false_alarm
CUSUM,1934,Марксовский,Все категории,2024-08-01,1.0461708,alarm_without_verified_registry_event_not_proven_false_alarm
CUSUM,2370,Лисий Нос,Маркетплейсы,2024-08-01,1.0461138,alarm_without_verified_registry_event_not_proven_false_alarm
CUSUM,2121,Кашинский,Маркетплейсы,2024-07-01,1.0456226,alarm_without_verified_registry_event_not_proven_false_alarm
CUSUM,387,Нурлатский,Маркетплейсы,2024-09-01,1.0399992,alarm_without_verified_registry_event_not_proven_false_alarm
CUSUM,1410,Липецк,Здоровье,2024-08-01,1.0398387,alarm_without_verified_registry_event_not_proven_false_alarm
CUSUM,751,Нытвенский,Маркетплейсы,2024-09-01,1.0362467,alarm_without_verified_registry_event_not_proven_false_alarm
CUSUM,2110,Андреапольский,Маркетплейсы,2024-08-01,1.0361431,alarm_without_verified_registry_event_not_proven_false_alarm
CUSUM,928,Приволжский,Все категории,2024-10-01,1.0348154,alarm_without_verified_registry_event_not_proven_false_alarm
CUSUM,2506,Сокол,Здоровье,2024-09-01,1.0335052,alarm_without_verified_registry_event_not_proven_false_alarm
CUSUM,1762,Тамалинский,Маркетплейсы,2024-09-01,1.0304773,alarm_without_verified_registry_event_not_proven_false_alarm
CUSUM,697,Иланский,Маркетплейсы,2024-09-01,1.0292485,alarm_without_verified_registry_event_not_proven_false_alarm
CUSUM,2510,Алексеевский,Все категории,2024-10-01,1.0278296,alarm_without_verified_registry_event_not_proven_false_alarm
CUSUM,2452,Купчино,Все категории,2024-10-01,1.0241092,alarm_without_verified_registry_event_not_proven_false_alarm
CUSUM,1331,Чухломский,Все категории,2024-10-01,1.0201465,alarm_without_verified_registry_event_not_proven_false_alarm
CUSUM,873,Бурейский,Здоровье,2024-08-01,1.0148836,alarm_without_verified_registry_event_not_proven_false_alarm
CUSUM,2324,Гаврилов-Ямский,Все категории,2024-10-01,1.0141314,alarm_without_verified_registry_event_not_proven_false_alarm
CUSUM,1644,Марьяновский,Маркетплейсы,2024-08-01,1.0128502,alarm_without_verified_registry_event_not_proven_false_alarm
CUSUM,296,Ичалковский,Все категории,2024-10-01,1.0098817,alarm_without_verified_registry_event_not_proven_false_alarm
CUSUM,1415,Добринский,Маркетплейсы,2024-07-01,1.0086343,alarm_without_verified_registry_event_not_proven_false_alarm
CUSUM,819,Минераловодский,Все категории,2024-08-01,1.0057735,alarm_without_verified_registry_event_not_proven_false_alarm
CUSUM,1240,Беловский,Все категории,2024-12-01,1.0045972,alarm_without_verified_registry_event_not_proven_false_alarm
CUSUM,2184,Суворовский,Все категории,2024-10-01,0.99891305,alarm_without_verified_registry_event_not_proven_false_alarm
CUSUM,719,Тасеевский,Маркетплейсы,2024-09-01,0.99767,alarm_without_verified_registry_event_not_proven_false_alarm
CUSUM,722,Ужурский,Все категории,2024-10-01,0.99507564,alarm_without_verified_registry_event_not_proven_false_alarm
CUSUM,1231,Междуреченский,Здоровье,2024-08-01,0.99424714,alarm_without_verified_registry_event_not_proven_false_alarm
CUSUM,421,Можга,Маркетплейсы,2024-07-01,0.9921633,alarm_without_verified_registry_event_not_proven_false_alarm
CUSUM,379,Лаишевский,Здоровье,2024-08-01,0.98508406,alarm_without_verified_registry_event_not_proven_false_alarm
CUSUM,851,Лазо,Маркетплейсы,2024-09-01,0.9846025,alarm_without_verified_registry_event_not_proven_false_alarm
CUSUM,587,Кыринский,Здоровье,2024-08-01,0.98451865,alarm_without_verified_registry_event_not_proven_false_alarm
CUSUM,2504,Молжаниновский,Здоровье,2024-09-01,0.98066103,alarm_without_verified_registry_event_not_proven_false_alarm
CUSUM,770,Косинский,Маркетплейсы,2024-09-01,0.98050576,alarm_without_verified_registry_event_not_proven_false_alarm
CUSUM,2062,Сафоновский,Транспорт,2024-07-01,0.9789021,alarm_without_verified_registry_event_not_proven_false_alarm
CUSUM,2270,Сурский,Маркетплейсы,2024-08-01,0.975129,alarm_without_verified_registry_event_not_proven_false_alarm
CUSUM,381,Мамадышский,Здоровье,2024-08-01,0.972001,alarm_without_verified_registry_event_not_proven_false_alarm
CUSUM,422,Сарапул,Маркетплейсы,2024-08-01,0.9692449,alarm_without_verified_registry_event_not_proven_false_alarm
CUSUM,814,Изобильненский,Маркетплейсы,2024-07-01,0.96588004,alarm_without_verified_registry_event_not_proven_false_alarm
CUSUM,304,Старошайговский,Все категории,2024-10-01,0.96417344,alarm_without_verified_registry_event_not_proven_false_alarm
CUSUM,1131,Шуйский,Все категории,2024-10-01,0.96247643,alarm_without_verified_registry_event_not_proven_false_alarm
CUSUM,800,Спасский,Маркетплейсы,2024-09-01,0.962134,alarm_without_verified_registry_event_not_proven_false_alarm
CUSUM,1918,Базарно-Карабулакский,Все категории,2024-10-01,0.9619128,alarm_without_verified_registry_event_not_proven_false_alarm
CUSUM,1766,Бежаницкий,Маркетплейсы,2024-08-01,0.96147275,alarm_without_verified_registry_event_not_proven_false_alarm
CUSUM,2198,Бердюжский,Маркетплейсы,2024-09-01,0.9569292,alarm_without_verified_registry_event_not_proven_false_alarm
CUSUM,2211,Уватский,Здоровье,2024-12-01,0.9526442,alarm_without_verified_registry_event_not_proven_false_alarm
CUSUM,1981,Верхнесалдинский,Все категории,2024-10-01,0.9479783,alarm_without_verified_registry_event_not_proven_false_alarm
CUSUM,210,Кемский,Маркетплейсы,2024-09-01,0.94644254,alarm_without_verified_registry_event_not_proven_false_alarm
CUSUM,1328,Солигаличский,Здоровье,2024-08-01,0.94558835,alarm_without_verified_registry_event_not_proven_false_alarm
CUSUM,448,Абакан,Все категории,2024-10-01,0.9407916,alarm_without_verified_registry_event_not_proven_false_alarm
CUSUM,2710,Вышневолоцкий,Маркетплейсы,2024-07-01,0.9404717,alarm_without_verified_registry_event_not_proven_false_alarm
CUSUM,384,Муслюмовский,Маркетплейсы,2024-08-01,0.94007987,alarm_without_verified_registry_event_not_proven_false_alarm
CUSUM,2153,Каргасокский,Маркетплейсы,2024-09-01,0.93927,alarm_without_verified_registry_event_not_proven_false_alarm
CUSUM,2008,Режевской,Здоровье,2024-08-01,0.93589395,alarm_without_verified_registry_event_not_proven_false_alarm
CUSUM,2602,Первомайское,Здоровье,2024-09-01,0.9354259,alarm_without_verified_registry_event_not_proven_false_alarm
CUSUM,2337,Ярославский,Продовольствие,2024-12-01,0.9343929,alarm_without_verified_registry_event_not_proven_false_alarm
CUSUM,781,Лесозаводский,Маркетплейсы,2024-09-01,0.93299705,alarm_without_verified_registry_event_not_proven_false_alarm
CUSUM,2451,№ 72,Все категории,2024-10-01,0.92634785,alarm_without_verified_registry_event_not_proven_false_alarm
CUSUM,1313,Кадыйский,Маркетплейсы,2024-09-01,0.9259388,alarm_without_verified_registry_event_not_proven_false_alarm
CUSUM,2098,Токарёвский,Здоровье,2024-08-01,0.9254595,alarm_without_verified_registry_event_not_proven_false_alarm
CUSUM,1314,Кологривский,Маркетплейсы,2024-09-01,0.92266965,alarm_without_verified_registry_event_not_proven_false_alarm
CUSUM,1768,Гдовский,Маркетплейсы,2024-07-01,0.9218764,alarm_without_verified_registry_event_not_proven_false_alarm
CUSUM,55,Иглинский,Все категории,2024-08-01,0.91977286,alarm_without_verified_registry_event_not_proven_false_alarm
CUSUM,2305,Кунашакский,Маркетплейсы,2024-10-01,0.91686547,alarm_without_verified_registry_event_not_proven_false_alarm
CUSUM,383,Мензелинский,Все категории,2024-11-01,0.91606826,alarm_without_verified_registry_event_not_proven_false_alarm
CUSUM,2171,Арсеньевский,Все категории,2024-10-01,0.9111601,alarm_without_verified_registry_event_not_proven_false_alarm
CUSUM,1728,Свердловский,Все категории,2024-10-01,0.910149,alarm_without_verified_registry_event_not_proven_false_alarm
CUSUM,438,Малопургинский,Маркетплейсы,2024-08-01,0.9041051,alarm_without_verified_registry_event_not_proven_false_alarm
CUSUM,408,Пий-Хемский,Здоровье,2024-07-01,0.90100074,alarm_without_verified_registry_event_not_proven_false_alarm
CUSUM,829,Арзгирский,Здоровье,2024-07-01,0.8997755,alarm_without_verified_registry_event_not_proven_false_alarm
CUSUM,711,Новоселовский,Продовольствие,2024-07-01,0.8991709,alarm_without_verified_registry_event_not_proven_false_alarm
CUSUM,1127,Родниковский,Все категории,2024-10-01,0.89564747,alarm_without_verified_registry_event_not_proven_false_alarm
CUSUM,44,Благовещенский,Маркетплейсы,2024-08-01,0.89487416,alarm_without_verified_registry_event_not_proven_false_alarm
CUSUM,2540,Мещанский,Здоровье,2024-09-01,0.89433277,alarm_without_verified_registry_event_not_proven_false_alarm
CUSUM,1652,Омский,Здоровье,2024-08-01,0.8933687,alarm_without_verified_registry_event_not_proven_false_alarm
CUSUM,2479,Дорогомилово,Все категории,2024-12-01,0.89060605,alarm_without_verified_registry_event_not_proven_false_alarm
CUSUM,2269,Старомайнский,Общественное питание,2024-09-01,0.88391644,alarm_without_verified_registry_event_not_proven_false_alarm
CUSUM,2881,Предгорный,Все категории,2024-08-01,0.88170356,alarm_without_verified_registry_event_not_proven_false_alarm
CUSUM,1783,Псковский,Маркетплейсы,2024-07-01,0.87502575,alarm_without_verified_registry_event_not_proven_false_alarm
CUSUM,49,Давлекановский,Маркетплейсы,2024-08-01,0.8749008,alarm_without_verified_registry_event_not_proven_false_alarm
CUSUM,2442,Аптекарский остров,Здоровье,2024-09-01,0.8747872,alarm_without_verified_registry_event_not_proven_false_alarm
CUSUM,1641,Кормиловский,Здоровье,2024-09-01,0.8738493,alarm_without_verified_registry_event_not_proven_false_alarm
CUSUM,1417,Долгоруковский,Маркетплейсы,2024-09-01,0.8727179,alarm_without_verified_registry_event_not_proven_false_alarm
CUSUM,2117,Западнодвинский,Маркетплейсы,2024-09-01,0.8686224,alarm_without_verified_registry_event_not_proven_false_alarm
CUSUM,1223,Юхновский,Маркетплейсы,2024-09-01,0.86807495,alarm_without_verified_registry_event_not_proven_false_alarm
CUSUM,880,Михайловский,Все категории,2024-09-01,0.8593825,alarm_without_verified_registry_event_not_proven_false_alarm
CUSUM,1282,Нагорский,Здоровье,2024-08-01,0.8566093,alarm_without_verified_registry_event_not_proven_false_alarm
CUSUM,1875,Жигулевск,Маркетплейсы,2024-08-01,0.85088515,alarm_without_verified_registry_event_not_proven_false_alarm
CUSUM,828,Апанасенковский,Маркетплейсы,2024-07-01,0.84995306,alarm_without_verified_registry_event_not_proven_false_alarm
CUSUM,1427,Усманский,Маркетплейсы,2024-07-01,0.84053624,alarm_without_verified_registry_event_not_proven_false_alarm
CUSUM,1128,Савинский,Маркетплейсы,2024-07-01,0.8403178,alarm_without_verified_registry_event_not_proven_false_alarm
CUSUM,993,Гороховецкий,Маркетплейсы,2024-08-01,0.8317424,alarm_without_verified_registry_event_not_proven_false_alarm
CUSUM,1895,Кинель-Черкасский,Маркетплейсы,2024-07-01,0.82991874,alarm_without_verified_registry_event_not_proven_false_alarm
CUSUM,167,Нальчик,Маркетплейсы,2024-07-01,0.82699615,alarm_without_verified_registry_event_not_proven_false_alarm
CUSUM,209,Калевальский,Здоровье,2024-09-01,0.8249137,alarm_without_verified_registry_event_not_proven_false_alarm
CUSUM,1932,Краснопартизанский,Маркетплейсы,2024-09-01,0.809269,alarm_without_verified_registry_event_not_proven_false_alarm
CUSUM,2618,Мантуровский,Маркетплейсы,2024-08-01,0.80629873,alarm_without_verified_registry_event_not_proven_false_alarm
CUSUM,1756,Никольский,Маркетплейсы,2024-09-01,0.806014,alarm_without_verified_registry_event_not_proven_false_alarm
CUSUM,2184,Суворовский,Маркетплейсы,2024-08-01,0.8002814,alarm_without_verified_registry_event_not_proven_false_alarm
CUSUM,2182,Одоевский,Маркетплейсы,2024-08-01,0.79792565,alarm_without_verified_registry_event_not_proven_false_alarm
CUSUM,831,Грачёвский,Все категории,2024-11-01,0.7965805,alarm_without_verified_registry_event_not_proven_false_alarm
CUSUM,219,Пряжинский,Маркетплейсы,2024-07-01,0.79009235,alarm_without_verified_registry_event_not_proven_false_alarm
CUSUM,2043,Таборинский,Продовольствие,2024-10-01,0.7836791,alarm_without_verified_registry_event_not_proven_false_alarm
CUSUM,1139,Тулун,Все категории,2024-11-01,0.7776983,alarm_without_verified_registry_event_not_proven_false_alarm
CUSUM,1419,Задонский,Маркетплейсы,2024-09-01,0.7759107,alarm_without_verified_registry_event_not_proven_false_alarm
CUSUM,2598,Михайлово-Ярцевское,Здоровье,2024-09-01,0.7743091,alarm_without_verified_registry_event_not_proven_false_alarm
CUSUM,668,Боготол,Все категории,2024-12-01,0.7741053,alarm_without_verified_registry_event_not_proven_false_alarm
CUSUM,515,Алтайский,Здоровье,2024-08-01,0.761007,alarm_without_verified_registry_event_not_proven_false_alarm
CUSUM,22,Агидель,Транспорт,2024-07-01,0.7548584,alarm_without_verified_registry_event_not_proven_false_alarm
CUSUM,1757,Пачелмский,Маркетплейсы,2024-10-01,0.7544475,alarm_without_verified_registry_event_not_proven_false_alarm
CUSUM,1252,Топкинский,Маркетплейсы,2024-09-01,0.7487353,alarm_without_verified_registry_event_not_proven_false_alarm
CUSUM,1036,Руднянский,Маркетплейсы,2024-07-01,0.74809706,alarm_without_verified_registry_event_not_proven_false_alarm
CUSUM,755,Оханский,Маркетплейсы,2024-08-01,0.74769837,alarm_without_verified_registry_event_not_proven_false_alarm
CUSUM,1006,Юрьев-Польский,Маркетплейсы,2024-09-01,0.7391926,alarm_without_verified_registry_event_not_proven_false_alarm
CUSUM,2311,Саткинский,Маркетплейсы,2024-09-01,0.73146427,alarm_without_verified_registry_event_not_proven_false_alarm
CUSUM,1165,Усть-Кутский,Все категории,2024-11-01,0.7190373,alarm_without_verified_registry_event_not_proven_false_alarm
CUSUM,1888,Большечерниговский,Все категории,2024-11-01,0.7105323,alarm_without_verified_registry_event_not_proven_false_alarm
CUSUM,1495,Можайский,Маркетплейсы,2024-09-01,0.7081467,alarm_without_verified_registry_event_not_proven_false_alarm
CUSUM,693,Емельяновский,Маркетплейсы,2024-08-01,0.7041436,alarm_without_verified_registry_event_not_proven_false_alarm
CUSUM,1003,Собинский,Маркетплейсы,2024-08-01,0.70071125,alarm_without_verified_registry_event_not_proven_false_alarm
CUSUM,2302,Кизильский,Все категории,2024-11-01,0.6957633,alarm_without_verified_registry_event_not_proven_false_alarm
CUSUM,2047,Вяземский,Маркетплейсы,2024-09-01,0.68720293,alarm_without_verified_registry_event_not_proven_false_alarm
CUSUM,798,Пограничный,Продовольствие,2024-12-01,0.6850067,alarm_without_verified_registry_event_not_proven_false_alarm
CUSUM,2809,Кунгурский,Маркетплейсы,2024-09-01,0.6719825,alarm_without_verified_registry_event_not_proven_false_alarm
CUSUM,1225,Анжеро-Судженский,Маркетплейсы,2024-09-01,0.66038215,alarm_without_verified_registry_event_not_proven_false_alarm
CUSUM,1916,Аркадакский,Маркетплейсы,2024-09-01,0.65851706,alarm_without_verified_registry_event_not_proven_false_alarm
CUSUM,203,Урупский,Здоровье,2024-07-01,0.6452704,alarm_without_verified_registry_event_not_proven_false_alarm
CUSUM,538,Локтевский,Маркетплейсы,2024-09-01,0.6438799,alarm_without_verified_registry_event_not_proven_false_alarm
CUSUM,2269,Старомайнский,Здоровье,2024-08-01,0.6437958,alarm_without_verified_registry_event_not_proven_false_alarm
CUSUM,1863,Рязанский,Маркетплейсы,2024-09-01,0.64332265,alarm_without_verified_registry_event_not_proven_false_alarm
CUSUM,1619,Мошковский,Маркетплейсы,2024-08-01,0.63038576,alarm_without_verified_registry_event_not_proven_false_alarm
CUSUM,2442,Аптекарский остров,Все категории,2024-12-01,0.61904573,alarm_without_verified_registry_event_not_proven_false_alarm
CUSUM,66,Мелеузовский,Маркетплейсы,2024-08-01,0.6021239,alarm_without_verified_registry_event_not_proven_false_alarm
CUSUM,535,Кулундинский,Маркетплейсы,2024-08-01,0.59638286,alarm_without_verified_registry_event_not_proven_false_alarm
CUSUM,1172,Боханский,Маркетплейсы,2024-11-01,0.59301895,alarm_without_verified_registry_event_not_proven_false_alarm
CUSUM,506,Белокуриха,Все категории,2024-11-01,0.56855196,alarm_without_verified_registry_event_not_proven_false_alarm
CUSUM,1510,Оленегорск,Здоровье,2024-10-01,0.5630884,alarm_without_verified_registry_event_not_proven_false_alarm
PageHinkley,416,Чеди-Хольский,Здоровье,2024-07-01,6.2378836,alarm_without_verified_registry_event_not_proven_false_alarm
PageHinkley,79,Хайбуллинский,Продовольствие,2024-09-01,5.9633045,alarm_without_verified_registry_event_not_proven_false_alarm
PageHinkley,930,Черноярский,Все категории,2024-07-01,5.8071547,alarm_without_verified_registry_event_not_proven_false_alarm
PageHinkley,402,Барун-Хемчикский,Здоровье,2024-12-01,5.5948634,alarm_without_verified_registry_event_not_proven_false_alarm
PageHinkley,1243,Кемеровский,Продовольствие,2024-09-01,5.3588943,alarm_without_verified_registry_event_not_proven_false_alarm
PageHinkley,284,Советский,Продовольствие,2024-09-01,5.2455564,alarm_without_verified_registry_event_not_proven_false_alarm
PageHinkley,519,Бурлинский,Продовольствие,2024-09-01,4.917617,alarm_without_verified_registry_event_not_proven_false_alarm
PageHinkley,2254,Базарносызганский,Общественное питание,2024-12-01,4.914938,alarm_without_verified_registry_event_not_proven_false_alarm
PageHinkley,371,Высокогорский,Продовольствие,2024-09-01,4.8108644,alarm_without_verified_registry_event_not_proven_false_alarm
PageHinkley,2334,Рыбинский,Продовольствие,2024-09-01,4.7695694,alarm_without_verified_registry_event_not_proven_false_alarm
PageHinkley,2160,Тегульдетский,Продовольствие,2024-09-01,4.75958,alarm_without_verified_registry_event_not_proven_false_alarm
PageHinkley,1570,Тонкинский,Продовольствие,2024-09-01,4.7579975,alarm_without_verified_registry_event_not_proven_false_alarm
PageHinkley,384,Муслюмовский,Продовольствие,2024-09-01,4.704971,alarm_without_verified_registry_event_not_proven_false_alarm
PageHinkley,457,Орджоникидзевский,Продовольствие,2024-09-01,4.6123824,alarm_without_verified_registry_event_not_proven_false_alarm
PageHinkley,59,Караидельский,Продовольствие,2024-09-01,4.5962663,alarm_without_verified_registry_event_not_proven_false_alarm
PageHinkley,2233,Нижневартовский,Продовольствие,2024-09-01,4.573973,alarm_without_verified_registry_event_not_proven_false_alarm
PageHinkley,1910,Шигонский,Продовольствие,2024-09-01,4.5727,alarm_without_verified_registry_event_not_proven_false_alarm
PageHinkley,1319,Межевской,Маркетплейсы,2024-07-01,4.5287247,alarm_without_verified_registry_event_not_proven_false_alarm
PageHinkley,1691,Матвеевский,Все категории,2024-08-01,4.526904,alarm_without_verified_registry_event_not_proven_false_alarm
PageHinkley,2337,Ярославский,Продовольствие,2024-09-01,4.502037,alarm_without_verified_registry_event_not_proven_false_alarm
PageHinkley,1671,Медногорск,Продовольствие,2024-09-01,4.4928727,alarm_without_verified_registry_event_not_proven_false_alarm
PageHinkley,564,Тюменцевский,Продовольствие,2024-09-01,4.4352994,alarm_without_verified_registry_event_not_proven_false_alarm
PageHinkley,63,Кугарчинский,Продовольствие,2024-09-01,4.409537,alarm_without_verified_registry_event_not_proven_false_alarm
PageHinkley,1058,Кирилловский,Здоровье,2024-07-01,4.341682,alarm_without_verified_registry_event_not_proven_false_alarm
PageHinkley,1284,Нолинский,Продовольствие,2024-09-01,4.3198767,alarm_without_verified_registry_event_not_proven_false_alarm
PageHinkley,1013,Алексеевский,Продовольствие,2024-09-01,4.3104367,alarm_without_verified_registry_event_not_proven_false_alarm
PageHinkley,2039,Байкаловский,Продовольствие,2024-09-01,4.2733207,alarm_without_verified_registry_event_not_proven_false_alarm
PageHinkley,1648,Нижнеомский,Продовольствие,2024-09-01,4.2657957,alarm_without_verified_registry_event_not_proven_false_alarm
PageHinkley,388,Пестречинский,Продовольствие,2024-09-01,4.257742,alarm_without_verified_registry_event_not_proven_false_alarm
PageHinkley,695,Ермаковский,Продовольствие,2024-09-01,4.2070217,alarm_without_verified_registry_event_not_proven_false_alarm
PageHinkley,1710,Болховский,Здоровье,2024-07-01,4.198431,alarm_without_verified_registry_event_not_proven_false_alarm
PageHinkley,279,Моркинский,Здоровье,2024-07-01,4.1769414,alarm_without_verified_registry_event_not_proven_false_alarm
PageHinkley,851,Лазо,Продовольствие,2024-09-01,4.1725345,alarm_without_verified_registry_event_not_proven_false_alarm
PageHinkley,450,Саяногорск,Продовольствие,2024-09-01,4.137529,alarm_without_verified_registry_event_not_proven_false_alarm
PageHinkley,1673,Орск,Все категории,2024-08-01,4.118106,alarm_without_verified_registry_event_not_proven_false_alarm
PageHinkley,1683,Бугурусланский,Продовольствие,2024-09-01,4.105402,alarm_without_verified_registry_event_not_proven_false_alarm
PageHinkley,1194,Полесский,Здоровье,2024-08-01,4.062294,alarm_without_verified_registry_event_not_proven_false_alarm
PageHinkley,2236,Сургутский,Продовольствие,2024-09-01,4.054194,alarm_without_verified_registry_event_not_proven_false_alarm
PageHinkley,1761,Спасский,Продовольствие,2024-09-01,4.031723,alarm_without_verified_registry_event_not_proven_false_alarm
PageHinkley,1941,Пугачевский,Продовольствие,2024-09-01,4.020871,alarm_without_verified_registry_event_not_proven_false_alarm
PageHinkley,459,Усть-Абаканский,Продовольствие,2024-09-01,4.004032,alarm_without_verified_registry_event_not_proven_false_alarm
PageHinkley,1132,Южский,Продовольствие,2024-09-01,4.0007396,alarm_without_verified_registry_event_not_proven_false_alarm
PageHinkley,1753,Наровчатский,Продовольствие,2024-09-01,3.9944715,alarm_without_verified_registry_event_not_proven_false_alarm
PageHinkley,1975,Малышевский,Продовольствие,2024-09-01,3.9869583,alarm_without_verified_registry_event_not_proven_false_alarm
PageHinkley,1320,Нейский,Продовольствие,2024-09-01,3.9852276,alarm_without_verified_registry_event_not_proven_false_alarm
PageHinkley,566,Усть-Калманский,Продовольствие,2024-09-01,3.9776626,alarm_without_verified_registry_event_not_proven_false_alarm
PageHinkley,793,Михайловский,Продовольствие,2024-09-01,3.9407945,alarm_without_verified_registry_event_not_proven_false_alarm
PageHinkley,2043,Таборинский,Продовольствие,2024-09-01,3.9209416,alarm_without_verified_registry_event_not_proven_false_alarm
PageHinkley,2345,Эгвекинот,Продовольствие,2024-09-01,3.919709,alarm_without_verified_registry_event_not_proven_false_alarm
PageHinkley,1702,Северный,Все категории,2024-07-01,3.90222,alarm_without_verified_registry_event_not_proven_false_alarm
PageHinkley,1678,Адамовский,Продовольствие,2024-09-01,3.9004014,alarm_without_verified_registry_event_not_proven_false_alarm
PageHinkley,274,Звениговский,Продовольствие,2024-09-01,3.8968735,alarm_without_verified_registry_event_not_proven_false_alarm
PageHinkley,288,Атюрьевский,Продовольствие,2024-08-01,3.8793283,alarm_without_verified_registry_event_not_proven_false_alarm
PageHinkley,2136,Сандовский,Продовольствие,2024-08-01,3.8650103,alarm_without_verified_registry_event_not_proven_false_alarm
PageHinkley,511,Славгород,Продовольствие,2024-09-01,3.8484225,alarm_without_verified_registry_event_not_proven_false_alarm
PageHinkley,1744,Иссинский,Здоровье,2024-07-01,3.835444,alarm_without_verified_registry_event_not_proven_false_alarm
PageHinkley,674,Канск,Продовольствие,2024-09-01,3.8338761,alarm_without_verified_registry_event_not_proven_false_alarm
PageHinkley,2258,Карсунский,Продовольствие,2024-09-01,3.8324137,alarm_without_verified_registry_event_not_proven_false_alarm
PageHinkley,294,Зубово-Полянский,Продовольствие,2024-09-01,3.8048332,alarm_without_verified_registry_event_not_proven_false_alarm
PageHinkley,1040,Старополтавский,Здоровье,2024-07-01,3.7979622,alarm_without_verified_registry_event_not_proven_false_alarm
PageHinkley,280,Новоторъяльский,Продовольствие,2024-10-01,3.7953527,alarm_without_verified_registry_event_not_proven_false_alarm
PageHinkley,306,Теньгушевский,Продовольствие,2024-09-01,3.7816644,alarm_without_verified_registry_event_not_proven_false_alarm
PageHinkley,46,Бураевский,Все категории,2024-09-01,3.7778463,alarm_without_verified_registry_event_not_proven_false_alarm
PageHinkley,1617,Кыштовский,Транспорт,2024-07-01,3.7663708,alarm_without_verified_registry_event_not_proven_false_alarm
PageHinkley,396,Черемшанский,Продовольствие,2024-09-01,3.7589192,alarm_without_verified_registry_event_not_proven_false_alarm
PageHinkley,489,Козловский,Продовольствие,2024-09-01,3.7535102,alarm_without_verified_registry_event_not_proven_false_alarm
PageHinkley,696,Идринский,Продовольствие,2024-09-01,3.7488606,alarm_without_verified_registry_event_not_proven_false_alarm
PageHinkley,891,Коряжма,Продовольствие,2024-07-01,3.7273405,alarm_without_verified_registry_event_not_proven_false_alarm
PageHinkley,591,Оловяннинский,Все категории,2024-09-01,3.724075,alarm_without_verified_registry_event_not_proven_false_alarm
PageHinkley,1324,Павинский,Продовольствие,2024-09-01,3.7192612,alarm_without_verified_registry_event_not_proven_false_alarm
PageHinkley,1301,Юрьянский,Все категории,2024-08-01,3.7180507,alarm_without_verified_registry_event_not_proven_false_alarm
PageHinkley,1942,Ровенский,Продовольствие,2024-09-01,3.7133007,alarm_without_verified_registry_event_not_proven_false_alarm
PageHinkley,1760,Сосновоборский,Продовольствие,2024-08-01,3.707928,alarm_without_verified_registry_event_not_proven_false_alarm
PageHinkley,1903,Приволжский,Продовольствие,2024-09-01,3.68484,alarm_without_verified_registry_event_not_proven_false_alarm
PageHinkley,1150,Иркутский,Продовольствие,2024-09-01,3.6795802,alarm_without_verified_registry_event_not_proven_false_alarm
PageHinkley,1034,Ольховский,Все категории,2024-09-01,3.6725256,alarm_without_verified_registry_event_not_proven_false_alarm
PageHinkley,702,Кежемский,Продовольствие,2024-09-01,3.6563866,alarm_without_verified_registry_event_not_proven_false_alarm
PageHinkley,218,Прионежский,Продовольствие,2024-09-01,3.6314766,alarm_without_verified_registry_event_not_proven_false_alarm
PageHinkley,2317,Чесменский,Все категории,2024-08-01,3.6274955,alarm_without_verified_registry_event_not_proven_false_alarm
PageHinkley,408,Пий-Хемский,Продовольствие,2024-09-01,3.624678,alarm_without_verified_registry_event_not_proven_false_alarm
PageHinkley,448,Абакан,Продовольствие,2024-09-01,3.6199462,alarm_without_verified_registry_event_not_proven_false_alarm
PageHinkley,60,Кармаскалинский,Продовольствие,2024-09-01,3.6146529,alarm_without_verified_registry_event_not_proven_false_alarm
PageHinkley,2280,Кыштымский,Продовольствие,2024-09-01,3.6134675,alarm_without_verified_registry_event_not_proven_false_alarm
PageHinkley,1522,Терский,Продовольствие,2024-09-01,3.6063197,alarm_without_verified_registry_event_not_proven_false_alarm
PageHinkley,1158,Нижнеудинский,Продовольствие,2024-09-01,3.597758,alarm_without_verified_registry_event_not_proven_false_alarm
PageHinkley,1752,Мокшанский,Продовольствие,2024-09-01,3.5930717,alarm_without_verified_registry_event_not_proven_false_alarm
PageHinkley,45,Буздякский,Все категории,2024-09-01,3.5870376,alarm_without_verified_registry_event_not_proven_false_alarm
PageHinkley,31,Альшеевский,Продовольствие,2024-09-01,3.5852196,alarm_without_verified_registry_event_not_proven_false_alarm
PageHinkley,553,Суетский,Продовольствие,2024-09-01,3.5793173,alarm_without_verified_registry_event_not_proven_false_alarm
PageHinkley,1745,Каменский,Продовольствие,2024-09-01,3.575148,alarm_without_verified_registry_event_not_proven_false_alarm
PageHinkley,2138,Сонковский,Все категории,2024-09-01,3.570224,alarm_without_verified_registry_event_not_proven_false_alarm
PageHinkley,376,Кайбицкий,Продовольствие,2024-10-01,3.5668123,alarm_without_verified_registry_event_not_proven_false_alarm
PageHinkley,2002,Нижнетуринский,Продовольствие,2024-09-01,3.5454707,alarm_without_verified_registry_event_not_proven_false_alarm
PageHinkley,562,Третьяковский,Все категории,2024-09-01,3.5351834,alarm_without_verified_registry_event_not_proven_false_alarm
PageHinkley,1881,Сызрань,Продовольствие,2024-09-01,3.533235,alarm_without_verified_registry_event_not_proven_false_alarm
PageHinkley,1142,Черемхово,Продовольствие,2024-09-01,3.5252051,alarm_without_verified_registry_event_not_proven_false_alarm
PageHinkley,792,Лазовский,Продовольствие,2024-10-01,3.5167966,alarm_without_verified_registry_event_not_proven_false_alarm
PageHinkley,548,Ребрихинский,Продовольствие,2024-09-01,3.5150568,alarm_without_verified_registry_event_not_proven_false_alarm
PageHinkley,2096,Староюрьевский,Все категории,2024-09-01,3.5139897,alarm_without_verified_registry_event_not_proven_false_alarm
PageHinkley,2297,Еманжелинский,Продовольствие,2024-08-01,3.5072312,alarm_without_verified_registry_event_not_proven_false_alarm
PageHinkley,687,Бирилюсский,Все категории,2024-09-01,3.4887466,alarm_without_verified_registry_event_not_proven_false_alarm
PageHinkley,710,Нижнеингашский,Продовольствие,2024-09-01,3.4871402,alarm_without_verified_registry_event_not_proven_false_alarm
PageHinkley,61,Кигинский,Продовольствие,2024-08-01,3.4722586,alarm_without_verified_registry_event_not_proven_false_alarm
PageHinkley,2148,Александровский,Продовольствие,2024-09-01,3.4658384,alarm_without_verified_registry_event_not_proven_false_alarm
PageHinkley,1334,Шадринск,Продовольствие,2024-09-01,3.4646566,alarm_without_verified_registry_event_not_proven_false_alarm
PageHinkley,2329,Некрасовский,Продовольствие,2024-09-01,3.457552,alarm_without_verified_registry_event_not_proven_false_alarm
PageHinkley,2023,Ирбитское,Продовольствие,2024-09-01,3.4496593,alarm_without_verified_registry_event_not_proven_false_alarm
PageHinkley,1976,Рефтинский,Продовольствие,2024-09-01,3.435748,alarm_without_verified_registry_event_not_proven_false_alarm
PageHinkley,37,Балтачевский,Все категории,2024-09-01,3.413875,alarm_without_verified_registry_event_not_proven_false_alarm
PageHinkley,1120,Комсомольский,Продовольствие,2024-09-01,3.4050465,alarm_without_verified_registry_event_not_proven_false_alarm
PageHinkley,22,Агидель,Все категории,2024-09-01,3.4037304,alarm_without_verified_registry_event_not_proven_false_alarm
PageHinkley,218,Прионежский,Все категории,2024-10-01,3.3997777,alarm_without_verified_registry_event_not_proven_false_alarm
PageHinkley,1013,Алексеевский,Все категории,2024-09-01,3.3882666,alarm_without_verified_registry_event_not_proven_false_alarm
PageHinkley,2138,Сонковский,Продовольствие,2024-09-01,3.3866045,alarm_without_verified_registry_event_not_proven_false_alarm
PageHinkley,2078,Бондарский,Продовольствие,2024-09-01,3.3863375,alarm_without_verified_registry_event_not_proven_false_alarm
PageHinkley,2065,Темкинский,Продовольствие,2024-09-01,3.3860545,alarm_without_verified_registry_event_not_proven_false_alarm
PageHinkley,1992,Верхний Тагил,Продовольствие,2024-09-01,3.3799174,alarm_without_verified_registry_event_not_proven_false_alarm
PageHinkley,685,Балахтинский,Все категории,2024-09-01,3.3747168,alarm_without_verified_registry_event_not_proven_false_alarm
PageHinkley,714,Рыбинский,Продовольствие,2024-09-01,3.3723347,alarm_without_verified_registry_event_not_proven_false_alarm
PageHinkley,1614,Краснозерский,Продовольствие,2024-09-01,3.3672557,alarm_without_verified_registry_event_not_proven_false_alarm
PageHinkley,2330,Первомайский,Продовольствие,2024-09-01,3.3622978,alarm_without_verified_registry_event_not_proven_false_alarm
PageHinkley,1417,Долгоруковский,Продовольствие,2024-09-01,3.3516414,alarm_without_verified_registry_event_not_proven_false_alarm
PageHinkley,1271,Даровской,Продовольствие,2024-09-01,3.3475823,alarm_without_verified_registry_event_not_proven_false_alarm
PageHinkley,518,Благовещенский,Продовольствие,2024-09-01,3.346227,alarm_without_verified_registry_event_not_proven_false_alarm
PageHinkley,2146,Стрежевой,Продовольствие,2024-09-01,3.3428776,alarm_without_verified_registry_event_not_proven_false_alarm
PageHinkley,2142,Торопецкий,Продовольствие,2024-09-01,3.341811,alarm_without_verified_registry_event_not_proven_false_alarm
PageHinkley,1160,Слюдянский,Продовольствие,2024-09-01,3.3264124,alarm_without_verified_registry_event_not_proven_false_alarm
PageHinkley,2596,Краснопахорское,Продовольствие,2024-09-01,3.3255005,alarm_without_verified_registry_event_not_proven_false_alarm
PageHinkley,206,Петрозаводский,Продовольствие,2024-09-01,3.3239202,alarm_without_verified_registry_event_not_proven_false_alarm
PageHinkley,2251,Ульяновск,Продовольствие,2024-09-01,3.3179972,alarm_without_verified_registry_event_not_proven_false_alarm
PageHinkley,690,Большемуртинский,Продовольствие,2024-09-01,3.3158398,alarm_without_verified_registry_event_not_proven_false_alarm
PageHinkley,484,Аликовский,Продовольствие,2024-10-01,3.2995248,alarm_without_verified_registry_event_not_proven_false_alarm
PageHinkley,1706,Шарлыкский,Продовольствие,2024-09-01,3.290841,alarm_without_verified_registry_event_not_proven_false_alarm
PageHinkley,1746,Камешкирский,Продовольствие,2024-09-01,3.284692,alarm_without_verified_registry_event_not_proven_false_alarm
PageHinkley,876,Ивановский,Продовольствие,2024-09-01,3.2791278,alarm_without_verified_registry_event_not_proven_false_alarm
PageHinkley,2278,Карабашский,Продовольствие,2024-09-01,3.271889,alarm_without_verified_registry_event_not_proven_false_alarm
PageHinkley,1741,Вадинский,Здоровье,2024-07-01,3.2670093,alarm_without_verified_registry_event_not_proven_false_alarm
PageHinkley,1682,Беляевский,Все категории,2024-08-01,3.2604384,alarm_without_verified_registry_event_not_proven_false_alarm
PageHinkley,445,Юкаменский,Здоровье,2024-07-01,3.2556715,alarm_without_verified_registry_event_not_proven_false_alarm
PageHinkley,377,Камско-Устьинский,Продовольствие,2024-09-01,3.2538404,alarm_without_verified_registry_event_not_proven_false_alarm
PageHinkley,422,Сарапул,Продовольствие,2024-09-01,3.252362,alarm_without_verified_registry_event_not_proven_false_alarm
PageHinkley,1639,Калачинский,Продовольствие,2024-09-01,3.2519526,alarm_without_verified_registry_event_not_proven_false_alarm
PageHinkley,1727,Покровский,Все категории,2024-09-01,3.250253,alarm_without_verified_registry_event_not_proven_false_alarm
PageHinkley,276,Куженерский,Продовольствие,2024-09-01,3.2480192,alarm_without_verified_registry_event_not_proven_false_alarm
PageHinkley,2237,Ханты-Мансийский,Все категории,2024-08-01,3.2375972,alarm_without_verified_registry_event_not_proven_false_alarm
PageHinkley,1530,Перевозский,Продовольствие,2024-09-01,3.237377,alarm_without_verified_registry_event_not_proven_false_alarm
PageHinkley,398,Ютазинский,Продовольствие,2024-08-01,3.23701,alarm_without_verified_registry_event_not_proven_false_alarm
PageHinkley,2218,Лангепас,Продовольствие,2024-09-01,3.2336342,alarm_without_verified_registry_event_not_proven_false_alarm
PageHinkley,2506,Сокол,Все категории,2024-09-01,3.2257638,alarm_without_verified_registry_event_not_proven_false_alarm
PageHinkley,1567,Сеченовский,Продовольствие,2024-09-01,3.2228265,alarm_without_verified_registry_event_not_proven_false_alarm
PageHinkley,1118,Ильинский,Продовольствие,2024-09-01,3.2202215,alarm_without_verified_registry_event_not_proven_false_alarm
PageHinkley,1700,Саракташский,Здоровье,2024-07-01,3.2170434,alarm_without_verified_registry_event_not_proven_false_alarm
PageHinkley,304,Старошайговский,Продовольствие,2024-09-01,3.2136674,alarm_without_verified_registry_event_not_proven_false_alarm
PageHinkley,871,Белогорский,Продовольствие,2024-09-01,3.2122924,alarm_without_verified_registry_event_not_proven_false_alarm
PageHinkley,2257,Инзенский,Продовольствие,2024-09-01,3.2098594,alarm_without_verified_registry_event_not_proven_false_alarm
PageHinkley,1568,Сосновский,Продовольствие,2024-09-01,3.2071447,alarm_without_verified_registry_event_not_proven_false_alarm
PageHinkley,212,Лахденпохский,Продовольствие,2024-09-01,3.2031157,alarm_without_verified_registry_event_not_proven_false_alarm
PageHinkley,2288,Чебаркульский,Продовольствие,2024-09-01,3.1937096,alarm_without_verified_registry_event_not_proven_false_alarm
PageHinkley,555,Солонешенский,Продовольствие,2024-09-01,3.1920242,alarm_without_verified_registry_event_not_proven_false_alarm
PageHinkley,713,Пировский,Продовольствие,2024-09-01,3.1903243,alarm_without_verified_registry_event_not_proven_false_alarm
PageHinkley,1719,Кромской,Все категории,2024-07-01,3.188428,alarm_without_verified_registry_event_not_proven_false_alarm
PageHinkley,668,Боготол,Продовольствие,2024-09-01,3.186763,alarm_without_verified_registry_event_not_proven_false_alarm
PageHinkley,568,Хабарский,Продовольствие,2024-09-01,3.179953,alarm_without_verified_registry_event_not_proven_false_alarm
PageHinkley,1229,Киселевский,Продовольствие,2024-09-01,3.1785321,alarm_without_verified_registry_event_not_proven_false_alarm
PageHinkley,452,Черногорск,Продовольствие,2024-09-01,3.1775997,alarm_without_verified_registry_event_not_proven_false_alarm
PageHinkley,1144,Балаганский,Продовольствие,2024-09-01,3.1765852,alarm_without_verified_registry_event_not_proven_false_alarm
PageHinkley,765,Чердынский,Продовольствие,2024-09-01,3.174694,alarm_without_verified_registry_event_not_proven_false_alarm
PageHinkley,370,Верхнеуслонский,Продовольствие,2024-08-01,3.1738284,alarm_without_verified_registry_event_not_proven_false_alarm
PageHinkley,1158,Нижнеудинский,Все категории,2024-09-01,3.165389,alarm_without_verified_registry_event_not_proven_false_alarm
PageHinkley,1291,Санчурский,Транспорт,2024-11-01,3.1626344,alarm_without_verified_registry_event_not_proven_false_alarm
PageHinkley,1770,Дновский,Продовольствие,2024-09-01,3.158187,alarm_without_verified_registry_event_not_proven_false_alarm
PageHinkley,2216,Ханты-Мансийск,Продовольствие,2024-09-01,3.1535094,alarm_without_verified_registry_event_not_proven_false_alarm
PageHinkley,1026,Котовский,Продовольствие,2024-09-01,3.151972,alarm_without_verified_registry_event_not_proven_false_alarm
PageHinkley,562,Третьяковский,Продовольствие,2024-09-01,3.1513007,alarm_without_verified_registry_event_not_proven_false_alarm
PageHinkley,39,Белокатайский,Продовольствие,2024-08-01,3.1474807,alarm_without_verified_registry_event_not_proven_false_alarm
PageHinkley,2185,Тепло-Огаревский,Продовольствие,2024-09-01,3.1459439,alarm_without_verified_registry_event_not_proven_false_alarm
PageHinkley,792,Лазовский,Здоровье,2024-08-01,3.1418014,alarm_without_verified_registry_event_not_proven_false_alarm
PageHinkley,883,Свободненский,Продовольствие,2024-09-01,3.138272,alarm_without_verified_registry_event_not_proven_false_alarm
PageHinkley,760,Суксунский,Продовольствие,2024-09-01,3.136918,alarm_without_verified_registry_event_not_proven_false_alarm
PageHinkley,1885,Безенчукский,Продовольствие,2024-09-01,3.1356208,alarm_without_verified_registry_event_not_proven_false_alarm
PageHinkley,2286,Троицкий,Продовольствие,2024-09-01,3.1330702,alarm_without_verified_registry_event_not_proven_false_alarm
PageHinkley,1933,Лысогорский,Все категории,2024-08-01,3.130267,alarm_without_verified_registry_event_not_proven_false_alarm
PageHinkley,510,Рубцовск,Продовольствие,2024-09-01,3.12892,alarm_without_verified_registry_event_not_proven_false_alarm
PageHinkley,1166,Усть-Удинский,Продовольствие,2024-09-01,3.1247675,alarm_without_verified_registry_event_not_proven_false_alarm
PageHinkley,2237,Ханты-Мансийский,Продовольствие,2024-09-01,3.1222293,alarm_without_verified_registry_event_not_proven_false_alarm
PageHinkley,1549,Володарский,Продовольствие,2024-09-01,3.1174319,alarm_without_verified_registry_event_not_proven_false_alarm
PageHinkley,1264,Арбажский,Продовольствие,2024-09-01,3.1147883,alarm_without_verified_registry_event_not_proven_false_alarm
PageHinkley,52,Ермекеевский,Продовольствие,2024-09-01,3.1109831,alarm_without_verified_registry_event_not_proven_false_alarm
PageHinkley,1288,Орловский,Продовольствие,2024-09-01,3.1096287,alarm_without_verified_registry_event_not_proven_false_alarm
PageHinkley,1776,Новосокольнический,Здоровье,2024-08-01,3.1091084,alarm_without_verified_registry_event_not_proven_false_alarm
PageHinkley,527,Змеиногорский,Продовольствие,2024-09-01,3.1076214,alarm_without_verified_registry_event_not_proven_false_alarm
PageHinkley,1884,Алексеевский,Продовольствие,2024-09-01,3.1054506,alarm_without_verified_registry_event_not_proven_false_alarm
PageHinkley,270,Волжск,Продовольствие,2024-09-01,3.090604,alarm_without_verified_registry_event_not_proven_false_alarm
PageHinkley,1226,Беловский,Продовольствие,2024-09-01,3.087139,alarm_without_verified_registry_event_not_proven_false_alarm
PageHinkley,1533,Шахунья,Продовольствие,2024-09-01,3.0843961,alarm_without_verified_registry_event_not_proven_false_alarm
PageHinkley,1230,Ленинск-Кузнецкий,Продовольствие,2024-09-01,3.0808868,alarm_without_verified_registry_event_not_proven_false_alarm
PageHinkley,1776,Новосокольнический,Продовольствие,2024-09-01,3.0780332,alarm_without_verified_registry_event_not_proven_false_alarm
PageHinkley,1931,Краснокутский,Продовольствие,2024-09-01,3.0752711,alarm_without_verified_registry_event_not_proven_false_alarm
PageHinkley,1584,Марёвский,Продовольствие,2024-09-01,3.0709136,alarm_without_verified_registry_event_not_proven_false_alarm
PageHinkley,2082,Инжавинский,Продовольствие,2024-08-01,3.0688674,alarm_without_verified_registry_event_not_proven_false_alarm
PageHinkley,2040,Камышловский,Продовольствие,2024-09-01,3.068417,alarm_without_verified_registry_event_not_proven_false_alarm
PageHinkley,1335,Альменевский,Все категории,2024-07-01,3.0677638,alarm_without_verified_registry_event_not_proven_false_alarm
PageHinkley,528,Калманский,Продовольствие,2024-08-01,3.0602605,alarm_without_verified_registry_event_not_proven_false_alarm
PageHinkley,1951,Хвалынский,Продовольствие,2024-09-01,3.058525,alarm_without_verified_registry_event_not_proven_false_alarm
PageHinkley,2312,Сосновский,Продовольствие,2024-09-01,3.0545516,alarm_without_verified_registry_event_not_proven_false_alarm
PageHinkley,698,Ирбейский,Все категории,2024-09-01,3.0545428,alarm_without_verified_registry_event_not_proven_false_alarm
PageHinkley,2081,Знаменский,Продовольствие,2024-09-01,3.0539064,alarm_without_verified_registry_event_not_proven_false_alarm
PageHinkley,1738,Бековский,Продовольствие,2024-09-01,3.0502987,alarm_without_verified_registry_event_not_proven_false_alarm
PageHinkley,2202,Исетский,Продовольствие,2024-09-01,3.0497773,alarm_without_verified_registry_event_not_proven_false_alarm
PageHinkley,995,Камешковский,Продовольствие,2024-09-01,3.0347574,alarm_without_verified_registry_event_not_proven_false_alarm
PageHinkley,277,Мари-Турекский,Продовольствие,2024-10-01,3.0261736,alarm_without_verified_registry_event_not_proven_false_alarm
PageHinkley,1623,Сузунский,Продовольствие,2024-09-01,3.0246644,alarm_without_verified_registry_event_not_proven_false_alarm
PageHinkley,719,Тасеевский,Продовольствие,2024-09-01,3.023414,alarm_without_verified_registry_event_not_proven_false_alarm
PageHinkley,1660,Тевризский,Продовольствие,2024-09-01,3.0178547,alarm_without_verified_registry_event_not_proven_false_alarm
PageHinkley,1562,Лысковский,Продовольствие,2024-09-01,3.0056279,alarm_without_verified_registry_event_not_proven_false_alarm
PageHinkley,2087,Мучкапский,Продовольствие,2024-09-01,3.003433,alarm_without_verified_registry_event_not_proven_false_alarm
PageHinkley,485,Батыревский,Продовольствие,2024-09-01,3.002881,alarm_without_verified_registry_event_not_proven_false_alarm
PageHinkley,358,Аксубаевский,Продовольствие,2024-09-01,3.001594,alarm_without_verified_registry_event_not_proven_false_alarm
PageHinkley,2353,Адмиралтейский,Продовольствие,2024-09-01,2.9997509,alarm_without_verified_registry_event_not_proven_false_alarm
PageHinkley,834,Курский,Продовольствие,2024-09-01,2.9934342,alarm_without_verified_registry_event_not_proven_false_alarm
PageHinkley,522,Егорьевский,Продовольствие,2024-09-01,2.989849,alarm_without_verified_registry_event_not_proven_false_alarm
PageHinkley,1269,Верхошижемский,Продовольствие,2024-09-01,2.987581,alarm_without_verified_registry_event_not_proven_false_alarm
PageHinkley,1902,Похвистневский,Продовольствие,2024-09-01,2.98126,alarm_without_verified_registry_event_not_proven_false_alarm
PageHinkley,1325,Парфеньевский,Продовольствие,2024-09-01,2.9812489,alarm_without_verified_registry_event_not_proven_false_alarm
PageHinkley,547,Поспелихинский,Продовольствие,2024-09-01,2.9803424,alarm_without_verified_registry_event_not_proven_false_alarm
PageHinkley,1994,Красноуральск,Все категории,2024-07-01,2.9783096,alarm_without_verified_registry_event_not_proven_false_alarm
PageHinkley,798,Пограничный,Продовольствие,2024-09-01,2.97768,alarm_without_verified_registry_event_not_proven_false_alarm
PageHinkley,1949,Турковский,Продовольствие,2024-09-01,2.9716787,alarm_without_verified_registry_event_not_proven_false_alarm
PageHinkley,1288,Орловский,Транспорт,2024-07-01,2.967838,alarm_without_verified_registry_event_not_proven_false_alarm
PageHinkley,1638,Исилькульский,Продовольствие,2024-09-01,2.967319,alarm_without_verified_registry_event_not_proven_false_alarm
PageHinkley,1587,Окуловский,Все категории,2024-09-01,2.965216,alarm_without_verified_registry_event_not_proven_false_alarm
PageHinkley,70,Нуримановский,Все категории,2024-09-01,2.9633636,alarm_without_verified_registry_event_not_proven_false_alarm
PageHinkley,1692,Новоорский,Продовольствие,2024-08-01,2.9607065,alarm_without_verified_registry_event_not_proven_false_alarm
PageHinkley,1899,Красноярский,Продовольствие,2024-09-01,2.9584022,alarm_without_verified_registry_event_not_proven_false_alarm
PageHinkley,287,Ардатовский,Продовольствие,2024-08-01,2.956366,alarm_without_verified_registry_event_not_proven_false_alarm
PageHinkley,1776,Новосокольнический,Все категории,2024-07-01,2.955588,alarm_without_verified_registry_event_not_proven_false_alarm
PageHinkley,2440,Кронверкское,Продовольствие,2024-09-01,2.9524345,alarm_without_verified_registry_event_not_proven_false_alarm
PageHinkley,1560,Кстовский,Продовольствие,2024-09-01,2.9523234,alarm_without_verified_registry_event_not_proven_false_alarm
PageHinkley,1878,Октябрьск,Продовольствие,2024-09-01,2.9518368,alarm_without_verified_registry_event_not_proven_false_alarm
PageHinkley,367,Балтасинский,Продовольствие,2024-09-01,2.948914,alarm_without_verified_registry_event_not_proven_false_alarm
PageHinkley,697,Иланский,Продовольствие,2024-09-01,2.9454443,alarm_without_verified_registry_event_not_proven_false_alarm
PageHinkley,1901,Пестравский,Продовольствие,2024-09-01,2.94238,alarm_without_verified_registry_event_not_proven_false_alarm
PageHinkley,1650,Одесский,Продовольствие,2024-09-01,2.9364898,alarm_without_verified_registry_event_not_proven_false_alarm
PageHinkley,1349,Половинский,Продовольствие,2024-08-01,2.9358532,alarm_without_verified_registry_event_not_proven_false_alarm
PageHinkley,1879,Отрадный,Продовольствие,2024-09-01,2.9353564,alarm_without_verified_registry_event_not_proven_false_alarm
PageHinkley,2309,Октябрьский,Все категории,2024-09-01,2.9310937,alarm_without_verified_registry_event_not_proven_false_alarm
PageHinkley,1028,Ленинский,Продовольствие,2024-08-01,2.9293492,alarm_without_verified_registry_event_not_proven_false_alarm
PageHinkley,1874,Самара,Продовольствие,2024-09-01,2.9271474,alarm_without_verified_registry_event_not_proven_false_alarm
PageHinkley,71,Салаватский,Продовольствие,2024-09-01,2.9235046,alarm_without_verified_registry_event_not_proven_false_alarm
PageHinkley,2267,Сенгилеевский,Продовольствие,2024-09-01,2.9218488,alarm_without_verified_registry_event_not_proven_false_alarm
PageHinkley,384,Муслюмовский,Все категории,2024-09-01,2.920599,alarm_without_verified_registry_event_not_proven_false_alarm
PageHinkley,2315,Уйский,Продовольствие,2024-09-01,2.9180903,alarm_without_verified_registry_event_not_proven_false_alarm
PageHinkley,1675,Сорочинский,Продовольствие,2024-09-01,2.9156892,alarm_without_verified_registry_event_not_proven_false_alarm
PageHinkley,1678,Адамовский,Все категории,2024-08-01,2.915411,alarm_without_verified_registry_event_not_proven_false_alarm
PageHinkley,1019,Жирновский,Продовольствие,2024-09-01,2.912235,alarm_without_verified_registry_event_not_proven_false_alarm
PageHinkley,579,Борзинский,Продовольствие,2024-09-01,2.911624,alarm_without_verified_registry_event_not_proven_false_alarm
PageHinkley,993,Гороховецкий,Все категории,2024-09-01,2.9114742,alarm_without_verified_registry_event_not_proven_false_alarm
PageHinkley,3007,Прокопьевский,Продовольствие,2024-09-01,2.9098983,alarm_without_verified_registry_event_not_proven_false_alarm
PageHinkley,1996,Кушвинский,Все категории,2024-09-01,2.9073696,alarm_without_verified_registry_event_not_proven_false_alarm
PageHinkley,718,Таймырский Долгано-Ненецкий,Продовольствие,2024-09-01,2.906991,alarm_without_verified_registry_event_not_proven_false_alarm
PageHinkley,687,Бирилюсский,Продовольствие,2024-09-01,2.892978,alarm_without_verified_registry_event_not_proven_false_alarm
PageHinkley,569,Целинный,Продовольствие,2024-08-01,2.8919683,alarm_without_verified_registry_event_not_proven_false_alarm
PageHinkley,1352,Целинный,Все категории,2024-09-01,2.8907776,alarm_without_verified_registry_event_not_proven_false_alarm
PageHinkley,2010,Серовский,Продовольствие,2024-09-01,2.8860903,alarm_without_verified_registry_event_not_proven_false_alarm
PageHinkley,2131,Нелидовский,Продовольствие,2024-09-01,2.8856723,alarm_without_verified_registry_event_not_proven_false_alarm
PageHinkley,1883,Чапаевск,Продовольствие,2024-09-01,2.8756323,alarm_without_verified_registry_event_not_proven_false_alarm
PageHinkley,2021,Верхотурский,Продовольствие,2024-08-01,2.875415,alarm_without_verified_registry_event_not_proven_false_alarm
PageHinkley,1553,Городецкий,Продовольствие,2024-09-01,2.8753676,alarm_without_verified_registry_event_not_proven_false_alarm
PageHinkley,1703,Ташлинский,Все категории,2024-09-01,2.8744426,alarm_without_verified_registry_event_not_proven_false_alarm
PageHinkley,1189,Краснознаменский,Продовольствие,2024-10-01,2.8739269,alarm_without_verified_registry_event_not_proven_false_alarm
PageHinkley,1010,Михайловка,Продовольствие,2024-09-01,2.871209,alarm_without_verified_registry_event_not_proven_false_alarm
PageHinkley,574,Петровск-Забайкальский,Продовольствие,2024-09-01,2.8610446,alarm_without_verified_registry_event_not_proven_false_alarm
PageHinkley,70,Нуримановский,Продовольствие,2024-08-01,2.857529,alarm_without_verified_registry_event_not_proven_false_alarm
PageHinkley,787,Анучинский,Транспорт,2024-10-01,2.8552225,alarm_without_verified_registry_event_not_proven_false_alarm
PageHinkley,2317,Чесменский,Продовольствие,2024-09-01,2.8513896,alarm_without_verified_registry_event_not_proven_false_alarm
PageHinkley,1685,Грачёвский,Все категории,2024-07-01,2.8433523,alarm_without_verified_registry_event_not_proven_false_alarm
PageHinkley,3005,Арзамас,Продовольствие,2024-09-01,2.8409061,alarm_without_verified_registry_event_not_proven_false_alarm
PageHinkley,207,Костомукшский,Все категории,2024-09-01,2.8389223,alarm_without_verified_registry_event_not_proven_false_alarm
PageHinkley,276,Куженерский,Все категории,2024-08-01,2.8385844,alarm_without_verified_registry_event_not_proven_false_alarm
PageHinkley,211,Кондопожский,Продовольствие,2024-09-01,2.8380358,alarm_without_verified_registry_event_not_proven_false_alarm
PageHinkley,2299,Карталинский,Продовольствие,2024-09-01,2.8360226,alarm_without_verified_registry_event_not_proven_false_alarm
PageHinkley,2175,Воловский,Все категории,2024-09-01,2.834687,alarm_without_verified_registry_event_not_proven_false_alarm
PageHinkley,582,Каларский,Продовольствие,2024-10-01,2.832864,alarm_without_verified_registry_event_not_proven_false_alarm
PageHinkley,1706,Шарлыкский,Все категории,2024-09-01,2.8199813,alarm_without_verified_registry_event_not_proven_false_alarm
PageHinkley,699,Казачинский,Продовольствие,2024-09-01,2.8177373,alarm_without_verified_registry_event_not_proven_false_alarm
PageHinkley,1201,Барятинский,Продовольствие,2024-09-01,2.8174062,alarm_without_verified_registry_event_not_proven_false_alarm
PageHinkley,1107,Иваново,Продовольствие,2024-09-01,2.815958,alarm_without_verified_registry_event_not_proven_false_alarm
PageHinkley,1316,Красносельский,Продовольствие,2024-09-01,2.814493,alarm_without_verified_registry_event_not_proven_false_alarm
PageHinkley,1741,Вадинский,Общественное питание,2024-07-01,2.8121383,alarm_without_verified_registry_event_not_proven_false_alarm
PageHinkley,1270,Вятскополянский,Здоровье,2024-08-01,2.8118782,alarm_without_verified_registry_event_not_proven_false_alarm
PageHinkley,271,Козьмодемьянск,Продовольствие,2024-09-01,2.804477,alarm_without_verified_registry_event_not_proven_false_alarm
PageHinkley,1410,Липецк,Все категории,2024-07-01,2.803925,alarm_without_verified_registry_event_not_proven_false_alarm
PageHinkley,1977,Березовский,Продовольствие,2024-09-01,2.801367,alarm_without_verified_registry_event_not_proven_false_alarm
PageHinkley,2255,Барышский,Продовольствие,2024-09-01,2.7974641,alarm_without_verified_registry_event_not_proven_false_alarm
PageHinkley,1672,Новотроицк,Продовольствие,2024-09-01,2.794763,alarm_without_verified_registry_event_not_proven_false_alarm
PageHinkley,1557,Ковернинский,Продовольствие,2024-09-01,2.7939327,alarm_without_verified_registry_event_not_proven_false_alarm
PageHinkley,2443,Петровский,Продовольствие,2024-09-01,2.7826087,alarm_without_verified_registry_event_not_proven_false_alarm
PageHinkley,1527,Дзержинск,Продовольствие,2024-09-01,2.7807422,alarm_without_verified_registry_event_not_proven_false_alarm
PageHinkley,169,Прохладный,Продовольствие,2024-09-01,2.7769873,alarm_without_verified_registry_event_not_proven_false_alarm
PageHinkley,692,Дзержинский,Продовольствие,2024-09-01,2.7765,alarm_without_verified_registry_event_not_proven_false_alarm
PageHinkley,1766,Бежаницкий,Продовольствие,2024-09-01,2.7756765,alarm_without_verified_registry_event_not_proven_false_alarm
PageHinkley,1920,Балашовский,Продовольствие,2024-09-01,2.7752507,alarm_without_verified_registry_event_not_proven_false_alarm
PageHinkley,991,Александровский,Все категории,2024-09-01,2.7747157,alarm_without_verified_registry_event_not_proven_false_alarm
PageHinkley,383,Мензелинский,Продовольствие,2024-09-01,2.7736015,alarm_without_verified_registry_event_not_proven_false_alarm
PageHinkley,2089,Первомайский,Продовольствие,2024-08-01,2.767931,alarm_without_verified_registry_event_not_proven_false_alarm
PageHinkley,1392,Бокситогорский,Продовольствие,2024-09-01,2.7679255,alarm_without_verified_registry_event_not_proven_false_alarm
PageHinkley,2030,Пышминский,Продовольствие,2024-09-01,2.764856,alarm_without_verified_registry_event_not_proven_false_alarm
PageHinkley,542,Зональный,Общественное питание,2024-10-01,2.758045,alarm_without_verified_registry_event_not_proven_false_alarm
PageHinkley,800,Спасский,Продовольствие,2024-09-01,2.7508285,alarm_without_verified_registry_event_not_proven_false_alarm
PageHinkley,686,Березовский,Продовольствие,2024-10-01,2.7506912,alarm_without_verified_registry_event_not_proven_false_alarm
PageHinkley,43,Благоварский,Продовольствие,2024-09-01,2.7489386,alarm_without_verified_registry_event_not_proven_false_alarm
PageHinkley,1681,Асекеевский,Все категории,2024-07-01,2.7469268,alarm_without_verified_registry_event_not_proven_false_alarm
PageHinkley,712,Партизанский,Продовольствие,2024-09-01,2.7426739,alarm_without_verified_registry_event_not_proven_false_alarm
PageHinkley,525,Залесовский,Транспорт,2024-12-01,2.7376633,alarm_without_verified_registry_event_not_proven_false_alarm
PageHinkley,1583,Маловишерский,Продовольствие,2024-09-01,2.735886,alarm_without_verified_registry_event_not_proven_false_alarm
PageHinkley,2411,Зеленогорск,Продовольствие,2024-09-01,2.7344189,alarm_without_verified_registry_event_not_proven_false_alarm
PageHinkley,1626,Убинский,Все категории,2024-09-01,2.7329628,alarm_without_verified_registry_event_not_proven_false_alarm
PageHinkley,1536,Чкаловск,Продовольствие,2024-09-01,2.7286763,alarm_without_verified_registry_event_not_proven_false_alarm
PageHinkley,1732,Хотынецкий,Все категории,2024-08-01,2.7282898,alarm_without_verified_registry_event_not_proven_false_alarm
PageHinkley,1612,Коченевский,Продовольствие,2024-09-01,2.7239823,alarm_without_verified_registry_event_not_proven_false_alarm
PageHinkley,1693,Новосергиевский,Все категории,2024-09-01,2.7192404,alarm_without_verified_registry_event_not_proven_false_alarm
PageHinkley,2095,Сосновский,Продовольствие,2024-09-01,2.709908,alarm_without_verified_registry_event_not_proven_false_alarm
PageHinkley,1544,Вадский,Все категории,2024-09-01,2.707663,alarm_without_verified_registry_event_not_proven_false_alarm
PageHinkley,2281,Магнитогорский,Продовольствие,2024-09-01,2.7050529,alarm_without_verified_registry_event_not_proven_false_alarm
PageHinkley,1608,Искитимский,Продовольствие,2024-09-01,2.7050214,alarm_without_verified_registry_event_not_proven_false_alarm
PageHinkley,1783,Псковский,Продовольствие,2024-09-01,2.7027507,alarm_without_verified_registry_event_not_proven_false_alarm
PageHinkley,2179,Кимовский,Продовольствие,2024-09-01,2.700568,alarm_without_verified_registry_event_not_proven_false_alarm
PageHinkley,431,Игринский,Продовольствие,2024-09-01,2.7004833,alarm_without_verified_registry_event_not_proven_false_alarm
PageHinkley,988,Ковров,Продовольствие,2024-09-01,2.699394,alarm_without_verified_registry_event_not_proven_false_alarm
PageHinkley,739,Горнозаводский,Все категории,2024-09-01,2.6974618,alarm_without_verified_registry_event_not_proven_false_alarm
PageHinkley,369,Буинский,Продовольствие,2024-09-01,2.6971483,alarm_without_verified_registry_event_not_proven_false_alarm
PageHinkley,1356,Шумихинский,Продовольствие,2024-09-01,2.697089,alarm_without_verified_registry_event_not_proven_false_alarm
PageHinkley,432,Камбарский,Продовольствие,2024-09-01,2.6967769,alarm_without_verified_registry_event_not_proven_false_alarm
PageHinkley,598,Улётовский,Продовольствие,2024-09-01,2.6962507,alarm_without_verified_registry_event_not_proven_false_alarm
PageHinkley,1563,Павловский,Продовольствие,2024-09-01,2.6905248,alarm_without_verified_registry_event_not_proven_false_alarm
PageHinkley,904,Красноборский,Продовольствие,2024-09-01,2.6864326,alarm_without_verified_registry_event_not_proven_false_alarm
PageHinkley,1756,Никольский,Продовольствие,2024-10-01,2.6816432,alarm_without_verified_registry_event_not_proven_false_alarm
PageHinkley,583,Калганский,Все категории,2024-09-01,2.6813354,alarm_without_verified_registry_event_not_proven_false_alarm
PageHinkley,2371,Лахта-Ольгино,Продовольствие,2024-09-01,2.6795328,alarm_without_verified_registry_event_not_proven_false_alarm
PageHinkley,61,Кигинский,Все категории,2024-09-01,2.6775355,alarm_without_verified_registry_event_not_proven_false_alarm
PageHinkley,321,Горный,Все категории,2024-09-01,2.6740723,alarm_without_verified_registry_event_not_proven_false_alarm
PageHinkley,1323,Островский,Продовольствие,2024-08-01,2.6732614,alarm_without_verified_registry_event_not_proven_false_alarm
PageHinkley,1408,Тосненский,Продовольствие,2024-09-01,2.6694098,alarm_without_verified_registry_event_not_proven_false_alarm
PageHinkley,184,Лаганский,Все категории,2024-10-01,2.6683536,alarm_without_verified_registry_event_not_proven_false_alarm
PageHinkley,1702,Северный,Продовольствие,2024-09-01,2.667325,alarm_without_verified_registry_event_not_proven_false_alarm
PageHinkley,1559,Краснооктябрьский,Продовольствие,2024-08-01,2.6646109,alarm_without_verified_registry_event_not_proven_false_alarm
PageHinkley,425,Вавожский,Продовольствие,2024-09-01,2.6638968,alarm_without_verified_registry_event_not_proven_false_alarm
PageHinkley,1321,Нерехта и Нерехтский,Все категории,2024-08-01,2.6631243,alarm_without_verified_registry_event_not_proven_false_alarm
PageHinkley,792,Лазовский,Все категории,2024-08-01,2.6624265,alarm_without_verified_registry_event_not_proven_false_alarm
PageHinkley,69,Миякинский,Продовольствие,2024-09-01,2.6607752,alarm_without_verified_registry_event_not_proven_false_alarm
PageHinkley,364,Арский,Продовольствие,2024-09-01,2.6599483,alarm_without_verified_registry_event_not_proven_false_alarm
PageHinkley,2294,Брединский,Продовольствие,2024-09-01,2.658144,alarm_without_verified_registry_event_not_proven_false_alarm
PageHinkley,1305,Волгореченск,Продовольствие,2024-08-01,2.656777,alarm_without_verified_registry_event_not_proven_false_alarm
PageHinkley,554,Советский,Продовольствие,2024-08-01,2.6498022,alarm_without_verified_registry_event_not_proven_false_alarm
PageHinkley,1880,Похвистнево,Продовольствие,2024-09-01,2.6474643,alarm_without_verified_registry_event_not_proven_false_alarm
PageHinkley,1682,Беляевский,Продовольствие,2024-10-01,2.6437125,alarm_without_verified_registry_event_not_proven_false_alarm
PageHinkley,30,Абзелиловский,Продовольствие,2024-09-01,2.643091,alarm_without_verified_registry_event_not_proven_false_alarm
PageHinkley,1703,Ташлинский,Продовольствие,2024-09-01,2.6426404,alarm_without_verified_registry_event_not_proven_false_alarm
PageHinkley,354,Казань,Продовольствие,2024-09-01,2.6424923,alarm_without_verified_registry_event_not_proven_false_alarm
PageHinkley,991,Александровский,Продовольствие,2024-09-01,2.6422992,alarm_without_verified_registry_event_not_proven_false_alarm
PageHinkley,2387,Дачное,Продовольствие,2024-09-01,2.6409159,alarm_without_verified_registry_event_not_proven_false_alarm
PageHinkley,878,Магдагачинский,Продовольствие,2024-10-01,2.638449,alarm_without_verified_registry_event_not_proven_false_alarm
PageHinkley,1927,Ершовский,Продовольствие,2024-09-01,2.634705,alarm_without_verified_registry_event_not_proven_false_alarm
PageHinkley,2320,Рыбинск,Все категории,2024-09-01,2.6332047,alarm_without_verified_registry_event_not_proven_false_alarm
PageHinkley,80,Чекмагушевский,Продовольствие,2024-08-01,2.6304233,alarm_without_verified_registry_event_not_proven_false_alarm
PageHinkley,1976,Рефтинский,Все категории,2024-09-01,2.63039,alarm_without_verified_registry_event_not_proven_false_alarm
PageHinkley,423,Алнашский,Продовольствие,2024-08-01,2.6289463,alarm_without_verified_registry_event_not_proven_false_alarm
PageHinkley,1540,Богородский,Продовольствие,2024-09-01,2.6280723,alarm_without_verified_registry_event_not_proven_false_alarm
PageHinkley,2457,№ 78,Продовольствие,2024-09-01,2.6247408,alarm_without_verified_registry_event_not_proven_false_alarm
PageHinkley,1993,Краснотурьинск,Продовольствие,2024-09-01,2.6213028,alarm_without_verified_registry_event_not_proven_false_alarm
PageHinkley,2063,Смоленский,Продовольствие,2024-09-01,2.6204004,alarm_without_verified_registry_event_not_proven_false_alarm
PageHinkley,2180,Киреевский,Продовольствие,2024-09-01,2.6188085,alarm_without_verified_registry_event_not_proven_false_alarm
PageHinkley,871,Белогорский,Все категории,2024-07-01,2.6083028,alarm_without_verified_registry_event_not_proven_false_alarm
PageHinkley,2428,Невская застава,Продовольствие,2024-09-01,2.6071496,alarm_without_verified_registry_event_not_proven_false_alarm
PageHinkley,2363,Парголово,Продовольствие,2024-09-01,2.6061893,alarm_without_verified_registry_event_not_proven_false_alarm
PageHinkley,273,Горномарийский,Продовольствие,2024-09-01,2.602932,alarm_without_verified_registry_event_not_proven_false_alarm
PageHinkley,2444,Чкаловское,Продовольствие,2024-09-01,2.6008403,alarm_without_verified_registry_event_not_proven_false_alarm
PageHinkley,1984,Пелым,Все категории,2024-09-01,2.6000776,alarm_without_verified_registry_event_not_proven_false_alarm
PageHinkley,456,Боградский,Продовольствие,2024-08-01,2.5989077,alarm_without_verified_registry_event_not_proven_false_alarm
PageHinkley,1665,Оренбург,Продовольствие,2024-09-01,2.5985081,alarm_without_verified_registry_event_not_proven_false_alarm
PageHinkley,2168,Ефремов,Продовольствие,2024-09-01,2.598456,alarm_without_verified_registry_event_not_proven_false_alarm
PageHinkley,1887,Большеглушицкий,Все категории,2024-09-01,2.5952263,alarm_without_verified_registry_event_not_proven_false_alarm
PageHinkley,1933,Лысогорский,Маркетплейсы,2024-07-01,2.5946777,alarm_without_verified_registry_event_not_proven_false_alarm
PageHinkley,1852,Касимовский,Продовольствие,2024-09-01,2.5935614,alarm_without_verified_registry_event_not_proven_false_alarm
PageHinkley,458,Таштыпский,Продовольствие,2024-09-01,2.5919282,alarm_without_verified_registry_event_not_proven_false_alarm
PageHinkley,1787,Себежский,Продовольствие,2024-09-01,2.5907886,alarm_without_verified_registry_event_not_proven_false_alarm
PageHinkley,27,Салават,Все категории,2024-08-01,2.5906806,alarm_without_verified_registry_event_not_proven_false_alarm
PageHinkley,493,Мариинско-Посадский,Все категории,2024-09-01,2.5897582,alarm_without_verified_registry_event_not_proven_false_alarm
PageHinkley,2644,Серпухов,Продовольствие,2024-09-01,2.5873127,alarm_without_verified_registry_event_not_proven_false_alarm
PageHinkley,1744,Иссинский,Продовольствие,2024-10-01,2.587106,alarm_without_verified_registry_event_not_proven_false_alarm
PageHinkley,600,Чернышевский,Продовольствие,2024-09-01,2.5860066,alarm_without_verified_registry_event_not_proven_false_alarm
PageHinkley,2354,Семеновский,Продовольствие,2024-09-01,2.5845466,alarm_without_verified_registry_event_not_proven_false_alarm
PageHinkley,288,Атюрьевский,Все категории,2024-08-01,2.5830712,alarm_without_verified_registry_event_not_proven_false_alarm
PageHinkley,2270,Сурский,Продовольствие,2024-10-01,2.5821059,alarm_without_verified_registry_event_not_proven_false_alarm
PageHinkley,391,Сармановский,Продовольствие,2024-10-01,2.5820792,alarm_without_verified_registry_event_not_proven_false_alarm
PageHinkley,357,Азнакаевский,Все категории,2024-09-01,2.5820572,alarm_without_verified_registry_event_not_proven_false_alarm
PageHinkley,1125,Приволжский,Продовольствие,2024-09-01,2.5812688,alarm_without_verified_registry_event_not_proven_false_alarm
PageHinkley,2133,Пеновский,Продовольствие,2024-08-01,2.5788615,alarm_without_verified_registry_event_not_proven_false_alarm
PageHinkley,416,Чеди-Хольский,Продовольствие,2024-09-01,2.5777297,alarm_without_verified_registry_event_not_proven_false_alarm
PageHinkley,912,Приморский,Продовольствие,2024-10-01,2.5745268,alarm_without_verified_registry_event_not_proven_false_alarm
PageHinkley,1718,Краснозоренский,Здоровье,2024-08-01,2.5744843,alarm_without_verified_registry_event_not_proven_false_alarm
PageHinkley,832,Кочубеевский,Все категории,2024-07-01,2.5740619,alarm_without_verified_registry_event_not_proven_false_alarm
PageHinkley,390,Сабинский,Продовольствие,2024-09-01,2.573485,alarm_without_verified_registry_event_not_proven_false_alarm
PageHinkley,2409,Горелово,Продовольствие,2024-09-01,2.572996,alarm_without_verified_registry_event_not_proven_false_alarm
PageHinkley,1659,Тарский,Продовольствие,2024-09-01,2.5688062,alarm_without_verified_registry_event_not_proven_false_alarm
PageHinkley,453,Алтайский,Все категории,2024-09-01,2.5683744,alarm_without_verified_registry_event_not_proven_false_alarm
PageHinkley,2112,Бельский,Продовольствие,2024-08-01,2.5682435,alarm_without_verified_registry_event_not_proven_false_alarm
PageHinkley,2037,Шалинский,Продовольствие,2024-09-01,2.567448,alarm_without_verified_registry_event_not_proven_false_alarm
PageHinkley,2066,Угранский,Продовольствие,2024-11-01,2.565284,alarm_without_verified_registry_event_not_proven_false_alarm
PageHinkley,835,Левокумский,Продовольствие,2024-09-01,2.5641322,alarm_without_verified_registry_event_not_proven_false_alarm
PageHinkley,2334,Рыбинский,Транспорт,2024-09-01,2.5638006,alarm_without_verified_registry_event_not_proven_false_alarm
PageHinkley,2390,Красненькая речка,Продовольствие,2024-09-01,2.5637884,alarm_without_verified_registry_event_not_proven_false_alarm
PageHinkley,1128,Савинский,Продовольствие,2024-12-01,2.5586214,alarm_without_verified_registry_event_not_proven_false_alarm
PageHinkley,72,Стерлибашевский,Продовольствие,2024-09-01,2.5547366,alarm_without_verified_registry_event_not_proven_false_alarm
PageHinkley,1048,Бабушкинский,Продовольствие,2024-08-01,2.550315,alarm_without_verified_registry_event_not_proven_false_alarm
PageHinkley,790,Кировский,Все категории,2024-07-01,2.549822,alarm_without_verified_registry_event_not_proven_false_alarm
PageHinkley,1781,Плюсский,Продовольствие,2024-08-01,2.548702,alarm_without_verified_registry_event_not_proven_false_alarm
PageHinkley,440,Сарапульский,Продовольствие,2024-10-01,2.5445273,alarm_without_verified_registry_event_not_proven_false_alarm
PageHinkley,2174,Веневский,Продовольствие,2024-09-01,2.5433245,alarm_without_verified_registry_event_not_proven_false_alarm
PageHinkley,2326,Любимский,Здоровье,2024-08-01,2.541951,alarm_without_verified_registry_event_not_proven_false_alarm
PageHinkley,791,Красноармейский,Продовольствие,2024-11-01,2.5412333,alarm_without_verified_registry_event_not_proven_false_alarm
PageHinkley,1687,Илекский,Продовольствие,2024-09-01,2.5405645,alarm_without_verified_registry_event_not_proven_false_alarm
PageHinkley,2116,Жарковский,Общественное питание,2024-07-01,2.538794,alarm_without_verified_registry_event_not_proven_false_alarm
PageHinkley,1409,Сосновоборский,Продовольствие,2024-09-01,2.538406,alarm_without_verified_registry_event_not_proven_false_alarm
PageHinkley,999,Меленковский,Продовольствие,2024-09-01,2.53823,alarm_without_verified_registry_event_not_proven_false_alarm
PageHinkley,1669,Гайский,Продовольствие,2024-09-01,2.537878,alarm_without_verified_registry_event_not_proven_false_alarm
PageHinkley,269,Йошкар-Ола,Все категории,2024-09-01,2.5350533,alarm_without_verified_registry_event_not_proven_false_alarm
PageHinkley,2178,Каменский,Продовольствие,2024-11-01,2.5346146,alarm_without_verified_registry_event_not_proven_false_alarm
PageHinkley,195,Карачаевский,Продовольствие,2024-09-01,2.5340002,alarm_without_verified_registry_event_not_proven_false_alarm
PageHinkley,496,Урмарский,Продовольствие,2024-09-01,2.5319724,alarm_without_verified_registry_event_not_proven_false_alarm
PageHinkley,901,Каргопольский,Продовольствие,2024-10-01,2.5306585,alarm_without_verified_registry_event_not_proven_false_alarm
PageHinkley,1520,Ловозерский,Продовольствие,2024-10-01,2.5285525,alarm_without_verified_registry_event_not_proven_false_alarm
PageHinkley,1939,Петровский,Продовольствие,2024-09-01,2.5279584,alarm_without_verified_registry_event_not_proven_false_alarm
PageHinkley,2460,Лиговка-Ямская,Продовольствие,2024-08-01,2.5278876,alarm_without_verified_registry_event_not_proven_false_alarm
PageHinkley,2080,Жердевский,Все категории,2024-09-01,2.5277336,alarm_without_verified_registry_event_not_proven_false_alarm
PageHinkley,1895,Кинель-Черкасский,Продовольствие,2024-09-01,2.5272796,alarm_without_verified_registry_event_not_proven_false_alarm
PageHinkley,1670,Кувандыкский,Продовольствие,2024-08-01,2.5250196,alarm_without_verified_registry_event_not_proven_false_alarm
PageHinkley,1427,Усманский,Продовольствие,2024-09-01,2.5227985,alarm_without_verified_registry_event_not_proven_false_alarm
PageHinkley,2405,Южно-Приморский,Продовольствие,2024-09-01,2.5140967,alarm_without_verified_registry_event_not_proven_false_alarm
PageHinkley,1147,Жигаловский,Продовольствие,2024-11-01,2.5104017,alarm_without_verified_registry_event_not_proven_false_alarm
PageHinkley,2169,Новомосковск,Продовольствие,2024-09-01,2.5080752,alarm_without_verified_registry_event_not_proven_false_alarm
PageHinkley,553,Суетский,Все категории,2024-10-01,2.5078259,alarm_without_verified_registry_event_not_proven_false_alarm
PageHinkley,721,Тюхтетский,Продовольствие,2024-09-01,2.5039203,alarm_without_verified_registry_event_not_proven_false_alarm
PageHinkley,1528,Кулебаки,Продовольствие,2024-09-01,2.502356,alarm_without_verified_registry_event_not_proven_false_alarm
PageHinkley,2597,Марушкинское,Продовольствие,2024-09-01,2.4985228,alarm_without_verified_registry_event_not_proven_false_alarm
PageHinkley,1610,Каргатский,Продовольствие,2024-09-01,2.4985127,alarm_without_verified_registry_event_not_proven_false_alarm
PageHinkley,1463,Луховицы,Продовольствие,2024-09-01,2.4964738,alarm_without_verified_registry_event_not_proven_false_alarm
PageHinkley,386,Новошешминский,Продовольствие,2024-09-01,2.49521,alarm_without_verified_registry_event_not_proven_false_alarm
PageHinkley,2434,Невский,Продовольствие,2024-09-01,2.4951878,alarm_without_verified_registry_event_not_proven_false_alarm
PageHinkley,1270,Вятскополянский,Продовольствие,2024-10-01,2.48947,alarm_without_verified_registry_event_not_proven_false_alarm
PageHinkley,1846,Касимов,Продовольствие,2024-09-01,2.4872582,alarm_without_verified_registry_event_not_proven_false_alarm
PageHinkley,54,Зилаирский,Продовольствие,2024-09-01,2.487043,alarm_without_verified_registry_event_not_proven_false_alarm
PageHinkley,1681,Асекеевский,Здоровье,2024-07-01,2.4870017,alarm_without_verified_registry_event_not_proven_false_alarm
PageHinkley,1292,Свечинский,Продовольствие,2024-09-01,2.4844747,alarm_without_verified_registry_event_not_proven_false_alarm
PageHinkley,1876,Кинель,Продовольствие,2024-09-01,2.4844098,alarm_without_verified_registry_event_not_proven_false_alarm
PageHinkley,2710,Вышневолоцкий,Продовольствие,2024-09-01,2.4838948,alarm_without_verified_registry_event_not_proven_false_alarm
PageHinkley,1398,Кингисеппский,Продовольствие,2024-09-01,2.4832346,alarm_without_verified_registry_event_not_proven_false_alarm
PageHinkley,2155,Колпашевский,Продовольствие,2024-09-01,2.4815764,alarm_without_verified_registry_event_not_proven_false_alarm
PageHinkley,2465,Восточный,Продовольствие,2024-08-01,2.4784164,alarm_without_verified_registry_event_not_proven_false_alarm
PageHinkley,1396,Выборгский,Продовольствие,2024-09-01,2.4778783,alarm_without_verified_registry_event_not_proven_false_alarm
PageHinkley,1290,Подосиновский,Маркетплейсы,2024-07-01,2.477647,alarm_without_verified_registry_event_not_proven_false_alarm
PageHinkley,881,Октябрьский,Продовольствие,2024-09-01,2.4772573,alarm_without_verified_registry_event_not_proven_false_alarm
PageHinkley,844,Амурский,Все категории,2024-09-01,2.47633,alarm_without_verified_registry_event_not_proven_false_alarm
PageHinkley,2269,Старомайнский,Продовольствие,2024-08-01,2.4740999,alarm_without_verified_registry_event_not_proven_false_alarm
PageHinkley,451,Сорск,Продовольствие,2024-09-01,2.470123,alarm_without_verified_registry_event_not_proven_false_alarm
PageHinkley,1739,Белинский,Продовольствие,2024-09-01,2.4671476,alarm_without_verified_registry_event_not_proven_false_alarm
PageHinkley,613,Мильковский,Продовольствие,2024-09-01,2.4607544,alarm_without_verified_registry_event_not_proven_false_alarm
PageHinkley,993,Гороховецкий,Продовольствие,2024-09-01,2.4534743,alarm_without_verified_registry_event_not_proven_false_alarm
PageHinkley,1449,Зарайск,Продовольствие,2024-08-01,2.4515383,alarm_without_verified_registry_event_not_proven_false_alarm
PageHinkley,1251,Тисульский,Продовольствие,2024-09-01,2.45141,alarm_without_verified_registry_event_not_proven_false_alarm
PageHinkley,1994,Красноуральск,Продовольствие,2024-09-01,2.4493933,alarm_without_verified_registry_event_not_proven_false_alarm
PageHinkley,2813,Шатура,Продовольствие,2024-09-01,2.446592,alarm_without_verified_registry_event_not_proven_false_alarm
PageHinkley,1116,Заволжский,Все категории,2024-09-01,2.4453473,alarm_without_verified_registry_event_not_proven_false_alarm
PageHinkley,1352,Целинный,Продовольствие,2024-08-01,2.4448202,alarm_without_verified_registry_event_not_proven_false_alarm
PageHinkley,1041,Суровикинский,Продовольствие,2024-10-01,2.4443839,alarm_without_verified_registry_event_not_proven_false_alarm
PageHinkley,167,Нальчик,Продовольствие,2024-09-01,2.4397612,alarm_without_verified_registry_event_not_proven_false_alarm
PageHinkley,1399,Киришский,Продовольствие,2024-09-01,2.432744,alarm_without_verified_registry_event_not_proven_false_alarm
PageHinkley,1581,Крестецкий,Все категории,2024-09-01,2.432666,alarm_without_verified_registry_event_not_proven_false_alarm
PageHinkley,237,Сыктывдинский,Продовольствие,2024-10-01,2.4313383,alarm_without_verified_registry_event_not_proven_false_alarm
PageHinkley,905,Ленский,Продовольствие,2024-10-01,2.4292202,alarm_without_verified_registry_event_not_proven_false_alarm
PageHinkley,2150,Бакчарский,Маркетплейсы,2024-07-01,2.426681,alarm_without_verified_registry_event_not_proven_false_alarm
PageHinkley,2352,Сенной,Продовольствие,2024-09-01,2.4265344,alarm_without_verified_registry_event_not_proven_false_alarm
PageHinkley,1425,Становлянский,Транспорт,2024-07-01,2.4244554,alarm_without_verified_registry_event_not_proven_false_alarm
PageHinkley,490,Комсомольский,Продовольствие,2024-09-01,2.4243217,alarm_without_verified_registry_event_not_proven_false_alarm
PageHinkley,1999,Невьянский,Продовольствие,2024-09-01,2.42419,alarm_without_verified_registry_event_not_proven_false_alarm
PageHinkley,844,Амурский,Продовольствие,2024-10-01,2.4215496,alarm_without_verified_registry_event_not_proven_false_alarm
PageHinkley,2423,Московская застава,Продовольствие,2024-09-01,2.4199584,alarm_without_verified_registry_event_not_proven_false_alarm
PageHinkley,2591,Вороновское,Продовольствие,2024-09-01,2.4179897,alarm_without_verified_registry_event_not_proven_false_alarm
PageHinkley,1438,Ягоднинский,Продовольствие,2024-09-01,2.4168396,alarm_without_verified_registry_event_not_proven_false_alarm
PageHinkley,1492,Клин,Продовольствие,2024-09-01,2.4164896,alarm_without_verified_registry_event_not_proven_false_alarm
PageHinkley,2388,Автово,Продовольствие,2024-09-01,2.4135978,alarm_without_verified_registry_event_not_proven_false_alarm
PageHinkley,447,Ярский,Продовольствие,2024-09-01,2.4105713,alarm_without_verified_registry_event_not_proven_false_alarm
PageHinkley,2187,Чернский,Продовольствие,2024-09-01,2.4080024,alarm_without_verified_registry_event_not_proven_false_alarm
PageHinkley,2164,Тула,Продовольствие,2024-09-01,2.4074795,alarm_without_verified_registry_event_not_proven_false_alarm
PageHinkley,1304,Буй,Продовольствие,2024-10-01,2.404231,alarm_without_verified_registry_event_not_proven_false_alarm
PageHinkley,2062,Сафоновский,Продовольствие,2024-09-01,2.4018104,alarm_without_verified_registry_event_not_proven_false_alarm
PageHinkley,1410,Липецк,Продовольствие,2024-09-01,2.396271,alarm_without_verified_registry_event_not_proven_false_alarm
PageHinkley,1529,Навашинский,Продовольствие,2024-09-01,2.3955224,alarm_without_verified_registry_event_not_proven_false_alarm
PageHinkley,1558,Краснобаковский,Продовольствие,2024-08-01,2.3941813,alarm_without_verified_registry_event_not_proven_false_alarm
PageHinkley,424,Балезинский,Продовольствие,2024-08-01,2.3934622,alarm_without_verified_registry_event_not_proven_false_alarm
PageHinkley,1937,Озинский,Продовольствие,2024-10-01,2.3932192,alarm_without_verified_registry_event_not_proven_false_alarm
PageHinkley,559,Тальменский,Продовольствие,2024-09-01,2.393031,alarm_without_verified_registry_event_not_proven_false_alarm
PageHinkley,1545,Варнавинский,Продовольствие,2024-09-01,2.38995,alarm_without_verified_registry_event_not_proven_false_alarm
PageHinkley,2407,Урицк,Продовольствие,2024-09-01,2.385633,alarm_without_verified_registry_event_not_proven_false_alarm
PageHinkley,2256,Вешкаймский,Продовольствие,2024-09-01,2.3845851,alarm_without_verified_registry_event_not_proven_false_alarm
PageHinkley,1315,Костромской,Продовольствие,2024-10-01,2.3831525,alarm_without_verified_registry_event_not_proven_false_alarm
PageHinkley,2392,Колпино,Продовольствие,2024-09-01,2.3825667,alarm_without_verified_registry_event_not_proven_false_alarm
PageHinkley,2186,Узловский,Продовольствие,2024-09-01,2.3818548,alarm_without_verified_registry_event_not_proven_false_alarm
PageHinkley,1344,Лебяжьевский,Продовольствие,2024-09-01,2.3807864,alarm_without_verified_registry_event_not_proven_false_alarm
PageHinkley,2150,Бакчарский,Продовольствие,2024-09-01,2.3770823,alarm_without_verified_registry_event_not_proven_false_alarm
PageHinkley,1415,Добринский,Продовольствие,2024-09-01,2.367894,alarm_without_verified_registry_event_not_proven_false_alarm
PageHinkley,2120,Калязинский,Продовольствие,2024-09-01,2.3672638,alarm_without_verified_registry_event_not_proven_false_alarm
PageHinkley,1596,Шимский,Продовольствие,2024-09-01,2.3668497,alarm_without_verified_registry_event_not_proven_false_alarm
PageHinkley,2424,Гагаринское,Продовольствие,2024-09-01,2.366167,alarm_without_verified_registry_event_not_proven_false_alarm
PageHinkley,1053,Вожегодский,Все категории,2024-08-01,2.363308,alarm_without_verified_registry_event_not_proven_false_alarm
PageHinkley,2272,Ульяновский,Все категории,2024-09-01,2.3616767,alarm_without_verified_registry_event_not_proven_false_alarm
PageHinkley,1572,Уренский,Продовольствие,2024-09-01,2.3610783,alarm_without_verified_registry_event_not_proven_false_alarm
PageHinkley,2343,Смидовичский,Продовольствие,2024-10-01,2.3601146,alarm_without_verified_registry_event_not_proven_false_alarm
PageHinkley,390,Сабинский,Все категории,2024-09-01,2.3597915,alarm_without_verified_registry_event_not_proven_false_alarm
PageHinkley,1909,Шенталинский,Все категории,2024-08-01,2.3558981,alarm_without_verified_registry_event_not_proven_false_alarm
PageHinkley,2265,Павловский,Продовольствие,2024-10-01,2.3540103,alarm_without_verified_registry_event_not_proven_false_alarm
PageHinkley,1163,Усольский,Все категории,2024-08-01,2.3509245,alarm_without_verified_registry_event_not_proven_false_alarm
PageHinkley,2422,Ломоносов,Продовольствие,2024-09-01,2.349363,alarm_without_verified_registry_event_not_proven_false_alarm
PageHinkley,2385,Княжево,Продовольствие,2024-09-01,2.3439705,alarm_without_verified_registry_event_not_proven_false_alarm
PageHinkley,283,Сернурский,Продовольствие,2024-10-01,2.3435616,alarm_without_verified_registry_event_not_proven_false_alarm
PageHinkley,2618,Мантуровский,Продовольствие,2024-09-01,2.3406434,alarm_without_verified_registry_event_not_proven_false_alarm
PageHinkley,1894,Кинельский,Продовольствие,2024-08-01,2.3382661,alarm_without_verified_registry_event_not_proven_false_alarm
PageHinkley,1637,Знаменский,Все категории,2024-09-01,2.3368845,alarm_without_verified_registry_event_not_proven_false_alarm
PageHinkley,2590,Воскресенское,Продовольствие,2024-09-01,2.3346841,alarm_without_verified_registry_event_not_proven_false_alarm
PageHinkley,1700,Саракташский,Продовольствие,2024-09-01,2.3328943,alarm_without_verified_registry_event_not_proven_false_alarm
PageHinkley,1397,Гатчинский,Продовольствие,2024-09-01,2.3313115,alarm_without_verified_registry_event_not_proven_false_alarm
PageHinkley,548,Ребрихинский,Все категории,2024-11-01,2.3312936,alarm_without_verified_registry_event_not_proven_false_alarm
PageHinkley,1496,Богородский,Продовольствие,2024-09-01,2.3312483,alarm_without_verified_registry_event_not_proven_false_alarm
PageHinkley,2602,Первомайское,Продовольствие,2024-09-01,2.3302565,alarm_without_verified_registry_event_not_proven_false_alarm
PageHinkley,1276,Котельничский,Продовольствие,2024-11-01,2.328514,alarm_without_verified_registry_event_not_proven_false_alarm
PageHinkley,746,Кишертский,Маркетплейсы,2024-07-01,2.3282852,alarm_without_verified_registry_event_not_proven_false_alarm
PageHinkley,669,Бородино,Продовольствие,2024-10-01,2.327952,alarm_without_verified_registry_event_not_proven_false_alarm
PageHinkley,363,Апастовский,Продовольствие,2024-09-01,2.325645,alarm_without_verified_registry_event_not_proven_false_alarm
PageHinkley,1480,Ступино,Продовольствие,2024-09-01,2.3248036,alarm_without_verified_registry_event_not_proven_false_alarm
PageHinkley,801,Тернейский,Продовольствие,2024-11-01,2.323764,alarm_without_verified_registry_event_not_proven_false_alarm
PageHinkley,2375,Озеро Долгое,Продовольствие,2024-09-01,2.3195455,alarm_without_verified_registry_event_not_proven_false_alarm
PageHinkley,795,Октябрьский,Продовольствие,2024-09-01,2.3190746,alarm_without_verified_registry_event_not_proven_false_alarm
PageHinkley,1523,Нижний Новгород,Продовольствие,2024-09-01,2.3177993,alarm_without_verified_registry_event_not_proven_false_alarm
PageHinkley,2652,Орехово-Зуевский,Продовольствие,2024-09-01,2.317044,alarm_without_verified_registry_event_not_proven_false_alarm
PageHinkley,53,Зианчуринский,Продовольствие,2024-10-01,2.3157198,alarm_without_verified_registry_event_not_proven_false_alarm
PageHinkley,1447,Егорьевск,Продовольствие,2024-09-01,2.3123693,alarm_without_verified_registry_event_not_proven_false_alarm
PageHinkley,1453,Истра,Продовольствие,2024-09-01,2.3110447,alarm_without_verified_registry_event_not_proven_false_alarm
PageHinkley,794,Надеждинский,Продовольствие,2024-12-01,2.3088276,alarm_without_verified_registry_event_not_proven_false_alarm
PageHinkley,2145,Кедровый,Транспорт,2024-07-01,2.3080325,alarm_without_verified_registry_event_not_proven_false_alarm
PageHinkley,1266,Белохолуницкий,Продовольствие,2024-08-01,2.307707,alarm_without_verified_registry_event_not_proven_false_alarm
PageHinkley,2032,Сысертский,Продовольствие,2024-09-01,2.305937,alarm_without_verified_registry_event_not_proven_false_alarm
PageHinkley,1430,Магадан,Продовольствие,2024-09-01,2.3042111,alarm_without_verified_registry_event_not_proven_false_alarm
PageHinkley,706,Манский,Все категории,2024-09-01,2.3024602,alarm_without_verified_registry_event_not_proven_false_alarm
PageHinkley,74,Татышлинский,Продовольствие,2024-09-01,2.3015506,alarm_without_verified_registry_event_not_proven_false_alarm
PageHinkley,797,Партизанский,Продовольствие,2024-10-01,2.299863,alarm_without_verified_registry_event_not_proven_false_alarm
PageHinkley,275,Килемарский,Все категории,2024-08-01,2.2992334,alarm_without_verified_registry_event_not_proven_false_alarm
PageHinkley,1310,Буйский,Продовольствие,2024-11-01,2.294774,alarm_without_verified_registry_event_not_proven_false_alarm
PageHinkley,1933,Лысогорский,Продовольствие,2024-09-01,2.2943866,alarm_without_verified_registry_event_not_proven_false_alarm
PageHinkley,2454,№ 75,Продовольствие,2024-09-01,2.2929633,alarm_without_verified_registry_event_not_proven_false_alarm
PageHinkley,2814,Пушкинский,Продовольствие,2024-09-01,2.290264,alarm_without_verified_registry_event_not_proven_false_alarm
PageHinkley,2651,Одинцовский,Продовольствие,2024-09-01,2.2893672,alarm_without_verified_registry_event_not_proven_false_alarm
PageHinkley,704,Краснотуранский,Продовольствие,2024-08-01,2.2887754,alarm_without_verified_registry_event_not_proven_false_alarm
PageHinkley,1178,Мамоновский,Продовольствие,2024-11-01,2.2886574,alarm_without_verified_registry_event_not_proven_false_alarm
PageHinkley,1780,Печорский,Продовольствие,2024-08-01,2.2782292,alarm_without_verified_registry_event_not_proven_false_alarm
PageHinkley,2398,Полюстрово,Продовольствие,2024-09-01,2.277395,alarm_without_verified_registry_event_not_proven_false_alarm
PageHinkley,2044,Смоленск,Продовольствие,2024-09-01,2.2756221,alarm_without_verified_registry_event_not_proven_false_alarm
PageHinkley,279,Моркинский,Продовольствие,2024-10-01,2.2740984,alarm_without_verified_registry_event_not_proven_false_alarm
PageHinkley,754,Осинский,Продовольствие,2024-10-01,2.2740707,alarm_without_verified_registry_event_not_proven_false_alarm
PageHinkley,1112,Шуя,Продовольствие,2024-09-01,2.273501,alarm_without_verified_registry_event_not_proven_false_alarm
PageHinkley,1281,Мурашинский,Продовольствие,2024-09-01,2.2723222,alarm_without_verified_registry_event_not_proven_false_alarm
PageHinkley,2587,Троицк,Продовольствие,2024-09-01,2.268033,alarm_without_verified_registry_event_not_proven_false_alarm
PageHinkley,365,Атнинский,Продовольствие,2024-09-01,2.2632234,alarm_without_verified_registry_event_not_proven_false_alarm
PageHinkley,438,Малопургинский,Продовольствие,2024-09-01,2.2602167,alarm_without_verified_registry_event_not_proven_false_alarm
PageHinkley,558,Табунский,Транспорт,2024-09-01,2.2566833,alarm_without_verified_registry_event_not_proven_false_alarm
PageHinkley,455,Бейский,Все категории,2024-09-01,2.2551413,alarm_without_verified_registry_event_not_proven_false_alarm
PageHinkley,366,Бавлинский,Продовольствие,2024-09-01,2.2548463,alarm_without_verified_registry_event_not_proven_false_alarm
PageHinkley,1646,Муромцевский,Продовольствие,2024-09-01,2.2541852,alarm_without_verified_registry_event_not_proven_false_alarm
PageHinkley,745,Кизел,Продовольствие,2024-10-01,2.25346,alarm_without_verified_registry_event_not_proven_false_alarm
PageHinkley,1111,Тейково,Продовольствие,2024-09-01,2.249918,alarm_without_verified_registry_event_not_proven_false_alarm
PageHinkley,281,Оршанский,Все категории,2024-07-01,2.2460887,alarm_without_verified_registry_event_not_proven_false_alarm
PageHinkley,914,Холмогорский,Здоровье,2024-08-01,2.242081,alarm_without_verified_registry_event_not_proven_false_alarm
PageHinkley,1733,Шаблыкинский,Продовольствие,2024-11-01,2.2419999,alarm_without_verified_registry_event_not_proven_false_alarm
PageHinkley,1490,Воскресенск,Продовольствие,2024-09-01,2.2408013,alarm_without_verified_registry_event_not_proven_false_alarm
PageHinkley,2108,Торжок,Продовольствие,2024-09-01,2.2403395,alarm_without_verified_registry_event_not_proven_false_alarm
PageHinkley,2330,Первомайский,Все категории,2024-07-01,2.2375965,alarm_without_verified_registry_event_not_proven_false_alarm
PageHinkley,451,Сорск,Все категории,2024-07-01,2.237559,alarm_without_verified_registry_event_not_proven_false_alarm
PageHinkley,2450,Волковское,Продовольствие,2024-09-01,2.2361724,alarm_without_verified_registry_event_not_proven_false_alarm
PageHinkley,2369,Шувалово-Озерки,Продовольствие,2024-09-01,2.2335718,alarm_without_verified_registry_event_not_proven_false_alarm
PageHinkley,2408,Константиновское,Продовольствие,2024-09-01,2.2307258,alarm_without_verified_registry_event_not_proven_false_alarm
PageHinkley,1126,Пучежский,Продовольствие,2024-09-01,2.2302449,alarm_without_verified_registry_event_not_proven_false_alarm
PageHinkley,2437,Павловск,Продовольствие,2024-09-01,2.2302299,alarm_without_verified_registry_event_not_proven_false_alarm
PageHinkley,2357,№ 7,Продовольствие,2024-09-01,2.230181,alarm_without_verified_registry_event_not_proven_false_alarm
PageHinkley,1724,Новодеревеньковский,Продовольствие,2024-09-01,2.229786,alarm_without_verified_registry_event_not_proven_false_alarm
PageHinkley,1419,Задонский,Все категории,2024-09-01,2.2272873,alarm_without_verified_registry_event_not_proven_false_alarm
PageHinkley,1198,Калуга,Продовольствие,2024-09-01,2.2268116,alarm_without_verified_registry_event_not_proven_false_alarm
PageHinkley,2101,Тверь,Продовольствие,2024-09-01,2.2251465,alarm_without_verified_registry_event_not_proven_false_alarm
PageHinkley,2081,Знаменский,Все категории,2024-08-01,2.2248693,alarm_without_verified_registry_event_not_proven_false_alarm
PageHinkley,2426,Пулковский меридиан,Продовольствие,2024-09-01,2.2248197,alarm_without_verified_registry_event_not_proven_false_alarm
PageHinkley,2808,Коломна,Продовольствие,2024-09-01,2.2245607,alarm_without_verified_registry_event_not_proven_false_alarm
PageHinkley,479,Алатырь,Все категории,2024-09-01,2.2223053,alarm_without_verified_registry_event_not_proven_false_alarm
PageHinkley,204,Усть-Джегутинский,Продовольствие,2024-09-01,2.2209039,alarm_without_verified_registry_event_not_proven_false_alarm
PageHinkley,2372,№ 65,Продовольствие,2024-09-01,2.220815,alarm_without_verified_registry_event_not_proven_false_alarm
PageHinkley,69,Миякинский,Все категории,2024-09-01,2.218085,alarm_without_verified_registry_event_not_proven_false_alarm
PageHinkley,273,Горномарийский,Все категории,2024-09-01,2.2166963,alarm_without_verified_registry_event_not_proven_false_alarm
PageHinkley,2376,Юнтолово,Продовольствие,2024-09-01,2.2166638,alarm_without_verified_registry_event_not_proven_false_alarm
PageHinkley,372,Дрожжановский,Здоровье,2024-07-01,2.216056,alarm_without_verified_registry_event_not_proven_false_alarm
PageHinkley,2458,Литейный,Продовольствие,2024-09-01,2.213384,alarm_without_verified_registry_event_not_proven_false_alarm
PageHinkley,2122,Кесовогорский,Продовольствие,2024-09-01,2.211498,alarm_without_verified_registry_event_not_proven_false_alarm
PageHinkley,295,Инсарский,Продовольствие,2024-10-01,2.2052405,alarm_without_verified_registry_event_not_proven_false_alarm
PageHinkley,1311,Вохомский,Продовольствие,2024-10-01,2.2038038,alarm_without_verified_registry_event_not_proven_false_alarm
PageHinkley,271,Козьмодемьянск,Все категории,2024-08-01,2.202868,alarm_without_verified_registry_event_not_proven_false_alarm
PageHinkley,2442,Аптекарский остров,Продовольствие,2024-09-01,2.202509,alarm_without_verified_registry_event_not_proven_false_alarm
PageHinkley,398,Ютазинский,Все категории,2024-07-01,2.202301,alarm_without_verified_registry_event_not_proven_false_alarm
PageHinkley,323,Кобяйский,Продовольствие,2024-08-01,2.1985638,alarm_without_verified_registry_event_not_proven_false_alarm
PageHinkley,2445,Петергоф,Продовольствие,2024-09-01,2.1944666,alarm_without_verified_registry_event_not_proven_false_alarm
PageHinkley,1048,Бабушкинский,Все категории,2024-08-01,2.191713,alarm_without_verified_registry_event_not_proven_false_alarm
PageHinkley,895,Новодвинск,Все категории,2024-08-01,2.1912634,alarm_without_verified_registry_event_not_proven_false_alarm
PageHinkley,2451,№ 72,Продовольствие,2024-09-01,2.1911948,alarm_without_verified_registry_event_not_proven_false_alarm
PageHinkley,1124,Пестяковский,Продовольствие,2024-09-01,2.1889968,alarm_without_verified_registry_event_not_proven_false_alarm
PageHinkley,1207,Кировский,Продовольствие,2024-09-01,2.1865716,alarm_without_verified_registry_event_not_proven_false_alarm
PageHinkley,1165,Усть-Кутский,Продовольствие,2024-10-01,2.186019,alarm_without_verified_registry_event_not_proven_false_alarm
PageHinkley,220,Пудожский,Продовольствие,2024-10-01,2.185149,alarm_without_verified_registry_event_not_proven_false_alarm
PageHinkley,1484,Чехов,Продовольствие,2024-09-01,2.1828218,alarm_without_verified_registry_event_not_proven_false_alarm
PageHinkley,1118,Ильинский,Все категории,2024-08-01,2.1794002,alarm_without_verified_registry_event_not_proven_false_alarm
PageHinkley,777,Артемовский,Продовольствие,2024-12-01,2.1779528,alarm_without_verified_registry_event_not_proven_false_alarm
PageHinkley,2425,Новоизмайловское,Продовольствие,2024-09-01,2.1771095,alarm_without_verified_registry_event_not_proven_false_alarm
PageHinkley,1064,Сямженский,Продовольствие,2024-09-01,2.1767247,alarm_without_verified_registry_event_not_proven_false_alarm
PageHinkley,698,Ирбейский,Продовольствие,2024-09-01,2.1740794,alarm_without_verified_registry_event_not_proven_false_alarm
PageHinkley,1123,Палехский,Продовольствие,2024-09-01,2.1740398,alarm_without_verified_registry_event_not_proven_false_alarm
PageHinkley,2109,Удомельский,Все категории,2024-08-01,2.1735017,alarm_without_verified_registry_event_not_proven_false_alarm
PageHinkley,776,Арсеньевский,Продовольствие,2024-10-01,2.171926,alarm_without_verified_registry_event_not_proven_false_alarm
PageHinkley,1473,Протвино,Продовольствие,2024-09-01,2.1704013,alarm_without_verified_registry_event_not_proven_false_alarm
PageHinkley,334,Оленекский,Все категории,2024-10-01,2.1677277,alarm_without_verified_registry_event_not_proven_false_alarm
PageHinkley,419,Воткинск,Продовольствие,2024-09-01,2.1649277,alarm_without_verified_registry_event_not_proven_false_alarm
PageHinkley,2367,№ 15,Продовольствие,2024-09-01,2.1647856,alarm_without_verified_registry_event_not_proven_false_alarm
PageHinkley,2119,Калининский,Продовольствие,2024-08-01,2.1568756,alarm_without_verified_registry_event_not_proven_false_alarm
PageHinkley,1039,Среднеахтубинский,Продовольствие,2024-09-01,2.1556566,alarm_without_verified_registry_event_not_proven_false_alarm
PageHinkley,1170,Аларский,Продовольствие,2024-09-01,2.1549535,alarm_without_verified_registry_event_not_proven_false_alarm
PageHinkley,2550,Люблино,Продовольствие,2024-09-01,2.1540425,alarm_without_verified_registry_event_not_proven_false_alarm
PageHinkley,2324,Гаврилов-Ямский,Все категории,2024-09-01,2.153181,alarm_without_verified_registry_event_not_proven_false_alarm
PageHinkley,915,Шенкурский,Продовольствие,2024-10-01,2.152187,alarm_without_verified_registry_event_not_proven_false_alarm
PageHinkley,2064,Сычевский,Продовольствие,2024-08-01,2.1480074,alarm_without_verified_registry_event_not_proven_false_alarm
PageHinkley,1726,Орловский,Продовольствие,2024-09-01,2.1465714,alarm_without_verified_registry_event_not_proven_false_alarm
PageHinkley,2309,Октябрьский,Продовольствие,2024-09-01,2.1457582,alarm_without_verified_registry_event_not_proven_false_alarm
PageHinkley,2546,Выхино-Жулебино,Продовольствие,2024-09-01,2.1455274,alarm_without_verified_registry_event_not_proven_false_alarm
PageHinkley,1181,Советский,Продовольствие,2024-09-01,2.1441429,alarm_without_verified_registry_event_not_proven_false_alarm
PageHinkley,2402,Ржевка,Продовольствие,2024-09-01,2.1434255,alarm_without_verified_registry_event_not_proven_false_alarm
PageHinkley,1423,Лев-Толстовский,Продовольствие,2024-09-01,2.1401677,alarm_without_verified_registry_event_not_proven_false_alarm
PageHinkley,308,Чамзинский,Продовольствие,2024-09-01,2.1392932,alarm_without_verified_registry_event_not_proven_false_alarm
PageHinkley,572,Немецкий,Продовольствие,2024-09-01,2.139083,alarm_without_verified_registry_event_not_proven_false_alarm
PageHinkley,343,Чурапчинский,Продовольствие,2024-08-01,2.1381795,alarm_without_verified_registry_event_not_proven_false_alarm
PageHinkley,2340,Ленинский,Продовольствие,2024-09-01,2.137427,alarm_without_verified_registry_event_not_proven_false_alarm
PageHinkley,382,Менделеевский,Все категории,2024-09-01,2.1354892,alarm_without_verified_registry_event_not_proven_false_alarm
PageHinkley,1295,Сунский,Продовольствие,2024-09-01,2.1351814,alarm_without_verified_registry_event_not_proven_false_alarm
PageHinkley,1972,Алапаевск,Продовольствие,2024-08-01,2.1317897,alarm_without_verified_registry_event_not_proven_false_alarm
PageHinkley,1580,Демянский,Продовольствие,2024-10-01,2.1314065,alarm_without_verified_registry_event_not_proven_false_alarm
PageHinkley,2180,Киреевский,Все категории,2024-09-01,2.1302261,alarm_without_verified_registry_event_not_proven_false_alarm
PageHinkley,28,Сибай,Продовольствие,2024-10-01,2.1301863,alarm_without_verified_registry_event_not_proven_false_alarm
PageHinkley,1924,Дергачевский,Продовольствие,2024-10-01,2.130173,alarm_without_verified_registry_event_not_proven_false_alarm
PageHinkley,1504,Талдомский,Продовольствие,2024-09-01,2.1295688,alarm_without_verified_registry_event_not_proven_false_alarm
PageHinkley,2588,Щербинка,Продовольствие,2024-09-01,2.1295528,alarm_without_verified_registry_event_not_proven_false_alarm
PageHinkley,1633,Азовский немецкий,Продовольствие,2024-08-01,2.1267529,alarm_without_verified_registry_event_not_proven_false_alarm
PageHinkley,302,Ромодановский,Продовольствие,2024-09-01,2.1265554,alarm_without_verified_registry_event_not_proven_false_alarm
PageHinkley,1916,Аркадакский,Продовольствие,2024-09-01,2.122743,alarm_without_verified_registry_event_not_proven_false_alarm
PageHinkley,2088,Никифоровский,Все категории,2024-07-01,2.1208408,alarm_without_verified_registry_event_not_proven_false_alarm
PageHinkley,603,Шилкинский,Продовольствие,2024-09-01,2.120267,alarm_without_verified_registry_event_not_proven_false_alarm
PageHinkley,1697,Переволоцкий,Продовольствие,2024-09-01,2.1185753,alarm_without_verified_registry_event_not_proven_false_alarm
PageHinkley,1593,Хвойнинский,Продовольствие,2024-08-01,2.1176717,alarm_without_verified_registry_event_not_proven_false_alarm
PageHinkley,1710,Болховский,Продовольствие,2024-09-01,2.1143785,alarm_without_verified_registry_event_not_proven_false_alarm
PageHinkley,30,Абзелиловский,Все категории,2024-09-01,2.1129246,alarm_without_verified_registry_event_not_proven_false_alarm
PageHinkley,2110,Андреапольский,Продовольствие,2024-08-01,2.1094396,alarm_without_verified_registry_event_not_proven_false_alarm
PageHinkley,1495,Можайский,Продовольствие,2024-09-01,2.1093192,alarm_without_verified_registry_event_not_proven_false_alarm
PageHinkley,2051,Дорогобужский,Продовольствие,2024-09-01,2.108231,alarm_without_verified_registry_event_not_proven_false_alarm
PageHinkley,37,Балтачевский,Маркетплейсы,2024-07-01,2.1068108,alarm_without_verified_registry_event_not_proven_false_alarm
PageHinkley,2061,Руднянский,Продовольствие,2024-09-01,2.1059012,alarm_without_verified_registry_event_not_proven_false_alarm
PageHinkley,2534,Южное Тушино,Продовольствие,2024-09-01,2.1056762,alarm_without_verified_registry_event_not_proven_false_alarm
PageHinkley,305,Темниковский,Продовольствие,2024-10-01,2.1031969,alarm_without_verified_registry_event_not_proven_false_alarm
PageHinkley,2159,Первомайский,Продовольствие,2024-09-01,2.102357,alarm_without_verified_registry_event_not_proven_false_alarm
PageHinkley,2524,Северный,Продовольствие,2024-09-01,2.1000535,alarm_without_verified_registry_event_not_proven_false_alarm
PageHinkley,1934,Марксовский,Продовольствие,2024-10-01,2.0984066,alarm_without_verified_registry_event_not_proven_false_alarm
PageHinkley,780,Дальнереченский,Продовольствие,2024-11-01,2.098381,alarm_without_verified_registry_event_not_proven_false_alarm
PageHinkley,2380,Финляндский,Продовольствие,2024-09-01,2.0971766,alarm_without_verified_registry_event_not_proven_false_alarm
PageHinkley,351,Моздокский,Продовольствие,2024-12-01,2.0963447,alarm_without_verified_registry_event_not_proven_false_alarm
PageHinkley,736,Березовский,Продовольствие,2024-10-01,2.0952914,alarm_without_verified_registry_event_not_proven_false_alarm
PageHinkley,1488,Электросталь,Продовольствие,2024-09-01,2.0948412,alarm_without_verified_registry_event_not_proven_false_alarm
PageHinkley,297,Кадошкинский,Продовольствие,2024-10-01,2.0941143,alarm_without_verified_registry_event_not_proven_false_alarm
PageHinkley,616,Усть-Камчатский,Продовольствие,2024-11-01,2.0935555,alarm_without_verified_registry_event_not_proven_false_alarm
PageHinkley,2427,Звездное,Продовольствие,2024-09-01,2.0915644,alarm_without_verified_registry_event_not_proven_false_alarm
PageHinkley,58,Калтасинский,Все категории,2024-07-01,2.09056,alarm_without_verified_registry_event_not_proven_false_alarm
PageHinkley,2511,Алтуфьевский,Продовольствие,2024-09-01,2.0883815,alarm_without_verified_registry_event_not_proven_false_alarm
PageHinkley,804,Хорольский,Все категории,2024-08-01,2.0882218,alarm_without_verified_registry_event_not_proven_false_alarm
PageHinkley,1464,Лыткарино,Продовольствие,2024-09-01,2.086521,alarm_without_verified_registry_event_not_proven_false_alarm
PageHinkley,1845,Рязань,Продовольствие,2024-09-01,2.0822928,alarm_without_verified_registry_event_not_proven_false_alarm
PageHinkley,2184,Суворовский,Продовольствие,2024-10-01,2.0820258,alarm_without_verified_registry_event_not_proven_false_alarm
PageHinkley,2646,Обнинск,Продовольствие,2024-09-01,2.0811849,alarm_without_verified_registry_event_not_proven_false_alarm
PageHinkley,781,Лесозаводский,Все категории,2024-09-01,2.0809839,alarm_without_verified_registry_event_not_proven_false_alarm
PageHinkley,1501,Сергиево-Посадский,Продовольствие,2024-09-01,2.0797894,alarm_without_verified_registry_event_not_proven_false_alarm
PageHinkley,1415,Добринский,Все категории,2024-09-01,2.074394,alarm_without_verified_registry_event_not_proven_false_alarm
PageHinkley,851,Лазо,Все категории,2024-09-01,2.0740354,alarm_without_verified_registry_event_not_proven_false_alarm
PageHinkley,391,Сармановский,Все категории,2024-08-01,2.0721273,alarm_without_verified_registry_event_not_proven_false_alarm
PageHinkley,1491,Дмитровский,Продовольствие,2024-09-01,2.0702596,alarm_without_verified_registry_event_not_proven_false_alarm
PageHinkley,281,Оршанский,Продовольствие,2024-08-01,2.068361,alarm_without_verified_registry_event_not_proven_false_alarm
PageHinkley,342,Хангаласский,Все категории,2024-09-01,2.0683353,alarm_without_verified_registry_event_not_proven_false_alarm
PageHinkley,1167,Черемховский,Все категории,2024-09-01,2.068303,alarm_without_verified_registry_event_not_proven_false_alarm
PageHinkley,542,Зональный,Все категории,2024-09-01,2.0679648,alarm_without_verified_registry_event_not_proven_false_alarm
PageHinkley,1421,Краснинский,Продовольствие,2024-10-01,2.0679543,alarm_without_verified_registry_event_not_proven_false_alarm
PageHinkley,1622,Северный,Продовольствие,2024-08-01,2.067543,alarm_without_verified_registry_event_not_proven_false_alarm
PageHinkley,1341,Катайский,Продовольствие,2024-09-01,2.0664763,alarm_without_verified_registry_event_not_proven_false_alarm
PageHinkley,2045,Десногорск,Продовольствие,2024-09-01,2.0659173,alarm_without_verified_registry_event_not_proven_false_alarm
PageHinkley,1279,Лузский,Маркетплейсы,2024-07-01,2.065915,alarm_without_verified_registry_event_not_proven_false_alarm
PageHinkley,2093,Ржаксинский,Продовольствие,2024-10-01,2.0658414,alarm_without_verified_registry_event_not_proven_false_alarm
PageHinkley,1780,Печорский,Все категории,2024-08-01,2.060995,alarm_without_verified_registry_event_not_proven_false_alarm
PageHinkley,1351,Сафакулевский,Продовольствие,2024-08-01,2.0607073,alarm_without_verified_registry_event_not_proven_false_alarm
PageHinkley,1311,Вохомский,Маркетплейсы,2024-07-01,2.0604153,alarm_without_verified_registry_event_not_proven_false_alarm
PageHinkley,1212,Малоярославецкий,Продовольствие,2024-09-01,2.058792,alarm_without_verified_registry_event_not_proven_false_alarm
PageHinkley,499,Шемуршинский,Продовольствие,2024-08-01,2.057409,alarm_without_verified_registry_event_not_proven_false_alarm
PageHinkley,1468,Наро-Фоминский,Продовольствие,2024-09-01,2.0571613,alarm_without_verified_registry_event_not_proven_false_alarm
PageHinkley,926,Лиманский,Продовольствие,2024-10-01,2.0561512,alarm_without_verified_registry_event_not_proven_false_alarm
PageHinkley,831,Грачёвский,Продовольствие,2024-11-01,2.054156,alarm_without_verified_registry_event_not_proven_false_alarm
PageHinkley,401,Бай-Тайгинский,Продовольствие,2024-11-01,2.0516763,alarm_without_verified_registry_event_not_proven_false_alarm
PageHinkley,1407,Тихвинский,Продовольствие,2024-09-01,2.0465636,alarm_without_verified_registry_event_not_proven_false_alarm
PageHinkley,1622,Северный,Маркетплейсы,2024-07-01,2.0434108,alarm_without_verified_registry_event_not_proven_false_alarm
PageHinkley,618,Карагинский,Общественное питание,2024-08-01,2.0433843,alarm_without_verified_registry_event_not_proven_false_alarm
PageHinkley,805,Черниговский,Все категории,2024-07-01,2.0419497,alarm_without_verified_registry_event_not_proven_false_alarm
PageHinkley,14,Турочакский,Продовольствие,2024-09-01,2.0376637,alarm_without_verified_registry_event_not_proven_false_alarm
PageHinkley,1151,Казачинско-Ленский,Продовольствие,2024-10-01,2.0360653,alarm_without_verified_registry_event_not_proven_false_alarm
PageHinkley,1987,Камышловский,Продовольствие,2024-08-01,2.0353737,alarm_without_verified_registry_event_not_proven_false_alarm
PageHinkley,9,Шовгеновский,Продовольствие,2024-11-01,2.0329962,alarm_without_verified_registry_event_not_proven_false_alarm
PageHinkley,1122,Лухский,Продовольствие,2024-08-01,2.032818,alarm_without_verified_registry_event_not_proven_false_alarm
PageHinkley,1448,Жуковский,Продовольствие,2024-09-01,2.031544,alarm_without_verified_registry_event_not_proven_false_alarm
PageHinkley,1256,Яйский,Продовольствие,2024-09-01,2.0311377,alarm_without_verified_registry_event_not_proven_false_alarm
PageHinkley,2272,Ульяновский,Продовольствие,2024-08-01,2.0308409,alarm_without_verified_registry_event_not_proven_false_alarm
PageHinkley,1209,Козельский,Продовольствие,2024-09-01,2.0300117,alarm_without_verified_registry_event_not_proven_false_alarm
PageHinkley,1291,Санчурский,Все категории,2024-09-01,2.025763,alarm_without_verified_registry_event_not_proven_false_alarm
PageHinkley,272,Волжский,Продовольствие,2024-10-01,2.0253043,alarm_without_verified_registry_event_not_proven_false_alarm
PageHinkley,1055,Вытегорский,Продовольствие,2024-10-01,2.0201252,alarm_without_verified_registry_event_not_proven_false_alarm
PageHinkley,2388,Автово,Все категории,2024-09-01,2.0173197,alarm_without_verified_registry_event_not_proven_false_alarm
PageHinkley,2406,Сосновая поляна,Продовольствие,2024-09-01,2.0131478,alarm_without_verified_registry_event_not_proven_false_alarm
PageHinkley,1864,Сапожковский,Все категории,2024-08-01,2.0106232,alarm_without_verified_registry_event_not_proven_false_alarm
PageHinkley,1686,Домбаровский,Все категории,2024-07-01,2.009327,alarm_without_verified_registry_event_not_proven_false_alarm
PageHinkley,1454,Кашира,Продовольствие,2024-09-01,2.0087647,alarm_without_verified_registry_event_not_proven_false_alarm
PageHinkley,74,Татышлинский,Все категории,2024-11-01,2.0087154,alarm_without_verified_registry_event_not_proven_false_alarm
PageHinkley,2222,Нягань,Продовольствие,2024-10-01,2.0060337,alarm_without_verified_registry_event_not_proven_false_alarm
PageHinkley,2012,Тавдинский,Продовольствие,2024-09-01,2.0042315,alarm_without_verified_registry_event_not_proven_false_alarm
PageHinkley,1759,Сердобский,Все категории,2024-09-01,2.000962,alarm_without_verified_registry_event_not_proven_false_alarm
PageHinkley,1588,Парфинский,Продовольствие,2024-08-01,1.9999809,alarm_without_verified_registry_event_not_proven_false_alarm
PageHinkley,1261,Котельнич,Все категории,2024-09-01,1.9984689,alarm_without_verified_registry_event_not_proven_false_alarm
PageHinkley,1446,Дубна,Продовольствие,2024-08-01,1.9980829,alarm_without_verified_registry_event_not_proven_false_alarm
PageHinkley,601,Читинский,Продовольствие,2024-09-01,1.9977496,alarm_without_verified_registry_event_not_proven_false_alarm
PageHinkley,1991,Кировградский,Все категории,2024-09-01,1.9969577,alarm_without_verified_registry_event_not_proven_false_alarm
PageHinkley,2401,Пороховые,Продовольствие,2024-09-01,1.9949795,alarm_without_verified_registry_event_not_proven_false_alarm
PageHinkley,2478,Внуково,Продовольствие,2024-09-01,1.994319,alarm_without_verified_registry_event_not_proven_false_alarm
PageHinkley,1438,Ягоднинский,Маркетплейсы,2024-09-01,1.9935845,alarm_without_verified_registry_event_not_proven_false_alarm
PageHinkley,2098,Токарёвский,Все категории,2024-09-01,1.9929545,alarm_without_verified_registry_event_not_proven_false_alarm
PageHinkley,1739,Белинский,Все категории,2024-08-01,1.9923632,alarm_without_verified_registry_event_not_proven_false_alarm
PageHinkley,219,Пряжинский,Здоровье,2024-08-01,1.9912843,alarm_without_verified_registry_event_not_proven_false_alarm
PageHinkley,929,Харабалинский,Продовольствие,2024-09-01,1.9902321,alarm_without_verified_registry_event_not_proven_false_alarm
PageHinkley,1253,Тяжинский,Маркетплейсы,2024-07-01,1.9887388,alarm_without_verified_registry_event_not_proven_false_alarm
PageHinkley,2360,Морской,Продовольствие,2024-09-01,1.9884403,alarm_without_verified_registry_event_not_proven_false_alarm
PageHinkley,1259,Вятские Поляны,Продовольствие,2024-10-01,1.9882159,alarm_without_verified_registry_event_not_proven_false_alarm
PageHinkley,316,Булунский,Продовольствие,2024-09-01,1.9862783,alarm_without_verified_registry_event_not_proven_false_alarm
PageHinkley,1943,Романовский,Все категории,2024-08-01,1.9842137,alarm_without_verified_registry_event_not_proven_false_alarm
PageHinkley,1992,Верхний Тагил,Все категории,2024-09-01,1.9827758,alarm_without_verified_registry_event_not_proven_false_alarm
PageHinkley,1786,Пыталовский,Продовольствие,2024-08-01,1.9818819,alarm_without_verified_registry_event_not_proven_false_alarm
PageHinkley,2529,Покровское-Стрешнево,Продовольствие,2024-09-01,1.9812983,alarm_without_verified_registry_event_not_proven_false_alarm
PageHinkley,2453,Георгиевский,Продовольствие,2024-09-01,1.9788206,alarm_without_verified_registry_event_not_proven_false_alarm
PageHinkley,2876,Кисловодск,Продовольствие,2024-11-01,1.9749502,alarm_without_verified_registry_event_not_proven_false_alarm
PageHinkley,1508,Кировск,Продовольствие,2024-10-01,1.9729203,alarm_without_verified_registry_event_not_proven_false_alarm
PageHinkley,495,Порецкий,Все категории,2024-07-01,1.9681882,alarm_without_verified_registry_event_not_proven_false_alarm
PageHinkley,1564,Пильнинский,Продовольствие,2024-10-01,1.9664956,alarm_without_verified_registry_event_not_proven_false_alarm
PageHinkley,897,Вельский,Продовольствие,2024-10-01,1.9661338,alarm_without_verified_registry_event_not_proven_false_alarm
PageHinkley,2585,Чертаново Южное,Продовольствие,2024-09-01,1.9634491,alarm_without_verified_registry_event_not_proven_false_alarm
PageHinkley,1203,Дзержинский,Продовольствие,2024-09-01,1.9590585,alarm_without_verified_registry_event_not_proven_false_alarm
PageHinkley,1755,Нижнеломовский,Продовольствие,2024-09-01,1.9565618,alarm_without_verified_registry_event_not_proven_false_alarm
PageHinkley,677,Назарово,Продовольствие,2024-10-01,1.9553492,alarm_without_verified_registry_event_not_proven_false_alarm
PageHinkley,2453,Георгиевский,Все категории,2024-09-01,1.9522989,alarm_without_verified_registry_event_not_proven_false_alarm
PageHinkley,1681,Асекеевский,Маркетплейсы,2024-07-01,1.9516884,alarm_without_verified_registry_event_not_proven_false_alarm
PageHinkley,1589,Пестовский,Продовольствие,2024-10-01,1.9503118,alarm_without_verified_registry_event_not_proven_false_alarm
PageHinkley,1265,Афанасьевский,Продовольствие,2024-11-01,1.9496149,alarm_without_verified_registry_event_not_proven_false_alarm
PageHinkley,298,Ковылкинский,Продовольствие,2024-10-01,1.9494423,alarm_without_verified_registry_event_not_proven_false_alarm
PageHinkley,1481,Фрязино,Продовольствие,2024-09-01,1.9490095,alarm_without_verified_registry_event_not_proven_false_alarm
PageHinkley,2456,Дворцовый,Продовольствие,2024-09-01,1.9474214,alarm_without_verified_registry_event_not_proven_false_alarm
PageHinkley,2069,Шумячский,Продовольствие,2024-10-01,1.9470656,alarm_without_verified_registry_event_not_proven_false_alarm
PageHinkley,773,Юрлинский,Продовольствие,2024-11-01,1.946811,alarm_without_verified_registry_event_not_proven_false_alarm
PageHinkley,737,Большесосновский,Продовольствие,2024-10-01,1.9434243,alarm_without_verified_registry_event_not_proven_false_alarm
PageHinkley,2001,Нижняя Салда,Все категории,2024-10-01,1.9421314,alarm_without_verified_registry_event_not_proven_false_alarm
PageHinkley,703,Козульский,Все категории,2024-10-01,1.9412756,alarm_without_verified_registry_event_not_proven_false_alarm
PageHinkley,2555,Рязанский,Продовольствие,2024-09-01,1.9406894,alarm_without_verified_registry_event_not_proven_false_alarm
PageHinkley,506,Белокуриха,Продовольствие,2024-10-01,1.9406112,alarm_without_verified_registry_event_not_proven_false_alarm
PageHinkley,1968,Углегорский,Продовольствие,2024-11-01,1.940055,alarm_without_verified_registry_event_not_proven_false_alarm
PageHinkley,1191,Неманский,Продовольствие,2024-08-01,1.9386292,alarm_without_verified_registry_event_not_proven_false_alarm
PageHinkley,51,Дюртюлинский,Продовольствие,2024-10-01,1.9373358,alarm_without_verified_registry_event_not_proven_false_alarm
PageHinkley,1909,Шенталинский,Продовольствие,2024-10-01,1.9369012,alarm_without_verified_registry_event_not_proven_false_alarm
PageHinkley,239,Троицко-Печорский,Здоровье,2024-08-01,1.9366477,alarm_without_verified_registry_event_not_proven_false_alarm
PageHinkley,1519,Кольский,Продовольствие,2024-10-01,1.9361727,alarm_without_verified_registry_event_not_proven_false_alarm
PageHinkley,1693,Новосергиевский,Продовольствие,2024-08-01,1.9352719,alarm_without_verified_registry_event_not_proven_false_alarm
PageHinkley,1546,Вачский,Продовольствие,2024-08-01,1.9345845,alarm_without_verified_registry_event_not_proven_false_alarm
PageHinkley,852,Нанайский,Продовольствие,2024-10-01,1.9342545,alarm_without_verified_registry_event_not_proven_false_alarm
PageHinkley,1662,Усть-Ишимский,Все категории,2024-11-01,1.9305395,alarm_without_verified_registry_event_not_proven_false_alarm
PageHinkley,586,Красночикойский,Продовольствие,2024-09-01,1.930242,alarm_without_verified_registry_event_not_proven_false_alarm
PageHinkley,1754,Неверкинский,Продовольствие,2024-09-01,1.9295275,alarm_without_verified_registry_event_not_proven_false_alarm
PageHinkley,2554,Печатники,Продовольствие,2024-09-01,1.9269829,alarm_without_verified_registry_event_not_proven_false_alarm
PageHinkley,1773,Локнянский,Продовольствие,2024-10-01,1.9256643,alarm_without_verified_registry_event_not_proven_false_alarm
PageHinkley,2271,Тереньгульский,Продовольствие,2024-11-01,1.9183173,alarm_without_verified_registry_event_not_proven_false_alarm
PageHinkley,572,Немецкий,Маркетплейсы,2024-07-01,1.9180005,alarm_without_verified_registry_event_not_proven_false_alarm
PageHinkley,1272,Зуевский,Продовольствие,2024-10-01,1.9175982,alarm_without_verified_registry_event_not_proven_false_alarm
PageHinkley,2056,Краснинский,Продовольствие,2024-07-01,1.9094554,alarm_without_verified_registry_event_not_proven_false_alarm
PageHinkley,1580,Демянский,Здоровье,2024-07-01,1.9094355,alarm_without_verified_registry_event_not_proven_false_alarm
PageHinkley,2467,Ивановское,Продовольствие,2024-09-01,1.90908,alarm_without_verified_registry_event_not_proven_false_alarm
PageHinkley,282,Параньгинский,Продовольствие,2024-10-01,1.908362,alarm_without_verified_registry_event_not_proven_false_alarm
PageHinkley,2006,Ревда,Продовольствие,2024-10-01,1.908318,alarm_without_verified_registry_event_not_proven_false_alarm
PageHinkley,1252,Топкинский,Маркетплейсы,2024-07-01,1.9076352,alarm_without_verified_registry_event_not_proven_false_alarm
PageHinkley,1786,Пыталовский,Все категории,2024-09-01,1.9072753,alarm_without_verified_registry_event_not_proven_false_alarm
PageHinkley,2184,Суворовский,Все категории,2024-09-01,1.9059776,alarm_without_verified_registry_event_not_proven_false_alarm
PageHinkley,1982,Заречный,Продовольствие,2024-08-01,1.9055336,alarm_without_verified_registry_event_not_proven_false_alarm
PageHinkley,2578,Нагатинский затон,Продовольствие,2024-09-01,1.9051006,alarm_without_verified_registry_event_not_proven_false_alarm
PageHinkley,1006,Юрьев-Польский,Продовольствие,2024-10-01,1.9048544,alarm_without_verified_registry_event_not_proven_false_alarm
PageHinkley,1051,Великоустюгский,Продовольствие,2024-10-01,1.9043065,alarm_without_verified_registry_event_not_proven_false_alarm
PageHinkley,1474,Пущино,Продовольствие,2024-09-01,1.9024262,alarm_without_verified_registry_event_not_proven_false_alarm
PageHinkley,1297,Унинский,Продовольствие,2024-10-01,1.9015578,alarm_without_verified_registry_event_not_proven_false_alarm
PageHinkley,2181,Куркинский,Все категории,2024-08-01,1.896163,alarm_without_verified_registry_event_not_proven_false_alarm
PageHinkley,1595,Чудовский,Продовольствие,2024-09-01,1.8961458,alarm_without_verified_registry_event_not_proven_false_alarm
PageHinkley,2575,Зябликово,Продовольствие,2024-09-01,1.895197,alarm_without_verified_registry_event_not_proven_false_alarm
PageHinkley,1762,Тамалинский,Продовольствие,2024-09-01,1.8932831,alarm_without_verified_registry_event_not_proven_false_alarm
PageHinkley,1034,Ольховский,Продовольствие,2024-12-01,1.8920062,alarm_without_verified_registry_event_not_proven_false_alarm
PageHinkley,2217,Когалым,Продовольствие,2024-10-01,1.8915476,alarm_without_verified_registry_event_not_proven_false_alarm
PageHinkley,895,Новодвинск,Продовольствие,2024-10-01,1.8908522,alarm_without_verified_registry_event_not_proven_false_alarm
PageHinkley,994,Гусь-Хрустальный,Продовольствие,2024-11-01,1.8904806,alarm_without_verified_registry_event_not_proven_false_alarm
PageHinkley,2471,Новокосино,Продовольствие,2024-09-01,1.8900918,alarm_without_verified_registry_event_not_proven_false_alarm
PageHinkley,301,Лямбирский,Продовольствие,2024-10-01,1.8879735,alarm_without_verified_registry_event_not_proven_false_alarm
PageHinkley,1600,Обь,Продовольствие,2024-10-01,1.8879161,alarm_without_verified_registry_event_not_proven_false_alarm
PageHinkley,927,Наримановский,Продовольствие,2024-10-01,1.8855176,alarm_without_verified_registry_event_not_proven_false_alarm
PageHinkley,747,Красновишерский,Продовольствие,2024-10-01,1.8844025,alarm_without_verified_registry_event_not_proven_false_alarm
PageHinkley,1313,Кадыйский,Продовольствие,2024-10-01,1.883748,alarm_without_verified_registry_event_not_proven_false_alarm
PageHinkley,1020,Иловлинский,Продовольствие,2024-09-01,1.8831066,alarm_without_verified_registry_event_not_proven_false_alarm
PageHinkley,219,Пряжинский,Все категории,2024-10-01,1.87807,alarm_without_verified_registry_event_not_proven_false_alarm
PageHinkley,2109,Удомельский,Продовольствие,2024-09-01,1.8772694,alarm_without_verified_registry_event_not_proven_false_alarm
PageHinkley,2512,Бабушкинский,Продовольствие,2024-09-01,1.8709387,alarm_without_verified_registry_event_not_proven_false_alarm
PageHinkley,1544,Вадский,Продовольствие,2024-10-01,1.86593,alarm_without_verified_registry_event_not_proven_false_alarm
PageHinkley,487,Ибресинский,Продовольствие,2024-11-01,1.8659114,alarm_without_verified_registry_event_not_proven_false_alarm
PageHinkley,747,Красновишерский,Все категории,2024-09-01,1.8654202,alarm_without_verified_registry_event_not_proven_false_alarm
PageHinkley,2189,Ясногорский,Продовольствие,2024-08-01,1.8644569,alarm_without_verified_registry_event_not_proven_false_alarm
PageHinkley,282,Параньгинский,Все категории,2024-07-01,1.8627598,alarm_without_verified_registry_event_not_proven_false_alarm
PageHinkley,1228,Калтанский,Продовольствие,2024-10-01,1.8623598,alarm_without_verified_registry_event_not_proven_false_alarm
PageHinkley,789,Кавалеровский,Продовольствие,2024-11-01,1.8614066,alarm_without_verified_registry_event_not_proven_false_alarm
PageHinkley,410,Тандинский,Продовольствие,2024-10-01,1.8597462,alarm_without_verified_registry_event_not_proven_false_alarm
PageHinkley,2242,Новый Уренгой,Продовольствие,2024-10-01,1.8596675,alarm_without_verified_registry_event_not_proven_false_alarm
PageHinkley,290,Большеберезниковский,Продовольствие,2024-10-01,1.8582834,alarm_without_verified_registry_event_not_proven_false_alarm
PageHinkley,2235,Советский,Продовольствие,2024-10-01,1.8572994,alarm_without_verified_registry_event_not_proven_false_alarm
PageHinkley,1067,Усть-Кубинский,Продовольствие,2024-12-01,1.8569701,alarm_without_verified_registry_event_not_proven_false_alarm
PageHinkley,1461,Лобня,Продовольствие,2024-09-01,1.8567421,alarm_without_verified_registry_event_not_proven_false_alarm
PageHinkley,479,Алатырь,Продовольствие,2024-10-01,1.8564274,alarm_without_verified_registry_event_not_proven_false_alarm
PageHinkley,1422,Лебедянский,Все категории,2024-09-01,1.8532281,alarm_without_verified_registry_event_not_proven_false_alarm
PageHinkley,1624,Татарский,Продовольствие,2024-08-01,1.8523563,alarm_without_verified_registry_event_not_proven_false_alarm
PageHinkley,387,Нурлатский,Продовольствие,2024-10-01,1.8492429,alarm_without_verified_registry_event_not_proven_false_alarm
PageHinkley,2461,Владимирский,Продовольствие,2024-09-01,1.8486665,alarm_without_verified_registry_event_not_proven_false_alarm
PageHinkley,1023,Киквидзенский,Все категории,2024-10-01,1.8483596,alarm_without_verified_registry_event_not_proven_false_alarm
PageHinkley,1945,Самойловский,Продовольствие,2024-10-01,1.8477468,alarm_without_verified_registry_event_not_proven_false_alarm
PageHinkley,770,Косинский,Маркетплейсы,2024-07-01,1.8473204,alarm_without_verified_registry_event_not_proven_false_alarm
PageHinkley,1167,Черемховский,Продовольствие,2024-09-01,1.8468109,alarm_without_verified_registry_event_not_proven_false_alarm
PageHinkley,1223,Юхновский,Все категории,2024-09-01,1.8438127,alarm_without_verified_registry_event_not_proven_false_alarm
PageHinkley,1224,Кемеровский,Продовольствие,2024-10-01,1.843609,alarm_without_verified_registry_event_not_proven_false_alarm
PageHinkley,2118,Зубцовский,Продовольствие,2024-09-01,1.8392915,alarm_without_verified_registry_event_not_proven_false_alarm
PageHinkley,397,Чистопольский,Продовольствие,2024-10-01,1.8382297,alarm_without_verified_registry_event_not_proven_false_alarm
PageHinkley,2211,Уватский,Продовольствие,2024-10-01,1.8348676,alarm_without_verified_registry_event_not_proven_false_alarm
PageHinkley,793,Михайловский,Все категории,2024-09-01,1.8337134,alarm_without_verified_registry_event_not_proven_false_alarm
PageHinkley,1060,Междуреченский,Продовольствие,2024-12-01,1.8334867,alarm_without_verified_registry_event_not_proven_false_alarm
PageHinkley,2260,Майнский,Продовольствие,2024-10-01,1.8332394,alarm_without_verified_registry_event_not_proven_false_alarm
PageHinkley,1172,Боханский,Продовольствие,2024-08-01,1.8310876,alarm_without_verified_registry_event_not_proven_false_alarm
PageHinkley,2215,Ярковский,Продовольствие,2024-10-01,1.8285319,alarm_without_verified_registry_event_not_proven_false_alarm
PageHinkley,713,Пировский,Маркетплейсы,2024-07-01,1.8278006,alarm_without_verified_registry_event_not_proven_false_alarm
PageHinkley,2,Адыгейск,Продовольствие,2024-09-01,1.8250034,alarm_without_verified_registry_event_not_proven_false_alarm
PageHinkley,814,Изобильненский,Продовольствие,2024-12-01,1.8248023,alarm_without_verified_registry_event_not_proven_false_alarm
PageHinkley,857,Солнечный,Продовольствие,2024-11-01,1.8235923,alarm_without_verified_registry_event_not_proven_false_alarm
PageHinkley,230,Ижемский,Продовольствие,2024-10-01,1.8205545,alarm_without_verified_registry_event_not_proven_false_alarm
PageHinkley,32,Архангельский,Все категории,2024-09-01,1.819496,alarm_without_verified_registry_event_not_proven_false_alarm
PageHinkley,184,Лаганский,Продовольствие,2024-10-01,1.8184621,alarm_without_verified_registry_event_not_proven_false_alarm
PageHinkley,1061,Никольский,Продовольствие,2024-10-01,1.816307,alarm_without_verified_registry_event_not_proven_false_alarm
PageHinkley,2227,Урай,Продовольствие,2024-10-01,1.8109262,alarm_without_verified_registry_event_not_proven_false_alarm
PageHinkley,1345,Макушинский,Продовольствие,2024-09-01,1.8102548,alarm_without_verified_registry_event_not_proven_false_alarm
PageHinkley,2516,Лосиноостровский,Продовольствие,2024-09-01,1.8086632,alarm_without_verified_registry_event_not_proven_false_alarm
PageHinkley,802,Ханкайский,Продовольствие,2024-10-01,1.8078549,alarm_without_verified_registry_event_not_proven_false_alarm
PageHinkley,1931,Краснокутский,Все категории,2024-08-01,1.8065555,alarm_without_verified_registry_event_not_proven_false_alarm
PageHinkley,2492,Матушкино,Продовольствие,2024-09-01,1.8042629,alarm_without_verified_registry_event_not_proven_false_alarm
PageHinkley,779,Дальнегорский,Маркетплейсы,2024-07-01,1.8041606,alarm_without_verified_registry_event_not_proven_false_alarm
PageHinkley,341,Усть-Янский,Продовольствие,2024-09-01,1.8011038,alarm_without_verified_registry_event_not_proven_false_alarm
PageHinkley,995,Камешковский,Все категории,2024-09-01,1.7998363,alarm_without_verified_registry_event_not_proven_false_alarm
PageHinkley,2134,Рамешковский,Транспорт,2024-09-01,1.7996324,alarm_without_verified_registry_event_not_proven_false_alarm
PageHinkley,1552,Гагинский,Продовольствие,2024-10-01,1.7981794,alarm_without_verified_registry_event_not_proven_false_alarm
PageHinkley,2586,Старое Крюково,Продовольствие,2024-09-01,1.7960508,alarm_without_verified_registry_event_not_proven_false_alarm
PageHinkley,446,Якшур-Бодьинский,Продовольствие,2024-08-01,1.7949269,alarm_without_verified_registry_event_not_proven_false_alarm
PageHinkley,679,Сосновоборск,Продовольствие,2024-10-01,1.7937781,alarm_without_verified_registry_event_not_proven_false_alarm
PageHinkley,1699,Сакмарский,Продовольствие,2024-09-01,1.7926729,alarm_without_verified_registry_event_not_proven_false_alarm
PageHinkley,301,Лямбирский,Все категории,2024-07-01,1.7913091,alarm_without_verified_registry_event_not_proven_false_alarm
PageHinkley,2373,Ланское,Продовольствие,2024-09-01,1.7886798,alarm_without_verified_registry_event_not_proven_false_alarm
PageHinkley,1940,Питерский,Продовольствие,2024-09-01,1.7861197,alarm_without_verified_registry_event_not_proven_false_alarm
PageHinkley,914,Холмогорский,Продовольствие,2024-10-01,1.7850982,alarm_without_verified_registry_event_not_proven_false_alarm
PageHinkley,2219,Мегион,Продовольствие,2024-10-01,1.7850165,alarm_without_verified_registry_event_not_proven_false_alarm
PageHinkley,1851,Кадомский,Продовольствие,2024-11-01,1.7837273,alarm_without_verified_registry_event_not_proven_false_alarm
PageHinkley,1302,Яранский,Продовольствие,2024-11-01,1.7817667,alarm_without_verified_registry_event_not_proven_false_alarm
PageHinkley,1641,Кормиловский,Продовольствие,2024-09-01,1.7795664,alarm_without_verified_registry_event_not_proven_false_alarm
PageHinkley,1859,Пронский,Здоровье,2024-08-01,1.7794405,alarm_without_verified_registry_event_not_proven_false_alarm
PageHinkley,1350,Притобольный,Продовольствие,2024-09-01,1.7790431,alarm_without_verified_registry_event_not_proven_false_alarm
PageHinkley,1996,Кушвинский,Продовольствие,2024-10-01,1.7746159,alarm_without_verified_registry_event_not_proven_false_alarm
PageHinkley,1072,Шекснинский,Все категории,2024-09-01,1.7711115,alarm_without_verified_registry_event_not_proven_false_alarm
PageHinkley,1725,Новосильский,Все категории,2024-09-01,1.7676455,alarm_without_verified_registry_event_not_proven_false_alarm
PageHinkley,2323,Брейтовский,Продовольствие,2024-08-01,1.7662083,alarm_without_verified_registry_event_not_proven_false_alarm
PageHinkley,1521,Печенгский,Продовольствие,2024-09-01,1.7606041,alarm_without_verified_registry_event_not_proven_false_alarm
PageHinkley,685,Балахтинский,Продовольствие,2024-09-01,1.7605153,alarm_without_verified_registry_event_not_proven_false_alarm
PageHinkley,361,Алькеевский,Продовольствие,2024-10-01,1.759898,alarm_without_verified_registry_event_not_proven_false_alarm
PageHinkley,1262,Слободской,Продовольствие,2024-10-01,1.7579345,alarm_without_verified_registry_event_not_proven_false_alarm
PageHinkley,2228,Югорск,Продовольствие,2024-11-01,1.7547015,alarm_without_verified_registry_event_not_proven_false_alarm
PageHinkley,2412,Сестрорецк,Продовольствие,2024-10-01,1.7501622,alarm_without_verified_registry_event_not_proven_false_alarm
PageHinkley,1337,Варгашинский,Продовольствие,2024-10-01,1.7499708,alarm_without_verified_registry_event_not_proven_false_alarm
PageHinkley,1897,Кошкинский,Продовольствие,2024-08-01,1.749501,alarm_without_verified_registry_event_not_proven_false_alarm
PageHinkley,3,Гиагинский,Продовольствие,2024-11-01,1.7489209,alarm_without_verified_registry_event_not_proven_false_alarm
PageHinkley,1287,Оричевский,Продовольствие,2024-10-01,1.7476805,alarm_without_verified_registry_event_not_proven_false_alarm
PageHinkley,875,Зейский,Продовольствие,2024-10-01,1.7462659,alarm_without_verified_registry_event_not_proven_false_alarm
PageHinkley,2595,Кокошкино,Продовольствие,2024-08-01,1.7457898,alarm_without_verified_registry_event_not_proven_false_alarm
PageHinkley,1649,Нововаршавский,Маркетплейсы,2024-07-01,1.7452213,alarm_without_verified_registry_event_not_proven_false_alarm
PageHinkley,1038,Серафимовичский,Все категории,2024-09-01,1.7428235,alarm_without_verified_registry_event_not_proven_false_alarm
PageHinkley,1233,Новокузнецкий,Продовольствие,2024-10-01,1.7396008,alarm_without_verified_registry_event_not_proven_false_alarm
PageHinkley,1915,Александрово-Гайский,Все категории,2024-10-01,1.7379466,alarm_without_verified_registry_event_not_proven_false_alarm
PageHinkley,1127,Родниковский,Продовольствие,2024-10-01,1.7371169,alarm_without_verified_registry_event_not_proven_false_alarm
PageHinkley,25,Нефтекамск,Продовольствие,2024-10-01,1.7368971,alarm_without_verified_registry_event_not_proven_false_alarm
PageHinkley,26,Октябрьский,Продовольствие,2024-10-01,1.7366791,alarm_without_verified_registry_event_not_proven_false_alarm
PageHinkley,1676,Ясненский,Продовольствие,2024-10-01,1.7342428,alarm_without_verified_registry_event_not_proven_false_alarm
PageHinkley,300,Краснослободский,Продовольствие,2024-10-01,1.7326988,alarm_without_verified_registry_event_not_proven_false_alarm
PageHinkley,1411,Елец,Продовольствие,2024-10-01,1.7325597,alarm_without_verified_registry_event_not_proven_false_alarm
PageHinkley,874,Завитинский,Продовольствие,2024-11-01,1.7310231,alarm_without_verified_registry_event_not_proven_false_alarm
PageHinkley,2224,Пыть-Ях,Продовольствие,2024-10-01,1.7302345,alarm_without_verified_registry_event_not_proven_false_alarm
PageHinkley,708,Мотыгинский,Продовольствие,2024-11-01,1.728772,alarm_without_verified_registry_event_not_proven_false_alarm
PageHinkley,2155,Колпашевский,Маркетплейсы,2024-07-01,1.7286729,alarm_without_verified_registry_event_not_proven_false_alarm
PageHinkley,1135,Ангарский,Продовольствие,2024-10-01,1.7285339,alarm_without_verified_registry_event_not_proven_false_alarm
PageHinkley,213,Лоухский,Продовольствие,2024-11-01,1.7266617,alarm_without_verified_registry_event_not_proven_false_alarm
PageHinkley,1696,Первомайский,Продовольствие,2024-10-01,1.7259315,alarm_without_verified_registry_event_not_proven_false_alarm
PageHinkley,375,Зеленодольский,Продовольствие,2024-10-01,1.7252986,alarm_without_verified_registry_event_not_proven_false_alarm
PageHinkley,1250,Таштагольский,Продовольствие,2024-10-01,1.7248565,alarm_without_verified_registry_event_not_proven_false_alarm
PageHinkley,1620,Новосибирский,Продовольствие,2024-10-01,1.7242743,alarm_without_verified_registry_event_not_proven_false_alarm
PageHinkley,366,Бавлинский,Все категории,2024-08-01,1.7216918,alarm_without_verified_registry_event_not_proven_false_alarm
PageHinkley,2326,Любимский,Продовольствие,2024-10-01,1.7191987,alarm_without_verified_registry_event_not_proven_false_alarm
PageHinkley,1777,Опочецкий,Продовольствие,2024-09-01,1.717612,alarm_without_verified_registry_event_not_proven_false_alarm
PageHinkley,691,Большеулуйский,Продовольствие,2024-08-01,1.7155417,alarm_without_verified_registry_event_not_proven_false_alarm
PageHinkley,1704,Тоцкий,Продовольствие,2024-08-01,1.7147002,alarm_without_verified_registry_event_not_proven_false_alarm
PageHinkley,1141,Усть-Илимск,Продовольствие,2024-10-01,1.7137243,alarm_without_verified_registry_event_not_proven_false_alarm
PageHinkley,1108,Вичуга,Продовольствие,2024-08-01,1.7110858,alarm_without_verified_registry_event_not_proven_false_alarm
PageHinkley,570,Чарышский,Продовольствие,2024-08-01,1.7106223,alarm_without_verified_registry_event_not_proven_false_alarm
PageHinkley,1859,Пронский,Продовольствие,2024-09-01,1.7097402,alarm_without_verified_registry_event_not_proven_false_alarm
PageHinkley,1635,Большеуковский,Здоровье,2024-08-01,1.7096922,alarm_without_verified_registry_event_not_proven_false_alarm
PageHinkley,434,Кезский,Продовольствие,2024-10-01,1.7050098,alarm_without_verified_registry_event_not_proven_false_alarm
PageHinkley,2149,Асиновский,Продовольствие,2024-10-01,1.7048252,alarm_without_verified_registry_event_not_proven_false_alarm
PageHinkley,1935,Новобурасский,Все категории,2024-09-01,1.7030516,alarm_without_verified_registry_event_not_proven_false_alarm
PageHinkley,1889,Борский,Продовольствие,2024-09-01,1.6997148,alarm_without_verified_registry_event_not_proven_false_alarm
PageHinkley,2391,Морские ворота,Продовольствие,2024-10-01,1.6984751,alarm_without_verified_registry_event_not_proven_false_alarm
PageHinkley,2886,Губахинский,Продовольствие,2024-10-01,1.6968752,alarm_without_verified_registry_event_not_proven_false_alarm
PageHinkley,876,Ивановский,Маркетплейсы,2024-07-01,1.6957316,alarm_without_verified_registry_event_not_proven_false_alarm
PageHinkley,1649,Нововаршавский,Здоровье,2024-08-01,1.6954169,alarm_without_verified_registry_event_not_proven_false_alarm
PageHinkley,853,Николаевский,Продовольствие,2024-11-01,1.6942651,alarm_without_verified_registry_event_not_proven_false_alarm
PageHinkley,1153,Качугский,Маркетплейсы,2024-07-01,1.6927428,alarm_without_verified_registry_event_not_proven_false_alarm
PageHinkley,1983,Ивдельский,Маркетплейсы,2024-07-01,1.6918663,alarm_without_verified_registry_event_not_proven_false_alarm
PageHinkley,1537,Ардатовский,Продовольствие,2024-10-01,1.6913285,alarm_without_verified_registry_event_not_proven_false_alarm
PageHinkley,2035,Тугулымский,Продовольствие,2024-08-01,1.6907961,alarm_without_verified_registry_event_not_proven_false_alarm
PageHinkley,2025,Красноуфимский,Продовольствие,2024-10-01,1.6886121,alarm_without_verified_registry_event_not_proven_false_alarm
PageHinkley,2576,Москворечье-Сабурово,Продовольствие,2024-09-01,1.685972,alarm_without_verified_registry_event_not_proven_false_alarm
PageHinkley,1947,Советский,Продовольствие,2024-10-01,1.6855689,alarm_without_verified_registry_event_not_proven_false_alarm
PageHinkley,2175,Воловский,Продовольствие,2024-11-01,1.6854956,alarm_without_verified_registry_event_not_proven_false_alarm
PageHinkley,913,Устьянский,Продовольствие,2024-10-01,1.6847982,alarm_without_verified_registry_event_not_proven_false_alarm
PageHinkley,1008,Волжский,Продовольствие,2024-10-01,1.6834517,alarm_without_verified_registry_event_not_proven_false_alarm
PageHinkley,1865,Сараевский,Все категории,2024-09-01,1.6816092,alarm_without_verified_registry_event_not_proven_false_alarm
PageHinkley,2341,Облученский,Маркетплейсы,2024-07-01,1.681489,alarm_without_verified_registry_event_not_proven_false_alarm
PageHinkley,2311,Саткинский,Продовольствие,2024-10-01,1.6807253,alarm_without_verified_registry_event_not_proven_false_alarm
PageHinkley,1559,Краснооктябрьский,Все категории,2024-09-01,1.678824,alarm_without_verified_registry_event_not_proven_false_alarm
PageHinkley,2278,Карабашский,Все категории,2024-09-01,1.6782066,alarm_without_verified_registry_event_not_proven_false_alarm
PageHinkley,751,Нытвенский,Продовольствие,2024-10-01,1.6755718,alarm_without_verified_registry_event_not_proven_false_alarm
PageHinkley,1327,Пыщугский,Маркетплейсы,2024-07-01,1.6752145,alarm_without_verified_registry_event_not_proven_false_alarm
PageHinkley,739,Горнозаводский,Продовольствие,2024-10-01,1.6716315,alarm_without_verified_registry_event_not_proven_false_alarm
PageHinkley,2041,Слободо-Туринский,Продовольствие,2024-09-01,1.6715297,alarm_without_verified_registry_event_not_proven_false_alarm
PageHinkley,1277,Куменский,Продовольствие,2024-12-01,1.6709884,alarm_without_verified_registry_event_not_proven_false_alarm
PageHinkley,2011,Сухой Лог,Продовольствие,2024-10-01,1.6700708,alarm_without_verified_registry_event_not_proven_false_alarm
PageHinkley,904,Красноборский,Все категории,2024-10-01,1.6687875,alarm_without_verified_registry_event_not_proven_false_alarm
PageHinkley,2140,Старицкий,Продовольствие,2024-10-01,1.6626211,alarm_without_verified_registry_event_not_proven_false_alarm
PageHinkley,1037,Светлоярский,Продовольствие,2024-08-01,1.6625066,alarm_without_verified_registry_event_not_proven_false_alarm
PageHinkley,1635,Большеуковский,Продовольствие,2024-08-01,1.6608402,alarm_without_verified_registry_event_not_proven_false_alarm
PageHinkley,1236,Прокопьевский,Продовольствие,2024-10-01,1.6580406,alarm_without_verified_registry_event_not_proven_false_alarm
PageHinkley,2125,Краснохолмский,Здоровье,2024-07-01,1.6565626,alarm_without_verified_registry_event_not_proven_false_alarm
PageHinkley,1529,Навашинский,Все категории,2024-09-01,1.6551287,alarm_without_verified_registry_event_not_proven_false_alarm
PageHinkley,2072,Кирсанов,Продовольствие,2024-10-01,1.6544242,alarm_without_verified_registry_event_not_proven_false_alarm
PageHinkley,41,Бижбулякский,Продовольствие,2024-10-01,1.6539983,alarm_without_verified_registry_event_not_proven_false_alarm
PageHinkley,67,Мечетлинский,Продовольствие,2024-10-01,1.6538091,alarm_without_verified_registry_event_not_proven_false_alarm
PageHinkley,734,Александровский,Все категории,2024-08-01,1.6533332,alarm_without_verified_registry_event_not_proven_false_alarm
PageHinkley,306,Теньгушевский,Все категории,2024-09-01,1.6499646,alarm_without_verified_registry_event_not_proven_false_alarm
PageHinkley,705,Курагинский,Маркетплейсы,2024-07-01,1.6494566,alarm_without_verified_registry_event_not_proven_false_alarm
PageHinkley,799,Пожарский,Все категории,2024-09-01,1.6468785,alarm_without_verified_registry_event_not_proven_false_alarm
PageHinkley,999,Меленковский,Все категории,2024-09-01,1.6466684,alarm_without_verified_registry_event_not_proven_false_alarm
PageHinkley,1774,Невельский,Все категории,2024-07-01,1.6425048,alarm_without_verified_registry_event_not_proven_false_alarm
PageHinkley,330,Нерюнгринский,Продовольствие,2024-12-01,1.6421833,alarm_without_verified_registry_event_not_proven_false_alarm
PageHinkley,1625,Тогучинский,Продовольствие,2024-08-01,1.6417549,alarm_without_verified_registry_event_not_proven_false_alarm
PageHinkley,784,Спасск-Дальний,Продовольствие,2024-11-01,1.6415744,alarm_without_verified_registry_event_not_proven_false_alarm
PageHinkley,356,Агрызский,Продовольствие,2024-10-01,1.6404808,alarm_without_verified_registry_event_not_proven_false_alarm
PageHinkley,817,Кировский,Продовольствие,2024-10-01,1.6395789,alarm_without_verified_registry_event_not_proven_false_alarm
PageHinkley,2618,Мантуровский,Все категории,2024-09-01,1.6395116,alarm_without_verified_registry_event_not_proven_false_alarm
PageHinkley,706,Манский,Маркетплейсы,2024-07-01,1.6389604,alarm_without_verified_registry_event_not_proven_false_alarm
PageHinkley,1270,Вятскополянский,Все категории,2024-10-01,1.6365076,alarm_without_verified_registry_event_not_proven_false_alarm
PageHinkley,2055,Кардымовский,Продовольствие,2024-10-01,1.6344987,alarm_without_verified_registry_event_not_proven_false_alarm
PageHinkley,2881,Предгорный,Продовольствие,2024-11-01,1.6327888,alarm_without_verified_registry_event_not_proven_false_alarm
PageHinkley,1153,Качугский,Продовольствие,2024-08-01,1.632434,alarm_without_verified_registry_event_not_proven_false_alarm
PageHinkley,289,Атяшевский,Продовольствие,2024-10-01,1.628807,alarm_without_verified_registry_event_not_proven_false_alarm
PageHinkley,1291,Санчурский,Продовольствие,2024-09-01,1.6272881,alarm_without_verified_registry_event_not_proven_false_alarm
PageHinkley,1788,Струго-Красненский,Продовольствие,2024-08-01,1.6262602,alarm_without_verified_registry_event_not_proven_false_alarm
PageHinkley,1719,Кромской,Продовольствие,2024-07-01,1.6260262,alarm_without_verified_registry_event_not_proven_false_alarm
PageHinkley,2320,Рыбинск,Продовольствие,2024-10-01,1.624733,alarm_without_verified_registry_event_not_proven_false_alarm
PageHinkley,1017,Дубовский,Продовольствие,2024-08-01,1.62437,alarm_without_verified_registry_event_not_proven_false_alarm
PageHinkley,745,Кизел,Все категории,2024-08-01,1.6189144,alarm_without_verified_registry_event_not_proven_false_alarm
PageHinkley,498,Чебоксарский,Продовольствие,2024-11-01,1.6180396,alarm_without_verified_registry_event_not_proven_false_alarm
PageHinkley,2266,Радищевский,Все категории,2024-09-01,1.6151587,alarm_without_verified_registry_event_not_proven_false_alarm
PageHinkley,1071,Череповецкий,Продовольствие,2024-11-01,1.6146281,alarm_without_verified_registry_event_not_proven_false_alarm
PageHinkley,1634,Большереченский,Маркетплейсы,2024-07-01,1.6137582,alarm_without_verified_registry_event_not_proven_false_alarm
PageHinkley,1954,Александровск-Сахалинский,Все категории,2024-10-01,1.6133536,alarm_without_verified_registry_event_not_proven_false_alarm
PageHinkley,1231,Междуреченский,Продовольствие,2024-10-01,1.6123029,alarm_without_verified_registry_event_not_proven_false_alarm
PageHinkley,238,Сысольский,Здоровье,2024-08-01,1.6116153,alarm_without_verified_registry_event_not_proven_false_alarm
PageHinkley,922,Енотаевский,Продовольствие,2024-10-01,1.6108835,alarm_without_verified_registry_event_not_proven_false_alarm
PageHinkley,436,Киясовский,Продовольствие,2024-09-01,1.6108682,alarm_without_verified_registry_event_not_proven_false_alarm
PageHinkley,2304,Красноармейский,Продовольствие,2024-11-01,1.6108314,alarm_without_verified_registry_event_not_proven_false_alarm
PageHinkley,2004,Первоуральск,Продовольствие,2024-10-01,1.6102613,alarm_without_verified_registry_event_not_proven_false_alarm
PageHinkley,804,Хорольский,Продовольствие,2024-12-01,1.6081707,alarm_without_verified_registry_event_not_proven_false_alarm
PageHinkley,1421,Краснинский,Все категории,2024-07-01,1.6069514,alarm_without_verified_registry_event_not_proven_false_alarm
PageHinkley,2028,Новолялинский,Маркетплейсы,2024-07-01,1.6060454,alarm_without_verified_registry_event_not_proven_false_alarm
PageHinkley,2262,Николаевский,Все категории,2024-07-01,1.6042544,alarm_without_verified_registry_event_not_proven_false_alarm
PageHinkley,378,Кукморский,Продовольствие,2024-09-01,1.6029702,alarm_without_verified_registry_event_not_proven_false_alarm
PageHinkley,2223,Покачи,Продовольствие,2024-11-01,1.6019257,alarm_without_verified_registry_event_not_proven_false_alarm
PageHinkley,360,Алексеевский,Продовольствие,2024-10-01,1.599655,alarm_without_verified_registry_event_not_proven_false_alarm
PageHinkley,924,Камызякский,Продовольствие,2024-09-01,1.599354,alarm_without_verified_registry_event_not_proven_false_alarm
PageHinkley,1952,Энгельсский,Продовольствие,2024-10-01,1.5982347,alarm_without_verified_registry_event_not_proven_false_alarm
PageHinkley,373,Елабужский,Продовольствие,2024-10-01,1.59758,alarm_without_verified_registry_event_not_proven_false_alarm
PageHinkley,80,Чекмагушевский,Все категории,2024-09-01,1.5973746,alarm_without_verified_registry_event_not_proven_false_alarm
PageHinkley,1285,Омутнинский,Продовольствие,2024-10-01,1.5971017,alarm_without_verified_registry_event_not_proven_false_alarm
PageHinkley,2064,Сычевский,Все категории,2024-07-01,1.5960499,alarm_without_verified_registry_event_not_proven_false_alarm
PageHinkley,9,Шовгеновский,Все категории,2024-11-01,1.5955096,alarm_without_verified_registry_event_not_proven_false_alarm
PageHinkley,794,Надеждинский,Маркетплейсы,2024-08-01,1.5953852,alarm_without_verified_registry_event_not_proven_false_alarm
PageHinkley,534,Крутихинский,Продовольствие,2024-11-01,1.5950799,alarm_without_verified_registry_event_not_proven_false_alarm
PageHinkley,567,Усть-Пристанский,Продовольствие,2024-10-01,1.5943906,alarm_without_verified_registry_event_not_proven_false_alarm
PageHinkley,1282,Нагорский,Продовольствие,2024-10-01,1.5938773,alarm_without_verified_registry_event_not_proven_false_alarm
PageHinkley,82,Шаранский,Продовольствие,2024-12-01,1.5908132,alarm_without_verified_registry_event_not_proven_false_alarm
PageHinkley,815,Ипатовский,Продовольствие,2024-12-01,1.588395,alarm_without_verified_registry_event_not_proven_false_alarm
PageHinkley,2253,Новоульяновск,Продовольствие,2024-10-01,1.5876755,alarm_without_verified_registry_event_not_proven_false_alarm
PageHinkley,873,Бурейский,Продовольствие,2024-09-01,1.5867184,alarm_without_verified_registry_event_not_proven_false_alarm
PageHinkley,207,Костомукшский,Продовольствие,2024-10-01,1.5857953,alarm_without_verified_registry_event_not_proven_false_alarm
PageHinkley,1631,Чулымский,Продовольствие,2024-11-01,1.5836232,alarm_without_verified_registry_event_not_proven_false_alarm
PageHinkley,15,Улаганский,Продовольствие,2024-11-01,1.5772802,alarm_without_verified_registry_event_not_proven_false_alarm
PageHinkley,2321,Большесельский,Продовольствие,2024-09-01,1.5769514,alarm_without_verified_registry_event_not_proven_false_alarm
PageHinkley,1440,Бронницы,Продовольствие,2024-10-01,1.5767416,alarm_without_verified_registry_event_not_proven_false_alarm
PageHinkley,2446,Стрельна,Продовольствие,2024-10-01,1.5757136,alarm_without_verified_registry_event_not_proven_false_alarm
PageHinkley,1333,Курган,Продовольствие,2024-10-01,1.5740702,alarm_without_verified_registry_event_not_proven_false_alarm
PageHinkley,1194,Полесский,Все категории,2024-10-01,1.5730901,alarm_without_verified_registry_event_not_proven_false_alarm
PageHinkley,1275,Кирово-Чепецкий,Продовольствие,2024-11-01,1.5710175,alarm_without_verified_registry_event_not_proven_false_alarm
PageHinkley,763,Чайковский,Продовольствие,2024-10-01,1.5696679,alarm_without_verified_registry_event_not_proven_false_alarm
PageHinkley,1040,Старополтавский,Продовольствие,2024-10-01,1.5662615,alarm_without_verified_registry_event_not_proven_false_alarm
PageHinkley,1054,Вологодский,Продовольствие,2024-12-01,1.5656888,alarm_without_verified_registry_event_not_proven_false_alarm
PageHinkley,1991,Кировградский,Продовольствие,2024-08-01,1.5655537,alarm_without_verified_registry_event_not_proven_false_alarm
PageHinkley,705,Курагинский,Продовольствие,2024-10-01,1.564982,alarm_without_verified_registry_event_not_proven_false_alarm
PageHinkley,992,Вязниковский,Продовольствие,2024-10-01,1.5571961,alarm_without_verified_registry_event_not_proven_false_alarm
PageHinkley,675,Лесосибирск,Продовольствие,2024-10-01,1.5568599,alarm_without_verified_registry_event_not_proven_false_alarm
PageHinkley,1917,Аткарский,Продовольствие,2024-10-01,1.5561862,alarm_without_verified_registry_event_not_proven_false_alarm
PageHinkley,1062,Нюксенский,Продовольствие,2024-10-01,1.5548978,alarm_without_verified_registry_event_not_proven_false_alarm
PageHinkley,687,Бирилюсский,Маркетплейсы,2024-08-01,1.5546905,alarm_without_verified_registry_event_not_proven_false_alarm
PageHinkley,444,Шарканский,Продовольствие,2024-10-01,1.5546647,alarm_without_verified_registry_event_not_proven_false_alarm
PageHinkley,1027,Кумылженский,Общественное питание,2024-07-01,1.5529882,alarm_without_verified_registry_event_not_proven_false_alarm
PageHinkley,1850,Захаровский,Продовольствие,2024-11-01,1.5503386,alarm_without_verified_registry_event_not_proven_false_alarm
PageHinkley,907,Мезенский,Продовольствие,2024-10-01,1.5496686,alarm_without_verified_registry_event_not_proven_false_alarm
PageHinkley,275,Килемарский,Продовольствие,2024-10-01,1.549626,alarm_without_verified_registry_event_not_proven_false_alarm
PageHinkley,1353,Частоозерский,Транспорт,2024-07-01,1.5464611,alarm_without_verified_registry_event_not_proven_false_alarm
PageHinkley,588,Могочинский,Продовольствие,2024-11-01,1.5462254,alarm_without_verified_registry_event_not_proven_false_alarm
PageHinkley,303,Рузаевский,Продовольствие,2024-10-01,1.546059,alarm_without_verified_registry_event_not_proven_false_alarm
PageHinkley,1124,Пестяковский,Транспорт,2024-08-01,1.5436373,alarm_without_verified_registry_event_not_proven_false_alarm
PageHinkley,2221,Нижневартовск,Продовольствие,2024-10-01,1.543286,alarm_without_verified_registry_event_not_proven_false_alarm
PageHinkley,1534,Первомайск,Продовольствие,2024-10-01,1.5420424,alarm_without_verified_registry_event_not_proven_false_alarm
PageHinkley,2137,Селижаровский,Продовольствие,2024-09-01,1.5411696,alarm_without_verified_registry_event_not_proven_false_alarm
PageHinkley,1066,Тотемский,Продовольствие,2024-12-01,1.5392473,alarm_without_verified_registry_event_not_proven_false_alarm
PageHinkley,1237,Тайгинский,Продовольствие,2024-10-01,1.5386206,alarm_without_verified_registry_event_not_proven_false_alarm
PageHinkley,872,Благовещенский,Продовольствие,2024-10-01,1.5383965,alarm_without_verified_registry_event_not_proven_false_alarm
PageHinkley,1930,Красноармейский,Продовольствие,2024-10-01,1.5376283,alarm_without_verified_registry_event_not_proven_false_alarm
PageHinkley,2282,Миасский,Продовольствие,2024-10-01,1.5365245,alarm_without_verified_registry_event_not_proven_false_alarm
PageHinkley,2024,Каменский,Продовольствие,2024-10-01,1.5354428,alarm_without_verified_registry_event_not_proven_false_alarm
PageHinkley,1122,Лухский,Все категории,2024-08-01,1.53527,alarm_without_verified_registry_event_not_proven_false_alarm
PageHinkley,385,Нижнекамский,Продовольствие,2024-10-01,1.5347906,alarm_without_verified_registry_event_not_proven_false_alarm
PageHinkley,272,Волжский,Все категории,2024-09-01,1.533931,alarm_without_verified_registry_event_not_proven_false_alarm
PageHinkley,2183,Плавский,Продовольствие,2024-12-01,1.5338469,alarm_without_verified_registry_event_not_proven_false_alarm
PageHinkley,747,Красновишерский,Маркетплейсы,2024-07-01,1.5316168,alarm_without_verified_registry_event_not_proven_false_alarm
PageHinkley,2252,Димитровград,Продовольствие,2024-10-01,1.5315882,alarm_without_verified_registry_event_not_proven_false_alarm
PageHinkley,1327,Пыщугский,Продовольствие,2024-11-01,1.5309138,alarm_without_verified_registry_event_not_proven_false_alarm
PageHinkley,549,Родинский,Продовольствие,2024-10-01,1.529598,alarm_without_verified_registry_event_not_proven_false_alarm
PageHinkley,1273,Кикнурский,Продовольствие,2024-10-01,1.5282363,alarm_without_verified_registry_event_not_proven_false_alarm
PageHinkley,779,Дальнегорский,Продовольствие,2024-12-01,1.5276983,alarm_without_verified_registry_event_not_proven_false_alarm
PageHinkley,2315,Уйский,Все категории,2024-07-01,1.5245863,alarm_without_verified_registry_event_not_proven_false_alarm
PageHinkley,1990,Качканарский,Продовольствие,2024-10-01,1.5238266,alarm_without_verified_registry_event_not_proven_false_alarm
PageHinkley,727,Пермский,Продовольствие,2024-10-01,1.5217812,alarm_without_verified_registry_event_not_proven_false_alarm
PageHinkley,585,Краснокаменск и Краснокаменский,Продовольствие,2024-09-01,1.5213071,alarm_without_verified_registry_event_not_proven_false_alarm
PageHinkley,1117,Ивановский,Продовольствие,2024-10-01,1.5207016,alarm_without_verified_registry_event_not_proven_false_alarm
PageHinkley,920,Ахтубинский,Все категории,2024-08-01,1.5186776,alarm_without_verified_registry_event_not_proven_false_alarm
PageHinkley,911,Плесецкий,Продовольствие,2024-11-01,1.5061245,alarm_without_verified_registry_event_not_proven_false_alarm
PageHinkley,73,Стерлитамакский,Продовольствие,2024-10-01,1.5060467,alarm_without_verified_registry_event_not_proven_false_alarm
PageHinkley,2287,Усть-Катавский,Продовольствие,2024-10-01,1.5059907,alarm_without_verified_registry_event_not_proven_false_alarm
PageHinkley,2647,Боровский,Продовольствие,2024-09-01,1.5040052,alarm_without_verified_registry_event_not_proven_false_alarm
PageHinkley,1598,Бердск,Продовольствие,2024-10-01,1.5031159,alarm_without_verified_registry_event_not_proven_false_alarm
PageHinkley,1579,Волотовский,Продовольствие,2024-11-01,1.5024663,alarm_without_verified_registry_event_not_proven_false_alarm
PageHinkley,1258,Киров,Продовольствие,2024-10-01,1.502144,alarm_without_verified_registry_event_not_proven_false_alarm
PageHinkley,1978,Богданович,Продовольствие,2024-10-01,1.5019389,alarm_without_verified_registry_event_not_proven_false_alarm
PageHinkley,2053,Ельнинский,Продовольствие,2024-08-01,1.501754,alarm_without_verified_registry_event_not_proven_false_alarm
PageHinkley,357,Азнакаевский,Продовольствие,2024-10-01,1.4977611,alarm_without_verified_registry_event_not_proven_false_alarm
PageHinkley,1173,Нукутский,Продовольствие,2024-10-01,1.4977347,alarm_without_verified_registry_event_not_proven_false_alarm
PageHinkley,1776,Новосокольнический,Маркетплейсы,2024-09-01,1.4967566,alarm_without_verified_registry_event_not_proven_false_alarm
PageHinkley,2316,Чебаркульский,Продовольствие,2024-09-01,1.4958513,alarm_without_verified_registry_event_not_proven_false_alarm
PageHinkley,405,Кызылский,Продовольствие,2024-10-01,1.4956237,alarm_without_verified_registry_event_not_proven_false_alarm
PageHinkley,231,Княжпогостский,Продовольствие,2024-10-01,1.4926511,alarm_without_verified_registry_event_not_proven_false_alarm
PageHinkley,1740,Бессоновский,Продовольствие,2024-10-01,1.4925399,alarm_without_verified_registry_event_not_proven_false_alarm
PageHinkley,1607,Здвинский,Продовольствие,2024-10-01,1.4912907,alarm_without_verified_registry_event_not_proven_false_alarm
PageHinkley,1908,Челно-Вершинский,Продовольствие,2024-10-01,1.4901756,alarm_without_verified_registry_event_not_proven_false_alarm
PageHinkley,2327,Мышкинский,Продовольствие,2024-11-01,1.4892521,alarm_without_verified_registry_event_not_proven_false_alarm
PageHinkley,699,Казачинский,Маркетплейсы,2024-07-01,1.4886626,alarm_without_verified_registry_event_not_proven_false_alarm
PageHinkley,1314,Кологривский,Продовольствие,2024-10-01,1.4883777,alarm_without_verified_registry_event_not_proven_false_alarm
PageHinkley,1146,Братский,Продовольствие,2024-10-01,1.487816,alarm_without_verified_registry_event_not_proven_false_alarm
PageHinkley,2076,Рассказово,Продовольствие,2024-10-01,1.4856327,alarm_without_verified_registry_event_not_proven_false_alarm
PageHinkley,225,Воркута,Продовольствие,2024-12-01,1.4824626,alarm_without_verified_registry_event_not_proven_false_alarm
PageHinkley,769,Гайнский,Продовольствие,2024-10-01,1.4821371,alarm_without_verified_registry_event_not_proven_false_alarm
PageHinkley,1134,Иркутск,Продовольствие,2024-10-01,1.4813068,alarm_without_verified_registry_event_not_proven_false_alarm
PageHinkley,2036,Туринский,Продовольствие,2024-10-01,1.4807365,alarm_without_verified_registry_event_not_proven_false_alarm
PageHinkley,708,Мотыгинский,Маркетплейсы,2024-08-01,1.4802837,alarm_without_verified_registry_event_not_proven_false_alarm
PageHinkley,2127,Лесной,Продовольствие,2024-10-01,1.4786983,alarm_without_verified_registry_event_not_proven_false_alarm
PageHinkley,1591,Солецкий,Продовольствие,2024-10-01,1.478096,alarm_without_verified_registry_event_not_proven_false_alarm
PageHinkley,2134,Рамешковский,Продовольствие,2024-11-01,1.4730473,alarm_without_verified_registry_event_not_proven_false_alarm
PageHinkley,2035,Тугулымский,Все категории,2024-07-01,1.4722272,alarm_without_verified_registry_event_not_proven_false_alarm
PageHinkley,825,Советский,Продовольствие,2024-11-01,1.4696189,alarm_without_verified_registry_event_not_proven_false_alarm
PageHinkley,741,Добрянский,Продовольствие,2024-11-01,1.4682124,alarm_without_verified_registry_event_not_proven_false_alarm
PageHinkley,194,Черкесский,Продовольствие,2024-10-01,1.4665742,alarm_without_verified_registry_event_not_proven_false_alarm
PageHinkley,2124,Конаковский,Продовольствие,2024-10-01,1.4650111,alarm_without_verified_registry_event_not_proven_false_alarm
PageHinkley,873,Бурейский,Маркетплейсы,2024-07-01,1.4613158,alarm_without_verified_registry_event_not_proven_false_alarm
PageHinkley,1603,Барабинский,Продовольствие,2024-10-01,1.4609177,alarm_without_verified_registry_event_not_proven_false_alarm
PageHinkley,1018,Еланский,Продовольствие,2024-11-01,1.4605908,alarm_without_verified_registry_event_not_proven_false_alarm
PageHinkley,666,Красноярск,Продовольствие,2024-10-01,1.458399,alarm_without_verified_registry_event_not_proven_false_alarm
PageHinkley,2264,Новоспасский,Продовольствие,2024-11-01,1.4568609,alarm_without_verified_registry_event_not_proven_false_alarm
PageHinkley,1185,Гвардейский,Все категории,2024-08-01,1.4562174,alarm_without_verified_registry_event_not_proven_false_alarm
PageHinkley,2241,Муравленко,Продовольствие,2024-12-01,1.4551448,alarm_without_verified_registry_event_not_proven_false_alarm
PageHinkley,753,Ординский,Продовольствие,2024-11-01,1.4539566,alarm_without_verified_registry_event_not_proven_false_alarm
PageHinkley,2307,Нагайбакский,Все категории,2024-09-01,1.4537604,alarm_without_verified_registry_event_not_proven_false_alarm
PageHinkley,395,Тюлячинский,Продовольствие,2024-08-01,1.4526235,alarm_without_verified_registry_event_not_proven_false_alarm
PageHinkley,3009,Тамбов,Продовольствие,2024-10-01,1.4524674,alarm_without_verified_registry_event_not_proven_false_alarm
PageHinkley,2234,Октябрьский,Продовольствие,2024-12-01,1.4507904,alarm_without_verified_registry_event_not_proven_false_alarm
PageHinkley,1138,Саянск,Продовольствие,2024-10-01,1.4507316,alarm_without_verified_registry_event_not_proven_false_alarm
PageHinkley,332,Оймяконский,Маркетплейсы,2024-10-01,1.4460311,alarm_without_verified_registry_event_not_proven_false_alarm
PageHinkley,583,Калганский,Маркетплейсы,2024-07-01,1.4456949,alarm_without_verified_registry_event_not_proven_false_alarm
PageHinkley,1246,Мариинский,Продовольствие,2024-10-01,1.4446634,alarm_without_verified_registry_event_not_proven_false_alarm
PageHinkley,1870,Ухоловский,Продовольствие,2024-12-01,1.4444418,alarm_without_verified_registry_event_not_proven_false_alarm
PageHinkley,336,Сунтарский,Продовольствие,2024-08-01,1.443896,alarm_without_verified_registry_event_not_proven_false_alarm
PageHinkley,1944,Ртищевский,Продовольствие,2024-10-01,1.4436003,alarm_without_verified_registry_event_not_proven_false_alarm
PageHinkley,1510,Оленегорск,Продовольствие,2024-10-01,1.4421597,alarm_without_verified_registry_event_not_proven_false_alarm
PageHinkley,2416,Песочный,Продовольствие,2024-10-01,1.4408284,alarm_without_verified_registry_event_not_proven_false_alarm
PageHinkley,1761,Спасский,Все категории,2024-10-01,1.4405469,alarm_without_verified_registry_event_not_proven_false_alarm
PageHinkley,1637,Знаменский,Продовольствие,2024-08-01,1.4404888,alarm_without_verified_registry_event_not_proven_false_alarm
PageHinkley,2301,Катав-Ивановский,Продовольствие,2024-10-01,1.4402632,alarm_without_verified_registry_event_not_proven_false_alarm
PageHinkley,1737,Башмаковский,Продовольствие,2024-11-01,1.438164,alarm_without_verified_registry_event_not_proven_false_alarm
PageHinkley,776,Арсеньевский,Маркетплейсы,2024-07-01,1.4364296,alarm_without_verified_registry_event_not_proven_false_alarm
PageHinkley,1619,Мошковский,Маркетплейсы,2024-07-01,1.4338452,alarm_without_verified_registry_event_not_proven_false_alarm
PageHinkley,1615,Куйбышевский,Продовольствие,2024-10-01,1.4337639,alarm_without_verified_registry_event_not_proven_false_alarm
PageHinkley,2289,Южноуральский,Продовольствие,2024-10-01,1.4336306,alarm_without_verified_registry_event_not_proven_false_alarm
PageHinkley,1657,Седельниковский,Маркетплейсы,2024-08-01,1.433219,alarm_without_verified_registry_event_not_proven_false_alarm
PageHinkley,1888,Большечерниговский,Продовольствие,2024-09-01,1.4315481,alarm_without_verified_registry_event_not_proven_false_alarm
PageHinkley,1241,Гурьевский,Продовольствие,2024-10-01,1.4289415,alarm_without_verified_registry_event_not_proven_false_alarm
PageHinkley,2118,Зубцовский,Все категории,2024-09-01,1.4271805,alarm_without_verified_registry_event_not_proven_false_alarm
PageHinkley,1707,Орёл,Продовольствие,2024-10-01,1.4264117,alarm_without_verified_registry_event_not_proven_false_alarm
PageHinkley,1322,Октябрьский,Продовольствие,2024-10-01,1.4263161,alarm_without_verified_registry_event_not_proven_false_alarm
PageHinkley,2210,Тюменский,Продовольствие,2024-10-01,1.4247079,alarm_without_verified_registry_event_not_proven_false_alarm
PageHinkley,2547,Капотня,Продовольствие,2024-10-01,1.423851,alarm_without_verified_registry_event_not_proven_false_alarm
PageHinkley,1591,Солецкий,Все категории,2024-10-01,1.4238509,alarm_without_verified_registry_event_not_proven_false_alarm
PageHinkley,1238,Юргинский,Продовольствие,2024-10-01,1.4228365,alarm_without_verified_registry_event_not_proven_false_alarm
PageHinkley,1875,Жигулевск,Продовольствие,2024-10-01,1.4227238,alarm_without_verified_registry_event_not_proven_false_alarm
PageHinkley,803,Хасанский,Продовольствие,2024-12-01,1.4221988,alarm_without_verified_registry_event_not_proven_false_alarm
PageHinkley,1512,Ковдорский,Продовольствие,2024-10-01,1.4197395,alarm_without_verified_registry_event_not_proven_false_alarm
PageHinkley,1728,Свердловский,Продовольствие,2024-10-01,1.4173876,alarm_without_verified_registry_event_not_proven_false_alarm
PageHinkley,1597,Новосибирск,Продовольствие,2024-10-01,1.4139619,alarm_without_verified_registry_event_not_proven_false_alarm
PageHinkley,1155,Куйтунский,Продовольствие,2024-08-01,1.4130145,alarm_without_verified_registry_event_not_proven_false_alarm
PageHinkley,1429,Чаплыгинский,Продовольствие,2024-09-01,1.4121764,alarm_without_verified_registry_event_not_proven_false_alarm
PageHinkley,42,Бирский,Продовольствие,2024-10-01,1.4109504,alarm_without_verified_registry_event_not_proven_false_alarm
PageHinkley,1778,Островский,Продовольствие,2024-10-01,1.4073092,alarm_without_verified_registry_event_not_proven_false_alarm
PageHinkley,2073,Котовск,Продовольствие,2024-12-01,1.4064453,alarm_without_verified_registry_event_not_proven_false_alarm
PageHinkley,1220,Ульяновский,Все категории,2024-11-01,1.4054607,alarm_without_verified_registry_event_not_proven_false_alarm
PageHinkley,1335,Альменевский,Продовольствие,2024-11-01,1.4025589,alarm_without_verified_registry_event_not_proven_false_alarm
PageHinkley,2015,Алапаевское,Продовольствие,2024-10-01,1.4019613,alarm_without_verified_registry_event_not_proven_false_alarm
PageHinkley,1548,Вознесенский,Продовольствие,2024-10-01,1.3999821,alarm_without_verified_registry_event_not_proven_false_alarm
PageHinkley,1414,Данковский,Все категории,2024-08-01,1.3989404,alarm_without_verified_registry_event_not_proven_false_alarm
PageHinkley,38,Белебеевский,Продовольствие,2024-10-01,1.396926,alarm_without_verified_registry_event_not_proven_false_alarm
PageHinkley,1200,Бабынинский,Продовольствие,2024-08-01,1.3954862,alarm_without_verified_registry_event_not_proven_false_alarm
PageHinkley,532,Красногорский,Маркетплейсы,2024-09-01,1.395139,alarm_without_verified_registry_event_not_proven_false_alarm
PageHinkley,550,Романовский,Продовольствие,2024-10-01,1.3941537,alarm_without_verified_registry_event_not_proven_false_alarm
PageHinkley,379,Лаишевский,Продовольствие,2024-10-01,1.3936608,alarm_without_verified_registry_event_not_proven_false_alarm
PageHinkley,355,Набережные Челны,Продовольствие,2024-10-01,1.3934218,alarm_without_verified_registry_event_not_proven_false_alarm
PageHinkley,1541,Большеболдинский,Продовольствие,2024-10-01,1.3931592,alarm_without_verified_registry_event_not_proven_false_alarm
PageHinkley,1979,Верхняя Пышма,Продовольствие,2024-10-01,1.3919889,alarm_without_verified_registry_event_not_proven_false_alarm
PageHinkley,820,Невинномысск,Продовольствие,2024-11-01,1.3905264,alarm_without_verified_registry_event_not_proven_false_alarm
PageHinkley,1995,Красноуфимск,Продовольствие,2024-10-01,1.3896883,alarm_without_verified_registry_event_not_proven_false_alarm
PageHinkley,847,Ванинский,Продовольствие,2024-10-01,1.3886651,alarm_without_verified_registry_event_not_proven_false_alarm
PageHinkley,223,Суоярвский,Продовольствие,2024-10-01,1.3878958,alarm_without_verified_registry_event_not_proven_false_alarm
PageHinkley,2094,Сампурский,Продовольствие,2024-11-01,1.3876555,alarm_without_verified_registry_event_not_proven_false_alarm
PageHinkley,1065,Тарногский,Продовольствие,2024-11-01,1.3868704,alarm_without_verified_registry_event_not_proven_false_alarm
PageHinkley,278,Медведевский,Продовольствие,2024-10-01,1.3820976,alarm_without_verified_registry_event_not_proven_false_alarm
PageHinkley,2182,Одоевский,Продовольствие,2024-09-01,1.3810022,alarm_without_verified_registry_event_not_proven_false_alarm
PageHinkley,881,Октябрьский,Маркетплейсы,2024-07-01,1.38079,alarm_without_verified_registry_event_not_proven_false_alarm
PageHinkley,819,Минераловодский,Продовольствие,2024-12-01,1.3806393,alarm_without_verified_registry_event_not_proven_false_alarm
PageHinkley,81,Чишминский,Продовольствие,2024-10-01,1.3790942,alarm_without_verified_registry_event_not_proven_false_alarm
PageHinkley,1730,Троснянский,Все категории,2024-08-01,1.3790792,alarm_without_verified_registry_event_not_proven_false_alarm
PageHinkley,1526,Выкса,Продовольствие,2024-10-01,1.3788109,alarm_without_verified_registry_event_not_proven_false_alarm
PageHinkley,2293,Ашинский,Продовольствие,2024-10-01,1.3779974,alarm_without_verified_registry_event_not_proven_false_alarm
PageHinkley,2433,№ 54,Продовольствие,2024-10-01,1.3768467,alarm_without_verified_registry_event_not_proven_false_alarm
PageHinkley,239,Троицко-Печорский,Продовольствие,2024-10-01,1.3768381,alarm_without_verified_registry_event_not_proven_false_alarm
PageHinkley,1749,Лопатинский,Продовольствие,2024-10-01,1.3764875,alarm_without_verified_registry_event_not_proven_false_alarm
PageHinkley,856,Советско-Гаванский,Маркетплейсы,2024-07-01,1.3753983,alarm_without_verified_registry_event_not_proven_false_alarm
PageHinkley,1293,Слободской,Продовольствие,2024-10-01,1.3746947,alarm_without_verified_registry_event_not_proven_false_alarm
PageHinkley,1858,Пителинский,Продовольствие,2024-09-01,1.3739473,alarm_without_verified_registry_event_not_proven_false_alarm
PageHinkley,1170,Аларский,Маркетплейсы,2024-09-01,1.3734962,alarm_without_verified_registry_event_not_proven_false_alarm
PageHinkley,333,Олекминский,Продовольствие,2024-11-01,1.3731949,alarm_without_verified_registry_event_not_proven_false_alarm
PageHinkley,2274,Чердаклинский,Продовольствие,2024-10-01,1.3706964,alarm_without_verified_registry_event_not_proven_false_alarm
PageHinkley,533,Краснощёковский,Продовольствие,2024-11-01,1.3694731,alarm_without_verified_registry_event_not_proven_false_alarm
PageHinkley,1985,Ирбит,Продовольствие,2024-10-01,1.3684993,alarm_without_verified_registry_event_not_proven_false_alarm
PageHinkley,882,Ромненский,Маркетплейсы,2024-08-01,1.3683226,alarm_without_verified_registry_event_not_proven_false_alarm
PageHinkley,856,Советско-Гаванский,Продовольствие,2024-10-01,1.3678749,alarm_without_verified_registry_event_not_proven_false_alarm
PageHinkley,450,Саяногорск,Все категории,2024-07-01,1.3673697,alarm_without_verified_registry_event_not_proven_false_alarm
PageHinkley,2023,Ирбитское,Все категории,2024-08-01,1.3669047,alarm_without_verified_registry_event_not_proven_false_alarm
PageHinkley,1890,Волжский,Продовольствие,2024-10-01,1.3664736,alarm_without_verified_registry_event_not_proven_false_alarm
PageHinkley,1522,Терский,Маркетплейсы,2024-08-01,1.3600253,alarm_without_verified_registry_event_not_proven_false_alarm
PageHinkley,1697,Переволоцкий,Маркетплейсы,2024-07-01,1.3599006,alarm_without_verified_registry_event_not_proven_false_alarm
PageHinkley,1157,Нижнеилимский,Продовольствие,2024-10-01,1.3577946,alarm_without_verified_registry_event_not_proven_false_alarm
PageHinkley,2022,Гаринский,Все категории,2024-09-01,1.3563894,alarm_without_verified_registry_event_not_proven_false_alarm
PageHinkley,492,Красночетайский,Продовольствие,2024-12-01,1.3533565,alarm_without_verified_registry_event_not_proven_false_alarm
PageHinkley,2105,Осташковский,Продовольствие,2024-10-01,1.3528588,alarm_without_verified_registry_event_not_proven_false_alarm
PageHinkley,1926,Екатериновский,Продовольствие,2024-10-01,1.3524467,alarm_without_verified_registry_event_not_proven_false_alarm
PageHinkley,821,Нефтекумский,Продовольствие,2024-10-01,1.351558,alarm_without_verified_registry_event_not_proven_false_alarm
PageHinkley,1539,Балахнинский,Продовольствие,2024-10-01,1.3509767,alarm_without_verified_registry_event_not_proven_false_alarm
PageHinkley,494,Моргаушский,Все категории,2024-11-01,1.3507953,alarm_without_verified_registry_event_not_proven_false_alarm
PageHinkley,2325,Даниловский,Продовольствие,2024-11-01,1.3507589,alarm_without_verified_registry_event_not_proven_false_alarm
PageHinkley,1195,Правдинский,Продовольствие,2024-07-01,1.3499489,alarm_without_verified_registry_event_not_proven_false_alarm
PageHinkley,823,Петровский,Продовольствие,2024-11-01,1.349316,alarm_without_verified_registry_event_not_proven_false_alarm
PageHinkley,848,Верхнебуреинский,Продовольствие,2024-11-01,1.3469969,alarm_without_verified_registry_event_not_proven_false_alarm
PageHinkley,220,Пудожский,Все категории,2024-10-01,1.3442918,alarm_without_verified_registry_event_not_proven_false_alarm
PageHinkley,782,Находкинский,Маркетплейсы,2024-08-01,1.343934,alarm_without_verified_registry_event_not_proven_false_alarm
PageHinkley,2262,Николаевский,Продовольствие,2024-11-01,1.3439301,alarm_without_verified_registry_event_not_proven_false_alarm
PageHinkley,2091,Пичаевский,Продовольствие,2024-10-01,1.3429064,alarm_without_verified_registry_event_not_proven_false_alarm
PageHinkley,2075,Моршанск,Продовольствие,2024-11-01,1.3426301,alarm_without_verified_registry_event_not_proven_false_alarm
PageHinkley,1221,Ферзиковский,Продовольствие,2024-09-01,1.3425884,alarm_without_verified_registry_event_not_proven_false_alarm
PageHinkley,2158,Парабельский,Продовольствие,2024-10-01,1.3419914,alarm_without_verified_registry_event_not_proven_false_alarm
PageHinkley,1306,Галич,Продовольствие,2024-10-01,1.341528,alarm_without_verified_registry_event_not_proven_false_alarm
PageHinkley,1631,Чулымский,Здоровье,2024-08-01,1.341071,alarm_without_verified_registry_event_not_proven_false_alarm
PageHinkley,1035,Палласовский,Продовольствие,2024-08-01,1.3410032,alarm_without_verified_registry_event_not_proven_false_alarm
PageHinkley,1775,Новоржевский,Продовольствие,2024-10-01,1.3399653,alarm_without_verified_registry_event_not_proven_false_alarm
PageHinkley,29,Стерлитамак,Продовольствие,2024-11-01,1.3391097,alarm_without_verified_registry_event_not_proven_false_alarm
PageHinkley,1331,Чухломский,Продовольствие,2024-10-01,1.3381201,alarm_without_verified_registry_event_not_proven_false_alarm
PageHinkley,58,Калтасинский,Продовольствие,2024-11-01,1.3381118,alarm_without_verified_registry_event_not_proven_false_alarm
PageHinkley,2349,Билибинский,Продовольствие,2024-08-01,1.337345,alarm_without_verified_registry_event_not_proven_false_alarm
PageHinkley,2332,Пошехонский,Продовольствие,2024-11-01,1.3368392,alarm_without_verified_registry_event_not_proven_false_alarm
PageHinkley,1425,Становлянский,Все категории,2024-09-01,1.3341441,alarm_without_verified_registry_event_not_proven_false_alarm
PageHinkley,77,Учалинский,Продовольствие,2024-11-01,1.3334203,alarm_without_verified_registry_event_not_proven_false_alarm
PageHinkley,2459,Смольнинское,Продовольствие,2024-10-01,1.3333476,alarm_without_verified_registry_event_not_proven_false_alarm
PageHinkley,556,Солтонский,Продовольствие,2024-10-01,1.3325616,alarm_without_verified_registry_event_not_proven_false_alarm
PageHinkley,21,Уфа,Продовольствие,2024-10-01,1.3317778,alarm_without_verified_registry_event_not_proven_false_alarm
PageHinkley,377,Камско-Устьинский,Все категории,2024-10-01,1.3304533,alarm_without_verified_registry_event_not_proven_false_alarm
PageHinkley,508,Заринск,Продовольствие,2024-10-01,1.3291155,alarm_without_verified_registry_event_not_proven_false_alarm
PageHinkley,1619,Мошковский,Продовольствие,2024-10-01,1.3286756,alarm_without_verified_registry_event_not_proven_false_alarm
PageHinkley,337,Таттинский,Все категории,2024-10-01,1.327045,alarm_without_verified_registry_event_not_proven_false_alarm
PageHinkley,3013,Солнечногорск,Продовольствие,2024-10-01,1.3243124,alarm_without_verified_registry_event_not_proven_false_alarm
PageHinkley,1218,Сухиничский,Все категории,2024-09-01,1.3235381,alarm_without_verified_registry_event_not_proven_false_alarm
PageHinkley,1428,Хлевенский,Продовольствие,2024-10-01,1.3213837,alarm_without_verified_registry_event_not_proven_false_alarm
PageHinkley,1983,Ивдельский,Продовольствие,2024-10-01,1.3212216,alarm_without_verified_registry_event_not_proven_false_alarm
PageHinkley,1542,Большемурашкинский,Продовольствие,2024-10-01,1.3189809,alarm_without_verified_registry_event_not_proven_false_alarm
PageHinkley,2279,Копейский,Продовольствие,2024-10-01,1.31549,alarm_without_verified_registry_event_not_proven_false_alarm
PageHinkley,925,Красноярский,Продовольствие,2024-10-01,1.3141134,alarm_without_verified_registry_event_not_proven_false_alarm
PageHinkley,782,Находкинский,Продовольствие,2024-12-01,1.3139428,alarm_without_verified_registry_event_not_proven_false_alarm
PageHinkley,1413,Грязинский,Продовольствие,2024-11-01,1.3134329,alarm_without_verified_registry_event_not_proven_false_alarm
PageHinkley,1031,Новоаннинский,Продовольствие,2024-10-01,1.3131621,alarm_without_verified_registry_event_not_proven_false_alarm
PageHinkley,1047,Бабаевский,Все категории,2024-08-01,1.3130864,alarm_without_verified_registry_event_not_proven_false_alarm
PageHinkley,1234,Осинниковский,Продовольствие,2024-10-01,1.312919,alarm_without_verified_registry_event_not_proven_false_alarm
PageHinkley,1036,Руднянский,Продовольствие,2024-10-01,1.3126094,alarm_without_verified_registry_event_not_proven_false_alarm
PageHinkley,2381,№ 21,Продовольствие,2024-10-01,1.3118961,alarm_without_verified_registry_event_not_proven_false_alarm
PageHinkley,838,Степновский,Продовольствие,2024-10-01,1.3115063,alarm_without_verified_registry_event_not_proven_false_alarm
PageHinkley,918,Астрахань,Продовольствие,2024-11-01,1.311341,alarm_without_verified_registry_event_not_proven_false_alarm
PageHinkley,836,Новоселицкий,Все категории,2024-10-01,1.3101269,alarm_without_verified_registry_event_not_proven_false_alarm
PageHinkley,1974,Асбестовский,Продовольствие,2024-10-01,1.309555,alarm_without_verified_registry_event_not_proven_false_alarm
PageHinkley,2321,Большесельский,Все категории,2024-09-01,1.309509,alarm_without_verified_registry_event_not_proven_false_alarm
PageHinkley,545,Первомайский,Продовольствие,2024-11-01,1.306901,alarm_without_verified_registry_event_not_proven_false_alarm
PageHinkley,2431,Рыбацкое,Продовольствие,2024-10-01,1.306123,alarm_without_verified_registry_event_not_proven_false_alarm
PageHinkley,713,Пировский,Общественное питание,2024-08-01,1.3047214,alarm_without_verified_registry_event_not_proven_false_alarm
PageHinkley,1260,Кирово-Чепецк,Продовольствие,2024-10-01,1.3042333,alarm_without_verified_registry_event_not_proven_false_alarm
PageHinkley,1052,Верховажский,Продовольствие,2024-10-01,1.3035837,alarm_without_verified_registry_event_not_proven_false_alarm
PageHinkley,1065,Тарногский,Маркетплейсы,2024-09-01,1.3035426,alarm_without_verified_registry_event_not_proven_false_alarm
PageHinkley,603,Шилкинский,Маркетплейсы,2024-09-01,1.3032984,alarm_without_verified_registry_event_not_proven_false_alarm
PageHinkley,836,Новоселицкий,Продовольствие,2024-10-01,1.3030441,alarm_without_verified_registry_event_not_proven_false_alarm
PageHinkley,1394,Волховский,Продовольствие,2024-10-01,1.3030431,alarm_without_verified_registry_event_not_proven_false_alarm
PageHinkley,1056,Грязовецкий,Продовольствие,2024-10-01,1.3020681,alarm_without_verified_registry_event_not_proven_false_alarm
PageHinkley,2410,Кронштадт,Продовольствие,2024-10-01,1.3019489,alarm_without_verified_registry_event_not_proven_false_alarm
PageHinkley,1027,Кумылженский,Продовольствие,2024-10-01,1.3001233,alarm_without_verified_registry_event_not_proven_false_alarm
PageHinkley,2079,Гавриловский,Продовольствие,2024-12-01,1.2972087,alarm_without_verified_registry_event_not_proven_false_alarm
PageHinkley,2253,Новоульяновск,Все категории,2024-07-01,1.2966042,alarm_without_verified_registry_event_not_proven_false_alarm
PageHinkley,27,Салават,Продовольствие,2024-10-01,1.2902434,alarm_without_verified_registry_event_not_proven_false_alarm
PageHinkley,374,Заинский,Продовольствие,2024-11-01,1.289089,alarm_without_verified_registry_event_not_proven_false_alarm
PageHinkley,1984,Пелым,Продовольствие,2024-12-01,1.2884,alarm_without_verified_registry_event_not_proven_false_alarm
PageHinkley,1747,Колышлейский,Продовольствие,2024-10-01,1.2850348,alarm_without_verified_registry_event_not_proven_false_alarm
PageHinkley,2441,Посадский,Продовольствие,2024-10-01,1.2844396,alarm_without_verified_registry_event_not_proven_false_alarm
PageHinkley,2167,Донской,Продовольствие,2024-10-01,1.2842973,alarm_without_verified_registry_event_not_proven_false_alarm
PageHinkley,667,Ачинск,Продовольствие,2024-10-01,1.2836423,alarm_without_verified_registry_event_not_proven_false_alarm
PageHinkley,214,Медвежьегорский,Продовольствие,2024-11-01,1.2834646,alarm_without_verified_registry_event_not_proven_false_alarm
PageHinkley,888,Тындинский,Продовольствие,2024-10-01,1.2832328,alarm_without_verified_registry_event_not_proven_false_alarm
PageHinkley,455,Бейский,Продовольствие,2024-10-01,1.2831268,alarm_without_verified_registry_event_not_proven_false_alarm
PageHinkley,883,Свободненский,Маркетплейсы,2024-07-01,1.2805388,alarm_without_verified_registry_event_not_proven_false_alarm
PageHinkley,1919,Балаковский,Продовольствие,2024-10-01,1.2795104,alarm_without_verified_registry_event_not_proven_false_alarm
PageHinkley,2091,Пичаевский,Все категории,2024-10-01,1.2792026,alarm_without_verified_registry_event_not_proven_false_alarm
PageHinkley,1709,Мценск,Продовольствие,2024-10-01,1.2782373,alarm_without_verified_registry_event_not_proven_false_alarm
PageHinkley,2165,Алексин,Продовольствие,2024-10-01,1.2758284,alarm_without_verified_registry_event_not_proven_false_alarm
PageHinkley,2276,Верхнеуфалейский,Продовольствие,2024-11-01,1.2745575,alarm_without_verified_registry_event_not_proven_false_alarm
PageHinkley,2430,Обуховский,Продовольствие,2024-10-01,1.2737092,alarm_without_verified_registry_event_not_proven_false_alarm
PageHinkley,1395,Всеволожский,Продовольствие,2024-10-01,1.2717553,alarm_without_verified_registry_event_not_proven_false_alarm
PageHinkley,1171,Баяндаевский,Продовольствие,2024-08-01,1.2698507,alarm_without_verified_registry_event_not_proven_false_alarm
PageHinkley,2113,Бологовский,Продовольствие,2024-10-01,1.2696306,alarm_without_verified_registry_event_not_proven_false_alarm
PageHinkley,480,Канаш,Продовольствие,2024-11-01,1.2687409,alarm_without_verified_registry_event_not_proven_false_alarm
PageHinkley,1002,Селивановский,Продовольствие,2024-12-01,1.268001,alarm_without_verified_registry_event_not_proven_false_alarm
PageHinkley,2129,Максатихинский,Продовольствие,2024-08-01,1.2680005,alarm_without_verified_registry_event_not_proven_false_alarm
PageHinkley,1194,Полесский,Продовольствие,2024-10-01,1.2674204,alarm_without_verified_registry_event_not_proven_false_alarm
PageHinkley,1477,Рузский,Продовольствие,2024-10-01,1.2651635,alarm_without_verified_registry_event_not_proven_false_alarm
PageHinkley,1211,Людиновский,Продовольствие,2024-10-01,1.2625301,alarm_without_verified_registry_event_not_proven_false_alarm
PageHinkley,40,Белорецкий,Продовольствие,2024-12-01,1.2625064,alarm_without_verified_registry_event_not_proven_false_alarm
PageHinkley,2400,Малая Охта,Продовольствие,2024-10-01,1.262501,alarm_without_verified_registry_event_not_proven_false_alarm
PageHinkley,2132,Оленинский,Продовольствие,2024-12-01,1.2623168,alarm_without_verified_registry_event_not_proven_false_alarm
PageHinkley,781,Лесозаводский,Продовольствие,2024-10-01,1.2617034,alarm_without_verified_registry_event_not_proven_false_alarm
PageHinkley,2226,Сургут,Продовольствие,2024-10-01,1.261364,alarm_without_verified_registry_event_not_proven_false_alarm
PageHinkley,1338,Далматовский,Маркетплейсы,2024-09-01,1.2608689,alarm_without_verified_registry_event_not_proven_false_alarm
PageHinkley,2245,Надымский,Продовольствие,2024-12-01,1.2598295,alarm_without_verified_registry_event_not_proven_false_alarm
PageHinkley,430,Завьяловский,Продовольствие,2024-10-01,1.2587597,alarm_without_verified_registry_event_not_proven_false_alarm
PageHinkley,2374,Комендантский аэродром,Продовольствие,2024-10-01,1.2558432,alarm_without_verified_registry_event_not_proven_false_alarm
PageHinkley,2018,Ачитский,Продовольствие,2024-10-01,1.2556376,alarm_without_verified_registry_event_not_proven_false_alarm
PageHinkley,1771,Красногородский,Маркетплейсы,2024-08-01,1.25505,alarm_without_verified_registry_event_not_proven_false_alarm
PageHinkley,1185,Гвардейский,Продовольствие,2024-10-01,1.255045,alarm_without_verified_registry_event_not_proven_false_alarm
PageHinkley,2404,Юго-Запад,Продовольствие,2024-10-01,1.2541801,alarm_without_verified_registry_event_not_proven_false_alarm
PageHinkley,292,Дубенский,Все категории,2024-08-01,1.2533929,alarm_without_verified_registry_event_not_proven_false_alarm
PageHinkley,34,Аургазинский,Продовольствие,2024-12-01,1.2522842,alarm_without_verified_registry_event_not_proven_false_alarm
PageHinkley,2109,Удомельский,Маркетплейсы,2024-08-01,1.2486442,alarm_without_verified_registry_event_not_proven_false_alarm
PageHinkley,221,Сегежский,Все категории,2024-10-01,1.2464944,alarm_without_verified_registry_event_not_proven_false_alarm
PageHinkley,1148,Заларинский,Маркетплейсы,2024-09-01,1.2463361,alarm_without_verified_registry_event_not_proven_false_alarm
PageHinkley,1923,Воскресенский,Продовольствие,2024-09-01,1.2450156,alarm_without_verified_registry_event_not_proven_false_alarm
PageHinkley,1626,Убинский,Здоровье,2024-08-01,1.2440091,alarm_without_verified_registry_event_not_proven_false_alarm
PageHinkley,57,Ишимбайский,Продовольствие,2024-11-01,1.2437015,alarm_without_verified_registry_event_not_proven_false_alarm
PageHinkley,198,Зеленчукский,Продовольствие,2024-11-01,1.2435334,alarm_without_verified_registry_event_not_proven_false_alarm
PageHinkley,2050,Демидовский,Все категории,2024-07-01,1.241503,alarm_without_verified_registry_event_not_proven_false_alarm
PageHinkley,996,Киржачский,Продовольствие,2024-10-01,1.2413706,alarm_without_verified_registry_event_not_proven_false_alarm
PageHinkley,1225,Анжеро-Судженский,Продовольствие,2024-10-01,1.2402394,alarm_without_verified_registry_event_not_proven_false_alarm
PageHinkley,2294,Брединский,Все категории,2024-08-01,1.2400978,alarm_without_verified_registry_event_not_proven_false_alarm
PageHinkley,2356,Екатерингофский,Продовольствие,2024-10-01,1.2386904,alarm_without_verified_registry_event_not_proven_false_alarm
PageHinkley,1550,Воротынский,Продовольствие,2024-12-01,1.2383965,alarm_without_verified_registry_event_not_proven_false_alarm
PageHinkley,811,Георгиевский,Продовольствие,2024-11-01,1.2365795,alarm_without_verified_registry_event_not_proven_false_alarm
PageHinkley,1928,Ивантеевский,Продовольствие,2024-10-01,1.2363305,alarm_without_verified_registry_event_not_proven_false_alarm
PageHinkley,2153,Каргасокский,Продовольствие,2024-10-01,1.2355216,alarm_without_verified_registry_event_not_proven_false_alarm
PageHinkley,1030,Николаевский,Продовольствие,2024-10-01,1.2335176,alarm_without_verified_registry_event_not_proven_false_alarm
PageHinkley,2341,Облученский,Продовольствие,2024-11-01,1.2330049,alarm_without_verified_registry_event_not_proven_false_alarm
PageHinkley,2340,Ленинский,Маркетплейсы,2024-08-01,1.232473,alarm_without_verified_registry_event_not_proven_false_alarm
PageHinkley,1981,Верхнесалдинский,Продовольствие,2024-11-01,1.232069,alarm_without_verified_registry_event_not_proven_false_alarm
PageHinkley,1164,Усть-Илимский,Маркетплейсы,2024-08-01,1.2313973,alarm_without_verified_registry_event_not_proven_false_alarm
PageHinkley,1628,Чановский,Продовольствие,2024-11-01,1.2294165,alarm_without_verified_registry_event_not_proven_false_alarm
PageHinkley,1139,Тулун,Продовольствие,2024-08-01,1.2286675,alarm_without_verified_registry_event_not_proven_false_alarm
PageHinkley,2343,Смидовичский,Маркетплейсы,2024-09-01,1.2247841,alarm_without_verified_registry_event_not_proven_false_alarm
PageHinkley,1343,Куртамышский,Продовольствие,2024-11-01,1.2232718,alarm_without_verified_registry_event_not_proven_false_alarm
PageHinkley,2007,Дегтярск,Все категории,2024-09-01,1.2231787,alarm_without_verified_registry_event_not_proven_false_alarm
PageHinkley,1494,Лотошино,Продовольствие,2024-10-01,1.2224538,alarm_without_verified_registry_event_not_proven_false_alarm
PageHinkley,76,Уфимский,Продовольствие,2024-12-01,1.2218878,alarm_without_verified_registry_event_not_proven_false_alarm
PageHinkley,1679,Акбулакский,Продовольствие,2024-10-01,1.2213682,alarm_without_verified_registry_event_not_proven_false_alarm
PageHinkley,771,Кочевский,Продовольствие,2024-11-01,1.2206038,alarm_without_verified_registry_event_not_proven_false_alarm
PageHinkley,59,Караидельский,Все категории,2024-10-01,1.2180121,alarm_without_verified_registry_event_not_proven_false_alarm
PageHinkley,1997,Верхняя Тура,Продовольствие,2024-11-01,1.2170584,alarm_without_verified_registry_event_not_proven_false_alarm
PageHinkley,2067,Хиславичский,Продовольствие,2024-11-01,1.216817,alarm_without_verified_registry_event_not_proven_false_alarm
PageHinkley,2022,Гаринский,Продовольствие,2024-09-01,1.2142613,alarm_without_verified_registry_event_not_proven_false_alarm
PageHinkley,340,Усть-Майский,Продовольствие,2024-08-01,1.214249,alarm_without_verified_registry_event_not_proven_false_alarm
PageHinkley,1147,Жигаловский,Маркетплейсы,2024-07-01,1.2141651,alarm_without_verified_registry_event_not_proven_false_alarm
PageHinkley,3011,Златоустовский,Продовольствие,2024-11-01,1.212543,alarm_without_verified_registry_event_not_proven_false_alarm
PageHinkley,2085,Мордовский,Продовольствие,2024-11-01,1.2114669,alarm_without_verified_registry_event_not_proven_false_alarm
PageHinkley,2057,Монастырщинский,Продовольствие,2024-09-01,1.2104036,alarm_without_verified_registry_event_not_proven_false_alarm
PageHinkley,1932,Краснопартизанский,Продовольствие,2024-10-01,1.2082982,alarm_without_verified_registry_event_not_proven_false_alarm
PageHinkley,1402,Ломоносовский,Продовольствие,2024-10-01,1.2050332,alarm_without_verified_registry_event_not_proven_false_alarm
PageHinkley,75,Туймазинский,Продовольствие,2024-11-01,1.2028323,alarm_without_verified_registry_event_not_proven_false_alarm
PageHinkley,841,Шпаковский,Продовольствие,2024-11-01,1.2021246,alarm_without_verified_registry_event_not_proven_false_alarm
PageHinkley,591,Оловяннинский,Продовольствие,2024-10-01,1.2001561,alarm_without_verified_registry_event_not_proven_false_alarm
PageHinkley,703,Козульский,Продовольствие,2024-10-01,1.2000954,alarm_without_verified_registry_event_not_proven_false_alarm
PageHinkley,1769,Дедовичский,Продовольствие,2024-10-01,1.1968606,alarm_without_verified_registry_event_not_proven_false_alarm
PageHinkley,1310,Буйский,Все категории,2024-11-01,1.1966382,alarm_without_verified_registry_event_not_proven_false_alarm
PageHinkley,2005,Полевской,Продовольствие,2024-10-01,1.1953918,alarm_without_verified_registry_event_not_proven_false_alarm
PageHinkley,2183,Плавский,Все категории,2024-08-01,1.1938255,alarm_without_verified_registry_event_not_proven_false_alarm
PageHinkley,1711,Верховский,Продовольствие,2024-08-01,1.1936693,alarm_without_verified_registry_event_not_proven_false_alarm
PageHinkley,2021,Верхотурский,Маркетплейсы,2024-07-01,1.192204,alarm_without_verified_registry_event_not_proven_false_alarm
PageHinkley,512,Яровое,Продовольствие,2024-10-01,1.1920615,alarm_without_verified_registry_event_not_proven_false_alarm
PageHinkley,1877,Новокуйбышевск,Продовольствие,2024-10-01,1.1919106,alarm_without_verified_registry_event_not_proven_false_alarm
PageHinkley,989,Муром,Продовольствие,2024-10-01,1.1913378,alarm_without_verified_registry_event_not_proven_false_alarm
PageHinkley,1254,Чебулинский,Продовольствие,2024-11-01,1.1893673,alarm_without_verified_registry_event_not_proven_false_alarm
PageHinkley,478,Чебоксары,Продовольствие,2024-10-01,1.1893045,alarm_without_verified_registry_event_not_proven_false_alarm
PageHinkley,2243,Ноябрьск,Продовольствие,2024-12-01,1.1861222,alarm_without_verified_registry_event_not_proven_false_alarm
PageHinkley,2884,Ржевский,Продовольствие,2024-10-01,1.1848228,alarm_without_verified_registry_event_not_proven_false_alarm
PageHinkley,196,Абазинский,Продовольствие,2024-12-01,1.1831124,alarm_without_verified_registry_event_not_proven_false_alarm
PageHinkley,1414,Данковский,Продовольствие,2024-10-01,1.1822845,alarm_without_verified_registry_event_not_proven_false_alarm
PageHinkley,2305,Кунашакский,Продовольствие,2024-11-01,1.1818086,alarm_without_verified_registry_event_not_proven_false_alarm
PageHinkley,2435,Оккервиль,Продовольствие,2024-10-01,1.1810732,alarm_without_verified_registry_event_not_proven_false_alarm
PageHinkley,2171,Арсеньевский,Продовольствие,2024-12-01,1.1802478,alarm_without_verified_registry_event_not_proven_false_alarm
PageHinkley,435,Кизнерский,Продовольствие,2024-10-01,1.1801213,alarm_without_verified_registry_event_not_proven_false_alarm
PageHinkley,22,Агидель,Продовольствие,2024-10-01,1.1773686,alarm_without_verified_registry_event_not_proven_false_alarm
PageHinkley,1645,Москаленский,Продовольствие,2024-11-01,1.177088,alarm_without_verified_registry_event_not_proven_false_alarm
PageHinkley,2295,Варненский,Продовольствие,2024-10-01,1.1758919,alarm_without_verified_registry_event_not_proven_false_alarm
PageHinkley,712,Партизанский,Все категории,2024-10-01,1.1728204,alarm_without_verified_registry_event_not_proven_false_alarm
PageHinkley,1401,Лодейнопольский,Продовольствие,2024-10-01,1.1716005,alarm_without_verified_registry_event_not_proven_false_alarm
PageHinkley,1110,Кохма,Продовольствие,2024-10-01,1.1693162,alarm_without_verified_registry_event_not_proven_false_alarm
PageHinkley,48,Гафурийский,Продовольствие,2024-12-01,1.1692964,alarm_without_verified_registry_event_not_proven_false_alarm
PageHinkley,2077,Уварово,Продовольствие,2024-11-01,1.1681912,alarm_without_verified_registry_event_not_proven_false_alarm
PageHinkley,238,Сысольский,Продовольствие,2024-10-01,1.1679158,alarm_without_verified_registry_event_not_proven_false_alarm
PageHinkley,2068,Холм-Жирковский,Продовольствие,2024-08-01,1.1678091,alarm_without_verified_registry_event_not_proven_false_alarm
PageHinkley,1869,Старожиловский,Продовольствие,2024-09-01,1.1677969,alarm_without_verified_registry_event_not_proven_false_alarm
PageHinkley,1647,Называевский,Продовольствие,2024-11-01,1.166656,alarm_without_verified_registry_event_not_proven_false_alarm
PageHinkley,1329,Судиславский,Продовольствие,2024-11-01,1.1663797,alarm_without_verified_registry_event_not_proven_false_alarm
PageHinkley,203,Урупский,Продовольствие,2024-10-01,1.165219,alarm_without_verified_registry_event_not_proven_false_alarm
PageHinkley,680,Шарыпово,Продовольствие,2024-10-01,1.164527,alarm_without_verified_registry_event_not_proven_false_alarm
PageHinkley,1214,Мещовский,Продовольствие,2024-10-01,1.1643885,alarm_without_verified_registry_event_not_proven_false_alarm
PageHinkley,535,Кулундинский,Продовольствие,2024-10-01,1.1639109,alarm_without_verified_registry_event_not_proven_false_alarm
PageHinkley,491,Красноармейский,Продовольствие,2024-10-01,1.1637304,alarm_without_verified_registry_event_not_proven_false_alarm
PageHinkley,47,Бурзянский,Продовольствие,2024-11-01,1.1621109,alarm_without_verified_registry_event_not_proven_false_alarm
PageHinkley,2231,Кондинский,Продовольствие,2024-11-01,1.1616229,alarm_without_verified_registry_event_not_proven_false_alarm
PageHinkley,986,Владимир,Продовольствие,2024-10-01,1.1575007,alarm_without_verified_registry_event_not_proven_false_alarm
PageHinkley,1551,Воскресенский,Продовольствие,2024-10-01,1.1573361,alarm_without_verified_registry_event_not_proven_false_alarm
PageHinkley,2177,Заокский,Продовольствие,2024-11-01,1.1571407,alarm_without_verified_registry_event_not_proven_false_alarm
PageHinkley,1905,Ставропольский,Продовольствие,2024-10-01,1.1550779,alarm_without_verified_registry_event_not_proven_false_alarm
PageHinkley,1472,Подольск,Продовольствие,2024-10-01,1.155004,alarm_without_verified_registry_event_not_proven_false_alarm
PageHinkley,2382,Пискаревка,Продовольствие,2024-10-01,1.153099,alarm_without_verified_registry_event_not_proven_false_alarm
PageHinkley,1629,Черепановский,Продовольствие,2024-10-01,1.152622,alarm_without_verified_registry_event_not_proven_false_alarm
PageHinkley,1007,Волгоград,Продовольствие,2024-11-01,1.1509297,alarm_without_verified_registry_event_not_proven_false_alarm
PageHinkley,1649,Нововаршавский,Продовольствие,2024-10-01,1.149862,alarm_without_verified_registry_event_not_proven_false_alarm
PageHinkley,2621,Березники,Продовольствие,2024-11-01,1.1478539,alarm_without_verified_registry_event_not_proven_false_alarm
PageHinkley,2884,Ржевский,Все категории,2024-10-01,1.1469109,alarm_without_verified_registry_event_not_proven_false_alarm
PageHinkley,2366,Сосновское,Продовольствие,2024-10-01,1.1437225,alarm_without_verified_registry_event_not_proven_false_alarm
PageHinkley,1175,Эхирит-Булагатский,Продовольствие,2024-10-01,1.1417973,alarm_without_verified_registry_event_not_proven_false_alarm
PageHinkley,1727,Покровский,Продовольствие,2024-10-01,1.1405954,alarm_without_verified_registry_event_not_proven_false_alarm
PageHinkley,1009,Камышин,Продовольствие,2024-11-01,1.1385167,alarm_without_verified_registry_event_not_proven_false_alarm
PageHinkley,701,Каратузский,Продовольствие,2024-11-01,1.1374811,alarm_without_verified_registry_event_not_proven_false_alarm
PageHinkley,66,Мелеузовский,Продовольствие,2024-10-01,1.136665,alarm_without_verified_registry_event_not_proven_false_alarm
PageHinkley,690,Большемуртинский,Маркетплейсы,2024-08-01,1.1358433,alarm_without_verified_registry_event_not_proven_false_alarm
PageHinkley,2389,Нарвский,Продовольствие,2024-10-01,1.1357337,alarm_without_verified_registry_event_not_proven_false_alarm
PageHinkley,1652,Омский,Продовольствие,2024-12-01,1.13563,alarm_without_verified_registry_event_not_proven_false_alarm
PageHinkley,676,Минусинск,Продовольствие,2024-10-01,1.1352922,alarm_without_verified_registry_event_not_proven_false_alarm
PageHinkley,1587,Окуловский,Продовольствие,2024-11-01,1.1334442,alarm_without_verified_registry_event_not_proven_false_alarm
PageHinkley,584,Карымский,Продовольствие,2024-10-01,1.1277577,alarm_without_verified_registry_event_not_proven_false_alarm
PageHinkley,1848,Скопин,Продовольствие,2024-07-01,1.1264586,alarm_without_verified_registry_event_not_proven_false_alarm
PageHinkley,2275,Челябинский,Продовольствие,2024-10-01,1.1256784,alarm_without_verified_registry_event_not_proven_false_alarm
PageHinkley,1357,Щучанский,Продовольствие,2024-10-01,1.1251922,alarm_without_verified_registry_event_not_proven_false_alarm
PageHinkley,1566,Сергачский,Продовольствие,2024-10-01,1.1237712,alarm_without_verified_registry_event_not_proven_false_alarm
PageHinkley,288,Атюрьевский,Маркетплейсы,2024-07-01,1.1235963,alarm_without_verified_registry_event_not_proven_false_alarm
PageHinkley,689,Богучанский,Продовольствие,2024-11-01,1.1235174,alarm_without_verified_registry_event_not_proven_false_alarm
PageHinkley,1109,Кинешма,Продовольствие,2024-10-01,1.1225895,alarm_without_verified_registry_event_not_proven_false_alarm
PageHinkley,1578,Валдайский,Продовольствие,2024-10-01,1.1219767,alarm_without_verified_registry_event_not_proven_false_alarm
PageHinkley,1725,Новосильский,Продовольствие,2024-11-01,1.1197658,alarm_without_verified_registry_event_not_proven_false_alarm
PageHinkley,404,Каа-Хемский,Продовольствие,2024-10-01,1.1197402,alarm_without_verified_registry_event_not_proven_false_alarm
PageHinkley,671,Енисейск,Продовольствие,2024-10-01,1.1196147,alarm_without_verified_registry_event_not_proven_false_alarm
PageHinkley,1764,Псков,Продовольствие,2024-10-01,1.11915,alarm_without_verified_registry_event_not_proven_false_alarm
PageHinkley,1489,Волоколамский,Продовольствие,2024-10-01,1.1147175,alarm_without_verified_registry_event_not_proven_false_alarm
PageHinkley,521,Волчихинский,Продовольствие,2024-10-01,1.112342,alarm_without_verified_registry_event_not_proven_false_alarm
PageHinkley,1663,Черлакский,Продовольствие,2024-07-01,1.1122804,alarm_without_verified_registry_event_not_proven_false_alarm
PageHinkley,2094,Сампурский,Все категории,2024-11-01,1.1114777,alarm_without_verified_registry_event_not_proven_false_alarm
PageHinkley,783,Партизанский,Маркетплейсы,2024-09-01,1.1093544,alarm_without_verified_registry_event_not_proven_false_alarm
PageHinkley,2052,Духовщинский,Продовольствие,2024-07-01,1.1093191,alarm_without_verified_registry_event_not_proven_false_alarm
PageHinkley,2117,Западнодвинский,Продовольствие,2024-08-01,1.1092864,alarm_without_verified_registry_event_not_proven_false_alarm
PageHinkley,670,Дивногорск,Продовольствие,2024-11-01,1.1084725,alarm_without_verified_registry_event_not_proven_false_alarm
PageHinkley,871,Белогорский,Маркетплейсы,2024-08-01,1.108027,alarm_without_verified_registry_event_not_proven_false_alarm
PageHinkley,2429,Ивановский,Продовольствие,2024-10-01,1.107916,alarm_without_verified_registry_event_not_proven_false_alarm
PageHinkley,1308,Шарья,Все категории,2024-10-01,1.1077895,alarm_without_verified_registry_event_not_proven_false_alarm
PageHinkley,902,Коношский,Продовольствие,2024-11-01,1.1072528,alarm_without_verified_registry_event_not_proven_false_alarm
PageHinkley,1518,Кандалакшский,Продовольствие,2024-11-01,1.1061122,alarm_without_verified_registry_event_not_proven_false_alarm
PageHinkley,2439,Введенский,Продовольствие,2024-09-01,1.1041403,alarm_without_verified_registry_event_not_proven_false_alarm
PageHinkley,496,Урмарский,Все категории,2024-07-01,1.103842,alarm_without_verified_registry_event_not_proven_false_alarm
PageHinkley,908,Няндомский,Продовольствие,2024-11-01,1.1036606,alarm_without_verified_registry_event_not_proven_false_alarm
PageHinkley,2087,Мучкапский,Все категории,2024-10-01,1.1020161,alarm_without_verified_registry_event_not_proven_false_alarm
PageHinkley,1575,Великий Новгород,Продовольствие,2024-10-01,1.1017971,alarm_without_verified_registry_event_not_proven_false_alarm
PageHinkley,1478,Серебряные Пруды,Продовольствие,2024-10-01,1.0996773,alarm_without_verified_registry_event_not_proven_false_alarm
PageHinkley,1267,Богородский,Продовольствие,2024-10-01,1.0980824,alarm_without_verified_registry_event_not_proven_false_alarm
PageHinkley,19,Чойский,Продовольствие,2024-08-01,1.0978019,alarm_without_verified_registry_event_not_proven_false_alarm
PageHinkley,1301,Юрьянский,Продовольствие,2024-12-01,1.0975702,alarm_without_verified_registry_event_not_proven_false_alarm
PageHinkley,807,Шкотовский,Продовольствие,2024-11-01,1.0956993,alarm_without_verified_registry_event_not_proven_false_alarm
PageHinkley,2377,Коломяги,Продовольствие,2024-10-01,1.095257,alarm_without_verified_registry_event_not_proven_false_alarm
PageHinkley,2302,Кизильский,Продовольствие,2024-10-01,1.0934337,alarm_without_verified_registry_event_not_proven_false_alarm
PageHinkley,2009,Североуральский,Продовольствие,2024-10-01,1.0911522,alarm_without_verified_registry_event_not_proven_false_alarm
PageHinkley,765,Чердынский,Все категории,2024-07-01,1.0905433,alarm_without_verified_registry_event_not_proven_false_alarm
PageHinkley,1957,Корсаковский,Продовольствие,2024-12-01,1.0884502,alarm_without_verified_registry_event_not_proven_false_alarm
PageHinkley,2399,Большая Охта,Продовольствие,2024-10-01,1.0881991,alarm_without_verified_registry_event_not_proven_false_alarm
PageHinkley,767,Чусовской,Продовольствие,2024-12-01,1.0847647,alarm_without_verified_registry_event_not_proven_false_alarm
PageHinkley,20,Шебалинский,Продовольствие,2024-11-01,1.0830003,alarm_without_verified_registry_event_not_proven_false_alarm
PageHinkley,83,Янаульский,Продовольствие,2024-12-01,1.0822215,alarm_without_verified_registry_event_not_proven_false_alarm
PageHinkley,1698,Пономарёвский,Продовольствие,2024-11-01,1.0817964,alarm_without_verified_registry_event_not_proven_false_alarm
PageHinkley,1347,Мокроусовский,Продовольствие,2024-11-01,1.0804135,alarm_without_verified_registry_event_not_proven_false_alarm
PageHinkley,1853,Клепиковский,Продовольствие,2024-10-01,1.0792644,alarm_without_verified_registry_event_not_proven_false_alarm
PageHinkley,2584,Чертаново Центральное,Продовольствие,2024-10-01,1.078079,alarm_without_verified_registry_event_not_proven_false_alarm
PageHinkley,824,Пятигорск,Продовольствие,2024-11-01,1.075615,alarm_without_verified_registry_event_not_proven_false_alarm
PageHinkley,589,Нерчинский,Продовольствие,2024-10-01,1.0732902,alarm_without_verified_registry_event_not_proven_false_alarm
PageHinkley,382,Менделеевский,Продовольствие,2024-10-01,1.0691543,alarm_without_verified_registry_event_not_proven_false_alarm
PageHinkley,2157,Молчановский,Продовольствие,2024-11-01,1.0685973,alarm_without_verified_registry_event_not_proven_false_alarm
PageHinkley,2368,Сергиевское,Продовольствие,2024-10-01,1.0652307,alarm_without_verified_registry_event_not_proven_false_alarm
PageHinkley,1439,Балашиха,Продовольствие,2024-10-01,1.06172,alarm_without_verified_registry_event_not_proven_false_alarm
PageHinkley,1305,Волгореченск,Все категории,2024-12-01,1.0616845,alarm_without_verified_registry_event_not_proven_false_alarm
PageHinkley,1001,Петушинский,Продовольствие,2024-10-01,1.0602674,alarm_without_verified_registry_event_not_proven_false_alarm
PageHinkley,1971,Екатеринбург,Продовольствие,2024-10-01,1.0600836,alarm_without_verified_registry_event_not_proven_false_alarm
PageHinkley,843,Комсомольск-на-Амуре,Продовольствие,2024-11-01,1.059331,alarm_without_verified_registry_event_not_proven_false_alarm
PageHinkley,2324,Гаврилов-Ямский,Продовольствие,2024-11-01,1.0570571,alarm_without_verified_registry_event_not_proven_false_alarm
PageHinkley,1886,Богатовский,Продовольствие,2024-09-01,1.0569254,alarm_without_verified_registry_event_not_proven_false_alarm
PageHinkley,241,Усть-Вымский,Продовольствие,2024-10-01,1.0565758,alarm_without_verified_registry_event_not_proven_false_alarm
PageHinkley,1405,Приозерский,Продовольствие,2024-10-01,1.0557461,alarm_without_verified_registry_event_not_proven_false_alarm
PageHinkley,1192,Нестеровский,Все категории,2024-07-01,1.0556731,alarm_without_verified_registry_event_not_proven_false_alarm
PageHinkley,2620,Соликамский,Продовольствие,2024-11-01,1.055537,alarm_without_verified_registry_event_not_proven_false_alarm
PageHinkley,217,Питкярантский,Продовольствие,2024-11-01,1.0554961,alarm_without_verified_registry_event_not_proven_false_alarm
PageHinkley,812,Ессентуки,Продовольствие,2024-11-01,1.0541934,alarm_without_verified_registry_event_not_proven_false_alarm
PageHinkley,2050,Демидовский,Продовольствие,2024-08-01,1.0526819,alarm_without_verified_registry_event_not_proven_false_alarm
PageHinkley,2259,Кузоватовский,Продовольствие,2024-10-01,1.0520339,alarm_without_verified_registry_event_not_proven_false_alarm
PageHinkley,1862,Ряжский,Продовольствие,2024-10-01,1.0506449,alarm_without_verified_registry_event_not_proven_false_alarm
PageHinkley,49,Давлекановский,Продовольствие,2024-11-01,1.0505134,alarm_without_verified_registry_event_not_proven_false_alarm
PageHinkley,1115,Гаврилово-Посадский,Продовольствие,2024-11-01,1.0489942,alarm_without_verified_registry_event_not_proven_false_alarm
PageHinkley,2042,Нижнесергинский,Продовольствие,2024-11-01,1.0469226,alarm_without_verified_registry_event_not_proven_false_alarm
PageHinkley,2383,Северный,Продовольствие,2024-10-01,1.0451952,alarm_without_verified_registry_event_not_proven_false_alarm
PageHinkley,1586,Новгородский,Продовольствие,2024-10-01,1.0438262,alarm_without_verified_registry_event_not_proven_false_alarm
PageHinkley,2254,Базарносызганский,Продовольствие,2024-11-01,1.0433668,alarm_without_verified_registry_event_not_proven_false_alarm
PageHinkley,221,Сегежский,Продовольствие,2024-11-01,1.041459,alarm_without_verified_registry_event_not_proven_false_alarm
PageHinkley,1689,Красногвардейский,Продовольствие,2024-10-01,1.0412831,alarm_without_verified_registry_event_not_proven_false_alarm
PageHinkley,2152,Зырянский,Продовольствие,2024-10-01,1.0398792,alarm_without_verified_registry_event_not_proven_false_alarm
PageHinkley,2154,Кожевниковский,Продовольствие,2024-10-01,1.0396547,alarm_without_verified_registry_event_not_proven_false_alarm
PageHinkley,1929,Калининский,Продовольствие,2024-10-01,1.03899,alarm_without_verified_registry_event_not_proven_false_alarm
PageHinkley,731,Лысьвенский,Продовольствие,2024-11-01,1.0379473,alarm_without_verified_registry_event_not_proven_false_alarm
PageHinkley,2028,Новолялинский,Продовольствие,2024-10-01,1.0358734,alarm_without_verified_registry_event_not_proven_false_alarm
PageHinkley,2364,Сампсониевское,Продовольствие,2024-10-01,1.0351565,alarm_without_verified_registry_event_not_proven_false_alarm
PageHinkley,1206,Жуковский,Продовольствие,2024-10-01,1.0318148,alarm_without_verified_registry_event_not_proven_false_alarm
PageHinkley,2333,Ростовский,Продовольствие,2024-11-01,1.0314434,alarm_without_verified_registry_event_not_proven_false_alarm
PageHinkley,1324,Павинский,Транспорт,2024-07-01,1.0307176,alarm_without_verified_registry_event_not_proven_false_alarm
PageHinkley,11,Кош-Агачский,Продовольствие,2024-11-01,1.0294609,alarm_without_verified_registry_event_not_proven_false_alarm
PageHinkley,1863,Рязанский,Продовольствие,2024-10-01,1.0285835,alarm_without_verified_registry_event_not_proven_false_alarm
PageHinkley,493,Мариинско-Посадский,Маркетплейсы,2024-09-01,1.027784,alarm_without_verified_registry_event_not_proven_false_alarm
PageHinkley,53,Зианчуринский,Маркетплейсы,2024-07-01,1.0275618,alarm_without_verified_registry_event_not_proven_false_alarm
PageHinkley,2358,Васильевский,Продовольствие,2024-10-01,1.0236605,alarm_without_verified_registry_event_not_proven_false_alarm
PageHinkley,711,Новоселовский,Продовольствие,2024-10-01,1.0220789,alarm_without_verified_registry_event_not_proven_false_alarm
PageHinkley,1456,Королёв,Продовольствие,2024-10-01,1.0190138,alarm_without_verified_registry_event_not_proven_false_alarm
PageHinkley,530,Ключевский,Продовольствие,2024-10-01,1.0184935,alarm_without_verified_registry_event_not_proven_false_alarm
PageHinkley,1567,Сеченовский,Все категории,2024-10-01,1.0184608,alarm_without_verified_registry_event_not_proven_false_alarm
PageHinkley,2002,Нижнетуринский,Маркетплейсы,2024-08-01,1.0181043,alarm_without_verified_registry_event_not_proven_false_alarm
PageHinkley,1750,Лунинский,Продовольствие,2024-10-01,1.0178705,alarm_without_verified_registry_event_not_proven_false_alarm
PageHinkley,1509,Мончегорск,Продовольствие,2024-08-01,1.0172783,alarm_without_verified_registry_event_not_proven_false_alarm
PageHinkley,1506,Мурманск,Продовольствие,2024-11-01,1.0166695,alarm_without_verified_registry_event_not_proven_false_alarm
PageHinkley,1191,Неманский,Все категории,2024-08-01,1.0154198,alarm_without_verified_registry_event_not_proven_false_alarm
PageHinkley,1033,Октябрьский,Продовольствие,2024-12-01,1.0116853,alarm_without_verified_registry_event_not_proven_false_alarm
PageHinkley,516,Баевский,Продовольствие,2024-10-01,1.0114316,alarm_without_verified_registry_event_not_proven_false_alarm
PageHinkley,1005,Суздальский,Продовольствие,2024-11-01,1.0113169,alarm_without_verified_registry_event_not_proven_false_alarm
PageHinkley,2447,Пушкин,Продовольствие,2024-10-01,1.011247,alarm_without_verified_registry_event_not_proven_false_alarm
PageHinkley,920,Ахтубинский,Продовольствие,2024-11-01,1.0075496,alarm_without_verified_registry_event_not_proven_false_alarm
PageHinkley,2111,Бежецкий,Продовольствие,2024-10-01,1.0046959,alarm_without_verified_registry_event_not_proven_false_alarm
PageHinkley,1220,Ульяновский,Продовольствие,2024-10-01,1.004021,alarm_without_verified_registry_event_not_proven_false_alarm
PageHinkley,2173,Богородицкий,Продовольствие,2024-11-01,1.0039144,alarm_without_verified_registry_event_not_proven_false_alarm
PageHinkley,2455,Балканский,Продовольствие,2024-10-01,1.0037328,alarm_without_verified_registry_event_not_proven_false_alarm
PageHinkley,678,Норильск,Продовольствие,2024-10-01,1.0032637,alarm_without_verified_registry_event_not_proven_false_alarm
PageHinkley,2307,Нагайбакский,Продовольствие,2024-10-01,1.0029871,alarm_without_verified_registry_event_not_proven_false_alarm
PageHinkley,1922,Вольский,Продовольствие,2024-11-01,1.0028095,alarm_without_verified_registry_event_not_proven_false_alarm
PageHinkley,1029,Нехаевский,Продовольствие,2024-10-01,1.0008172,alarm_without_verified_registry_event_not_proven_false_alarm
PageHinkley,900,Виноградовский,Продовольствие,2024-11-01,1.0006006,alarm_without_verified_registry_event_not_proven_false_alarm
PageHinkley,2144,Томск,Продовольствие,2024-10-01,1.0005769,alarm_without_verified_registry_event_not_proven_false_alarm
PageHinkley,2476,Сокольники,Продовольствие,2024-10-01,0.9998653,alarm_without_verified_registry_event_not_proven_false_alarm
PageHinkley,1252,Топкинский,Продовольствие,2024-11-01,0.9988687,alarm_without_verified_registry_event_not_proven_false_alarm
PageHinkley,599,Хилокский,Продовольствие,2024-10-01,0.9970892,alarm_without_verified_registry_event_not_proven_false_alarm
PageHinkley,717,Сухобузимский,Все категории,2024-10-01,0.9896303,alarm_without_verified_registry_event_not_proven_false_alarm
PageHinkley,2008,Режевской,Продовольствие,2024-11-01,0.98906827,alarm_without_verified_registry_event_not_proven_false_alarm
PageHinkley,2074,Мичуринск,Продовольствие,2024-11-01,0.98776215,alarm_without_verified_registry_event_not_proven_false_alarm
PageHinkley,553,Суетский,Маркетплейсы,2024-09-01,0.9839198,alarm_without_verified_registry_event_not_proven_false_alarm
PageHinkley,2188,Щекинский,Продовольствие,2024-10-01,0.9836105,alarm_without_verified_registry_event_not_proven_false_alarm
PageHinkley,1015,Городищенский,Маркетплейсы,2024-07-01,0.98111236,alarm_without_verified_registry_event_not_proven_false_alarm
PageHinkley,1774,Невельский,Продовольствие,2024-09-01,0.98065597,alarm_without_verified_registry_event_not_proven_false_alarm
PageHinkley,2267,Сенгилеевский,Все категории,2024-11-01,0.98037803,alarm_without_verified_registry_event_not_proven_false_alarm
PageHinkley,1143,Свирск,Продовольствие,2024-10-01,0.979719,alarm_without_verified_registry_event_not_proven_false_alarm
PageHinkley,998,Кольчугинский,Продовольствие,2024-11-01,0.9789544,alarm_without_verified_registry_event_not_proven_false_alarm
PageHinkley,2070,Ярцевский,Продовольствие,2024-11-01,0.97877645,alarm_without_verified_registry_event_not_proven_false_alarm
PageHinkley,1137,Зима,Продовольствие,2024-10-01,0.9786997,alarm_without_verified_registry_event_not_proven_false_alarm
PageHinkley,1169,Шелеховский,Продовольствие,2024-11-01,0.9779096,alarm_without_verified_registry_event_not_proven_false_alarm
PageHinkley,1321,Нерехта и Нерехтский,Продовольствие,2024-11-01,0.9777726,alarm_without_verified_registry_event_not_proven_false_alarm
PageHinkley,1057,Кадуйский,Продовольствие,2024-10-01,0.9771136,alarm_without_verified_registry_event_not_proven_false_alarm
PageHinkley,602,Шелопугинский,Продовольствие,2024-10-01,0.9770436,alarm_without_verified_registry_event_not_proven_false_alarm
PageHinkley,1500,Раменский,Продовольствие,2024-10-01,0.97672534,alarm_without_verified_registry_event_not_proven_false_alarm
PageHinkley,855,Полины Осипенко,Продовольствие,2024-10-01,0.9764546,alarm_without_verified_registry_event_not_proven_false_alarm
PageHinkley,1970,Южно-Курильский,Продовольствие,2024-12-01,0.97600865,alarm_without_verified_registry_event_not_proven_false_alarm
PageHinkley,691,Большеулуйский,Маркетплейсы,2024-08-01,0.975793,alarm_without_verified_registry_event_not_proven_false_alarm
PageHinkley,2552,Некрасовка,Продовольствие,2024-10-01,0.97521967,alarm_without_verified_registry_event_not_proven_false_alarm
PageHinkley,1129,Тейковский,Продовольствие,2024-11-01,0.97479814,alarm_without_verified_registry_event_not_proven_false_alarm
PageHinkley,832,Кочубеевский,Продовольствие,2024-12-01,0.9746271,alarm_without_verified_registry_event_not_proven_false_alarm
PageHinkley,1261,Котельнич,Продовольствие,2024-10-01,0.9745113,alarm_without_verified_registry_event_not_proven_false_alarm
PageHinkley,445,Юкаменский,Продовольствие,2024-10-01,0.97421974,alarm_without_verified_registry_event_not_proven_false_alarm
PageHinkley,2883,Кимрский,Продовольствие,2024-11-01,0.97387743,alarm_without_verified_registry_event_not_proven_false_alarm
PageHinkley,725,Шушенский,Продовольствие,2024-10-01,0.97366154,alarm_without_verified_registry_event_not_proven_false_alarm
PageHinkley,23,Кумертау,Продовольствие,2024-11-01,0.9736196,alarm_without_verified_registry_event_not_proven_false_alarm
PageHinkley,2521,Ростокино,Продовольствие,2024-12-01,0.9721027,alarm_without_verified_registry_event_not_proven_false_alarm
PageHinkley,1176,Калининград,Продовольствие,2024-11-01,0.97205335,alarm_without_verified_registry_event_not_proven_false_alarm
PageHinkley,497,Цивильский,Продовольствие,2024-10-01,0.97069395,alarm_without_verified_registry_event_not_proven_false_alarm
PageHinkley,1969,Холмский,Продовольствие,2024-11-01,0.968957,alarm_without_verified_registry_event_not_proven_false_alarm
PageHinkley,2121,Кашинский,Продовольствие,2024-10-01,0.9659435,alarm_without_verified_registry_event_not_proven_false_alarm
PageHinkley,1708,Ливны,Продовольствие,2024-11-01,0.9622385,alarm_without_verified_registry_event_not_proven_false_alarm
PageHinkley,1187,Гусевский,Продовольствие,2024-10-01,0.95836216,alarm_without_verified_registry_event_not_proven_false_alarm
PageHinkley,296,Ичалковский,Продовольствие,2024-10-01,0.9570714,alarm_without_verified_registry_event_not_proven_false_alarm
PageHinkley,1986,Каменск-Уральский,Продовольствие,2024-11-01,0.9567428,alarm_without_verified_registry_event_not_proven_false_alarm
PageHinkley,517,Бийский,Транспорт,2024-10-01,0.9531912,alarm_without_verified_registry_event_not_proven_false_alarm
PageHinkley,2298,Еткульский,Продовольствие,2024-07-01,0.951434,alarm_without_verified_registry_event_not_proven_false_alarm
PageHinkley,2491,Крюково,Продовольствие,2024-10-01,0.95101017,alarm_without_verified_registry_event_not_proven_false_alarm
PageHinkley,2201,Голышмановский,Продовольствие,2024-11-01,0.95019716,alarm_without_verified_registry_event_not_proven_false_alarm
PageHinkley,2432,Народный,Продовольствие,2024-10-01,0.94941103,alarm_without_verified_registry_event_not_proven_false_alarm
PageHinkley,621,Тигильский,Продовольствие,2024-11-01,0.9467036,alarm_without_verified_registry_event_not_proven_false_alarm
PageHinkley,2468,Измайлово,Продовольствие,2024-10-01,0.9451796,alarm_without_verified_registry_event_not_proven_false_alarm
PageHinkley,2379,Академическое,Продовольствие,2024-10-01,0.94079804,alarm_without_verified_registry_event_not_proven_false_alarm
PageHinkley,846,Бикинский,Продовольствие,2024-11-01,0.94037145,alarm_without_verified_registry_event_not_proven_false_alarm
PageHinkley,542,Зональный,Продовольствие,2024-10-01,0.939467,alarm_without_verified_registry_event_not_proven_false_alarm
PageHinkley,482,Шумерля,Продовольствие,2024-11-01,0.93884593,alarm_without_verified_registry_event_not_proven_false_alarm
PageHinkley,2378,Гражданка,Продовольствие,2024-10-01,0.9387868,alarm_without_verified_registry_event_not_proven_false_alarm
PageHinkley,2498,Восточное Дегунино,Продовольствие,2024-10-01,0.93827605,alarm_without_verified_registry_event_not_proven_false_alarm
PageHinkley,304,Старошайговский,Общественное питание,2024-09-01,0.9364027,alarm_without_verified_registry_event_not_proven_false_alarm
PageHinkley,413,Тоджинский,Продовольствие,2024-11-01,0.93489057,alarm_without_verified_registry_event_not_proven_false_alarm
PageHinkley,1973,Артемовский,Продовольствие,2024-12-01,0.9337771,alarm_without_verified_registry_event_not_proven_false_alarm
PageHinkley,1070,Чагодощенский,Продовольствие,2024-10-01,0.9335784,alarm_without_verified_registry_event_not_proven_false_alarm
PageHinkley,2359,Гавань,Продовольствие,2024-10-01,0.93242,alarm_without_verified_registry_event_not_proven_false_alarm
PageHinkley,879,Мазановский,Маркетплейсы,2024-08-01,0.9311827,alarm_without_verified_registry_event_not_proven_false_alarm
PageHinkley,2553,Нижегородский,Продовольствие,2024-10-01,0.9307494,alarm_without_verified_registry_event_not_proven_false_alarm
PageHinkley,1511,Полярные Зори,Продовольствие,2024-11-01,0.93031067,alarm_without_verified_registry_event_not_proven_false_alarm
PageHinkley,1896,Клявлинский,Продовольствие,2024-10-01,0.9295648,alarm_without_verified_registry_event_not_proven_false_alarm
PageHinkley,1131,Шуйский,Продовольствие,2024-10-01,0.92933863,alarm_without_verified_registry_event_not_proven_false_alarm
PageHinkley,1317,Макарьевский,Продовольствие,2024-11-01,0.92876893,alarm_without_verified_registry_event_not_proven_false_alarm
PageHinkley,449,Абаза,Маркетплейсы,2024-07-01,0.9277141,alarm_without_verified_registry_event_not_proven_false_alarm
PageHinkley,2607,Щаповское,Продовольствие,2024-12-01,0.9272236,alarm_without_verified_registry_event_not_proven_false_alarm
PageHinkley,1609,Карасукский,Продовольствие,2024-11-01,0.9261254,alarm_without_verified_registry_event_not_proven_false_alarm
PageHinkley,2472,Метро,Продовольствие,2024-10-01,0.9233438,alarm_without_verified_registry_event_not_proven_false_alarm
PageHinkley,2436,Правобережный,Продовольствие,2024-10-01,0.9232942,alarm_without_verified_registry_event_not_proven_false_alarm
PageHinkley,1324,Павинский,Маркетплейсы,2024-08-01,0.920748,alarm_without_verified_registry_event_not_proven_false_alarm
PageHinkley,2452,Купчино,Продовольствие,2024-10-01,0.9187813,alarm_without_verified_registry_event_not_proven_false_alarm
PageHinkley,381,Мамадышский,Продовольствие,2024-10-01,0.9180514,alarm_without_verified_registry_event_not_proven_false_alarm
PageHinkley,2185,Тепло-Огаревский,Все категории,2024-08-01,0.9179117,alarm_without_verified_registry_event_not_proven_false_alarm
PageHinkley,890,Архангельск,Продовольствие,2024-11-01,0.917253,alarm_without_verified_registry_event_not_proven_false_alarm
PageHinkley,2531,Строгино,Продовольствие,2024-10-01,0.91487896,alarm_without_verified_registry_event_not_proven_false_alarm
PageHinkley,1300,Шабалинский,Общественное питание,2024-11-01,0.9144068,alarm_without_verified_registry_event_not_proven_false_alarm
PageHinkley,842,Хабаровск,Продовольствие,2024-11-01,0.9140646,alarm_without_verified_registry_event_not_proven_false_alarm
PageHinkley,803,Хасанский,Маркетплейсы,2024-07-01,0.9136782,alarm_without_verified_registry_event_not_proven_false_alarm
PageHinkley,1240,Беловский,Продовольствие,2024-10-01,0.9131048,alarm_without_verified_registry_event_not_proven_false_alarm
PageHinkley,2300,Каслинский,Продовольствие,2024-10-01,0.9128514,alarm_without_verified_registry_event_not_proven_false_alarm
PageHinkley,363,Апастовский,Маркетплейсы,2024-09-01,0.9115578,alarm_without_verified_registry_event_not_proven_false_alarm
PageHinkley,1136,Братск,Продовольствие,2024-11-01,0.9094273,alarm_without_verified_registry_event_not_proven_false_alarm
PageHinkley,2351,Коломна,Продовольствие,2024-10-01,0.9084135,alarm_without_verified_registry_event_not_proven_false_alarm
PageHinkley,2466,Гольяново,Продовольствие,2024-10-01,0.9063852,alarm_without_verified_registry_event_not_proven_false_alarm
PageHinkley,870,Архаринский,Продовольствие,2024-11-01,0.9062027,alarm_without_verified_registry_event_not_proven_false_alarm
PageHinkley,2403,Красное Село,Продовольствие,2024-10-01,0.906128,alarm_without_verified_registry_event_not_proven_false_alarm
PageHinkley,2571,Бирюлево Западное,Продовольствие,2024-10-01,0.9058141,alarm_without_verified_registry_event_not_proven_false_alarm
PageHinkley,433,Каракулинский,Продовольствие,2024-10-01,0.90412223,alarm_without_verified_registry_event_not_proven_false_alarm
PageHinkley,1192,Нестеровский,Продовольствие,2024-11-01,0.9033017,alarm_without_verified_registry_event_not_proven_false_alarm
PageHinkley,1907,Хворостянский,Продовольствие,2024-10-01,0.9006692,alarm_without_verified_registry_event_not_proven_false_alarm
PageHinkley,2470,Новогиреево,Продовольствие,2024-10-01,0.90044844,alarm_without_verified_registry_event_not_proven_false_alarm
PageHinkley,2250,Ямальский,Продовольствие,2024-11-01,0.8966569,alarm_without_verified_registry_event_not_proven_false_alarm
PageHinkley,2384,Прометей,Продовольствие,2024-10-01,0.89562505,alarm_without_verified_registry_event_not_proven_false_alarm
PageHinkley,2395,Понтонный,Продовольствие,2024-10-01,0.89515823,alarm_without_verified_registry_event_not_proven_false_alarm
PageHinkley,2649,Щёлково,Продовольствие,2024-10-01,0.8949597,alarm_without_verified_registry_event_not_proven_false_alarm
PageHinkley,2047,Вяземский,Продовольствие,2024-11-01,0.8929067,alarm_without_verified_registry_event_not_proven_false_alarm
PageHinkley,1445,Домодедово,Продовольствие,2024-10-01,0.89161974,alarm_without_verified_registry_event_not_proven_false_alarm
PageHinkley,1865,Сараевский,Продовольствие,2024-12-01,0.88802123,alarm_without_verified_registry_event_not_proven_false_alarm
PageHinkley,1168,Чунский,Продовольствие,2024-10-01,0.8871369,alarm_without_verified_registry_event_not_proven_false_alarm
PageHinkley,2568,Южное Бутово,Продовольствие,2024-10-01,0.88548356,alarm_without_verified_registry_event_not_proven_false_alarm
PageHinkley,2196,Армизонский,Продовольствие,2024-11-01,0.88215923,alarm_without_verified_registry_event_not_proven_false_alarm
PageHinkley,2528,Митино,Продовольствие,2024-10-01,0.8799005,alarm_without_verified_registry_event_not_proven_false_alarm
PageHinkley,524,Завьяловский,Продовольствие,2024-11-01,0.87921876,alarm_without_verified_registry_event_not_proven_false_alarm
PageHinkley,1668,Бузулук,Продовольствие,2024-10-01,0.8734119,alarm_without_verified_registry_event_not_proven_false_alarm
PageHinkley,532,Красногорский,Продовольствие,2024-10-01,0.8716861,alarm_without_verified_registry_event_not_proven_false_alarm
PageHinkley,1915,Александрово-Гайский,Продовольствие,2024-08-01,0.87018156,alarm_without_verified_registry_event_not_proven_false_alarm
PageHinkley,896,Северодвинск,Продовольствие,2024-11-01,0.8700692,alarm_without_verified_registry_event_not_proven_false_alarm
PageHinkley,1602,Баганский,Транспорт,2024-08-01,0.8687825,alarm_without_verified_registry_event_not_proven_false_alarm
PageHinkley,420,Глазов,Продовольствие,2024-10-01,0.86618346,alarm_without_verified_registry_event_not_proven_false_alarm
PageHinkley,2080,Жердевский,Продовольствие,2024-11-01,0.8654269,alarm_without_verified_registry_event_not_proven_false_alarm
PageHinkley,1857,Александро-Невский,Продовольствие,2024-09-01,0.8648802,alarm_without_verified_registry_event_not_proven_false_alarm
PageHinkley,2365,Светлановское,Продовольствие,2024-10-01,0.8635877,alarm_without_verified_registry_event_not_proven_false_alarm
PageHinkley,2530,Северное Тушино,Продовольствие,2024-10-01,0.8628788,alarm_without_verified_registry_event_not_proven_false_alarm
PageHinkley,1632,Омск,Продовольствие,2024-11-01,0.8621987,alarm_without_verified_registry_event_not_proven_false_alarm
PageHinkley,2161,Томский,Продовольствие,2024-11-01,0.8619679,alarm_without_verified_registry_event_not_proven_false_alarm
PageHinkley,1968,Углегорский,Все категории,2024-11-01,0.85852367,alarm_without_verified_registry_event_not_proven_false_alarm
PageHinkley,17,Усть-Коксинский,Продовольствие,2024-11-01,0.8583526,alarm_without_verified_registry_event_not_proven_false_alarm
PageHinkley,1467,Мытищи,Продовольствие,2024-12-01,0.85633296,alarm_without_verified_registry_event_not_proven_false_alarm
PageHinkley,2298,Еткульский,Все категории,2024-08-01,0.85417295,alarm_without_verified_registry_event_not_proven_false_alarm
PageHinkley,1765,Великие Луки,Продовольствие,2024-10-01,0.8527063,alarm_without_verified_registry_event_not_proven_false_alarm
PageHinkley,285,Юринский,Продовольствие,2024-11-01,0.8513164,alarm_without_verified_registry_event_not_proven_false_alarm
PageHinkley,236,Сосногорск,Продовольствие,2024-11-01,0.85098094,alarm_without_verified_registry_event_not_proven_false_alarm
PageHinkley,1742,Городищенский,Продовольствие,2024-10-01,0.85022116,alarm_without_verified_registry_event_not_proven_false_alarm
PageHinkley,892,Котлас,Продовольствие,2024-11-01,0.8484443,alarm_without_verified_registry_event_not_proven_false_alarm
PageHinkley,1404,Подпорожский,Продовольствие,2024-12-01,0.84842956,alarm_without_verified_registry_event_not_proven_false_alarm
PageHinkley,744,Карагайский,Продовольствие,2024-12-01,0.8476967,alarm_without_verified_registry_event_not_proven_false_alarm
PageHinkley,173,Майский,Продовольствие,2024-12-01,0.84515524,alarm_without_verified_registry_event_not_proven_false_alarm
PageHinkley,1681,Асекеевский,Продовольствие,2024-11-01,0.842806,alarm_without_verified_registry_event_not_proven_false_alarm
PageHinkley,515,Алтайский,Продовольствие,2024-10-01,0.8427573,alarm_without_verified_registry_event_not_proven_false_alarm
PageHinkley,583,Калганский,Продовольствие,2024-07-01,0.84239036,alarm_without_verified_registry_event_not_proven_false_alarm
PageHinkley,2526,Ярославский,Продовольствие,2024-10-01,0.84079623,alarm_without_verified_registry_event_not_proven_false_alarm
PageHinkley,757,Пермский,Продовольствие,2024-11-01,0.8401865,alarm_without_verified_registry_event_not_proven_false_alarm
PageHinkley,1011,Урюпинск,Продовольствие,2024-11-01,0.83641434,alarm_without_verified_registry_event_not_proven_false_alarm
PageHinkley,226,Вуктыл,Продовольствие,2024-11-01,0.8359641,alarm_without_verified_registry_event_not_proven_false_alarm
PageHinkley,2232,Нефтеюганский,Продовольствие,2024-11-01,0.83595634,alarm_without_verified_registry_event_not_proven_false_alarm
PageHinkley,525,Залесовский,Продовольствие,2024-09-01,0.83564055,alarm_without_verified_registry_event_not_proven_false_alarm
PageHinkley,1296,Тужинский,Продовольствие,2024-11-01,0.83244777,alarm_without_verified_registry_event_not_proven_false_alarm
PageHinkley,2604,Рязановское,Продовольствие,2024-12-01,0.8308295,alarm_without_verified_registry_event_not_proven_false_alarm
PageHinkley,987,Гусь-Хрустальный,Продовольствие,2024-10-01,0.82925785,alarm_without_verified_registry_event_not_proven_false_alarm
PageHinkley,2100,Умётский,Продовольствие,2024-10-01,0.8279746,alarm_without_verified_registry_event_not_proven_false_alarm
PageHinkley,849,Вяземский,Продовольствие,2024-10-01,0.8265557,alarm_without_verified_registry_event_not_proven_false_alarm
PageHinkley,2386,Ульянка,Продовольствие,2024-10-01,0.8258479,alarm_without_verified_registry_event_not_proven_false_alarm
PageHinkley,2551,Марьино,Продовольствие,2024-10-01,0.8219959,alarm_without_verified_registry_event_not_proven_false_alarm
PageHinkley,338,Томпонский,Все категории,2024-11-01,0.820159,alarm_without_verified_registry_event_not_proven_false_alarm
PageHinkley,2000,Нижний Тагил,Продовольствие,2024-11-01,0.81705195,alarm_without_verified_registry_event_not_proven_false_alarm
PageHinkley,2193,Тобольск,Продовольствие,2024-11-01,0.8164345,alarm_without_verified_registry_event_not_proven_false_alarm
PageHinkley,1412,Воловский,Продовольствие,2024-07-01,0.81120235,alarm_without_verified_registry_event_not_proven_false_alarm
PageHinkley,435,Кизнерский,Все категории,2024-11-01,0.8107084,alarm_without_verified_registry_event_not_proven_false_alarm
PageHinkley,392,Спасский,Продовольствие,2024-10-01,0.81040496,alarm_without_verified_registry_event_not_proven_false_alarm
PageHinkley,1025,Котельниковский,Продовольствие,2024-12-01,0.8102757,alarm_without_verified_registry_event_not_proven_false_alarm
PageHinkley,1967,Тымовский,Продовольствие,2024-10-01,0.8096718,alarm_without_verified_registry_event_not_proven_false_alarm
PageHinkley,2463,Вешняки,Продовольствие,2024-10-01,0.8093373,alarm_without_verified_registry_event_not_proven_false_alarm
PageHinkley,2449,Шушары,Продовольствие,2024-10-01,0.80809194,alarm_without_verified_registry_event_not_proven_false_alarm
PageHinkley,1680,Александровский,Продовольствие,2024-12-01,0.8036259,alarm_without_verified_registry_event_not_proven_false_alarm
PageHinkley,1200,Бабынинский,Все категории,2024-07-01,0.801442,alarm_without_verified_registry_event_not_proven_false_alarm
PageHinkley,2469,Косино-Ухтомский,Продовольствие,2024-10-01,0.8013709,alarm_without_verified_registry_event_not_proven_false_alarm
PageHinkley,2513,Бибирево,Продовольствие,2024-10-01,0.800528,alarm_without_verified_registry_event_not_proven_false_alarm
PageHinkley,1631,Чулымский,Маркетплейсы,2024-07-01,0.7946668,alarm_without_verified_registry_event_not_proven_false_alarm
PageHinkley,1616,Купинский,Продовольствие,2024-11-01,0.7912298,alarm_without_verified_registry_event_not_proven_false_alarm
PageHinkley,50,Дуванский,Продовольствие,2024-11-01,0.7911839,alarm_without_verified_registry_event_not_proven_false_alarm
PageHinkley,1618,Маслянинский,Продовольствие,2024-10-01,0.7902121,alarm_without_verified_registry_event_not_proven_false_alarm
PageHinkley,1758,Пензенский,Продовольствие,2024-11-01,0.78810143,alarm_without_verified_registry_event_not_proven_false_alarm
PageHinkley,1280,Малмыжский,Продовольствие,2024-11-01,0.78609014,alarm_without_verified_registry_event_not_proven_false_alarm
PageHinkley,509,Новоалтайск,Продовольствие,2024-11-01,0.7859944,alarm_without_verified_registry_event_not_proven_false_alarm
PageHinkley,1892,Исаклинский,Продовольствие,2024-12-01,0.78537494,alarm_without_verified_registry_event_not_proven_false_alarm
PageHinkley,1747,Колышлейский,Все категории,2024-08-01,0.7850597,alarm_without_verified_registry_event_not_proven_false_alarm
PageHinkley,761,Уинский,Все категории,2024-11-01,0.78459907,alarm_without_verified_registry_event_not_proven_false_alarm
PageHinkley,2505,Савеловский,Продовольствие,2024-10-01,0.7834679,alarm_without_verified_registry_event_not_proven_false_alarm
PageHinkley,618,Карагинский,Маркетплейсы,2024-08-01,0.7833876,alarm_without_verified_registry_event_not_proven_false_alarm
PageHinkley,345,Владикавказ,Продовольствие,2024-10-01,0.7824976,alarm_without_verified_registry_event_not_proven_false_alarm
PageHinkley,2580,Орехово-Борисово Северное,Продовольствие,2024-10-01,0.7818995,alarm_without_verified_registry_event_not_proven_false_alarm
PageHinkley,441,Селтинский,Продовольствие,2024-10-01,0.780935,alarm_without_verified_registry_event_not_proven_false_alarm
PageHinkley,56,Илишевский,Продовольствие,2024-10-01,0.78069574,alarm_without_verified_registry_event_not_proven_false_alarm
PageHinkley,1197,Черняховский,Продовольствие,2024-12-01,0.78008217,alarm_without_verified_registry_event_not_proven_false_alarm
PageHinkley,2520,Отрадное,Продовольствие,2024-10-01,0.7798516,alarm_without_verified_registry_event_not_proven_false_alarm
PageHinkley,1308,Шарья,Продовольствие,2024-11-01,0.77752477,alarm_without_verified_registry_event_not_proven_false_alarm
PageHinkley,764,Частинский,Продовольствие,2024-10-01,0.77622455,alarm_without_verified_registry_event_not_proven_false_alarm
PageHinkley,722,Ужурский,Продовольствие,2024-11-01,0.7745647,alarm_without_verified_registry_event_not_proven_false_alarm
PageHinkley,2190,Тюмень,Продовольствие,2024-11-01,0.7700555,alarm_without_verified_registry_event_not_proven_false_alarm
PageHinkley,240,Удорский,Продовольствие,2024-11-01,0.76901233,alarm_without_verified_registry_event_not_proven_false_alarm
PageHinkley,1868,Спасский,Продовольствие,2024-10-01,0.7683912,alarm_without_verified_registry_event_not_proven_false_alarm
PageHinkley,1121,Лежневский,Продовольствие,2024-10-01,0.766357,alarm_without_verified_registry_event_not_proven_false_alarm
PageHinkley,2495,Беговой,Продовольствие,2024-12-01,0.7656819,alarm_without_verified_registry_event_not_proven_false_alarm
PageHinkley,2198,Бердюжский,Продовольствие,2024-10-01,0.76161057,alarm_without_verified_registry_event_not_proven_false_alarm
PageHinkley,2570,Бирюлево Восточное,Продовольствие,2024-10-01,0.76084197,alarm_without_verified_registry_event_not_proven_false_alarm
PageHinkley,2496,Бескудниковский,Продовольствие,2024-10-01,0.75991815,alarm_without_verified_registry_event_not_proven_false_alarm
PageHinkley,1400,Кировский,Продовольствие,2024-10-01,0.75955355,alarm_without_verified_registry_event_not_proven_false_alarm
PageHinkley,615,Усть-Большерецкий,Все категории,2024-11-01,0.7587207,alarm_without_verified_registry_event_not_proven_false_alarm
PageHinkley,2506,Сокол,Продовольствие,2024-10-01,0.7572372,alarm_without_verified_registry_event_not_proven_false_alarm
PageHinkley,359,Актанышский,Продовольствие,2024-10-01,0.7556766,alarm_without_verified_registry_event_not_proven_false_alarm
PageHinkley,1738,Бековский,Все категории,2024-07-01,0.7555465,alarm_without_verified_registry_event_not_proven_false_alarm
PageHinkley,2879,Губкинский,Продовольствие,2024-12-01,0.751602,alarm_without_verified_registry_event_not_proven_false_alarm
PageHinkley,805,Черниговский,Продовольствие,2024-10-01,0.7514681,alarm_without_verified_registry_event_not_proven_false_alarm
PageHinkley,746,Кишертский,Продовольствие,2024-10-01,0.7512711,alarm_without_verified_registry_event_not_proven_false_alarm
PageHinkley,608,Петропавловск-Камчатский,Продовольствие,2024-12-01,0.750914,alarm_without_verified_registry_event_not_proven_false_alarm
PageHinkley,10,Горно-Алтайск,Продовольствие,2024-11-01,0.7496834,alarm_without_verified_registry_event_not_proven_false_alarm
PageHinkley,1012,Фролово,Продовольствие,2024-12-01,0.7496211,alarm_without_verified_registry_event_not_proven_false_alarm
PageHinkley,529,Каменский,Продовольствие,2024-10-01,0.74881536,alarm_without_verified_registry_event_not_proven_false_alarm
PageHinkley,543,Павловский,Продовольствие,2024-11-01,0.74864435,alarm_without_verified_registry_event_not_proven_false_alarm
PageHinkley,2572,Братеево,Продовольствие,2024-10-01,0.7463668,alarm_without_verified_registry_event_not_proven_false_alarm
PageHinkley,1906,Сызранский,Продовольствие,2024-12-01,0.74609846,alarm_without_verified_registry_event_not_proven_false_alarm
PageHinkley,2517,Марфино,Продовольствие,2024-10-01,0.7456924,alarm_without_verified_registry_event_not_proven_false_alarm
PageHinkley,557,Шелаболихинский,Продовольствие,2024-11-01,0.74396574,alarm_without_verified_registry_event_not_proven_false_alarm
PageHinkley,1419,Задонский,Продовольствие,2024-10-01,0.74346066,alarm_without_verified_registry_event_not_proven_false_alarm
PageHinkley,2523,Северное Медведково,Продовольствие,2024-10-01,0.7411963,alarm_without_verified_registry_event_not_proven_false_alarm
PageHinkley,2156,Кривошеинский,Продовольствие,2024-11-01,0.73831576,alarm_without_verified_registry_event_not_proven_false_alarm
PageHinkley,362,Альметьевский,Продовольствие,2024-11-01,0.7369601,alarm_without_verified_registry_event_not_proven_false_alarm
PageHinkley,1547,Ветлужский,Продовольствие,2024-10-01,0.73450816,alarm_without_verified_registry_event_not_proven_false_alarm
PageHinkley,1520,Ловозерский,Маркетплейсы,2024-09-01,0.7343507,alarm_without_verified_registry_event_not_proven_false_alarm
PageHinkley,2503,Левобережный,Продовольствие,2024-10-01,0.7317769,alarm_without_verified_registry_event_not_proven_false_alarm
PageHinkley,2034,Талицкий,Продовольствие,2024-07-01,0.73159146,alarm_without_verified_registry_event_not_proven_false_alarm
PageHinkley,2172,Белевский,Продовольствие,2024-10-01,0.7302989,alarm_without_verified_registry_event_not_proven_false_alarm
PageHinkley,507,Бийск,Продовольствие,2024-11-01,0.72854847,alarm_without_verified_registry_event_not_proven_false_alarm
PageHinkley,1493,Ленинский,Продовольствие,2024-11-01,0.72787356,alarm_without_verified_registry_event_not_proven_false_alarm
PageHinkley,1186,Гурьевский,Продовольствие,2024-11-01,0.7248231,alarm_without_verified_registry_event_not_proven_false_alarm
PageHinkley,1898,Красноармейский,Продовольствие,2024-07-01,0.72411054,alarm_without_verified_registry_event_not_proven_false_alarm
PageHinkley,2393,Металлострой,Продовольствие,2024-12-01,0.7223749,alarm_without_verified_registry_event_not_proven_false_alarm
PageHinkley,2128,Лихославльский,Продовольствие,2024-10-01,0.72231334,alarm_without_verified_registry_event_not_proven_false_alarm
PageHinkley,421,Можга,Продовольствие,2024-11-01,0.7216975,alarm_without_verified_registry_event_not_proven_false_alarm
PageHinkley,1282,Нагорский,Все категории,2024-10-01,0.71953034,alarm_without_verified_registry_event_not_proven_false_alarm
PageHinkley,1406,Сланцевский,Продовольствие,2024-11-01,0.7183672,alarm_without_verified_registry_event_not_proven_false_alarm
PageHinkley,380,Лениногорский,Продовольствие,2024-11-01,0.7180234,alarm_without_verified_registry_event_not_proven_false_alarm
PageHinkley,1422,Лебедянский,Продовольствие,2024-11-01,0.7175122,alarm_without_verified_registry_event_not_proven_false_alarm
PageHinkley,530,Ключевский,Маркетплейсы,2024-07-01,0.715354,alarm_without_verified_registry_event_not_proven_false_alarm
PageHinkley,317,Верхневилюйский,Продовольствие,2024-10-01,0.71368295,alarm_without_verified_registry_event_not_proven_false_alarm
PageHinkley,1475,Реутов,Продовольствие,2024-12-01,0.71343064,alarm_without_verified_registry_event_not_proven_false_alarm
PageHinkley,1346,Мишкинский,Продовольствие,2024-11-01,0.7089077,alarm_without_verified_registry_event_not_proven_false_alarm
PageHinkley,2048,Гагаринский,Продовольствие,2024-11-01,0.7074519,alarm_without_verified_registry_event_not_proven_false_alarm
PageHinkley,909,Онежский,Продовольствие,2024-11-01,0.7058797,alarm_without_verified_registry_event_not_proven_false_alarm
PageHinkley,1732,Хотынецкий,Продовольствие,2024-11-01,0.7053668,alarm_without_verified_registry_event_not_proven_false_alarm
PageHinkley,227,Инта,Продовольствие,2024-12-01,0.7051904,alarm_without_verified_registry_event_not_proven_false_alarm
PageHinkley,2887,Саратов,Продовольствие,2024-11-01,0.7051802,alarm_without_verified_registry_event_not_proven_false_alarm
PageHinkley,2464,Восточное Измайлово,Продовольствие,2024-10-01,0.7044743,alarm_without_verified_registry_event_not_proven_false_alarm
PageHinkley,2088,Никифоровский,Продовольствие,2024-12-01,0.7044621,alarm_without_verified_registry_event_not_proven_false_alarm
PageHinkley,2335,Тутаевский,Продовольствие,2024-12-01,0.70391536,alarm_without_verified_registry_event_not_proven_false_alarm
PageHinkley,2322,Борисоглебский,Продовольствие,2024-11-01,0.70309937,alarm_without_verified_registry_event_not_proven_false_alarm
PageHinkley,2162,Чаинский,Продовольствие,2024-11-01,0.7010363,alarm_without_verified_registry_event_not_proven_false_alarm
PageHinkley,755,Оханский,Продовольствие,2024-12-01,0.70100117,alarm_without_verified_registry_event_not_proven_false_alarm
PageHinkley,368,Бугульминский,Продовольствие,2024-11-01,0.69853795,alarm_without_verified_registry_event_not_proven_false_alarm
PageHinkley,1900,Нефтегорский,Продовольствие,2024-10-01,0.690052,alarm_without_verified_registry_event_not_proven_false_alarm
PageHinkley,342,Хангаласский,Продовольствие,2024-11-01,0.68748075,alarm_without_verified_registry_event_not_proven_false_alarm
PageHinkley,1004,Судогодский,Продовольствие,2024-10-01,0.68727344,alarm_without_verified_registry_event_not_proven_false_alarm
PageHinkley,799,Пожарский,Продовольствие,2024-10-01,0.6871872,alarm_without_verified_registry_event_not_proven_false_alarm
PageHinkley,2565,Северное Бутово,Продовольствие,2024-10-01,0.6870275,alarm_without_verified_registry_event_not_proven_false_alarm
PageHinkley,536,Курьинский,Продовольствие,2024-11-01,0.68324697,alarm_without_verified_registry_event_not_proven_false_alarm
PageHinkley,1426,Тербунский,Продовольствие,2024-12-01,0.68227035,alarm_without_verified_registry_event_not_proven_false_alarm
PageHinkley,365,Атнинский,Все категории,2024-07-01,0.68125784,alarm_without_verified_registry_event_not_proven_false_alarm
PageHinkley,1554,Дальнеконстантиновский,Продовольствие,2024-12-01,0.68091923,alarm_without_verified_registry_event_not_proven_false_alarm
PageHinkley,1705,Тюльганский,Продовольствие,2024-10-01,0.68029153,alarm_without_verified_registry_event_not_proven_false_alarm
PageHinkley,557,Шелаболихинский,Все категории,2024-11-01,0.67955804,alarm_without_verified_registry_event_not_proven_false_alarm
PageHinkley,65,Кушнаренковский,Продовольствие,2024-11-01,0.67460334,alarm_without_verified_registry_event_not_proven_false_alarm
PageHinkley,2007,Дегтярск,Продовольствие,2024-11-01,0.67198986,alarm_without_verified_registry_event_not_proven_false_alarm
PageHinkley,495,Порецкий,Продовольствие,2024-11-01,0.67079455,alarm_without_verified_registry_event_not_proven_false_alarm
PageHinkley,581,Забайкальский,Продовольствие,2024-10-01,0.6700676,alarm_without_verified_registry_event_not_proven_false_alarm
PageHinkley,1666,Абдулинский,Продовольствие,2024-12-01,0.66926056,alarm_without_verified_registry_event_not_proven_false_alarm
PageHinkley,1049,Белозерский,Продовольствие,2024-11-01,0.6661709,alarm_without_verified_registry_event_not_proven_false_alarm
PageHinkley,612,Елизовский,Продовольствие,2024-11-01,0.6629254,alarm_without_verified_registry_event_not_proven_false_alarm
PageHinkley,1303,Кострома,Продовольствие,2024-11-01,0.66256547,alarm_without_verified_registry_event_not_proven_false_alarm
PageHinkley,1535,Сокольский,Продовольствие,2024-11-01,0.65995777,alarm_without_verified_registry_event_not_proven_false_alarm
PageHinkley,2328,Некоузский,Продовольствие,2024-11-01,0.6569936,alarm_without_verified_registry_event_not_proven_false_alarm
PageHinkley,2296,Верхнеуральский,Продовольствие,2024-11-01,0.65341866,alarm_without_verified_registry_event_not_proven_false_alarm
PageHinkley,269,Йошкар-Ола,Продовольствие,2024-11-01,0.65289575,alarm_without_verified_registry_event_not_proven_false_alarm
PageHinkley,2582,Царицыно,Продовольствие,2024-10-01,0.6525015,alarm_without_verified_registry_event_not_proven_false_alarm
PageHinkley,1218,Сухиничский,Продовольствие,2024-12-01,0.6491376,alarm_without_verified_registry_event_not_proven_false_alarm
PageHinkley,2510,Алексеевский,Продовольствие,2024-10-01,0.64811,alarm_without_verified_registry_event_not_proven_false_alarm
PageHinkley,486,Вурнарский,Продовольствие,2024-11-01,0.6440879,alarm_without_verified_registry_event_not_proven_false_alarm
PageHinkley,1856,Михайловский,Продовольствие,2024-11-01,0.641695,alarm_without_verified_registry_event_not_proven_false_alarm
PageHinkley,2001,Нижняя Салда,Продовольствие,2024-11-01,0.6399116,alarm_without_verified_registry_event_not_proven_false_alarm
PageHinkley,1667,Бугуруслан,Продовольствие,2024-10-01,0.6389879,alarm_without_verified_registry_event_not_proven_false_alarm
PageHinkley,1116,Заволжский,Продовольствие,2024-12-01,0.6352575,alarm_without_verified_registry_event_not_proven_false_alarm
PageHinkley,2098,Токарёвский,Продовольствие,2024-07-01,0.6346917,alarm_without_verified_registry_event_not_proven_false_alarm
PageHinkley,2501,Западное Дегунино,Продовольствие,2024-10-01,0.6265128,alarm_without_verified_registry_event_not_proven_false_alarm
PageHinkley,2220,Нефтеюганск,Продовольствие,2024-11-01,0.6263293,alarm_without_verified_registry_event_not_proven_false_alarm
PageHinkley,1219,Тарусский,Продовольствие,2024-12-01,0.62418014,alarm_without_verified_registry_event_not_proven_false_alarm
PageHinkley,1133,Юрьевецкий,Продовольствие,2024-11-01,0.6217959,alarm_without_verified_registry_event_not_proven_false_alarm
PageHinkley,2515,Лианозово,Продовольствие,2024-10-01,0.6213183,alarm_without_verified_registry_event_not_proven_false_alarm
PageHinkley,312,Алданский,Продовольствие,2024-11-01,0.618402,alarm_without_verified_registry_event_not_proven_false_alarm
PageHinkley,2318,Ярославль,Продовольствие,2024-11-01,0.61592853,alarm_without_verified_registry_event_not_proven_false_alarm
PageHinkley,453,Алтайский,Продовольствие,2024-07-01,0.6131417,alarm_without_verified_registry_event_not_proven_false_alarm
PageHinkley,1459,Красногорск,Продовольствие,2024-12-01,0.60851425,alarm_without_verified_registry_event_not_proven_false_alarm
PageHinkley,2483,Ново-Переделкино,Продовольствие,2024-10-01,0.60647964,alarm_without_verified_registry_event_not_proven_false_alarm
PageHinkley,1507,Апатиты,Продовольствие,2024-11-01,0.60619634,alarm_without_verified_registry_event_not_proven_false_alarm
PageHinkley,1340,Каргапольский,Продовольствие,2024-12-01,0.60601896,alarm_without_verified_registry_event_not_proven_false_alarm
PageHinkley,1887,Большеглушицкий,Продовольствие,2024-07-01,0.6047058,alarm_without_verified_registry_event_not_proven_false_alarm
PageHinkley,1658,Таврический,Продовольствие,2024-12-01,0.60437554,alarm_without_verified_registry_event_not_proven_false_alarm
PageHinkley,1146,Братский,Все категории,2024-10-01,0.60056263,alarm_without_verified_registry_event_not_proven_false_alarm
PageHinkley,829,Арзгирский,Продовольствие,2024-12-01,0.5958426,alarm_without_verified_registry_event_not_proven_false_alarm
PageHinkley,1227,Березовский,Продовольствие,2024-11-01,0.59583783,alarm_without_verified_registry_event_not_proven_false_alarm
PageHinkley,1213,Медынский,Продовольствие,2024-10-01,0.5918164,alarm_without_verified_registry_event_not_proven_false_alarm
PageHinkley,1636,Горьковский,Продовольствие,2024-10-01,0.5886611,alarm_without_verified_registry_event_not_proven_false_alarm
PageHinkley,1425,Становлянский,Продовольствие,2024-10-01,0.58776236,alarm_without_verified_registry_event_not_proven_false_alarm
PageHinkley,1938,Перелюбский,Продовольствие,2024-11-01,0.5871813,alarm_without_verified_registry_event_not_proven_false_alarm
PageHinkley,1069,Харовский,Продовольствие,2024-12-01,0.5850229,alarm_without_verified_registry_event_not_proven_false_alarm
PageHinkley,1249,Промышленновский,Продовольствие,2024-11-01,0.58375454,alarm_without_verified_registry_event_not_proven_false_alarm
PageHinkley,1753,Наровчатский,Транспорт,2024-12-01,0.5833922,alarm_without_verified_registry_event_not_proven_false_alarm
PageHinkley,2314,Увельский,Продовольствие,2024-12-01,0.578617,alarm_without_verified_registry_event_not_proven_false_alarm
PageHinkley,2059,Починковский,Продовольствие,2024-10-01,0.5764559,alarm_without_verified_registry_event_not_proven_false_alarm
PageHinkley,1242,Ижморский,Продовольствие,2024-10-01,0.57628936,alarm_without_verified_registry_event_not_proven_false_alarm
PageHinkley,234,Печора,Продовольствие,2024-12-01,0.574656,alarm_without_verified_registry_event_not_proven_false_alarm
PageHinkley,2125,Краснохолмский,Продовольствие,2024-07-01,0.5697611,alarm_without_verified_registry_event_not_proven_false_alarm
PageHinkley,2648,Лосино-Петровский,Продовольствие,2024-11-01,0.5671348,alarm_without_verified_registry_event_not_proven_false_alarm
PageHinkley,2238,Салехард,Продовольствие,2024-12-01,0.5643796,alarm_without_verified_registry_event_not_proven_false_alarm
PageHinkley,2507,Тимирязевский,Продовольствие,2024-12-01,0.5636161,alarm_without_verified_registry_event_not_proven_false_alarm
PageHinkley,1180,Светловский,Продовольствие,2024-11-01,0.56259096,alarm_without_verified_registry_event_not_proven_false_alarm
PageHinkley,505,Алейск,Продовольствие,2024-10-01,0.55887413,alarm_without_verified_registry_event_not_proven_false_alarm
PageHinkley,2197,Аромашевский,Продовольствие,2024-12-01,0.54845154,alarm_without_verified_registry_event_not_proven_false_alarm
PageHinkley,1457,Котельники,Продовольствие,2024-11-01,0.5423129,alarm_without_verified_registry_event_not_proven_false_alarm
PageHinkley,2310,Пластовский,Продовольствие,2024-11-01,0.5412486,alarm_without_verified_registry_event_not_proven_false_alarm
PageHinkley,552,Смоленский,Продовольствие,2024-10-01,0.5385582,alarm_without_verified_registry_event_not_proven_false_alarm
PageHinkley,219,Пряжинский,Продовольствие,2024-07-01,0.5361923,alarm_without_verified_registry_event_not_proven_false_alarm
PageHinkley,2329,Некрасовский,Транспорт,2024-08-01,0.5347009,alarm_without_verified_registry_event_not_proven_false_alarm
PageHinkley,1989,Волчанский,Продовольствие,2024-10-01,0.5313645,alarm_without_verified_registry_event_not_proven_false_alarm
PageHinkley,563,Троицкий,Продовольствие,2024-10-01,0.5295238,alarm_without_verified_registry_event_not_proven_false_alarm
PageHinkley,2581,Орехово-Борисово Южное,Продовольствие,2024-10-01,0.52851796,alarm_without_verified_registry_event_not_proven_false_alarm
PageHinkley,557,Шелаболихинский,Транспорт,2024-12-01,0.52818775,alarm_without_verified_registry_event_not_proven_false_alarm
PageHinkley,2046,Велижский,Продовольствие,2024-07-01,0.5267671,alarm_without_verified_registry_event_not_proven_false_alarm
PageHinkley,78,Федоровский,Продовольствие,2024-11-01,0.5229303,alarm_without_verified_registry_event_not_proven_false_alarm
PageHinkley,1601,Кольцово,Продовольствие,2024-11-01,0.51550305,alarm_without_verified_registry_event_not_proven_false_alarm
PageHinkley,1525,Бор,Продовольствие,2024-11-01,0.5142714,alarm_without_verified_registry_event_not_proven_false_alarm
PageHinkley,1579,Волотовский,Общественное питание,2024-08-01,0.51102823,alarm_without_verified_registry_event_not_proven_false_alarm
PageHinkley,693,Емельяновский,Продовольствие,2024-12-01,0.50938284,alarm_without_verified_registry_event_not_proven_false_alarm
PageHinkley,1599,Искитим,Продовольствие,2024-12-01,0.50689274,alarm_without_verified_registry_event_not_proven_false_alarm
PageHinkley,2027,Бисертский,Продовольствие,2024-11-01,0.5051102,alarm_without_verified_registry_event_not_proven_false_alarm
PageHinkley,723,Уярский,Продовольствие,2024-10-01,0.5023328,alarm_without_verified_registry_event_not_proven_false_alarm
PageHinkley,36,Бакалинский,Продовольствие,2024-11-01,0.4989739,alarm_without_verified_registry_event_not_proven_false_alarm
PageHinkley,418,Ижевск,Продовольствие,2024-11-01,0.49093398,alarm_without_verified_registry_event_not_proven_false_alarm
PageHinkley,1072,Шекснинский,Продовольствие,2024-11-01,0.4901713,alarm_without_verified_registry_event_not_proven_false_alarm
PageHinkley,1393,Волосовский,Продовольствие,2024-11-01,0.4882671,alarm_without_verified_registry_event_not_proven_false_alarm
PageHinkley,2017,Артинский,Продовольствие,2024-11-01,0.48552218,alarm_without_verified_registry_event_not_proven_false_alarm
PageHinkley,1221,Ферзиковский,Все категории,2024-11-01,0.48546463,alarm_without_verified_registry_event_not_proven_false_alarm
PageHinkley,1988,Карпинск,Продовольствие,2024-11-01,0.48422003,alarm_without_verified_registry_event_not_proven_false_alarm
PageHinkley,1444,Долгопрудный,Продовольствие,2024-11-01,0.48163608,alarm_without_verified_registry_event_not_proven_false_alarm
PageHinkley,235,Прилузский,Продовольствие,2024-11-01,0.48042268,alarm_without_verified_registry_event_not_proven_false_alarm
PageHinkley,442,Сюмсинский,Продовольствие,2024-10-01,0.47865185,alarm_without_verified_registry_event_not_proven_false_alarm
PageHinkley,242,Усть-Куломский,Продовольствие,2024-10-01,0.47642714,alarm_without_verified_registry_event_not_proven_false_alarm
PageHinkley,761,Уинский,Продовольствие,2024-12-01,0.47516072,alarm_without_verified_registry_event_not_proven_false_alarm
PageHinkley,337,Таттинский,Маркетплейсы,2024-08-01,0.4726739,alarm_without_verified_registry_event_not_proven_false_alarm
PageHinkley,1861,Рыбновский,Продовольствие,2024-10-01,0.46756068,alarm_without_verified_registry_event_not_proven_false_alarm
PageHinkley,325,Ленский,Продовольствие,2024-12-01,0.46367347,alarm_without_verified_registry_event_not_proven_false_alarm
PageHinkley,1149,Зиминский,Все категории,2024-08-01,0.46036962,alarm_without_verified_registry_event_not_proven_false_alarm
PageHinkley,2499,Головинский,Продовольствие,2024-12-01,0.4561542,alarm_without_verified_registry_event_not_proven_false_alarm
PageHinkley,787,Анучинский,Общественное питание,2024-08-01,0.44797152,alarm_without_verified_registry_event_not_proven_false_alarm
PageHinkley,1581,Крестецкий,Продовольствие,2024-11-01,0.44772634,alarm_without_verified_registry_event_not_proven_false_alarm
PageHinkley,1465,Люберцы,Продовольствие,2024-11-01,0.44749355,alarm_without_verified_registry_event_not_proven_false_alarm
PageHinkley,1140,Усолье-Сибирское,Продовольствие,2024-11-01,0.4449954,alarm_without_verified_registry_event_not_proven_false_alarm
PageHinkley,614,Соболевский,Маркетплейсы,2024-10-01,0.44025677,alarm_without_verified_registry_event_not_proven_false_alarm
PageHinkley,1403,Лужский,Продовольствие,2024-11-01,0.44023395,alarm_without_verified_registry_event_not_proven_false_alarm
PageHinkley,372,Дрожжановский,Продовольствие,2024-12-01,0.4368976,alarm_without_verified_registry_event_not_proven_false_alarm
PageHinkley,1582,Любытинский,Продовольствие,2024-11-01,0.43629172,alarm_without_verified_registry_event_not_proven_false_alarm
PageHinkley,449,Абаза,Здоровье,2024-10-01,0.43334386,alarm_without_verified_registry_event_not_proven_false_alarm
PageHinkley,326,Мегино-Кангаласский,Продовольствие,2024-11-01,0.42739692,alarm_without_verified_registry_event_not_proven_false_alarm
PageHinkley,1730,Троснянский,Продовольствие,2024-07-01,0.42649004,alarm_without_verified_registry_event_not_proven_false_alarm
PageHinkley,752,Октябрьский,Продовольствие,2024-12-01,0.42226315,alarm_without_verified_registry_event_not_proven_false_alarm
PageHinkley,1759,Сердобский,Продовольствие,2024-11-01,0.42050418,alarm_without_verified_registry_event_not_proven_false_alarm
PageHinkley,443,Увинский,Продовольствие,2024-11-01,0.4190438,alarm_without_verified_registry_event_not_proven_false_alarm
PageHinkley,2500,Дмитровский,Продовольствие,2024-12-01,0.4148115,alarm_without_verified_registry_event_not_proven_false_alarm
PageHinkley,1694,Октябрьский,Продовольствие,2024-10-01,0.41285148,alarm_without_verified_registry_event_not_proven_false_alarm
PageHinkley,2504,Молжаниновский,Продовольствие,2024-11-01,0.41272047,alarm_without_verified_registry_event_not_proven_false_alarm
PageHinkley,706,Манский,Продовольствие,2024-07-01,0.4075321,alarm_without_verified_registry_event_not_proven_false_alarm
PageHinkley,2192,Ишим,Продовольствие,2024-12-01,0.4074844,alarm_without_verified_registry_event_not_proven_false_alarm
PageHinkley,327,Мирнинский,Продовольствие,2024-11-01,0.4055601,alarm_without_verified_registry_event_not_proven_false_alarm
PageHinkley,2493,Силино,Продовольствие,2024-11-01,0.39684293,alarm_without_verified_registry_event_not_proven_false_alarm
PageHinkley,2060,Рославльский,Продовольствие,2024-11-01,0.39476556,alarm_without_verified_registry_event_not_proven_false_alarm
PageHinkley,2181,Куркинский,Продовольствие,2024-11-01,0.39331734,alarm_without_verified_registry_event_not_proven_false_alarm
PageHinkley,2592,Десеновское,Продовольствие,2024-12-01,0.39159533,alarm_without_verified_registry_event_not_proven_false_alarm
PageHinkley,2539,Красносельский,Продовольствие,2024-11-01,0.39150771,alarm_without_verified_registry_event_not_proven_false_alarm
PageHinkley,1643,Любинский,Продовольствие,2024-12-01,0.38912287,alarm_without_verified_registry_event_not_proven_false_alarm
PageHinkley,1555,Дивеевский,Продовольствие,2024-11-01,0.3873563,alarm_without_verified_registry_event_not_proven_false_alarm
PageHinkley,2538,Савелки,Продовольствие,2024-12-01,0.37730008,alarm_without_verified_registry_event_not_proven_false_alarm
PageHinkley,1244,Крапивинский,Продовольствие,2024-11-01,0.37675527,alarm_without_verified_registry_event_not_proven_false_alarm
PageHinkley,2126,Кувшиновский,Продовольствие,2024-07-01,0.3762524,alarm_without_verified_registry_event_not_proven_false_alarm
PageHinkley,2361,Остров Декабристов,Продовольствие,2024-12-01,0.3720688,alarm_without_verified_registry_event_not_proven_false_alarm
PageHinkley,2308,Нязепетровский,Продовольствие,2024-12-01,0.34417832,alarm_without_verified_registry_event_not_proven_false_alarm
PageHinkley,699,Казачинский,Транспорт,2024-10-01,0.34189716,alarm_without_verified_registry_event_not_proven_false_alarm
PageHinkley,2191,Заводоуковский,Продовольствие,2024-11-01,0.33980346,alarm_without_verified_registry_event_not_proven_false_alarm
PageHinkley,2606,Филимонковское,Продовольствие,2024-11-01,0.31557268,alarm_without_verified_registry_event_not_proven_false_alarm
PageHinkley,2474,Северное Измайлово,Продовольствие,2024-11-01,0.31350926,alarm_without_verified_registry_event_not_proven_false_alarm
PageHinkley,2533,Щукино,Продовольствие,2024-11-01,0.31129542,alarm_without_verified_registry_event_not_proven_false_alarm
PageHinkley,68,Мишкинский,Все категории,2024-11-01,0.30774507,alarm_without_verified_registry_event_not_proven_false_alarm
PageHinkley,2482,Можайский,Продовольствие,2024-11-01,0.30612054,alarm_without_verified_registry_event_not_proven_false_alarm
PageHinkley,2577,Нагатино-Садовники,Продовольствие,2024-12-01,0.30607274,alarm_without_verified_registry_event_not_proven_false_alarm
PageHinkley,504,Барнаул,Продовольствие,2024-12-01,0.2994145,alarm_without_verified_registry_event_not_proven_false_alarm
PageHinkley,54,Зилаирский,Общественное питание,2024-09-01,0.29680774,alarm_without_verified_registry_event_not_proven_false_alarm
PageHinkley,349,Ирафский,Маркетплейсы,2024-12-01,0.29582945,alarm_without_verified_registry_event_not_proven_false_alarm
PageHinkley,2556,Текстильщики,Продовольствие,2024-12-01,0.28485525,alarm_without_verified_registry_event_not_proven_false_alarm
PageHinkley,2487,Солнцево,Продовольствие,2024-12-01,0.27666396,alarm_without_verified_registry_event_not_proven_false_alarm
PageHinkley,1257,Яшкинский,Продовольствие,2024-12-01,0.26579228,alarm_without_verified_registry_event_not_proven_false_alarm
PageHinkley,502,Яльчикский,Маркетплейсы,2024-10-01,0.2624692,alarm_without_verified_registry_event_not_proven_false_alarm
PageHinkley,2370,Лисий Нос,Продовольствие,2024-12-01,0.24406983,alarm_without_verified_registry_event_not_proven_false_alarm
PageHinkley,414,Улуг-Хемский,Продовольствие,2024-07-01,0.23989801,alarm_without_verified_registry_event_not_proven_false_alarm
PageHinkley,1179,Пионерский,Все категории,2024-11-01,0.23217094,alarm_without_verified_registry_event_not_proven_false_alarm
PageHinkley,2462,Богородское,Продовольствие,2024-11-01,0.23079881,alarm_without_verified_registry_event_not_proven_false_alarm
PageHinkley,2508,Ховрино,Продовольствие,2024-11-01,0.22387497,alarm_without_verified_registry_event_not_proven_false_alarm
PageHinkley,1215,Мосальский,Продовольствие,2024-12-01,0.22289023,alarm_without_verified_registry_event_not_proven_false_alarm
PageHinkley,1627,Усть-Таркский,Продовольствие,2024-10-01,0.21270461,alarm_without_verified_registry_event_not_proven_false_alarm
PageHinkley,1605,Венгеровский,Продовольствие,2024-11-01,0.19028227,alarm_without_verified_registry_event_not_proven_false_alarm
PageHinkley,45,Буздякский,Продовольствие,2024-11-01,0.18358393,alarm_without_verified_registry_event_not_proven_false_alarm
PageHinkley,1130,Фурмановский,Продовольствие,2024-11-01,0.18092237,alarm_without_verified_registry_event_not_proven_false_alarm
PageHinkley,1532,Семеновский,Продовольствие,2024-12-01,0.17875211,alarm_without_verified_registry_event_not_proven_false_alarm
PageHinkley,2114,Весьегонский,Продовольствие,2024-07-01,0.17777446,alarm_without_verified_registry_event_not_proven_false_alarm
PageHinkley,285,Юринский,Маркетплейсы,2024-12-01,0.17518915,alarm_without_verified_registry_event_not_proven_false_alarm
PageHinkley,2139,Спировский,Маркетплейсы,2024-11-01,0.17216864,alarm_without_verified_registry_event_not_proven_false_alarm
PageHinkley,1692,Новоорский,Транспорт,2024-08-01,0.17134975,alarm_without_verified_registry_event_not_proven_false_alarm
PageHinkley,1443,Дзержинский,Продовольствие,2024-11-01,0.15889646,alarm_without_verified_registry_event_not_proven_false_alarm
PageHinkley,2078,Бондарский,Транспорт,2024-07-01,0.15359409,alarm_without_verified_registry_event_not_proven_false_alarm
PageHinkley,2338,Биробиджан,Продовольствие,2024-12-01,0.12319837,alarm_without_verified_registry_event_not_proven_false_alarm
PageHinkley,1058,Кирилловский,Продовольствие,2024-10-01,0.09795275,alarm_without_verified_registry_event_not_proven_false_alarm
PageHinkley,1358,Юргамышский,Продовольствие,2024-12-01,0.090459,alarm_without_verified_registry_event_not_proven_false_alarm
PageHinkley,1014,Быковский,Продовольствие,2024-11-01,0.057444956,alarm_without_verified_registry_event_not_proven_false_alarm
PageHinkley,1223,Юхновский,Продовольствие,2024-12-01,0.049137935,alarm_without_verified_registry_event_not_proven_false_alarm
PageHinkley,1640,Колосовский,Транспорт,2024-10-01,0.005660655,alarm_without_verified_registry_event_not_proven_false_alarm
