model,stage,h,n_target_months,n_series,mae,r2,r2_change,wape,coverage,base_model,variant,category
original,test,1,6,28,962.9085751488095,0.8867195225774602,0.620930771807432,0.039049413994373186,1.0,Ensemble,original,Все категории
original,test,3,6,28,1118.5250999813989,0.8430545458066819,0.6739752853610851,0.04536022507175333,1.0,Ensemble,original,Все категории
original,test,6,6,28,1045.0773228236608,0.8573308954843958,0.7385147164916714,0.042381652929786746,1.0,Ensemble,original,Все категории
original,test,12,6,28,1188.6597493489583,0.8473982918747944,-0.09500102369124153,0.048204437938048336,1.0,Ensemble,original,Все категории
original,test,1,6,28,107.81332760765439,0.6504830948735244,-0.3632904337266354,0.10259677038940274,1.0,Ensemble,original,Здоровье
original,test,3,6,28,122.72575305757069,0.5168849178426332,0.25134050585041345,0.11678765683900644,1.0,Ensemble,original,Здоровье
original,test,6,6,28,154.88653201148622,0.37608983419573383,0.011146283461399897,0.14739233371056001,1.0,Ensemble,original,Здоровье
original,test,12,6,28,133.35857482183548,0.47162521077105146,-0.4359017306775208,0.1269060085989077,1.0,Ensemble,original,Здоровье
original,test,1,6,28,556.003428141276,0.5039580274199931,-0.7684708025895097,0.11088663882615114,1.0,Ensemble,original,Маркетплейсы
original,test,3,6,28,627.4495471772693,0.36152953777327246,-0.2630698351633127,0.12513550780086072,1.0,Ensemble,original,Маркетплейсы
original,test,6,6,28,853.3144080752418,-0.012960223960332362,-0.6387652838128015,0.1701809049805855,1.0,Ensemble,original,Маркетплейсы
original,test,12,6,28,1294.9661240350633,-1.1481468442929672,-7.946428008841156,0.25826179052171366,1.0,Ensemble,original,Маркетплейсы
original,test,1,6,28,64.36858672187442,0.9463369832817725,-0.2635952140809046,0.15595953978013358,1.0,Ensemble,original,Общественное питание
original,test,3,6,28,72.07903176262265,0.9266496901454601,0.4346465601491436,0.17464128379994528,1.0,Ensemble,original,Общественное питание
original,test,6,6,28,67.99727435339065,0.9310505075941566,0.5850251190977012,0.16475153727205327,1.0,Ensemble,original,Общественное питание
original,test,12,6,28,72.1930248169672,0.906580812880728,0.10025094127524381,0.174917479149247,1.0,Ensemble,original,Общественное питание
original,test,1,6,28,721.5435442243304,0.5844031184888085,0.46522672202704063,0.060930303436679274,1.0,Ensemble,original,Продовольствие
original,test,3,6,28,878.9823114304315,0.3611338938682319,0.5020972449610619,0.07422512387454605,1.0,Ensemble,original,Продовольствие
original,test,6,6,28,791.213152204241,0.39641408314940285,0.5542430760329047,0.06681351088619485,1.0,Ensemble,original,Продовольствие
original,test,12,6,28,744.2874639601935,0.39335973451029793,-0.24256258396942165,0.06285089983302755,1.0,Ensemble,original,Продовольствие
original,test,1,6,28,89.74610283261254,0.9082217994947843,0.3816273955564573,0.07416777893263665,1.0,Ensemble,original,Транспорт
original,test,3,6,28,99.52878861200242,0.8845957519282741,0.5873130109500667,0.08225236481829339,1.0,Ensemble,original,Транспорт
original,test,6,6,28,94.4478025890532,0.8954665766261914,0.5945854197145972,0.07805334741011938,1.0,Ensemble,original,Транспорт
original,test,12,6,28,139.22269221714564,0.7719219765217822,-0.47999762333536555,0.11505611422511262,1.0,Ensemble,original,Транспорт
financial_only,test,1,6,28,962.9085751488095,0.8867195225774602,0.620930771807432,0.039049413994373186,1.0,Ensemble,financial_only,Все категории
financial_only,test,3,6,28,1135.5667482409558,0.8368827102039833,0.6611544556562017,0.046051325343584526,1.0,Ensemble,financial_only,Все категории
financial_only,test,6,6,28,1131.1378896446518,0.8253958582047667,0.6799838782610332,0.04587171916153044,1.0,Ensemble,financial_only,Все категории
financial_only,test,12,6,28,1188.6597493489583,0.8473982918747944,-0.09500102369124153,0.048204437938048336,1.0,Ensemble,financial_only,Все категории
financial_only,test,1,6,28,107.81332760765439,0.6504830948735244,-0.3632904337266354,0.10259677038940274,1.0,Ensemble,financial_only,Здоровье
financial_only,test,3,6,28,126.30817663736921,0.4831948606814117,0.19913269432948277,0.12019674454281716,1.0,Ensemble,financial_only,Здоровье
financial_only,test,6,6,28,173.12474004353024,0.25670530916422973,-0.17806978921216898,0.16474808446326134,1.0,Ensemble,financial_only,Здоровье
financial_only,test,12,6,28,133.35857482183548,0.47162521077105146,-0.4359017306775208,0.1269060085989077,1.0,Ensemble,financial_only,Здоровье
financial_only,test,1,6,28,556.003428141276,0.5039580274199931,-0.7684708025895097,0.11088663882615114,1.0,Ensemble,financial_only,Маркетплейсы
financial_only,test,3,6,28,554.2418449109722,0.4580907231912602,-0.07204530424967848,0.11053531717320034,1.0,Ensemble,financial_only,Маркетплейсы
financial_only,test,6,6,28,595.0020398936779,0.3853748310651184,0.005660473547374645,0.1186643336338369,1.0,Ensemble,financial_only,Маркетплейсы
financial_only,test,12,6,28,1294.9661240350633,-1.1481468442929672,-7.946428008841156,0.25826179052171366,1.0,Ensemble,financial_only,Маркетплейсы
financial_only,test,1,6,28,64.36858672187442,0.9463369832817725,-0.2635952140809046,0.15595953978013358,1.0,Ensemble,financial_only,Общественное питание
financial_only,test,3,6,28,72.19834362375671,0.9270645049040951,0.43784377841802746,0.17493036615984206,1.0,Ensemble,financial_only,Общественное питание
financial_only,test,6,6,28,72.5257510399704,0.9271202373991649,0.5613706533551466,0.17572364612067018,1.0,Ensemble,financial_only,Общественное питание
financial_only,test,12,6,28,72.1930248169672,0.906580812880728,0.10025094127524381,0.174917479149247,1.0,Ensemble,financial_only,Общественное питание
financial_only,test,1,6,28,721.5435442243304,0.5844031184888085,0.46522672202704063,0.060930303436679274,1.0,Ensemble,financial_only,Продовольствие
financial_only,test,3,6,28,873.6050071193537,0.3645511854150335,0.5047605242610484,0.07377104069970791,1.0,Ensemble,financial_only,Продовольствие
financial_only,test,6,6,28,864.9552173772784,0.3079336341824741,0.4888989855535898,0.07304061449346323,1.0,Ensemble,financial_only,Продовольствие
financial_only,test,12,6,28,744.2874639601935,0.39335973451029793,-0.24256258396942165,0.06285089983302755,1.0,Ensemble,financial_only,Продовольствие
financial_only,test,1,6,28,89.74610283261254,0.9082217994947843,0.3816273955564573,0.07416777893263665,1.0,Ensemble,financial_only,Транспорт
financial_only,test,3,6,28,99.77433893884483,0.8851166262326757,0.5891756637722003,0.08245529198485851,1.0,Ensemble,financial_only,Транспорт
financial_only,test,6,6,28,98.58785992337383,0.891169005624247,0.5779180430252329,0.08147476457976556,1.0,Ensemble,financial_only,Транспорт
financial_only,test,12,6,28,139.22269221714564,0.7719219765217822,-0.47999762333536555,0.11505611422511262,1.0,Ensemble,financial_only,Транспорт
local_news,test,1,6,28,962.9085751488095,0.8867195225774602,0.620930771807432,0.039049413994373186,1.0,Ensemble,local_news,Все категории
local_news,test,3,6,28,1217.132451030028,0.8249346373536315,0.6363345775556053,0.04935910863491127,1.0,Ensemble,local_news,Все категории
local_news,test,6,6,28,1315.1488494252596,0.7831430280827254,0.6025424917674156,0.053334026937597805,1.0,Ensemble,local_news,Все категории
local_news,test,12,6,28,1188.6597493489583,0.8473982918747944,-0.09500102369124153,0.048204437938048336,1.0,Ensemble,local_news,Все категории
local_news,test,1,6,28,107.81332760765439,0.6504830948735244,-0.3632904337266354,0.10259677038940274,1.0,Ensemble,local_news,Здоровье
local_news,test,3,6,28,124.25574633525338,0.4931352990625151,0.2145368989276697,0.1182436212590917,1.0,Ensemble,local_news,Здоровье
local_news,test,6,6,28,180.60475077080022,0.19882027685913772,-0.2698134928158131,0.17186617422196665,1.0,Ensemble,local_news,Здоровье
local_news,test,12,6,28,133.35857482183548,0.47162521077105146,-0.4359017306775208,0.1269060085989077,1.0,Ensemble,local_news,Здоровье
local_news,test,1,6,28,556.003428141276,0.5039580274199931,-0.7684708025895097,0.11088663882615114,1.0,Ensemble,local_news,Маркетплейсы
local_news,test,3,6,28,558.480038786567,0.4526989930266879,-0.08271162655135611,0.11138056209395446,1.0,Ensemble,local_news,Маркетплейсы
local_news,test,6,6,28,601.2135317669846,0.3679920005927064,-0.02246143927682276,0.11990312357840523,1.0,Ensemble,local_news,Маркетплейсы
local_news,test,12,6,28,1294.9661240350633,-1.1481468442929672,-7.946428008841156,0.25826179052171366,1.0,Ensemble,local_news,Маркетплейсы
local_news,test,1,6,28,64.36858672187442,0.9463369832817725,-0.2635952140809046,0.15595953978013358,1.0,Ensemble,local_news,Общественное питание
local_news,test,3,6,28,72.27473226844776,0.9274153351181423,0.44054783063960035,0.1751154492644614,1.0,Ensemble,local_news,Общественное питание
local_news,test,6,6,28,73.3746245311623,0.9276239759948027,0.5644024213412004,0.1777803934528724,1.0,Ensemble,local_news,Общественное питание
local_news,test,12,6,28,72.1930248169672,0.906580812880728,0.10025094127524381,0.174917479149247,1.0,Ensemble,local_news,Общественное питание
local_news,test,1,6,28,721.5435442243304,0.5844031184888085,0.46522672202704063,0.060930303436679274,1.0,Ensemble,local_news,Продовольствие
local_news,test,3,6,28,883.3164753704418,0.35446581687267176,0.49690045352849777,0.07459111969853063,1.0,Ensemble,local_news,Продовольствие
local_news,test,6,6,28,832.1828269553291,0.3203241388178013,0.4980495523220496,0.07027317002148571,1.0,Ensemble,local_news,Продовольствие
local_news,test,12,6,28,744.2874639601935,0.39335973451029793,-0.24256258396942165,0.06285089983302755,1.0,Ensemble,local_news,Продовольствие
local_news,test,1,6,28,89.74610283261254,0.9082217994947843,0.3816273955564573,0.07416777893263665,1.0,Ensemble,local_news,Транспорт
local_news,test,3,6,28,101.29205720866594,0.8807700243161611,0.573632162666329,0.08370956141344935,1.0,Ensemble,local_news,Транспорт
local_news,test,6,6,28,101.44175727882958,0.8839626568223086,0.5499694809229411,0.08383327621954857,1.0,Ensemble,local_news,Транспорт
local_news,test,12,6,28,139.22269221714564,0.7719219765217822,-0.47999762333536555,0.11505611422511262,1.0,Ensemble,local_news,Транспорт
local_policy,test,1,6,28,1018.201865248953,0.8784848060357702,0.5933750295041962,0.041291756239479685,1.0,Ensemble,local_policy,Все категории
local_policy,test,3,6,28,1111.1829752324916,0.8435053474234366,0.6749117410820655,0.045062475444927017,1.0,Ensemble,local_policy,Все категории
local_policy,test,6,6,28,1542.9265098663216,0.7201765075664124,0.48713685769798565,0.06257123220379683,1.0,Ensemble,local_policy,Все категории
local_policy,test,12,6,28,1188.6597493489583,0.8473982918747944,-0.09500102369124153,0.048204437938048336,1.0,Ensemble,local_policy,Все категории
local_policy,test,1,6,28,105.01601437383285,0.6628856140005992,-0.3149144169101259,0.09993480539930395,1.0,Ensemble,local_policy,Здоровье
local_policy,test,3,6,28,128.90790477149426,0.46150019643827944,0.16551354858582323,0.12267068460542555,1.0,Ensemble,local_policy,Здоровье
local_policy,test,6,6,28,210.93135672387135,-0.06258070703355045,-0.6841156609747858,0.20072542471259183,1.0,Ensemble,local_policy,Здоровье
local_policy,test,12,6,28,133.35857482183548,0.47162521077105146,-0.4359017306775208,0.1269060085989077,1.0,Ensemble,local_policy,Здоровье
local_policy,test,1,6,28,517.1985756755045,0.5583786694388044,-0.5744523086143436,0.10314758643494762,1.0,Ensemble,local_policy,Маркетплейсы
local_policy,test,3,6,28,548.5474028659598,0.4622954622903578,-0.06372717610592726,0.10939964514960755,1.0,Ensemble,local_policy,Маркетплейсы
local_policy,test,6,6,28,534.5094900733964,0.4607583471245932,0.12761579436641757,0.10659999160986988,1.0,Ensemble,local_policy,Маркетплейсы
local_policy,test,12,6,28,1294.9661240350633,-1.1481468442929672,-7.946428008841156,0.25826179052171366,1.0,Ensemble,local_policy,Маркетплейсы
local_policy,test,1,6,28,63.743237952283984,0.947518722530206,-0.2357689726593164,0.15444437359000418,1.0,Ensemble,local_policy,Общественное питание
local_policy,test,3,6,28,72.06906072360427,0.9274685368636078,0.4409578873914338,0.17461712483148514,1.0,Ensemble,local_policy,Общественное питание
local_policy,test,6,6,28,68.86670318117145,0.9333109530716819,0.5986296876027293,0.16685808841381064,1.0,Ensemble,local_policy,Общественное питание
local_policy,test,12,6,28,72.1930248169672,0.906580812880728,0.10025094127524381,0.174917479149247,1.0,Ensemble,local_policy,Общественное питание
local_policy,test,1,6,28,786.0176327367815,0.5152996837283575,0.3763072137967034,0.06637477842133191,1.0,Ensemble,local_policy,Продовольствие
local_policy,test,3,6,28,880.0023887363204,0.35262216180478334,0.4954635938659916,0.07431126367896145,1.0,Ensemble,local_policy,Продовольствие
local_policy,test,6,6,28,1137.2458140224614,-0.027052631905319036,0.24150678607740717,0.09603402744732834,1.0,Ensemble,local_policy,Продовольствие
local_policy,test,12,6,28,744.2874639601935,0.39335973451029793,-0.24256258396942165,0.06285089983302755,1.0,Ensemble,local_policy,Продовольствие
local_policy,test,1,6,28,94.21450519499365,0.8993049204262246,0.3215482732509366,0.07786054628559098,1.0,Ensemble,local_policy,Транспорт
local_policy,test,3,6,28,99.74275724971555,0.8846311963133309,0.587439760500384,0.08242919231407916,1.0,Ensemble,local_policy,Транспорт
local_policy,test,6,6,28,102.26198554582963,0.8788151389255916,0.5300057340154425,0.08451112747838957,1.0,Ensemble,local_policy,Транспорт
local_policy,test,12,6,28,139.22269221714564,0.7719219765217822,-0.47999762333536555,0.11505611422511262,1.0,Ensemble,local_policy,Транспорт
local_news_coverage,test,1,6,28,962.9085751488095,0.8867195225774602,0.620930771807432,0.039049413994373186,1.0,Ensemble,local_news_coverage,Все категории
local_news_coverage,test,3,6,28,1125.8766503927955,0.839172553820648,0.6659111758525782,0.04565835694317297,1.0,Ensemble,local_news_coverage,Все категории
local_news_coverage,test,6,6,28,1126.73383001245,0.8331292652983555,0.6941577398915393,0.045693118666870626,1.0,Ensemble,local_news_coverage,Все категории
local_news_coverage,test,12,6,28,1188.6597493489583,0.8473982918747944,-0.09500102369124153,0.048204437938048336,1.0,Ensemble,local_news_coverage,Все категории
local_news_coverage,test,1,6,28,107.81332760765439,0.6504830948735244,-0.3632904337266354,0.10259677038940274,1.0,Ensemble,local_news_coverage,Здоровье
local_news_coverage,test,3,6,28,126.31364318834287,0.4824415010260812,0.19796525021667677,0.12020194659424727,1.0,Ensemble,local_news_coverage,Здоровье
local_news_coverage,test,6,6,28,163.06567238898717,0.3351069274106546,-0.05380874037082051,0.15517572567066104,1.0,Ensemble,local_news_coverage,Здоровье
local_news_coverage,test,12,6,28,133.35857482183548,0.47162521077105146,-0.4359017306775208,0.1269060085989077,1.0,Ensemble,local_news_coverage,Здоровье
local_news_coverage,test,1,6,28,556.003428141276,0.5039580274199931,-0.7684708025895097,0.11088663882615114,1.0,Ensemble,local_news_coverage,Маркетплейсы
local_news_coverage,test,3,6,28,556.0193528473241,0.45613646022580145,-0.07591137284279559,0.11088981477262663,1.0,Ensemble,local_news_coverage,Маркетплейсы
local_news_coverage,test,6,6,28,598.5681525010973,0.3789310632782227,-0.00476424274092202,0.11937554191187617,1.0,Ensemble,local_news_coverage,Маркетплейсы
local_news_coverage,test,12,6,28,1294.9661240350633,-1.1481468442929672,-7.946428008841156,0.25826179052171366,1.0,Ensemble,local_news_coverage,Маркетплейсы
local_news_coverage,test,1,6,28,64.36858672187442,0.9463369832817725,-0.2635952140809046,0.15595953978013358,1.0,Ensemble,local_news_coverage,Общественное питание
local_news_coverage,test,3,6,28,72.31005338591447,0.9268062419974327,0.43585319619748797,0.17520102928889833,1.0,Ensemble,local_news_coverage,Общественное питание
local_news_coverage,test,6,6,28,74.22979789887141,0.9240108964261333,0.5426569782438982,0.1798524048430932,1.0,Ensemble,local_news_coverage,Общественное питание
local_news_coverage,test,12,6,28,72.1930248169672,0.906580812880728,0.10025094127524381,0.174917479149247,1.0,Ensemble,local_news_coverage,Общественное питание
local_news_coverage,test,1,6,28,721.5435442243304,0.5844031184888085,0.46522672202704063,0.060930303436679274,1.0,Ensemble,local_news_coverage,Продовольствие
local_news_coverage,test,3,6,28,873.3732941998361,0.36495065966021345,0.5050718560492483,0.0737514738438897,1.0,Ensemble,local_news_coverage,Продовольствие
local_news_coverage,test,6,6,28,845.2868900892354,0.32456878638403064,0.5011842859028451,0.07137973462093847,1.0,Ensemble,local_news_coverage,Продовольствие
local_news_coverage,test,12,6,28,744.2874639601935,0.39335973451029793,-0.24256258396942165,0.06285089983302755,1.0,Ensemble,local_news_coverage,Продовольствие
local_news_coverage,test,1,6,28,89.74610283261254,0.9082217994947843,0.3816273955564573,0.07416777893263665,1.0,Ensemble,local_news_coverage,Транспорт
local_news_coverage,test,3,6,28,100.54250126667462,0.8831285740763177,0.5820663651788616,0.08309011502359391,1.0,Ensemble,local_news_coverage,Транспорт
local_news_coverage,test,6,6,28,103.88898377709681,0.8786958151695254,0.5295429577193802,0.08585570781482467,1.0,Ensemble,local_news_coverage,Транспорт
local_news_coverage,test,12,6,28,139.22269221714564,0.7719219765217822,-0.47999762333536555,0.11505611422511262,1.0,Ensemble,local_news_coverage,Транспорт
local_policy_coverage,test,1,6,28,986.5236468641448,0.882386648087258,0.6064317210775361,0.04000709028443679,1.0,Ensemble,local_policy_coverage,Все категории
local_policy_coverage,test,3,6,28,1153.0100528161759,0.832915790568484,0.6529139249010634,0.04675871422698131,1.0,Ensemble,local_policy_coverage,Все категории
local_policy_coverage,test,6,6,28,1508.1972619943488,0.721988888759941,0.4904586070832083,0.06116283600413033,1.0,Ensemble,local_policy_coverage,Все категории
local_policy_coverage,test,12,6,28,1188.6597493489583,0.8473982918747944,-0.09500102369124153,0.048204437938048336,1.0,Ensemble,local_policy_coverage,Все категории
local_policy_coverage,test,1,6,28,107.1276477020422,0.6509545814148223,-0.3614514008159109,0.10194426716556451,1.0,Ensemble,local_policy_coverage,Здоровье
local_policy_coverage,test,3,6,28,129.5660233059469,0.4596831218270576,0.16269771813566503,0.12329696001744106,1.0,Ensemble,local_policy_coverage,Здоровье
local_policy_coverage,test,6,6,28,203.42371960719075,0.034387182036578534,-0.5304283791394364,0.19358104526972644,1.0,Ensemble,local_policy_coverage,Здоровье
local_policy_coverage,test,12,6,28,133.35857482183548,0.47162521077105146,-0.4359017306775208,0.1269060085989077,1.0,Ensemble,local_policy_coverage,Здоровье
local_policy_coverage,test,1,6,28,513.391442833939,0.5622940950260272,-0.5604931756911742,0.10238831024527173,1.0,Ensemble,local_policy_coverage,Маркетплейсы
local_policy_coverage,test,3,6,28,547.6834980091278,0.4649509365318306,-0.05847391912554967,0.10922735213666707,1.0,Ensemble,local_policy_coverage,Маркетплейсы
local_policy_coverage,test,6,6,28,521.206464843622,0.48963281956555493,0.1743288655269597,0.10394690049695982,1.0,Ensemble,local_policy_coverage,Маркетплейсы
local_policy_coverage,test,12,6,28,1294.9661240350633,-1.1481468442929672,-7.946428008841156,0.25826179052171366,1.0,Ensemble,local_policy_coverage,Маркетплейсы
local_policy_coverage,test,1,6,28,63.444429296661525,0.9476785061789954,-0.23200657042690298,0.15372038596208623,1.0,Ensemble,local_policy_coverage,Общественное питание
local_policy_coverage,test,3,6,28,71.92292067247206,0.9276575725455772,0.44241489518414734,0.17426304007867702,1.0,Ensemble,local_policy_coverage,Общественное питание
local_policy_coverage,test,6,6,28,66.18515605881132,0.9346273000861379,0.6065521671814722,0.16036093077216393,1.0,Ensemble,local_policy_coverage,Общественное питание
local_policy_coverage,test,12,6,28,72.1930248169672,0.906580812880728,0.10025094127524381,0.174917479149247,1.0,Ensemble,local_policy_coverage,Общественное питание
local_policy_coverage,test,1,6,28,719.0794814307127,0.585231048829164,0.46629206934253353,0.06072222716061259,1.0,Ensemble,local_policy_coverage,Продовольствие
local_policy_coverage,test,3,6,28,887.7212828611625,0.3417752032777236,0.4870099750520015,0.07496308097396313,1.0,Ensemble,local_policy_coverage,Продовольствие
local_policy_coverage,test,6,6,28,1178.3495770740785,-0.08262503899129903,0.20046576018775686,0.09950500958717509,1.0,Ensemble,local_policy_coverage,Продовольствие
local_policy_coverage,test,12,6,28,744.2874639601935,0.39335973451029793,-0.24256258396942165,0.06285089983302755,1.0,Ensemble,local_policy_coverage,Продовольствие
local_policy_coverage,test,1,6,28,89.9591579082146,0.9075709357431734,0.3772420806232153,0.07434385144441137,1.0,Ensemble,local_policy_coverage,Транспорт
local_policy_coverage,test,3,6,28,98.44903681400362,0.8882407735910992,0.6003476525701754,0.08136003868792696,1.0,Ensemble,local_policy_coverage,Транспорт
local_policy_coverage,test,6,6,28,94.45111015995792,0.8973156767357833,0.6017568307393286,0.07805608084566612,1.0,Ensemble,local_policy_coverage,Транспорт
local_policy_coverage,test,12,6,28,139.22269221714564,0.7719219765217822,-0.47999762333536555,0.11505611422511262,1.0,Ensemble,local_policy_coverage,Транспорт
transferred_news,test,1,6,28,962.9085751488095,0.8867195225774602,0.620930771807432,0.039049413994373186,1.0,Ensemble,transferred_news,Все категории
transferred_news,test,3,6,28,1118.5250999813989,0.8430545458066819,0.6739752853610851,0.04536022507175333,1.0,Ensemble,transferred_news,Все категории
transferred_news,test,6,6,28,1097.7129757106673,0.8373328184180667,0.7018620517885119,0.044516218405155156,1.0,Ensemble,transferred_news,Все категории
transferred_news,test,12,6,28,1188.6597493489583,0.8473982918747944,-0.09500102369124153,0.048204437938048336,1.0,Ensemble,transferred_news,Все категории
transferred_news,test,1,6,28,107.81332760765439,0.6504830948735244,-0.3632904337266354,0.10259677038940274,1.0,Ensemble,transferred_news,Здоровье
transferred_news,test,3,6,28,122.72575305757069,0.5168849178426332,0.25134050585041345,0.11678765683900644,1.0,Ensemble,transferred_news,Здоровье
transferred_news,test,6,6,28,170.93512406765308,0.26327450638658023,-0.16765807380178988,0.16266441324651199,1.0,Ensemble,transferred_news,Здоровье
transferred_news,test,12,6,28,133.35857482183548,0.47162521077105146,-0.4359017306775208,0.1269060085989077,1.0,Ensemble,transferred_news,Здоровье
transferred_news,test,1,6,28,556.003428141276,0.5039580274199931,-0.7684708025895097,0.11088663882615114,1.0,Ensemble,transferred_news,Маркетплейсы
transferred_news,test,3,6,28,627.4495471772693,0.36152953777327246,-0.2630698351633127,0.12513550780086072,1.0,Ensemble,transferred_news,Маркетплейсы
transferred_news,test,6,6,28,613.1370080699969,0.3562938749190373,-0.04138664659122071,0.12228108411505924,1.0,Ensemble,transferred_news,Маркетплейсы
transferred_news,test,12,6,28,1294.9661240350633,-1.1481468442929672,-7.946428008841156,0.25826179052171366,1.0,Ensemble,transferred_news,Маркетплейсы
transferred_news,test,1,6,28,64.36858672187442,0.9463369832817725,-0.2635952140809046,0.15595953978013358,1.0,Ensemble,transferred_news,Общественное питание
transferred_news,test,3,6,28,72.07903176262265,0.9266496901454601,0.4346465601491436,0.17464128379994528,1.0,Ensemble,transferred_news,Общественное питание
transferred_news,test,6,6,28,71.97846254948605,0.9308170391326493,0.5836199811680676,0.1743976132613236,1.0,Ensemble,transferred_news,Общественное питание
transferred_news,test,12,6,28,72.1930248169672,0.906580812880728,0.10025094127524381,0.174917479149247,1.0,Ensemble,transferred_news,Общественное питание
transferred_news,test,1,6,28,721.5435442243304,0.5844031184888085,0.46522672202704063,0.060930303436679274,1.0,Ensemble,transferred_news,Продовольствие
transferred_news,test,3,6,28,878.9823114304315,0.3611338938682319,0.5020972449610619,0.07422512387454605,1.0,Ensemble,transferred_news,Продовольствие
transferred_news,test,6,6,28,854.7013184021191,0.3066248391512787,0.4879324215054205,0.0721747302637912,1.0,Ensemble,transferred_news,Продовольствие
transferred_news,test,12,6,28,744.2874639601935,0.39335973451029793,-0.24256258396942165,0.06285089983302755,1.0,Ensemble,transferred_news,Продовольствие
transferred_news,test,1,6,28,89.74610283261254,0.9082217994947843,0.3816273955564573,0.07416777893263665,1.0,Ensemble,transferred_news,Транспорт
transferred_news,test,3,6,28,99.52878861200242,0.8845957519282741,0.5873130109500667,0.08225236481829339,1.0,Ensemble,transferred_news,Транспорт
transferred_news,test,6,6,28,99.50455454972146,0.8889744711791254,0.5694069254106378,0.08223233735729882,1.0,Ensemble,transferred_news,Транспорт
transferred_news,test,12,6,28,139.22269221714564,0.7719219765217822,-0.47999762333536555,0.11505611422511262,1.0,Ensemble,transferred_news,Транспорт
original,test,1,6,28,984.1304408482143,0.8812708777955109,0.6026980310988552,0.039910037153016234,1.0,PastOnlyBlend,original,Все категории
original,test,3,6,28,1184.0559663318452,0.8306996350168593,0.6483102778249021,0.048017737940130326,1.0,PastOnlyBlend,original,Все категории
original,test,6,6,28,1546.530064174107,0.7306235412109112,0.5062842797248339,0.06271736932174096,1.0,PastOnlyBlend,original,Все категории
original,test,12,6,28,1192.1535063244048,0.8406776110842413,-0.14322559755721564,0.04834612237834824,1.0,PastOnlyBlend,original,Все категории
original,test,1,6,28,104.323976789202,0.6626509765447122,-0.3158296201358155,0.09927625211329846,1.0,PastOnlyBlend,original,Здоровье
original,test,3,6,28,147.38997868129186,0.32659780595469556,-0.04353799865217445,0.14025850176420926,1.0,PastOnlyBlend,original,Здоровье
original,test,6,6,28,205.02649252755302,0.027258775224948906,-0.5417264024046806,0.1951062678831604,1.0,PastOnlyBlend,original,Здоровье
original,test,12,6,28,139.77777281261626,0.4396638259878315,-0.5227594094703478,0.13301461313749438,1.0,PastOnlyBlend,original,Здоровье
original,test,1,6,28,616.1777605329241,0.41547852958641784,-1.0839146908004453,0.12288751710279014,1.0,PastOnlyBlend,original,Маркетплейсы
original,test,3,6,28,548.0776730492001,0.45456436509763665,-0.07902140854823281,0.1093059645032291,1.0,PastOnlyBlend,original,Маркетплейсы
original,test,6,6,28,586.4378385997954,0.3891956209786446,0.011841740806368128,0.1169563306834164,1.0,PastOnlyBlend,original,Маркетплейсы
original,test,12,6,28,1342.0971098400298,-1.2589443201265862,-8.407868363228589,0.26766136674005997,1.0,PastOnlyBlend,original,Маркетплейсы
original,test,1,6,28,63.97508380526588,0.9452932889036698,-0.288170933110242,0.15500611611648257,1.0,PastOnlyBlend,original,Общественное питание
original,test,3,6,28,79.3690831774757,0.9123425618592477,0.32437321287851784,0.19230445028434506,1.0,PastOnlyBlend,original,Общественное питание
original,test,6,6,28,81.48393249511719,0.9061634389466935,0.4352414442999285,0.1974285479705167,1.0,PastOnlyBlend,original,Общественное питание
original,test,12,6,28,77.65910303025018,0.8976727750897163,0.014454876626188273,0.18816131571550998,1.0,PastOnlyBlend,original,Общественное питание
original,test,1,6,28,737.8862014043899,0.557947529859506,0.431184739323628,0.06231034913026678,1.0,PastOnlyBlend,original,Продовольствие
original,test,3,6,28,924.3180745442709,0.33822899100439874,0.484246220888344,0.0780534746721811,1.0,PastOnlyBlend,original,Продовольствие
original,test,6,6,28,924.5676560174851,0.28564642614322966,0.47243956027205625,0.07807455042709131,1.0,PastOnlyBlend,original,Продовольствие
original,test,12,6,28,820.7642473493304,0.30509484441718515,-0.42335284163446785,0.06930893504803402,1.0,PastOnlyBlend,original,Продовольствие
original,test,1,6,28,91.93560391380673,0.9034274774244244,0.3493247636801532,0.07597722164978346,1.0,PastOnlyBlend,original,Транспорт
original,test,3,6,28,111.20849137079148,0.8565850387320832,0.48714636125366473,0.09190467934640666,1.0,PastOnlyBlend,original,Транспорт
original,test,6,6,28,113.86815715971447,0.8514325635741273,0.42380720980228825,0.09410267455780268,1.0,PastOnlyBlend,original,Транспорт
original,test,12,6,28,150.69285874139695,0.745774325671094,-0.6496696527780321,0.1245352642744233,1.0,PastOnlyBlend,original,Транспорт
financial_only,test,1,6,28,1024.1352014401705,0.8730185349544676,0.5750833061020098,0.041532374411628416,1.0,PastOnlyBlend,financial_only,Все категории
financial_only,test,3,6,28,1271.0487650127945,0.8114357659680081,0.608293206659801,0.05154560953447828,1.0,PastOnlyBlend,financial_only,Все категории
financial_only,test,6,6,28,1798.2390782024263,0.6290174332902098,0.320059644573244,0.0729250772481018,1.0,PastOnlyBlend,financial_only,Все категории
financial_only,test,12,6,28,1192.1535063244048,0.8406776110842413,-0.14322559755721564,0.04834612237834824,1.0,PastOnlyBlend,financial_only,Все категории
financial_only,test,1,6,28,101.8661944796828,0.6730788935993997,-0.2751555372636123,0.09693738981424653,1.0,PastOnlyBlend,financial_only,Здоровье
financial_only,test,3,6,28,148.728482809657,0.28787209680760717,-0.10354931043150617,0.14153224225409464,1.0,PastOnlyBlend,financial_only,Здоровье
financial_only,test,6,6,28,216.84285604404505,-0.1313240771415236,-0.7930690660391673,0.2063508956248347,1.0,PastOnlyBlend,financial_only,Здоровье
financial_only,test,12,6,28,139.77777281261626,0.4396638259878315,-0.5227594094703478,0.13301461313749438,1.0,PastOnlyBlend,financial_only,Здоровье
financial_only,test,1,6,28,557.0789560664837,0.4956989677381308,-0.797915701835131,0.1111011369219428,1.0,PastOnlyBlend,financial_only,Маркетплейсы
financial_only,test,3,6,28,518.7401504430126,0.5004556576884444,0.01176416540917169,0.10345503066247629,1.0,PastOnlyBlend,financial_only,Маркетплейсы
financial_only,test,6,6,28,575.7800760294583,0.44125667193793083,0.09606601825857775,0.11483079798160804,1.0,PastOnlyBlend,financial_only,Маркетплейсы
financial_only,test,12,6,28,1342.0971098400298,-1.2589443201265862,-8.407868363228589,0.26766136674005997,1.0,PastOnlyBlend,financial_only,Маркетплейсы
financial_only,test,1,6,28,63.321322037689306,0.9469524040638821,-0.24910399084232204,0.15342210768023024,1.0,PastOnlyBlend,financial_only,Общественное питание
financial_only,test,3,6,28,79.37557845004622,0.9129102646018127,0.3287488276367705,0.19232018777016593,1.0,PastOnlyBlend,financial_only,Общественное питание
financial_only,test,6,6,28,85.16229261356963,0.8961702002432776,0.37509679499099746,0.20634089761861746,1.0,PastOnlyBlend,financial_only,Общественное питание
financial_only,test,12,6,28,77.65910303025018,0.8976727750897163,0.014454876626188273,0.18816131571550998,1.0,PastOnlyBlend,financial_only,Общественное питание
financial_only,test,1,6,28,737.7193191663417,0.5588072949752824,0.43229105034208093,0.06229625686170744,1.0,PastOnlyBlend,financial_only,Продовольствие
financial_only,test,3,6,28,922.7808235153653,0.33310760195758116,0.4802548466527059,0.07792366244892818,1.0,PastOnlyBlend,financial_only,Продовольствие
financial_only,test,6,6,28,1042.0890335419556,0.12172729457938891,0.3513829122864448,0.08799857129898518,1.0,PastOnlyBlend,financial_only,Продовольствие
financial_only,test,12,6,28,820.7642473493304,0.30509484441718515,-0.42335284163446785,0.06930893504803402,1.0,PastOnlyBlend,financial_only,Продовольствие
financial_only,test,1,6,28,91.56964595189287,0.9039316137297024,0.35272147529983233,0.07567478746756065,1.0,PastOnlyBlend,financial_only,Транспорт
financial_only,test,3,6,28,111.00298477018138,0.8581503075839156,0.4927437816286483,0.09173484502890235,1.0,PastOnlyBlend,financial_only,Транспорт
financial_only,test,6,6,28,120.96333092864374,0.8361218744787009,0.36442738282287446,0.09996625261827932,1.0,PastOnlyBlend,financial_only,Транспорт
financial_only,test,12,6,28,150.69285874139695,0.745774325671094,-0.6496696527780321,0.1245352642744233,1.0,PastOnlyBlend,financial_only,Транспорт
local_news,test,1,6,28,1062.5527437373305,0.8655272691806903,0.5500153650086921,0.043090344246486625,1.0,PastOnlyBlend,local_news,Все категории
local_news,test,3,6,28,1247.8210217528108,0.8201593681773658,0.6264148523968351,0.050603640809592905,1.0,PastOnlyBlend,local_news,Все категории
local_news,test,6,6,28,1776.8570868663903,0.6575434882823686,0.372342467839882,0.07205796041764265,1.0,PastOnlyBlend,local_news,Все категории
local_news,test,12,6,28,1192.1535063244048,0.8406776110842413,-0.14322559755721564,0.04834612237834824,1.0,PastOnlyBlend,local_news,Все категории
local_news,test,1,6,28,100.4757821994768,0.6782283565337144,-0.2550700608411176,0.09561425275295454,1.0,PastOnlyBlend,local_news,Здоровье
local_news,test,3,6,28,149.8812138177287,0.2779967073049826,-0.11885271200727554,0.14262919827224357,1.0,PastOnlyBlend,local_news,Здоровье
local_news,test,6,6,28,216.21486977436953,-0.10308648191262249,-0.7483144643054116,0.20575329452534855,1.0,PastOnlyBlend,local_news,Здоровье
local_news,test,12,6,28,139.77777281261626,0.4396638259878315,-0.5227594094703478,0.13301461313749438,1.0,PastOnlyBlend,local_news,Здоровье
local_news,test,1,6,28,557.4585168001003,0.49457255171264347,-0.8019315592882463,0.11117683468179625,1.0,PastOnlyBlend,local_news,Маркетплейсы
local_news,test,3,6,28,525.2578337852038,0.4909033522862163,-0.007132916795294264,0.1047548859550324,1.0,PastOnlyBlend,local_news,Маркетплейсы
local_news,test,6,6,28,566.4091728133473,0.4365591978777452,0.08846645291597577,0.11296191029529741,1.0,PastOnlyBlend,local_news,Маркетплейсы
local_news,test,12,6,28,1342.0971098400298,-1.2589443201265862,-8.407868363228589,0.26766136674005997,1.0,PastOnlyBlend,local_news,Маркетплейсы
local_news,test,1,6,28,63.588480434807586,0.9469552376559325,-0.24903726866432208,0.15406940945870481,1.0,PastOnlyBlend,local_news,Общественное питание
local_news,test,3,6,28,79.73907449890298,0.9123256628563823,0.3242429624485068,0.19320090737857598,1.0,PastOnlyBlend,local_news,Общественное питание
local_news,test,6,6,28,88.62437957752505,0.8863806078270627,0.3161777978345145,0.21472923604696137,1.0,PastOnlyBlend,local_news,Общественное питание
local_news,test,12,6,28,77.65910303025018,0.8976727750897163,0.014454876626188273,0.18816131571550998,1.0,PastOnlyBlend,local_news,Общественное питание
local_news,test,1,6,28,811.2932421296815,0.48074086160999374,0.3318383175915134,0.06850916180288091,1.0,PastOnlyBlend,local_news,Продовольствие
local_news,test,3,6,28,923.455667787178,0.33101178304326795,0.4786214621273982,0.07798064926085822,1.0,PastOnlyBlend,local_news,Продовольствие
local_news,test,6,6,28,909.03372101902,0.25836146728472653,0.45228922377183334,0.07676279678367175,1.0,PastOnlyBlend,local_news,Продовольствие
local_news,test,12,6,28,820.7642473493304,0.30509484441718515,-0.42335284163446785,0.06930893504803402,1.0,PastOnlyBlend,local_news,Продовольствие
local_news,test,1,6,28,93.8997042520466,0.9000136232356508,0.3263232895361651,0.07760038917561787,1.0,PastOnlyBlend,local_news,Транспорт
local_news,test,3,6,28,113.8769409108165,0.8490143020129041,0.46007331503801796,0.09410993360626686,1.0,PastOnlyBlend,local_news,Транспорт
local_news,test,6,6,28,127.67460977147039,0.8234180862135532,0.3151579642835791,0.10551257306963566,1.0,PastOnlyBlend,local_news,Транспорт
local_news,test,12,6,28,150.69285874139695,0.745774325671094,-0.6496696527780321,0.1245352642744233,1.0,PastOnlyBlend,local_news,Транспорт
local_policy,test,1,6,28,1104.2891594096886,0.8608624364247686,0.5344054859486058,0.04478290636120171,1.0,PastOnlyBlend,local_policy,Все категории
local_policy,test,3,6,28,1268.2888434429437,0.8144248765364713,0.6145025226614419,0.05143368476534177,1.0,PastOnlyBlend,local_policy,Все категории
local_policy,test,6,6,28,1863.3662885343285,0.6099293936454416,0.2850749050595499,0.07556622040975246,1.0,PastOnlyBlend,local_policy,Все категории
local_policy,test,12,6,28,1192.1535063244048,0.8406776110842413,-0.14322559755721564,0.04834612237834824,1.0,PastOnlyBlend,local_policy,Все категории
local_policy,test,1,6,28,101.63195746197073,0.6750338462798249,-0.2675302457583346,0.09671448637497639,1.0,PastOnlyBlend,local_policy,Здоровье
local_policy,test,3,6,28,152.27067096301113,0.2505008406400838,-0.16146169357047668,0.1449030413260633,1.0,PastOnlyBlend,local_policy,Здоровье
local_policy,test,6,6,28,243.08271916702878,-0.3670136793403751,-1.1666205031814099,0.23132114069207801,1.0,PastOnlyBlend,local_policy,Здоровье
local_policy,test,12,6,28,139.77777281261626,0.4396638259878315,-0.5227594094703478,0.13301461313749438,1.0,PastOnlyBlend,local_policy,Здоровье
local_policy,test,1,6,28,561.3472394064871,0.4904808630152936,-0.8165190990420153,0.11195238274017971,1.0,PastOnlyBlend,local_policy,Маркетплейсы
local_policy,test,3,6,28,530.3707003379591,0.48947858154494694,-0.009951504422738067,0.10577457137081661,1.0,PastOnlyBlend,local_policy,Маркетплейсы
local_policy,test,6,6,28,570.6096309497843,0.44749808403287916,0.10616336386133185,0.11379962938245584,1.0,PastOnlyBlend,local_policy,Маркетплейсы
local_policy,test,12,6,28,1342.0971098400298,-1.2589443201265862,-8.407868363228589,0.26766136674005997,1.0,PastOnlyBlend,local_policy,Маркетплейсы
local_policy,test,1,6,28,63.63225011690209,0.946601055841101,-0.2573771361094479,0.1541754596273263,1.0,PastOnlyBlend,local_policy,Общественное питание
local_policy,test,3,6,28,79.59304039916925,0.9125773924573727,0.32618318868769347,0.1928470793368778,1.0,PastOnlyBlend,local_policy,Общественное питание
local_policy,test,6,6,28,85.49785848904972,0.8934925651939308,0.35898135676322684,0.2071539448233343,1.0,PastOnlyBlend,local_policy,Общественное питание
local_policy,test,12,6,28,77.65910303025018,0.8976727750897163,0.014454876626188273,0.18816131571550998,1.0,PastOnlyBlend,local_policy,Общественное питание
local_policy,test,1,6,28,850.1718196361672,0.42929872258434254,0.2656446512370959,0.07179223950985868,1.0,PastOnlyBlend,local_policy,Продовольствие
local_policy,test,3,6,28,956.0710214389557,0.28603181500350416,0.44356615117317677,0.08073483285879167,1.0,PastOnlyBlend,local_policy,Продовольствие
local_policy,test,6,6,28,1062.221333194224,0.06073404787450554,0.30633851798414247,0.08969863103413192,1.0,PastOnlyBlend,local_policy,Продовольствие
local_policy,test,12,6,28,820.7642473493304,0.30509484441718515,-0.42335284163446785,0.06930893504803402,1.0,PastOnlyBlend,local_policy,Продовольствие
local_policy,test,1,6,28,96.46505749592859,0.8937796399923956,0.2843206741768667,0.07972044281885218,1.0,PastOnlyBlend,local_policy,Транспорт
local_policy,test,3,6,28,111.9924980936348,0.8542494775315124,0.47879436610868187,0.09255259647557712,1.0,PastOnlyBlend,local_policy,Транспорт
local_policy,test,6,6,28,114.79038563115212,0.8613850482228557,0.46240617897822844,0.09486482060354846,1.0,PastOnlyBlend,local_policy,Транспорт
local_policy,test,12,6,28,150.69285874139695,0.745774325671094,-0.6496696527780321,0.1245352642744233,1.0,PastOnlyBlend,local_policy,Транспорт
local_news_coverage,test,1,6,28,1027.927556344493,0.8720794309855415,0.571940792715828,0.041686168074385646,1.0,PastOnlyBlend,local_news_coverage,Все категории
local_news_coverage,test,3,6,28,1184.0559663318452,0.8306996350168593,0.6483102778249021,0.048017737940130326,1.0,PastOnlyBlend,local_news_coverage,Все категории
local_news_coverage,test,6,6,28,1727.062601087115,0.6715683736773994,0.398047410379073,0.07003861451086084,1.0,PastOnlyBlend,local_news_coverage,Все категории
local_news_coverage,test,12,6,28,1192.1535063244048,0.8406776110842413,-0.14322559755721564,0.04834612237834824,1.0,PastOnlyBlend,local_news_coverage,Все категории
local_news_coverage,test,1,6,28,101.96848520726085,0.672195957469929,-0.27859942899315104,0.09703473119608831,1.0,PastOnlyBlend,local_news_coverage,Здоровье
local_news_coverage,test,3,6,28,147.38997868129186,0.32659780595469556,-0.04353799865217445,0.14025850176420926,1.0,PastOnlyBlend,local_news_coverage,Здоровье
local_news_coverage,test,6,6,28,199.5500443055667,0.050819131534480255,-0.5043848952830245,0.18989479808394155,1.0,PastOnlyBlend,local_news_coverage,Здоровье
local_news_coverage,test,12,6,28,139.77777281261626,0.4396638259878315,-0.5227594094703478,0.13301461313749438,1.0,PastOnlyBlend,local_news_coverage,Здоровье
local_news_coverage,test,1,6,28,558.1169674581387,0.4936262895481751,-0.805305138747165,0.11130815290144613,1.0,PastOnlyBlend,local_news_coverage,Маркетплейсы
local_news_coverage,test,3,6,28,548.0776730492001,0.45456436509763665,-0.07902140854823281,0.1093059645032291,1.0,PastOnlyBlend,local_news_coverage,Маркетплейсы
local_news_coverage,test,6,6,28,583.0125289918102,0.4295328569039534,0.07709925074187307,0.11627320347566132,1.0,PastOnlyBlend,local_news_coverage,Маркетплейсы
local_news_coverage,test,12,6,28,1342.0971098400298,-1.2589443201265862,-8.407868363228589,0.26766136674005997,1.0,PastOnlyBlend,local_news_coverage,Маркетплейсы
local_news_coverage,test,1,6,28,63.31262101723573,0.9469545416654962,-0.2490536570494355,0.15340102585733079,1.0,PastOnlyBlend,local_news_coverage,Общественное питание
local_news_coverage,test,3,6,28,79.3690831774757,0.9123425618592477,0.32437321287851784,0.19230445028434506,1.0,PastOnlyBlend,local_news_coverage,Общественное питание
local_news_coverage,test,6,6,28,87.45831781825234,0.8887744743796506,0.3305853656481973,0.21190396886939908,1.0,PastOnlyBlend,local_news_coverage,Общественное питание
local_news_coverage,test,12,6,28,77.65910303025018,0.8976727750897163,0.014454876626188273,0.18816131571550998,1.0,PastOnlyBlend,local_news_coverage,Общественное питание
local_news_coverage,test,1,6,28,737.6035119807444,0.5585767640742998,0.4319944124916134,0.06228647759472477,1.0,PastOnlyBlend,local_news_coverage,Продовольствие
local_news_coverage,test,3,6,28,924.3180745442709,0.33822899100439874,0.484246220888344,0.0780534746721811,1.0,PastOnlyBlend,local_news_coverage,Продовольствие
local_news_coverage,test,6,6,28,992.9002032931074,0.18474721041895859,0.3979240310386658,0.0838448506029189,1.0,PastOnlyBlend,local_news_coverage,Продовольствие
local_news_coverage,test,12,6,28,820.7642473493304,0.30509484441718515,-0.42335284163446785,0.06930893504803402,1.0,PastOnlyBlend,local_news_coverage,Продовольствие
local_news_coverage,test,1,6,28,91.51219156693517,0.904091772172116,0.3538005724341595,0.07562730613981763,1.0,PastOnlyBlend,local_news_coverage,Транспорт
local_news_coverage,test,3,6,28,111.20849137079148,0.8565850387320832,0.48714636125366473,0.09190467934640666,1.0,PastOnlyBlend,local_news_coverage,Транспорт
local_news_coverage,test,6,6,28,137.69990953272355,0.7903510402077003,0.18691321590485288,0.11379765947403206,1.0,PastOnlyBlend,local_news_coverage,Транспорт
local_news_coverage,test,12,6,28,150.69285874139695,0.745774325671094,-0.6496696527780321,0.1245352642744233,1.0,PastOnlyBlend,local_news_coverage,Транспорт
local_policy_coverage,test,1,6,28,1041.8561549400124,0.8695656259796151,0.5635288743949971,0.04225102295983916,1.0,PastOnlyBlend,local_policy_coverage,Все категории
local_policy_coverage,test,3,6,28,1310.790336164553,0.8029737711937235,0.5907150012524371,0.05315727351249616,1.0,PastOnlyBlend,local_policy_coverage,Все категории
local_policy_coverage,test,6,6,28,1889.5538096020232,0.5847300663616901,0.23888933978679505,0.07662821879469855,1.0,PastOnlyBlend,local_policy_coverage,Все категории
local_policy_coverage,test,12,6,28,1192.1535063244048,0.8406776110842413,-0.14322559755721564,0.04834612237834824,1.0,PastOnlyBlend,local_policy_coverage,Все категории
local_policy_coverage,test,1,6,28,102.53756567220765,0.6699690638954594,-0.2872854257574653,0.09757627665332264,1.0,PastOnlyBlend,local_policy_coverage,Здоровье
local_policy_coverage,test,3,6,28,153.0458264721683,0.24682187867600758,-0.16716279855507277,0.1456406908685994,1.0,PastOnlyBlend,local_policy_coverage,Здоровье
local_policy_coverage,test,6,6,28,235.89082319187688,-0.27049506617740593,-1.0136452920493384,0.2244772252281911,1.0,PastOnlyBlend,local_policy_coverage,Здоровье
local_policy_coverage,test,12,6,28,139.77777281261626,0.4396638259878315,-0.5227594094703478,0.13301461313749438,1.0,PastOnlyBlend,local_policy_coverage,Здоровье
local_policy_coverage,test,1,6,28,555.562747344575,0.49759676766848304,-0.791149734534969,0.11079875157605851,1.0,PastOnlyBlend,local_policy_coverage,Маркетплейсы
local_policy_coverage,test,3,6,28,523.2956200643855,0.49792659640092884,0.006760987952223352,0.10436355152587702,1.0,PastOnlyBlend,local_policy_coverage,Маркетплейсы
local_policy_coverage,test,6,6,28,580.1210155780728,0.44741317618728615,0.10602600009680307,0.1156965340032411,1.0,PastOnlyBlend,local_policy_coverage,Маркетплейсы
local_policy_coverage,test,12,6,28,1342.0971098400298,-1.2589443201265862,-8.407868363228589,0.26766136674005997,1.0,PastOnlyBlend,local_policy_coverage,Маркетплейсы
local_policy_coverage,test,1,6,28,63.48382696365246,0.9467111079728533,-0.2547857546425465,0.1538158431147944,1.0,PastOnlyBlend,local_policy_coverage,Общественное питание
local_policy_coverage,test,3,6,28,79.24777665328304,0.913228639239367,0.33120272588013955,0.19201053502771281,1.0,PastOnlyBlend,local_policy_coverage,Общественное питание
local_policy_coverage,test,6,6,28,80.57444228118536,0.9080890523036429,0.4468308142224866,0.19522493154171075,1.0,PastOnlyBlend,local_policy_coverage,Общественное питание
local_policy_coverage,test,12,6,28,77.65910303025018,0.8976727750897163,0.014454876626188273,0.18816131571550998,1.0,PastOnlyBlend,local_policy_coverage,Общественное питание
local_policy_coverage,test,1,6,28,747.6582703673724,0.5478641648032209,0.4182098725138962,0.06313554551915383,1.0,PastOnlyBlend,local_policy_coverage,Продовольствие
local_policy_coverage,test,3,6,28,955.1636215606335,0.2878397659282147,0.4449751846744827,0.08065820803085559,1.0,PastOnlyBlend,local_policy_coverage,Продовольствие
local_policy_coverage,test,6,6,28,1123.0799770936162,-0.03195969507558072,0.23788284899832268,0.09483780200893578,1.0,PastOnlyBlend,local_policy_coverage,Продовольствие
local_policy_coverage,test,12,6,28,820.7642473493304,0.30509484441718515,-0.42335284163446785,0.06930893504803402,1.0,PastOnlyBlend,local_policy_coverage,Продовольствие
local_policy_coverage,test,1,6,28,92.27007440149187,0.9026359551102267,0.3439917356603036,0.07625363402209996,1.0,PastOnlyBlend,local_policy_coverage,Транспорт
local_policy_coverage,test,3,6,28,110.01054725486844,0.8606475528740773,0.5016739610365629,0.09091467697795677,1.0,PastOnlyBlend,local_policy_coverage,Транспорт
local_policy_coverage,test,6,6,28,113.14103637713357,0.8606482252299903,0.4595485400073036,0.09350176898354759,1.0,PastOnlyBlend,local_policy_coverage,Транспорт
local_policy_coverage,test,12,6,28,150.69285874139695,0.745774325671094,-0.6496696527780321,0.1245352642744233,1.0,PastOnlyBlend,local_policy_coverage,Транспорт
transferred_news,test,1,6,28,1025.9556253482692,0.8743225479373938,0.5794469105485831,0.041606199163704824,1.0,PastOnlyBlend,transferred_news,Все категории
transferred_news,test,3,6,28,1184.0559663318452,0.8306996350168593,0.6483102778249021,0.048017737940130326,1.0,PastOnlyBlend,transferred_news,Все категории
transferred_news,test,6,6,28,1710.850704576308,0.6690138639939744,0.39336548088170176,0.06938116366368503,1.0,PastOnlyBlend,transferred_news,Все категории
transferred_news,test,12,6,28,1192.1535063244048,0.8406776110842413,-0.14322559755721564,0.04834612237834824,1.0,PastOnlyBlend,transferred_news,Все категории
transferred_news,test,1,6,28,103.04391400205216,0.6684999419143871,-0.2930157349739779,0.09805812527525894,1.0,PastOnlyBlend,transferred_news,Здоровье
transferred_news,test,3,6,28,147.38997868129186,0.32659780595469556,-0.04353799865217445,0.14025850176420926,1.0,PastOnlyBlend,transferred_news,Здоровье
transferred_news,test,6,6,28,210.50438571314285,-0.08075851351600694,-0.7129262053189787,0.2003191127312934,1.0,PastOnlyBlend,transferred_news,Здоровье
transferred_news,test,12,6,28,139.77777281261626,0.4396638259878315,-0.5227594094703478,0.13301461313749438,1.0,PastOnlyBlend,transferred_news,Здоровье
transferred_news,test,1,6,28,592.0597705545895,0.44821117723433856,-0.9672174456949187,0.11807754164475971,1.0,PastOnlyBlend,transferred_news,Маркетплейсы
transferred_news,test,3,6,28,548.0776730492001,0.45456436509763665,-0.07902140854823281,0.1093059645032291,1.0,PastOnlyBlend,transferred_news,Маркетплейсы
transferred_news,test,6,6,28,579.2554394483877,0.4225984960290048,0.06588085381127395,0.11552390767971323,1.0,PastOnlyBlend,transferred_news,Маркетплейсы
transferred_news,test,12,6,28,1342.0971098400298,-1.2589443201265862,-8.407868363228589,0.26766136674005997,1.0,PastOnlyBlend,transferred_news,Маркетплейсы
transferred_news,test,1,6,28,63.84818760059662,0.9459977552628688,-0.27158296667818616,0.1546986575456493,1.0,PastOnlyBlend,transferred_news,Общественное питание
transferred_news,test,3,6,28,79.3690831774757,0.9123425618592477,0.32437321287851784,0.19230445028434506,1.0,PastOnlyBlend,transferred_news,Общественное питание
transferred_news,test,6,6,28,86.36323332186652,0.8942229179375398,0.36337700975820253,0.20925067348457665,1.0,PastOnlyBlend,transferred_news,Общественное питание
transferred_news,test,12,6,28,77.65910303025018,0.8976727750897163,0.014454876626188273,0.18816131571550998,1.0,PastOnlyBlend,transferred_news,Общественное питание
transferred_news,test,1,6,28,732.6690857992215,0.561270241959898,0.4354602710245058,0.06186979299275901,1.0,PastOnlyBlend,transferred_news,Продовольствие
transferred_news,test,3,6,28,924.3180745442709,0.33822899100439874,0.484246220888344,0.0780534746721811,1.0,PastOnlyBlend,transferred_news,Продовольствие
transferred_news,test,6,6,28,938.0617562833189,0.22019653991747312,0.4241038732662723,0.07921405147367902,1.0,PastOnlyBlend,transferred_news,Продовольствие
transferred_news,test,12,6,28,820.7642473493304,0.30509484441718515,-0.42335284163446785,0.06930893504803402,1.0,PastOnlyBlend,transferred_news,Продовольствие
transferred_news,test,1,6,28,90.98592493828954,0.9047589628217477,0.3582958928632156,0.07519239001821387,1.0,PastOnlyBlend,transferred_news,Транспорт
transferred_news,test,3,6,28,111.20849137079148,0.8565850387320832,0.48714636125366473,0.09190467934640666,1.0,PastOnlyBlend,transferred_news,Транспорт
transferred_news,test,6,6,28,125.66129112848735,0.8273548546552366,0.3304260314142097,0.10384873065953984,1.0,PastOnlyBlend,transferred_news,Транспорт
transferred_news,test,12,6,28,150.69285874139695,0.745774325671094,-0.6496696527780321,0.1245352642744233,1.0,PastOnlyBlend,transferred_news,Транспорт
original,test,1,6,28,1531.9271182105654,0.7268760134956519,0.08604817775529339,0.06212516721950122,1.0,Prophet,original,Все категории
original,test,3,6,28,1686.9771205357142,0.7012345250740539,0.37937081894253144,0.06841300376689885,1.0,Prophet,original,Все категории
original,test,6,6,28,1715.4337681361608,0.6938821803459887,0.4389443661894875,0.06956702341291778,1.0,Prophet,original,Все категории
original,test,12,6,28,1742.291027250744,0.6789337083997827,-1.303826885650171,0.0706561820900616,1.0,Prophet,original,Все категории
original,test,1,6,28,100.67438325427827,0.6613851655714443,-0.32076691491455533,0.09580324447847396,1.0,Prophet,original,Здоровье
original,test,3,6,28,129.87137240455263,0.47212862649741427,0.18198389978277518,0.12358753477339582,1.0,Prophet,original,Здоровье
original,test,6,6,28,114.01654343377976,0.5455253189998509,0.2796896059541346,0.10849984307912565,1.0,Prophet,original,Здоровье
original,test,12,6,28,282.08977009001234,-1.053785918119008,-4.581331309489043,0.26844083206898117,1.0,Prophet,original,Здоровье
original,test,1,6,28,460.7826668875558,0.5735786173896054,-0.520262006910517,0.09189627001279635,1.0,Prophet,original,Маркетплейсы
original,test,3,6,28,503.83162870861236,0.49423907449759785,-0.0005339426015842363,0.10048174707945814,1.0,Prophet,original,Маркетплейсы
original,test,6,6,28,531.1591535295759,0.446517074471413,0.10457628830358301,0.10593181666799475,1.0,Prophet,original,Маркетплейсы
original,test,12,6,28,816.3258194696335,-0.18357387690415972,-3.929252630470536,0.1628040794831049,1.0,Prophet,original,Маркетплейсы
original,test,1,6,28,76.9173804237729,0.9228297993082936,-0.8171154405224055,0.1863641857451015,1.0,Prophet,original,Общественное питание
original,test,3,6,28,95.5120793751308,0.8805073496834492,0.07900074277360125,0.23141753922844577,1.0,Prophet,original,Общественное питание
original,test,6,6,28,102.25530824207124,0.858687255946423,0.14950441130962744,0.24775580179220585,1.0,Prophet,original,Общественное питание
original,test,12,6,28,117.90146162396385,0.8204410283941683,-0.7293879412766102,0.2856650834005297,1.0,Prophet,original,Общественное питание
original,test,1,6,28,1042.8013450985864,0.22615196401628135,0.0042436089723021375,0.088058722012874,1.0,Prophet,original,Продовольствие
original,test,3,6,28,1149.153076171875,0.049181608997871606,0.25897603288410076,0.09703952891937571,1.0,Prophet,original,Продовольствие
original,test,6,6,28,1016.5750558035714,0.18486604054880773,0.39801178880715804,0.08584405904824137,1.0,Prophet,original,Продовольствие
original,test,12,6,28,1555.3953857421875,-1.0983975707045834,-3.298083157314104,0.13134441237245378,1.0,Prophet,original,Продовольствие
original,test,1,6,28,117.59904189336868,0.8376569701979006,-0.09381619599607305,0.09718594419754306,1.0,Prophet,original,Транспорт
original,test,3,6,28,146.62595004127138,0.7535808429407941,0.11880210936618563,0.1211742984398097,1.0,Prophet,original,Транспорт
original,test,6,6,28,170.56898934500558,0.6878717477675819,-0.2105347772024444,0.14096125285906594,1.0,Prophet,original,Транспорт
original,test,12,6,28,276.7344558352516,0.1062835094740947,-4.799323677672458,0.22869828656196542,1.0,Prophet,original,Транспорт
financial_only,test,1,6,28,1531.9271182105654,0.7268760134956519,0.08604817775529339,0.06212516721950122,1.0,Prophet,financial_only,Все категории
financial_only,test,3,6,28,1686.9771205357142,0.7012345250740539,0.37937081894253144,0.06841300376689885,1.0,Prophet,financial_only,Все категории
financial_only,test,6,6,28,1715.4337681361608,0.6938821803459887,0.4389443661894875,0.06956702341291778,1.0,Prophet,financial_only,Все категории
financial_only,test,12,6,28,1742.291027250744,0.6789337083997827,-1.303826885650171,0.0706561820900616,1.0,Prophet,financial_only,Все категории
financial_only,test,1,6,28,100.67438325427827,0.6613851655714443,-0.32076691491455533,0.09580324447847396,1.0,Prophet,financial_only,Здоровье
financial_only,test,3,6,28,129.87137240455263,0.47212862649741427,0.18198389978277518,0.12358753477339582,1.0,Prophet,financial_only,Здоровье
financial_only,test,6,6,28,114.01654343377976,0.5455253189998509,0.2796896059541346,0.10849984307912565,1.0,Prophet,financial_only,Здоровье
financial_only,test,12,6,28,282.08977009001234,-1.053785918119008,-4.581331309489043,0.26844083206898117,1.0,Prophet,financial_only,Здоровье
financial_only,test,1,6,28,460.7826668875558,0.5735786173896054,-0.520262006910517,0.09189627001279635,1.0,Prophet,financial_only,Маркетплейсы
financial_only,test,3,6,28,503.83162870861236,0.49423907449759785,-0.0005339426015842363,0.10048174707945814,1.0,Prophet,financial_only,Маркетплейсы
financial_only,test,6,6,28,531.1591535295759,0.446517074471413,0.10457628830358301,0.10593181666799475,1.0,Prophet,financial_only,Маркетплейсы
financial_only,test,12,6,28,816.3258194696335,-0.18357387690415972,-3.929252630470536,0.1628040794831049,1.0,Prophet,financial_only,Маркетплейсы
financial_only,test,1,6,28,76.9173804237729,0.9228297993082936,-0.8171154405224055,0.1863641857451015,1.0,Prophet,financial_only,Общественное питание
financial_only,test,3,6,28,95.5120793751308,0.8805073496834492,0.07900074277360125,0.23141753922844577,1.0,Prophet,financial_only,Общественное питание
financial_only,test,6,6,28,102.25530824207124,0.858687255946423,0.14950441130962744,0.24775580179220585,1.0,Prophet,financial_only,Общественное питание
financial_only,test,12,6,28,117.90146162396385,0.8204410283941683,-0.7293879412766102,0.2856650834005297,1.0,Prophet,financial_only,Общественное питание
financial_only,test,1,6,28,1042.8013450985864,0.22615196401628135,0.0042436089723021375,0.088058722012874,1.0,Prophet,financial_only,Продовольствие
financial_only,test,3,6,28,1149.153076171875,0.049181608997871606,0.25897603288410076,0.09703952891937571,1.0,Prophet,financial_only,Продовольствие
financial_only,test,6,6,28,1016.5750558035714,0.18486604054880773,0.39801178880715804,0.08584405904824137,1.0,Prophet,financial_only,Продовольствие
financial_only,test,12,6,28,1555.3953857421875,-1.0983975707045834,-3.298083157314104,0.13134441237245378,1.0,Prophet,financial_only,Продовольствие
financial_only,test,1,6,28,117.59904189336868,0.8376569701979006,-0.09381619599607305,0.09718594419754306,1.0,Prophet,financial_only,Транспорт
financial_only,test,3,6,28,146.62595004127138,0.7535808429407941,0.11880210936618563,0.1211742984398097,1.0,Prophet,financial_only,Транспорт
financial_only,test,6,6,28,170.56898934500558,0.6878717477675819,-0.2105347772024444,0.14096125285906594,1.0,Prophet,financial_only,Транспорт
financial_only,test,12,6,28,276.7344558352516,0.1062835094740947,-4.799323677672458,0.22869828656196542,1.0,Prophet,financial_only,Транспорт
local_news,test,1,6,28,1578.6512564266488,0.7152534991537272,0.047155884559733297,0.06401999946403511,1.0,Prophet,local_news,Все категории
local_news,test,3,6,28,1686.9771205357142,0.7012345250740539,0.37937081894253144,0.06841300376689885,1.0,Prophet,local_news,Все категории
local_news,test,6,6,28,1715.4337681361608,0.6938821803459887,0.4389443661894875,0.06956702341291778,1.0,Prophet,local_news,Все категории
local_news,test,12,6,28,1742.291027250744,0.6789337083997827,-1.303826885650171,0.0706561820900616,1.0,Prophet,local_news,Все категории
local_news,test,1,6,28,101.52898578535867,0.657631412661241,-0.33540842540516236,0.09661649699187874,1.0,Prophet,local_news,Здоровье
local_news,test,3,6,28,129.87137240455263,0.47212862649741427,0.18198389978277518,0.12358753477339582,1.0,Prophet,local_news,Здоровье
local_news,test,6,6,28,114.01654343377976,0.5455253189998509,0.2796896059541346,0.10849984307912565,1.0,Prophet,local_news,Здоровье
local_news,test,12,6,28,282.08977009001234,-1.053785918119008,-4.581331309489043,0.26844083206898117,1.0,Prophet,local_news,Здоровье
local_news,test,1,6,28,460.68287686172584,0.5760820614000257,-0.5113368193597159,0.09187636837192041,1.0,Prophet,local_news,Маркетплейсы
local_news,test,3,6,28,503.83162870861236,0.49423907449759785,-0.0005339426015842363,0.10048174707945814,1.0,Prophet,local_news,Маркетплейсы
local_news,test,6,6,28,531.1591535295759,0.446517074471413,0.10457628830358301,0.10593181666799475,1.0,Prophet,local_news,Маркетплейсы
local_news,test,12,6,28,816.3258194696335,-0.18357387690415972,-3.929252630470536,0.1628040794831049,1.0,Prophet,local_news,Маркетплейсы
local_news,test,1,6,28,76.4001755776215,0.9236554200539532,-0.7976746694539578,0.1851110429640372,1.0,Prophet,local_news,Общественное питание
local_news,test,3,6,28,95.5120793751308,0.8805073496834492,0.07900074277360125,0.23141753922844577,1.0,Prophet,local_news,Общественное питание
local_news,test,6,6,28,102.25530824207124,0.858687255946423,0.14950441130962744,0.24775580179220585,1.0,Prophet,local_news,Общественное питание
local_news,test,12,6,28,117.90146162396385,0.8204410283941683,-0.7293879412766102,0.2856650834005297,1.0,Prophet,local_news,Общественное питание
local_news,test,1,6,28,1145.9941750989576,0.07560805281367433,-0.18947021433635602,0.09677277744964118,1.0,Prophet,local_news,Продовольствие
local_news,test,3,6,28,1149.153076171875,0.049181608997871606,0.25897603288410076,0.09703952891937571,1.0,Prophet,local_news,Продовольствие
local_news,test,6,6,28,1016.5750558035714,0.18486604054880773,0.39801178880715804,0.08584405904824137,1.0,Prophet,local_news,Продовольствие
local_news,test,12,6,28,1555.3953857421875,-1.0983975707045834,-3.298083157314104,0.13134441237245378,1.0,Prophet,local_news,Продовольствие
local_news,test,1,6,28,119.81207092466377,0.8313464597063052,-0.13633442784824878,0.09901483083199375,1.0,Prophet,local_news,Транспорт
local_news,test,3,6,28,146.62595004127138,0.7535808429407941,0.11880210936618563,0.1211742984398097,1.0,Prophet,local_news,Транспорт
local_news,test,6,6,28,170.56898934500558,0.6878717477675819,-0.2105347772024444,0.14096125285906594,1.0,Prophet,local_news,Транспорт
local_news,test,12,6,28,276.7344558352516,0.1062835094740947,-4.799323677672458,0.22869828656196542,1.0,Prophet,local_news,Транспорт
local_policy,test,1,6,28,1636.4655281731611,0.7006178470196501,-0.0018192388224322897,0.0663645766030058,1.0,Prophet,local_policy,Все категории
local_policy,test,3,6,28,1650.6411624201878,0.7044006376308607,0.3859478233429019,0.06693944967468804,1.0,Prophet,local_policy,Все категории
local_policy,test,6,6,28,1715.4337681361608,0.6938821803459887,0.4389443661894875,0.06956702341291778,1.0,Prophet,local_policy,Все категории
local_policy,test,12,6,28,1742.291027250744,0.6789337083997827,-1.303826885650171,0.0706561820900616,1.0,Prophet,local_policy,Все категории
local_policy,test,1,6,28,102.04246285473872,0.6555057547770826,-0.3436995524331954,0.09710512942866913,1.0,Prophet,local_policy,Здоровье
local_policy,test,3,6,28,139.83118116429713,0.3990314655807219,0.06870885303555707,0.13306543732144147,1.0,Prophet,local_policy,Здоровье
local_policy,test,6,6,28,114.01654343377976,0.5455253189998509,0.2796896059541346,0.10849984307912565,1.0,Prophet,local_policy,Здоровье
local_policy,test,12,6,28,282.08977009001234,-1.053785918119008,-4.581331309489043,0.26844083206898117,1.0,Prophet,local_policy,Здоровье
local_policy,test,1,6,28,455.559736433011,0.5868307164879836,-0.4730161051038415,0.09085463398392629,1.0,Prophet,local_policy,Маркетплейсы
local_policy,test,3,6,28,517.3227173186345,0.4794641658120088,-0.029762767711167593,0.1031723446447865,1.0,Prophet,local_policy,Маркетплейсы
local_policy,test,6,6,28,531.1591535295759,0.446517074471413,0.10457628830358301,0.10593181666799475,1.0,Prophet,local_policy,Маркетплейсы
local_policy,test,12,6,28,816.3258194696335,-0.18357387690415972,-3.929252630470536,0.1628040794831049,1.0,Prophet,local_policy,Маркетплейсы
local_policy,test,1,6,28,75.84465499643723,0.9247181701416776,-0.7726502484143478,0.18376506445818244,1.0,Prophet,local_policy,Общественное питание
local_policy,test,3,6,28,95.3503010952806,0.8814595702449493,0.08634005969003022,0.2310255643948072,1.0,Prophet,local_policy,Общественное питание
local_policy,test,6,6,28,102.25530824207124,0.858687255946423,0.14950441130962744,0.24775580179220585,1.0,Prophet,local_policy,Общественное питание
local_policy,test,12,6,28,117.90146162396385,0.8204410283941683,-0.7293879412766102,0.2856650834005297,1.0,Prophet,local_policy,Общественное питание
local_policy,test,1,6,28,1192.5600663964485,-0.003354788205441439,-0.29107640824306635,0.10070500566963814,1.0,Prophet,local_policy,Продовольствие
local_policy,test,3,6,28,1202.3268844589838,-0.037017100880101905,0.1917967370706003,0.10152975864944735,1.0,Prophet,local_policy,Продовольствие
local_policy,test,6,6,28,1016.5750558035714,0.18486604054880773,0.39801178880715804,0.08584405904824137,1.0,Prophet,local_policy,Продовольствие
local_policy,test,12,6,28,1555.3953857421875,-1.0983975707045834,-3.298083157314104,0.13134441237245378,1.0,Prophet,local_policy,Продовольствие
local_policy,test,1,6,28,119.77480880516318,0.8316562802504673,-0.13424695461659852,0.0989840367523128,1.0,Prophet,local_policy,Транспорт
local_policy,test,3,6,28,144.74844994319258,0.7610960265568202,0.14567649701201646,0.11962269889592721,1.0,Prophet,local_policy,Транспорт
local_policy,test,6,6,28,170.56898934500558,0.6878717477675819,-0.2105347772024444,0.14096125285906594,1.0,Prophet,local_policy,Транспорт
local_policy,test,12,6,28,276.7344558352516,0.1062835094740947,-4.799323677672458,0.22869828656196542,1.0,Prophet,local_policy,Транспорт
local_news_coverage,test,1,6,28,1531.9271182105654,0.7268760134956519,0.08604817775529339,0.06212516721950122,1.0,Prophet,local_news_coverage,Все категории
local_news_coverage,test,3,6,28,1686.9771205357142,0.7012345250740539,0.37937081894253144,0.06841300376689885,1.0,Prophet,local_news_coverage,Все категории
local_news_coverage,test,6,6,28,1715.4337681361608,0.6938821803459887,0.4389443661894875,0.06956702341291778,1.0,Prophet,local_news_coverage,Все категории
local_news_coverage,test,12,6,28,1742.291027250744,0.6789337083997827,-1.303826885650171,0.0706561820900616,1.0,Prophet,local_news_coverage,Все категории
local_news_coverage,test,1,6,28,100.67438325427827,0.6613851655714443,-0.32076691491455533,0.09580324447847396,1.0,Prophet,local_news_coverage,Здоровье
local_news_coverage,test,3,6,28,129.87137240455263,0.47212862649741427,0.18198389978277518,0.12358753477339582,1.0,Prophet,local_news_coverage,Здоровье
local_news_coverage,test,6,6,28,114.01654343377976,0.5455253189998509,0.2796896059541346,0.10849984307912565,1.0,Prophet,local_news_coverage,Здоровье
local_news_coverage,test,12,6,28,282.08977009001234,-1.053785918119008,-4.581331309489043,0.26844083206898117,1.0,Prophet,local_news_coverage,Здоровье
local_news_coverage,test,1,6,28,460.7826668875558,0.5735786173896054,-0.520262006910517,0.09189627001279635,1.0,Prophet,local_news_coverage,Маркетплейсы
local_news_coverage,test,3,6,28,503.83162870861236,0.49423907449759785,-0.0005339426015842363,0.10048174707945814,1.0,Prophet,local_news_coverage,Маркетплейсы
local_news_coverage,test,6,6,28,531.1591535295759,0.446517074471413,0.10457628830358301,0.10593181666799475,1.0,Prophet,local_news_coverage,Маркетплейсы
local_news_coverage,test,12,6,28,816.3258194696335,-0.18357387690415972,-3.929252630470536,0.1628040794831049,1.0,Prophet,local_news_coverage,Маркетплейсы
local_news_coverage,test,1,6,28,76.9173804237729,0.9228297993082936,-0.8171154405224055,0.1863641857451015,1.0,Prophet,local_news_coverage,Общественное питание
local_news_coverage,test,3,6,28,95.5120793751308,0.8805073496834492,0.07900074277360125,0.23141753922844577,1.0,Prophet,local_news_coverage,Общественное питание
local_news_coverage,test,6,6,28,102.25530824207124,0.858687255946423,0.14950441130962744,0.24775580179220585,1.0,Prophet,local_news_coverage,Общественное питание
local_news_coverage,test,12,6,28,117.90146162396385,0.8204410283941683,-0.7293879412766102,0.2856650834005297,1.0,Prophet,local_news_coverage,Общественное питание
local_news_coverage,test,1,6,28,1042.8013450985864,0.22615196401628135,0.0042436089723021375,0.088058722012874,1.0,Prophet,local_news_coverage,Продовольствие
local_news_coverage,test,3,6,28,1149.153076171875,0.049181608997871606,0.25897603288410076,0.09703952891937571,1.0,Prophet,local_news_coverage,Продовольствие
local_news_coverage,test,6,6,28,1016.5750558035714,0.18486604054880773,0.39801178880715804,0.08584405904824137,1.0,Prophet,local_news_coverage,Продовольствие
local_news_coverage,test,12,6,28,1555.3953857421875,-1.0983975707045834,-3.298083157314104,0.13134441237245378,1.0,Prophet,local_news_coverage,Продовольствие
local_news_coverage,test,1,6,28,117.59904189336868,0.8376569701979006,-0.09381619599607305,0.09718594419754306,1.0,Prophet,local_news_coverage,Транспорт
local_news_coverage,test,3,6,28,146.62595004127138,0.7535808429407941,0.11880210936618563,0.1211742984398097,1.0,Prophet,local_news_coverage,Транспорт
local_news_coverage,test,6,6,28,170.56898934500558,0.6878717477675819,-0.2105347772024444,0.14096125285906594,1.0,Prophet,local_news_coverage,Транспорт
local_news_coverage,test,12,6,28,276.7344558352516,0.1062835094740947,-4.799323677672458,0.22869828656196542,1.0,Prophet,local_news_coverage,Транспорт
local_policy_coverage,test,1,6,28,1532.9971452903872,0.7237272719740303,0.07551157828522881,0.062168560675020794,1.0,Prophet,local_policy_coverage,Все категории
local_policy_coverage,test,3,6,28,1688.8119225766998,0.6875013266949268,0.35084267771252453,0.06848741160409677,1.0,Prophet,local_policy_coverage,Все категории
local_policy_coverage,test,6,6,28,1715.4337681361608,0.6938821803459887,0.4389443661894875,0.06956702341291778,1.0,Prophet,local_policy_coverage,Все категории
local_policy_coverage,test,12,6,28,1742.291027250744,0.6789337083997827,-1.303826885650171,0.0706561820900616,1.0,Prophet,local_policy_coverage,Все категории
local_policy_coverage,test,1,6,28,101.46534136925281,0.6579103521786258,-0.3343204220208871,0.09655593201637272,1.0,Prophet,local_policy_coverage,Здоровье
local_policy_coverage,test,3,6,28,139.62970354454288,0.400285366893,0.07065196174160637,0.13287370821381428,1.0,Prophet,local_policy_coverage,Здоровье
local_policy_coverage,test,6,6,28,114.01654343377976,0.5455253189998509,0.2796896059541346,0.10849984307912565,1.0,Prophet,local_policy_coverage,Здоровье
local_policy_coverage,test,12,6,28,282.08977009001234,-1.053785918119008,-4.581331309489043,0.26844083206898117,1.0,Prophet,local_policy_coverage,Здоровье
local_policy_coverage,test,1,6,28,458.2287425340787,0.5793438812066587,-0.4997078979978078,0.0913869276723722,1.0,Prophet,local_policy_coverage,Маркетплейсы
local_policy_coverage,test,3,6,28,516.2282632316319,0.48252688717775727,-0.02370386412916714,0.10295407200667889,1.0,Prophet,local_policy_coverage,Маркетплейсы
local_policy_coverage,test,6,6,28,531.1591535295759,0.446517074471413,0.10457628830358301,0.10593181666799475,1.0,Prophet,local_policy_coverage,Маркетплейсы
local_policy_coverage,test,12,6,28,816.3258194696335,-0.18357387690415972,-3.929252630470536,0.1628040794831049,1.0,Prophet,local_policy_coverage,Маркетплейсы
local_policy_coverage,test,1,6,28,76.46764051766434,0.9235773775380748,-0.7995123251727287,0.18527450470113946,1.0,Prophet,local_policy_coverage,Общественное питание
local_policy_coverage,test,3,6,28,94.81426282840832,0.8828114200443316,0.09675955124716329,0.22972678985797973,1.0,Prophet,local_policy_coverage,Общественное питание
local_policy_coverage,test,6,6,28,102.25530824207124,0.858687255946423,0.14950441130962744,0.24775580179220585,1.0,Prophet,local_policy_coverage,Общественное питание
local_policy_coverage,test,12,6,28,117.90146162396385,0.8204410283941683,-0.7293879412766102,0.2856650834005297,1.0,Prophet,local_policy_coverage,Общественное питание
local_policy_coverage,test,1,6,28,1051.3313922910243,0.215010050664728,-0.010093355020870609,0.08877903663272577,1.0,Prophet,local_policy_coverage,Продовольствие
local_policy_coverage,test,3,6,28,1195.9363913353955,-0.025417291779340934,0.2008370928724832,0.10099011736480551,1.0,Prophet,local_policy_coverage,Продовольствие
local_policy_coverage,test,6,6,28,1016.5750558035714,0.18486604054880773,0.39801178880715804,0.08584405904824137,1.0,Prophet,local_policy_coverage,Продовольствие
local_policy_coverage,test,12,6,28,1555.3953857421875,-1.0983975707045834,-3.298083157314104,0.13134441237245378,1.0,Prophet,local_policy_coverage,Продовольствие
local_policy_coverage,test,1,6,28,116.75778433595332,0.8396740558253551,-0.0802257084296516,0.09649071395829618,1.0,Prophet,local_policy_coverage,Транспорт
local_policy_coverage,test,3,6,28,140.4901512313126,0.772756051781228,0.18737288845781863,0.11610356494444073,1.0,Prophet,local_policy_coverage,Транспорт
local_policy_coverage,test,6,6,28,170.56898934500558,0.6878717477675819,-0.2105347772024444,0.14096125285906594,1.0,Prophet,local_policy_coverage,Транспорт
local_policy_coverage,test,12,6,28,276.7344558352516,0.1062835094740947,-4.799323677672458,0.22869828656196542,1.0,Prophet,local_policy_coverage,Транспорт
transferred_news,test,1,6,28,1531.9271182105654,0.7268760134956519,0.08604817775529339,0.06212516721950122,1.0,Prophet,transferred_news,Все категории
transferred_news,test,3,6,28,1686.9771205357142,0.7012345250740539,0.37937081894253144,0.06841300376689885,1.0,Prophet,transferred_news,Все категории
transferred_news,test,6,6,28,1715.4337681361608,0.6938821803459887,0.4389443661894875,0.06956702341291778,1.0,Prophet,transferred_news,Все категории
transferred_news,test,12,6,28,1742.291027250744,0.6789337083997827,-1.303826885650171,0.0706561820900616,1.0,Prophet,transferred_news,Все категории
transferred_news,test,1,6,28,100.67438325427827,0.6613851655714443,-0.32076691491455533,0.09580324447847396,1.0,Prophet,transferred_news,Здоровье
transferred_news,test,3,6,28,129.87137240455263,0.47212862649741427,0.18198389978277518,0.12358753477339582,1.0,Prophet,transferred_news,Здоровье
transferred_news,test,6,6,28,114.01654343377976,0.5455253189998509,0.2796896059541346,0.10849984307912565,1.0,Prophet,transferred_news,Здоровье
transferred_news,test,12,6,28,282.08977009001234,-1.053785918119008,-4.581331309489043,0.26844083206898117,1.0,Prophet,transferred_news,Здоровье
transferred_news,test,1,6,28,460.7826668875558,0.5735786173896054,-0.520262006910517,0.09189627001279635,1.0,Prophet,transferred_news,Маркетплейсы
transferred_news,test,3,6,28,503.83162870861236,0.49423907449759785,-0.0005339426015842363,0.10048174707945814,1.0,Prophet,transferred_news,Маркетплейсы
transferred_news,test,6,6,28,531.1591535295759,0.446517074471413,0.10457628830358301,0.10593181666799475,1.0,Prophet,transferred_news,Маркетплейсы
transferred_news,test,12,6,28,816.3258194696335,-0.18357387690415972,-3.929252630470536,0.1628040794831049,1.0,Prophet,transferred_news,Маркетплейсы
transferred_news,test,1,6,28,76.9173804237729,0.9228297993082936,-0.8171154405224055,0.1863641857451015,1.0,Prophet,transferred_news,Общественное питание
transferred_news,test,3,6,28,95.5120793751308,0.8805073496834492,0.07900074277360125,0.23141753922844577,1.0,Prophet,transferred_news,Общественное питание
transferred_news,test,6,6,28,102.25530824207124,0.858687255946423,0.14950441130962744,0.24775580179220585,1.0,Prophet,transferred_news,Общественное питание
transferred_news,test,12,6,28,117.90146162396385,0.8204410283941683,-0.7293879412766102,0.2856650834005297,1.0,Prophet,transferred_news,Общественное питание
transferred_news,test,1,6,28,1042.8013450985864,0.22615196401628135,0.0042436089723021375,0.088058722012874,1.0,Prophet,transferred_news,Продовольствие
transferred_news,test,3,6,28,1149.153076171875,0.049181608997871606,0.25897603288410076,0.09703952891937571,1.0,Prophet,transferred_news,Продовольствие
transferred_news,test,6,6,28,1016.5750558035714,0.18486604054880773,0.39801178880715804,0.08584405904824137,1.0,Prophet,transferred_news,Продовольствие
transferred_news,test,12,6,28,1555.3953857421875,-1.0983975707045834,-3.298083157314104,0.13134441237245378,1.0,Prophet,transferred_news,Продовольствие
transferred_news,test,1,6,28,117.59904189336868,0.8376569701979006,-0.09381619599607305,0.09718594419754306,1.0,Prophet,transferred_news,Транспорт
transferred_news,test,3,6,28,146.62595004127138,0.7535808429407941,0.11880210936618563,0.1211742984398097,1.0,Prophet,transferred_news,Транспорт
transferred_news,test,6,6,28,170.56898934500558,0.6878717477675819,-0.2105347772024444,0.14096125285906594,1.0,Prophet,transferred_news,Транспорт
transferred_news,test,12,6,28,276.7344558352516,0.1062835094740947,-4.799323677672458,0.22869828656196542,1.0,Prophet,transferred_news,Транспорт
original,test,1,6,28,1001.4066336495536,0.8571435868120338,0.5219611399806298,0.04061064905154653,1.0,SeasonalNaive_NatGrowth,original,Все категории
original,test,3,6,28,1012.1398111979166,0.8517264144417601,0.691989464310512,0.04104591809408919,1.0,SeasonalNaive_NatGrowth,original,Все категории
original,test,6,6,28,1053.9183291480654,0.8494449066076176,0.7240612015264722,0.04274018760794682,1.0,SeasonalNaive_NatGrowth,original,Все категории
original,test,12,6,28,1440.267566499256,0.7926382992511983,-0.4879340302534305,0.05840804196619205,1.0,SeasonalNaive_NatGrowth,original,Все категории
original,test,1,6,28,157.50154985700334,0.30275256209363355,-1.7196131234172811,0.1498808236905471,1.0,SeasonalNaive_NatGrowth,original,Здоровье
original,test,3,6,28,172.36031777518136,0.21161605559223895,-0.22171951738760254,0.164020648832745,1.0,SeasonalNaive_NatGrowth,original,Здоровье
original,test,6,6,28,173.803959437779,0.19375676190092717,-0.27783880777236747,0.16539443976813945,1.0,SeasonalNaive_NatGrowth,original,Здоровье
original,test,12,6,28,119.11326199486142,0.5412743484846452,-0.246624499019499,0.11334995647005652,1.0,SeasonalNaive_NatGrowth,original,Здоровье
original,test,1,6,28,1244.2225923084077,-0.9738602867904416,-6.037134917079689,0.2481417455893517,1.0,SeasonalNaive_NatGrowth,original,Маркетплейсы
original,test,3,6,28,1188.811019897461,-0.839434027313585,-2.6389054327899637,0.23709072916439444,1.0,SeasonalNaive_NatGrowth,original,Маркетплейсы
original,test,6,6,28,1184.2832089378721,-0.8542676613633065,-1.9998309888799093,0.23618772441093913,1.0,SeasonalNaive_NatGrowth,original,Маркетплейсы
original,test,12,6,28,1511.0349854968842,-1.7834350196589561,-10.592224752615694,0.3013535208777481,1.0,SeasonalNaive_NatGrowth,original,Маркетплейсы
original,test,1,6,28,68.09619612920852,0.9169357456530582,-0.9559018607752536,0.16499121621199098,1.0,SeasonalNaive_NatGrowth,original,Общественное питание
original,test,3,6,28,68.32343074253627,0.9175310170820725,0.36436365073151666,0.165541786102081,1.0,SeasonalNaive_NatGrowth,original,Общественное питание
original,test,6,6,28,68.50062547411237,0.9169922690468996,0.5004151290414194,0.16597111367000605,1.0,SeasonalNaive_NatGrowth,original,Общественное питание
original,test,12,6,28,68.25932143983387,0.9121852050787629,0.15422857435471227,0.16538645478514075,1.0,SeasonalNaive_NatGrowth,original,Общественное питание
original,test,1,6,28,952.151384626116,0.16421361615594277,-0.07545615488795865,0.08040384152461705,1.0,SeasonalNaive_NatGrowth,original,Продовольствие
original,test,3,6,28,919.5184733072916,0.20609400328791594,0.38126631040377745,0.07764817528022468,1.0,SeasonalNaive_NatGrowth,original,Продовольствие
original,test,6,6,28,834.1775309244791,0.31590524191663805,0.4947861330887646,0.07044161157858857,1.0,SeasonalNaive_NatGrowth,original,Продовольствие
original,test,12,6,28,694.1973876953125,0.4750109247616644,-0.0753189641265859,0.05862107396816371,1.0,SeasonalNaive_NatGrowth,original,Продовольствие
original,test,1,6,28,111.58318038213821,0.8472534545989758,-0.029158107038909087,0.09221432902349495,1.0,SeasonalNaive_NatGrowth,original,Транспорт
original,test,3,6,28,112.03210957845052,0.8458106318811734,0.44861695183939976,0.0925853321126274,1.0,SeasonalNaive_NatGrowth,original,Транспорт
original,test,6,6,28,114.3886958530971,0.8394286649109355,0.3772521905437707,0.09453285701161566,1.0,SeasonalNaive_NatGrowth,original,Транспорт
original,test,12,6,28,113.35949380057198,0.8427468085054368,-0.02041549696295708,0.09368230609186073,1.0,SeasonalNaive_NatGrowth,original,Транспорт
financial_only,test,1,6,28,942.9712015201859,0.8733818017923365,0.5762989019662936,0.03824088161977646,1.0,SeasonalNaive_NatGrowth,financial_only,Все категории
financial_only,test,3,6,28,992.0931725567851,0.8532596270817936,0.6951744257101076,0.040232954629336404,1.0,SeasonalNaive_NatGrowth,financial_only,Все категории
financial_only,test,6,6,28,1368.1924595206215,0.7707963394664126,0.5799133641494421,0.05548513654844513,1.0,SeasonalNaive_NatGrowth,financial_only,Все категории
financial_only,test,12,6,28,1440.267566499256,0.7926382992511983,-0.4879340302534305,0.05840804196619205,1.0,SeasonalNaive_NatGrowth,financial_only,Все категории
financial_only,test,1,6,28,140.98242993932905,0.43420462678353533,-1.206884440893297,0.13416098282452493,1.0,SeasonalNaive_NatGrowth,financial_only,Здоровье
financial_only,test,3,6,28,168.0945869155897,0.255065543969757,-0.15438799909901557,0.15996131573120884,1.0,SeasonalNaive_NatGrowth,financial_only,Здоровье
financial_only,test,6,6,28,189.36859077081112,0.1258046965960845,-0.3855380503973831,0.18020597506257022,1.0,SeasonalNaive_NatGrowth,financial_only,Здоровье
financial_only,test,12,6,28,119.11326199486142,0.5412743484846452,-0.246624499019499,0.11334995647005652,1.0,SeasonalNaive_NatGrowth,financial_only,Здоровье
financial_only,test,1,6,28,995.5147005685931,-0.34890682617555435,-3.809073565081011,0.19854064464513438,1.0,SeasonalNaive_NatGrowth,financial_only,Маркетплейсы
financial_only,test,3,6,28,999.7480792477179,-0.37274702753052047,-1.7156704410989407,0.1993849292463566,1.0,SeasonalNaive_NatGrowth,financial_only,Маркетплейсы
financial_only,test,6,6,28,830.7862051618837,-0.0959989506029364,-0.773105190963242,0.16568798897787868,1.0,SeasonalNaive_NatGrowth,financial_only,Маркетплейсы
financial_only,test,12,6,28,1511.0349854968842,-1.7834350196589561,-10.592224752615694,0.3013535208777481,1.0,SeasonalNaive_NatGrowth,financial_only,Маркетплейсы
financial_only,test,1,6,28,62.66300015039494,0.9318470043672401,-0.6047886304830292,0.15182705046679093,1.0,SeasonalNaive_NatGrowth,financial_only,Общественное питание
financial_only,test,3,6,28,65.4290643178801,0.9256364800566245,0.4268371615228701,0.1585289856269846,1.0,SeasonalNaive_NatGrowth,financial_only,Общественное питание
financial_only,test,6,6,28,66.62211743261042,0.9297021457795985,0.5769099573483445,0.1614196505333086,1.0,SeasonalNaive_NatGrowth,financial_only,Общественное питание
financial_only,test,12,6,28,68.25932143983387,0.9121852050787629,0.15422857435471227,0.16538645478514075,1.0,SeasonalNaive_NatGrowth,financial_only,Общественное питание
financial_only,test,1,6,28,873.0347915373429,0.31899292385352773,0.12370760553018567,0.07372288919351769,1.0,SeasonalNaive_NatGrowth,financial_only,Продовольствие
financial_only,test,3,6,28,905.2576534703334,0.24775946476072574,0.41373844792706926,0.07644392906822955,1.0,SeasonalNaive_NatGrowth,financial_only,Продовольствие
financial_only,test,6,6,28,1015.1297623112512,0.13252677053366635,0.35935848137684634,0.08572201212294209,1.0,SeasonalNaive_NatGrowth,financial_only,Продовольствие
financial_only,test,12,6,28,694.1973876953125,0.4750109247616644,-0.0753189641265859,0.05862107396816371,1.0,SeasonalNaive_NatGrowth,financial_only,Продовольствие
financial_only,test,1,6,28,104.89195372950256,0.8651143737396441,0.09118313985820026,0.0866845800595042,1.0,SeasonalNaive_NatGrowth,financial_only,Транспорт
financial_only,test,3,6,28,106.95413148312957,0.8612824490683884,0.5039443575182126,0.08838880050945593,1.0,SeasonalNaive_NatGrowth,financial_only,Транспорт
financial_only,test,6,6,28,100.33285335865172,0.8770911890682509,0.5233196963320925,0.08291685825583282,1.0,SeasonalNaive_NatGrowth,financial_only,Транспорт
financial_only,test,12,6,28,113.35949380057198,0.8427468085054368,-0.02041549696295708,0.09368230609186073,1.0,SeasonalNaive_NatGrowth,financial_only,Транспорт
local_news,test,1,6,28,1146.8708325946757,0.8241391079198486,0.41151861161899317,0.04650974671519553,1.0,SeasonalNaive_NatGrowth,local_news,Все категории
local_news,test,3,6,28,1023.1647793430982,0.847161599745941,0.6825069188221234,0.0414930202972339,1.0,SeasonalNaive_NatGrowth,local_news,Все категории
local_news,test,6,6,28,1082.4476612842966,0.8401633619585379,0.7070498987486211,0.04389715487391856,1.0,SeasonalNaive_NatGrowth,local_news,Все категории
local_news,test,12,6,28,1440.267566499256,0.7926382992511983,-0.4879340302534305,0.05840804196619205,1.0,SeasonalNaive_NatGrowth,local_news,Все категории
local_news,test,1,6,28,138.73018729060135,0.4473282709888976,-1.1556956762344655,0.1320177151319291,1.0,SeasonalNaive_NatGrowth,local_news,Здоровье
local_news,test,3,6,28,164.78061545001395,0.27490229627550666,-0.12364796738550399,0.1568076910627632,1.0,SeasonalNaive_NatGrowth,local_news,Здоровье
local_news,test,6,6,28,170.55568305348416,0.25448356342658884,-0.18159109989162858,0.16230333151876233,1.0,SeasonalNaive_NatGrowth,local_news,Здоровье
local_news,test,12,6,28,119.11326199486142,0.5412743484846452,-0.246624499019499,0.11334995647005652,1.0,SeasonalNaive_NatGrowth,local_news,Здоровье
local_news,test,1,6,28,983.0338799167959,-0.32359866663559567,-3.718845834994168,0.1960515300429162,1.0,SeasonalNaive_NatGrowth,local_news,Маркетплейсы
local_news,test,3,6,28,996.1635611719477,-0.3660146747724826,-1.702351999304939,0.19867005027058748,1.0,SeasonalNaive_NatGrowth,local_news,Маркетплейсы
local_news,test,6,6,28,836.851843233425,-0.0855356411284911,-0.7561776671425418,0.16689769054453565,1.0,SeasonalNaive_NatGrowth,local_news,Маркетплейсы
local_news,test,12,6,28,1511.0349854968842,-1.7834350196589561,-10.592224752615694,0.3013535208777481,1.0,SeasonalNaive_NatGrowth,local_news,Маркетплейсы
local_news,test,1,6,28,61.830745976844874,0.9324959228507844,-0.5895086417630384,0.1498105703093533,1.0,SeasonalNaive_NatGrowth,local_news,Общественное питание
local_news,test,3,6,28,64.85945690977124,0.9266584587586761,0.43471414494400396,0.1571488759531796,1.0,SeasonalNaive_NatGrowth,local_news,Общественное питание
local_news,test,6,6,28,69.50428379993699,0.9265484150718525,0.5579291210987953,0.1684028913206238,1.0,SeasonalNaive_NatGrowth,local_news,Общественное питание
local_news,test,12,6,28,68.25932143983387,0.9121852050787629,0.15422857435471227,0.16538645478514075,1.0,SeasonalNaive_NatGrowth,local_news,Общественное питание
local_news,test,1,6,28,866.9664434098637,0.3254595537012528,0.13202860358130442,0.07321045124611121,1.0,SeasonalNaive_NatGrowth,local_news,Продовольствие
local_news,test,3,6,28,898.174717739548,0.258288882359088,0.42194458999793816,0.07584581489098585,1.0,SeasonalNaive_NatGrowth,local_news,Продовольствие
local_news,test,6,6,28,797.6554222013549,0.37280610204046427,0.5368082407486372,0.0673575244372649,1.0,SeasonalNaive_NatGrowth,local_news,Продовольствие
local_news,test,12,6,28,694.1973876953125,0.4750109247616644,-0.0753189641265859,0.05862107396816371,1.0,SeasonalNaive_NatGrowth,local_news,Продовольствие
local_news,test,1,6,28,105.16592708734376,0.8640584273065125,0.08406850541980404,0.08691099652547263,1.0,SeasonalNaive_NatGrowth,local_news,Транспорт
local_news,test,3,6,28,105.60746926444423,0.8657210952976427,0.5198170102014168,0.08727589485026899,1.0,SeasonalNaive_NatGrowth,local_news,Транспорт
local_news,test,6,6,28,100.68827644645457,0.8780705757097292,0.527118075944824,0.08321058623032643,1.0,SeasonalNaive_NatGrowth,local_news,Транспорт
local_news,test,12,6,28,113.35949380057198,0.8427468085054368,-0.02041549696295708,0.09368230609186073,1.0,SeasonalNaive_NatGrowth,local_news,Транспорт
local_policy,test,1,6,28,1038.4210174101795,0.856124948369334,0.5185524812508364,0.042111715749381176,1.0,SeasonalNaive_NatGrowth,local_policy,Все категории
local_policy,test,3,6,28,979.736502631951,0.8531709965381293,0.6949903123959948,0.03973184711826029,1.0,SeasonalNaive_NatGrowth,local_policy,Все категории
local_policy,test,6,6,28,1109.0298381932973,0.8360522048410854,0.6995149311180731,0.04497515797595846,1.0,SeasonalNaive_NatGrowth,local_policy,Все категории
local_policy,test,12,6,28,1440.267566499256,0.7926382992511983,-0.4879340302534305,0.05840804196619205,1.0,SeasonalNaive_NatGrowth,local_policy,Все категории
local_policy,test,1,6,28,140.2987858606777,0.43889183186311853,-1.1886020008963007,0.13351041692398327,1.0,SeasonalNaive_NatGrowth,local_policy,Здоровье
local_policy,test,3,6,28,169.19901538772842,0.24591124251564467,-0.16857396627131793,0.16101230633582023,1.0,SeasonalNaive_NatGrowth,local_policy,Здоровье
local_policy,test,6,6,28,178.90574385098236,0.19282404792848107,-0.2793170937960163,0.1702493738994972,1.0,SeasonalNaive_NatGrowth,local_policy,Здоровье
local_policy,test,12,6,28,119.11326199486142,0.5412743484846452,-0.246624499019499,0.11334995647005652,1.0,SeasonalNaive_NatGrowth,local_policy,Здоровье
local_policy,test,1,6,28,1000.6244960952247,-0.3596670433106559,-3.8474354999269202,0.1995597175902981,1.0,SeasonalNaive_NatGrowth,local_policy,Маркетплейсы
local_policy,test,3,6,28,994.0011735911771,-0.36033976840738213,-1.6911254767464228,0.19823879413342185,1.0,SeasonalNaive_NatGrowth,local_policy,Маркетплейсы
local_policy,test,6,6,28,819.0238096721189,-0.04792741254442445,-0.6953351405245587,0.16334215362077636,1.0,SeasonalNaive_NatGrowth,local_policy,Маркетплейсы
local_policy,test,12,6,28,1511.0349854968842,-1.7834350196589561,-10.592224752615694,0.3013535208777481,1.0,SeasonalNaive_NatGrowth,local_policy,Маркетплейсы
local_policy,test,1,6,28,62.51065802469239,0.9326827813482442,-0.5851087120248291,0.1514579386216551,1.0,SeasonalNaive_NatGrowth,local_policy,Общественное питание
local_policy,test,3,6,28,65.33380759197686,0.9260617954443604,0.4301153142389914,0.15829818678721788,1.0,SeasonalNaive_NatGrowth,local_policy,Общественное питание
local_policy,test,6,6,28,68.72556900462821,0.9256580988733621,0.5525707225734049,0.16651613246383715,1.0,SeasonalNaive_NatGrowth,local_policy,Общественное питание
local_policy,test,12,6,28,68.25932143983387,0.9121852050787629,0.15422857435471227,0.16538645478514075,1.0,SeasonalNaive_NatGrowth,local_policy,Общественное питание
local_policy,test,1,6,28,1082.4651478536189,-0.06495278409194216,-0.3703382209328272,0.09140810758587464,1.0,SeasonalNaive_NatGrowth,local_policy,Продовольствие
local_policy,test,3,6,28,894.2449924040421,0.2629516458049924,0.4255785326089613,0.07551397163768285,1.0,SeasonalNaive_NatGrowth,local_policy,Продовольствие
local_policy,test,6,6,28,818.4183632713009,0.3369745193255853,0.5103460989955676,0.06911083830135013,1.0,SeasonalNaive_NatGrowth,local_policy,Продовольствие
local_policy,test,12,6,28,694.1973876953125,0.4750109247616644,-0.0753189641265859,0.05862107396816371,1.0,SeasonalNaive_NatGrowth,local_policy,Продовольствие
local_policy,test,1,6,28,108.57098899866071,0.8572665180472895,0.03830676031420799,0.08972500037766802,1.0,SeasonalNaive_NatGrowth,local_policy,Транспорт
local_policy,test,3,6,28,104.67385575461599,0.8689897137234354,0.5315056292863491,0.08650434000588078,1.0,SeasonalNaive_NatGrowth,local_policy,Транспорт
local_policy,test,6,6,28,99.2587413338348,0.8806506357101622,0.5371243869258222,0.08202919293454204,1.0,SeasonalNaive_NatGrowth,local_policy,Транспорт
local_policy,test,12,6,28,113.35949380057198,0.8427468085054368,-0.02041549696295708,0.09368230609186073,1.0,SeasonalNaive_NatGrowth,local_policy,Транспорт
local_news_coverage,test,1,6,28,953.7602031818112,0.8732597320467971,0.5758904213058998,0.03867841453135706,1.0,SeasonalNaive_NatGrowth,local_news_coverage,Все категории
local_news_coverage,test,3,6,28,976.8142612367734,0.857178687192799,0.7033155372887167,0.039613339695046046,1.0,SeasonalNaive_NatGrowth,local_news_coverage,Все категории
local_news_coverage,test,6,6,28,1100.6360477809344,0.8332416364697528,0.6943636948368005,0.044634759515238855,1.0,SeasonalNaive_NatGrowth,local_news_coverage,Все категории
local_news_coverage,test,12,6,28,1440.267566499256,0.7926382992511983,-0.4879340302534305,0.05840804196619205,1.0,SeasonalNaive_NatGrowth,local_news_coverage,Все категории
local_news_coverage,test,1,6,28,141.03076002056542,0.4330263355319238,-1.2114803650614987,0.13420697445058394,1.0,SeasonalNaive_NatGrowth,local_news_coverage,Здоровье
local_news_coverage,test,3,6,28,167.99492249359207,0.25484804239173076,-0.15472505051263474,0.1598664735809239,1.0,SeasonalNaive_NatGrowth,local_news_coverage,Здоровье
local_news_coverage,test,6,6,28,167.38908487995909,0.2730884176595708,-0.1521037149085238,0.1592899494728344,1.0,SeasonalNaive_NatGrowth,local_news_coverage,Здоровье
local_news_coverage,test,12,6,28,119.11326199486142,0.5412743484846452,-0.246624499019499,0.11334995647005652,1.0,SeasonalNaive_NatGrowth,local_news_coverage,Здоровье
local_news_coverage,test,1,6,28,995.5606602061274,-0.34909026558609324,-3.8097275565968802,0.19854981061330992,1.0,SeasonalNaive_NatGrowth,local_news_coverage,Маркетплейсы
local_news_coverage,test,3,6,28,1001.1777454986993,-0.3759164430851307,-1.7219404150741884,0.19967005497974366,1.0,SeasonalNaive_NatGrowth,local_news_coverage,Маркетплейсы
local_news_coverage,test,6,6,28,829.9399527084109,-0.09271297556420999,-0.7677891462760313,0.16551921647502257,1.0,SeasonalNaive_NatGrowth,local_news_coverage,Маркетплейсы
local_news_coverage,test,12,6,28,1511.0349854968842,-1.7834350196589561,-10.592224752615694,0.3013535208777481,1.0,SeasonalNaive_NatGrowth,local_news_coverage,Маркетплейсы
local_news_coverage,test,1,6,28,62.758437121388475,0.9318328863510522,-0.6051210653474544,0.15205828602488194,1.0,SeasonalNaive_NatGrowth,local_news_coverage,Общественное питание
local_news_coverage,test,3,6,28,65.50878304549309,0.9257035291098741,0.42735394751830136,0.15872213723561163,1.0,SeasonalNaive_NatGrowth,local_news_coverage,Общественное питание
local_news_coverage,test,6,6,28,68.76684179546011,0.928448915019073,0.5693673451050076,0.16661613288005564,1.0,SeasonalNaive_NatGrowth,local_news_coverage,Общественное питание
local_news_coverage,test,12,6,28,68.25932143983387,0.9121852050787629,0.15422857435471227,0.16538645478514075,1.0,SeasonalNaive_NatGrowth,local_news_coverage,Общественное питание
local_news_coverage,test,1,6,28,872.9814820161905,0.31798795038220395,0.12241444626589704,0.07371838750359769,1.0,SeasonalNaive_NatGrowth,local_news_coverage,Продовольствие
local_news_coverage,test,3,6,28,901.7409673140781,0.2522909792787037,0.4172701011817105,0.07614696465588415,1.0,SeasonalNaive_NatGrowth,local_news_coverage,Продовольствие
local_news_coverage,test,6,6,28,872.3854794824636,0.29129443085142126,0.4766106933866453,0.07366805843403605,1.0,SeasonalNaive_NatGrowth,local_news_coverage,Продовольствие
local_news_coverage,test,12,6,28,694.1973876953125,0.4750109247616644,-0.0753189641265859,0.05862107396816371,1.0,SeasonalNaive_NatGrowth,local_news_coverage,Продовольствие
local_news_coverage,test,1,6,28,104.81438198739367,0.8654878079828331,0.09369922215528226,0.08662047338925823,1.0,SeasonalNaive_NatGrowth,local_news_coverage,Транспорт
local_news_coverage,test,3,6,28,106.13114972981856,0.8637640659789655,0.5128186496514184,0.08770867372045196,1.0,SeasonalNaive_NatGrowth,local_news_coverage,Транспорт
local_news_coverage,test,6,6,28,100.97438635403539,0.8794583126483547,0.5325001706888898,0.08344703255731033,1.0,SeasonalNaive_NatGrowth,local_news_coverage,Транспорт
local_news_coverage,test,12,6,28,113.35949380057198,0.8427468085054368,-0.02041549696295708,0.09368230609186073,1.0,SeasonalNaive_NatGrowth,local_news_coverage,Транспорт
local_policy_coverage,test,1,6,28,943.9033638668387,0.8741639515367552,0.5789162011399358,0.03827868416336559,1.0,SeasonalNaive_NatGrowth,local_policy_coverage,Все категории
local_policy_coverage,test,3,6,28,985.2028655403741,0.8540980526283763,0.6969160973690645,0.03995352784035949,1.0,SeasonalNaive_NatGrowth,local_policy_coverage,Все категории
local_policy_coverage,test,6,6,28,1065.2114232063636,0.8353322420798186,0.6981953765629051,0.043198163283458615,1.0,SeasonalNaive_NatGrowth,local_policy_coverage,Все категории
local_policy_coverage,test,12,6,28,1440.267566499256,0.7926382992511983,-0.4879340302534305,0.05840804196619205,1.0,SeasonalNaive_NatGrowth,local_policy_coverage,Все категории
local_policy_coverage,test,1,6,28,141.13442608682143,0.4320263420730055,-1.2153808388192395,0.13430562462522233,1.0,SeasonalNaive_NatGrowth,local_policy_coverage,Здоровье
local_policy_coverage,test,3,6,28,170.02957813595557,0.24153827681914541,-0.17535053443734383,0.16180268223335262,1.0,SeasonalNaive_NatGrowth,local_policy_coverage,Здоровье
local_policy_coverage,test,6,6,28,180.73178858448568,0.183962445928611,-0.2933621094927257,0.17198706530000563,1.0,SeasonalNaive_NatGrowth,local_policy_coverage,Здоровье
local_policy_coverage,test,12,6,28,119.11326199486142,0.5412743484846452,-0.246624499019499,0.11334995647005652,1.0,SeasonalNaive_NatGrowth,local_policy_coverage,Здоровье
local_policy_coverage,test,1,6,28,999.2548732485111,-0.35693407099349694,-3.8376920064034934,0.1992865666235149,1.0,SeasonalNaive_NatGrowth,local_policy_coverage,Маркетплейсы
local_policy_coverage,test,3,6,28,999.1163430255398,-0.3718596147908857,-1.7139148951041219,0.19925893882479345,1.0,SeasonalNaive_NatGrowth,local_policy_coverage,Маркетплейсы
local_policy_coverage,test,6,6,28,810.6283937390666,-0.032399321834073236,-0.6702138224529262,0.161667812407673,1.0,SeasonalNaive_NatGrowth,local_policy_coverage,Маркетплейсы
local_policy_coverage,test,12,6,28,1511.0349854968842,-1.7834350196589561,-10.592224752615694,0.3013535208777481,1.0,SeasonalNaive_NatGrowth,local_policy_coverage,Маркетплейсы
local_policy_coverage,test,1,6,28,62.88597014666051,0.932116112866406,-0.5984519719720092,0.15236728755716875,1.0,SeasonalNaive_NatGrowth,local_policy_coverage,Общественное питание
local_policy_coverage,test,3,6,28,65.55232084532426,0.9256987738133383,0.42731729568602805,0.1588276255734875,1.0,SeasonalNaive_NatGrowth,local_policy_coverage,Общественное питание
local_policy_coverage,test,6,6,28,66.47477439111903,0.9290931531001545,0.5732447140549617,0.16106265103850698,1.0,SeasonalNaive_NatGrowth,local_policy_coverage,Общественное питание
local_policy_coverage,test,12,6,28,68.25932143983387,0.9121852050787629,0.15422857435471227,0.16538645478514075,1.0,SeasonalNaive_NatGrowth,local_policy_coverage,Общественное питание
local_policy_coverage,test,1,6,28,867.7096039725054,0.324374456206145,0.13063234396003642,0.0732732069854514,1.0,SeasonalNaive_NatGrowth,local_policy_coverage,Продовольствие
local_policy_coverage,test,3,6,28,906.3460684653428,0.24729226332045617,0.4133743326890943,0.07653583960702075,1.0,SeasonalNaive_NatGrowth,local_policy_coverage,Продовольствие
local_policy_coverage,test,6,6,28,872.9896016636337,0.2686567019241384,0.45989240336278403,0.07371907316226164,1.0,SeasonalNaive_NatGrowth,local_policy_coverage,Продовольствие
local_policy_coverage,test,12,6,28,694.1973876953125,0.4750109247616644,-0.0753189641265859,0.05862107396816371,1.0,SeasonalNaive_NatGrowth,local_policy_coverage,Продовольствие
local_policy_coverage,test,1,6,28,104.871018347011,0.8654475386104351,0.09342789980910426,0.08666727868628023,1.0,SeasonalNaive_NatGrowth,local_policy_coverage,Транспорт
local_policy_coverage,test,3,6,28,106.1207052881055,0.8636589171139013,0.5124426360362317,0.0877000422476682,1.0,SeasonalNaive_NatGrowth,local_policy_coverage,Транспорт
local_policy_coverage,test,6,6,28,99.3851862625365,0.8816989953428678,0.5411902662088686,0.0821336892772589,1.0,SeasonalNaive_NatGrowth,local_policy_coverage,Транспорт
local_policy_coverage,test,12,6,28,113.35949380057198,0.8427468085054368,-0.02041549696295708,0.09368230609186073,1.0,SeasonalNaive_NatGrowth,local_policy_coverage,Транспорт
transferred_news,test,1,6,28,1146.8708325946757,0.8241391079198486,0.41151861161899317,0.04650974671519553,1.0,SeasonalNaive_NatGrowth,transferred_news,Все категории
transferred_news,test,3,6,28,1023.1647793430982,0.847161599745941,0.6825069188221234,0.0414930202972339,1.0,SeasonalNaive_NatGrowth,transferred_news,Все категории
transferred_news,test,6,6,28,1096.402196147542,0.835998108791711,0.6994157833673715,0.044463061568528243,1.0,SeasonalNaive_NatGrowth,transferred_news,Все категории
transferred_news,test,12,6,28,1440.267566499256,0.7926382992511983,-0.4879340302534305,0.05840804196619205,1.0,SeasonalNaive_NatGrowth,transferred_news,Все категории
transferred_news,test,1,6,28,138.73018729060135,0.4473282709888976,-1.1556956762344655,0.1320177151319291,1.0,SeasonalNaive_NatGrowth,transferred_news,Здоровье
transferred_news,test,3,6,28,164.78061545001395,0.27490229627550666,-0.12364796738550399,0.1568076910627632,1.0,SeasonalNaive_NatGrowth,transferred_news,Здоровье
transferred_news,test,6,6,28,171.18345844814317,0.25270447093911086,-0.18441083631320243,0.16290073194643795,1.0,SeasonalNaive_NatGrowth,transferred_news,Здоровье
transferred_news,test,12,6,28,119.11326199486142,0.5412743484846452,-0.246624499019499,0.11334995647005652,1.0,SeasonalNaive_NatGrowth,transferred_news,Здоровье
transferred_news,test,1,6,28,983.0338799167959,-0.32359866663559567,-3.718845834994168,0.1960515300429162,1.0,SeasonalNaive_NatGrowth,transferred_news,Маркетплейсы
transferred_news,test,3,6,28,996.1635611719477,-0.3660146747724826,-1.702351999304939,0.19867005027058748,1.0,SeasonalNaive_NatGrowth,transferred_news,Маркетплейсы
transferred_news,test,6,6,28,838.0569117789173,-0.09648744306564305,-0.7738954732175227,0.16713802359609878,1.0,SeasonalNaive_NatGrowth,transferred_news,Маркетплейсы
transferred_news,test,12,6,28,1511.0349854968842,-1.7834350196589561,-10.592224752615694,0.3013535208777481,1.0,SeasonalNaive_NatGrowth,transferred_news,Маркетплейсы
transferred_news,test,1,6,28,61.830745976844874,0.9324959228507844,-0.5895086417630384,0.1498105703093533,1.0,SeasonalNaive_NatGrowth,transferred_news,Общественное питание
transferred_news,test,3,6,28,64.85945690977124,0.9266584587586761,0.43471414494400396,0.1571488759531796,1.0,SeasonalNaive_NatGrowth,transferred_news,Общественное питание
transferred_news,test,6,6,28,66.89471318133967,0.9294137110750024,0.5751740032026149,0.16208012654626705,1.0,SeasonalNaive_NatGrowth,transferred_news,Общественное питание
transferred_news,test,12,6,28,68.25932143983387,0.9121852050787629,0.15422857435471227,0.16538645478514075,1.0,SeasonalNaive_NatGrowth,transferred_news,Общественное питание
transferred_news,test,1,6,28,866.9664434098637,0.3254595537012528,0.13202860358130442,0.07321045124611121,1.0,SeasonalNaive_NatGrowth,transferred_news,Продовольствие
transferred_news,test,3,6,28,898.174717739548,0.258288882359088,0.42194458999793816,0.07584581489098585,1.0,SeasonalNaive_NatGrowth,transferred_news,Продовольствие
transferred_news,test,6,6,28,888.0650602823329,0.2770100731827576,0.4660614887788689,0.07499211104810663,1.0,SeasonalNaive_NatGrowth,transferred_news,Продовольствие
transferred_news,test,12,6,28,694.1973876953125,0.4750109247616644,-0.0753189641265859,0.05862107396816371,1.0,SeasonalNaive_NatGrowth,transferred_news,Продовольствие
transferred_news,test,1,6,28,105.16592708734376,0.8640584273065125,0.08406850541980404,0.08691099652547263,1.0,SeasonalNaive_NatGrowth,transferred_news,Транспорт
transferred_news,test,3,6,28,105.60746926444423,0.8657210952976427,0.5198170102014168,0.08727589485026899,1.0,SeasonalNaive_NatGrowth,transferred_news,Транспорт
transferred_news,test,6,6,28,100.03348752193332,0.8797734126065305,0.5337222307072916,0.08266945699274818,1.0,SeasonalNaive_NatGrowth,transferred_news,Транспорт
transferred_news,test,12,6,28,113.35949380057198,0.8427468085054368,-0.02041549696295708,0.09368230609186073,1.0,SeasonalNaive_NatGrowth,transferred_news,Транспорт
original,test,1,6,28,1352.4524507068452,0.8110104025164211,0.3675861676738498,0.05484682244853253,1.0,NatPath_K3,original,Все категории
original,test,3,6,28,1931.852294921875,0.6075435146352501,0.1847453352065197,0.07834357485987281,1.0,NatPath_K3,original,Все категории
original,test,6,6,28,1990.5418061755952,0.596084969361196,0.2597007133502327,0.08072364611608711,1.0,NatPath_K3,original,Все категории
original,test,12,6,28,1392.0157877604167,0.7924001484023004,-0.4896428933227883,0.05645125839133746,1.0,NatPath_K3,original,Все категории
original,test,1,6,28,135.79507954915366,0.49503634877733504,-0.9696103535891196,0.129224622833421,1.0,NatPath_K3,original,Здоровье
original,test,3,6,28,210.8975626627604,-0.2732905593387607,-0.9731552610677792,0.20069326578006225,1.0,NatPath_K3,original,Здоровье
original,test,6,6,28,264.5929074968611,-0.4977154066766565,-1.3737735452670288,0.2517905566917371,1.0,NatPath_K3,original,Здоровье
original,test,12,6,28,119.4293950398763,0.5565092137284748,-0.20522250593391478,0.113650793390237,1.0,NatPath_K3,original,Здоровье
original,test,1,6,28,427.85906691778274,0.6830796707585741,-0.12987283333189814,0.0853301462194422,1.0,NatPath_K3,original,Маркетплейсы
original,test,3,6,28,567.9771626790365,0.46730461770380094,-0.053817691679193924,0.11327462262245157,1.0,NatPath_K3,original,Маркетплейсы
original,test,6,6,28,493.56584094819567,0.5435355412965088,0.2615325947418675,0.098434387940935,1.0,NatPath_K3,original,Маркетплейсы
original,test,12,6,28,1769.7820754278273,-2.6234806848220247,-14.090778907554794,0.35295679103096705,1.0,NatPath_K3,original,Маркетплейсы
original,test,1,6,28,85.76100026993524,0.9162624686592623,-0.9717554157771704,0.20779151468673918,1.0,NatPath_K3,original,Общественное питание
original,test,3,6,28,112.79936272757394,0.8363174975863575,-0.26159611276981254,0.2733031373594915,1.0,NatPath_K3,original,Общественное питание
original,test,6,6,28,109.0364464351109,0.8256465255214983,-0.04935235608038302,0.2641859153869254,1.0,NatPath_K3,original,Общественное питание
original,test,12,6,28,84.2740825471424,0.8854090538441035,-0.10366081231804447,0.20418884115376737,1.0,NatPath_K3,original,Общественное питание
original,test,1,6,28,726.0277913411459,0.6114138659494206,0.4999830606874459,0.06130897294276756,1.0,NatPath_K3,original,Продовольствие
original,test,3,6,28,1197.9753011067708,0.029260899306308485,0.2434507512287386,0.10116229185384963,1.0,NatPath_K3,original,Продовольствие
original,test,6,6,28,1315.1607666015625,-0.28705043997699686,0.049494646746950366,0.11105794683977557,1.0,NatPath_K3,original,Продовольствие
original,test,12,6,28,758.0526529947916,0.4004323142700247,-0.22807603653511688,0.06401329280494854,1.0,NatPath_K3,original,Продовольствие
original,test,1,6,28,110.93189929780506,0.8719715334601865,0.13738452201796703,0.09167609872756866,1.0,NatPath_K3,original,Транспорт
original,test,3,6,28,151.1359365554083,0.7539060694702211,0.1199651233750374,0.12490143167693259,1.0,NatPath_K3,original,Транспорт
original,test,6,6,28,140.64033871605284,0.7652823236833641,0.08968858802995683,0.11622768255863324,1.0,NatPath_K3,original,Транспорт
original,test,12,6,28,123.87776547386532,0.8305701618259083,-0.0994297214422295,0.10237479327064385,1.0,NatPath_K3,original,Транспорт
financial_only,test,1,6,28,1395.6374443774473,0.8028923372847119,0.34042077437909446,0.056598129623180046,1.0,NatPath_K3,financial_only,Все категории
financial_only,test,3,6,28,1877.9927569665867,0.635925829199897,0.24370426494610353,0.07615937643289683,1.0,NatPath_K3,financial_only,Все категории
financial_only,test,6,6,28,2532.9049624026757,0.21799183384020437,-0.43327195981493816,0.10271842731276835,1.0,NatPath_K3,financial_only,Все категории
financial_only,test,12,6,28,1392.0157877604167,0.7924001484023004,-0.4896428933227883,0.05645125839133746,1.0,NatPath_K3,financial_only,Все категории
financial_only,test,1,6,28,126.30155712632002,0.5611042882073605,-0.7119124039909681,0.12019044531738489,1.0,NatPath_K3,financial_only,Здоровье
financial_only,test,3,6,28,209.2680501443306,-0.27482419604291497,-0.9755318618437565,0.19914259736633516,1.0,NatPath_K3,financial_only,Здоровье
financial_only,test,6,6,28,311.64621656973475,-1.6945582051413468,-3.2706851749223107,0.2965671873192523,1.0,NatPath_K3,financial_only,Здоровье
financial_only,test,12,6,28,119.4293950398763,0.5565092137284748,-0.20522250593391478,0.113650793390237,1.0,NatPath_K3,financial_only,Здоровье
financial_only,test,1,6,28,419.44757791576706,0.694945944804256,-0.08756762460900247,0.08365259947107996,1.0,NatPath_K3,financial_only,Маркетплейсы
financial_only,test,3,6,28,626.2326593010692,0.3542260488142045,-0.27751814114049855,0.12489281755905553,1.0,NatPath_K3,financial_only,Маркетплейсы
financial_only,test,6,6,28,754.1701880492858,0.07068908270412544,-0.5034375813678016,0.15040806049566763,1.0,NatPath_K3,financial_only,Маркетплейсы
financial_only,test,12,6,28,1769.7820754278273,-2.6234806848220247,-14.090778907554794,0.35295679103096705,1.0,NatPath_K3,financial_only,Маркетплейсы
financial_only,test,1,6,28,82.43677832773521,0.9242504221635838,-0.7836642417129116,0.19973721132798056,1.0,NatPath_K3,financial_only,Общественное питание
financial_only,test,3,6,28,110.34962870681883,0.8463342141156348,-0.18439146077763957,0.26736764289055875,1.0,NatPath_K3,financial_only,Общественное питание
financial_only,test,6,6,28,112.92053168681653,0.8028497723187527,-0.1865553958009014,0.273596719308102,1.0,NatPath_K3,financial_only,Общественное питание
financial_only,test,12,6,28,84.2740825471424,0.8854090538441035,-0.10366081231804447,0.20418884115376737,1.0,NatPath_K3,financial_only,Общественное питание
financial_only,test,1,6,28,734.6880877218489,0.5823716161903849,0.4626126669374373,0.06204028637568736,1.0,NatPath_K3,financial_only,Продовольствие
financial_only,test,3,6,28,1097.2328311114288,0.1281212845078803,0.32049797236574606,0.09265515556954475,1.0,NatPath_K3,financial_only,Продовольствие
financial_only,test,6,6,28,1260.6080348403073,-0.404074228063076,-0.036929112244000084,0.10645127476001036,1.0,NatPath_K3,financial_only,Продовольствие
financial_only,test,12,6,28,758.0526529947916,0.4004323142700247,-0.22807603653511688,0.06401329280494854,1.0,NatPath_K3,financial_only,Продовольствие
financial_only,test,1,6,28,109.66473456260012,0.8750309139965718,0.157997664353014,0.09062889120561975,1.0,NatPath_K3,financial_only,Транспорт
financial_only,test,3,6,28,146.36562230329673,0.7654983994534115,0.1614194358182215,0.12095915895730593,1.0,NatPath_K3,financial_only,Транспорт
financial_only,test,6,6,28,192.43265545636316,0.6247732639612571,-0.45525119902582034,0.15902977621131215,1.0,NatPath_K3,financial_only,Транспорт
financial_only,test,12,6,28,123.87776547386532,0.8305701618259083,-0.0994297214422295,0.10237479327064385,1.0,NatPath_K3,financial_only,Транспорт
local_news,test,1,6,28,1463.347775579686,0.7917174160509344,0.3030262571278991,0.05934402764823785,1.0,NatPath_K3,local_news,Все категории
local_news,test,3,6,28,2069.479203265301,0.5511332687651517,0.06756364041301166,0.08392484213629886,1.0,NatPath_K3,local_news,Все категории
local_news,test,6,6,28,2829.1392215023016,0.08757235266703622,-0.6723060178568812,0.11473179443966304,1.0,NatPath_K3,local_news,Все категории
local_news,test,12,6,28,1392.0157877604167,0.7924001484023004,-0.4896428933227883,0.05645125839133746,1.0,NatPath_K3,local_news,Все категории
local_news,test,1,6,28,124.21758094549833,0.5680105004314043,-0.6849747282441598,0.11820730250503403,1.0,NatPath_K3,local_news,Здоровье
local_news,test,3,6,28,206.051804004497,-0.24786366726653153,-0.9337524668689623,0.1960819695752597,1.0,NatPath_K3,local_news,Здоровье
local_news,test,6,6,28,311.2675781306389,-1.7837990061995588,-3.412125565911195,0.2962068693339111,1.0,NatPath_K3,local_news,Здоровье
local_news,test,12,6,28,119.4293950398763,0.5565092137284748,-0.20522250593391478,0.113650793390237,1.0,NatPath_K3,local_news,Здоровье
local_news,test,1,6,28,412.50132799251134,0.7017756876478232,-0.06321847377964374,0.0822672729290995,1.0,NatPath_K3,local_news,Маркетплейсы
local_news,test,3,6,28,593.3586101539256,0.3819521453423901,-0.22266831136224696,0.11833657594249086,1.0,NatPath_K3,local_news,Маркетплейсы
local_news,test,6,6,28,851.1697247829898,-0.14874351356826043,-0.8584352529468371,0.16975317970122983,1.0,NatPath_K3,local_news,Маркетплейсы
local_news,test,12,6,28,1769.7820754278273,-2.6234806848220247,-14.090778907554794,0.35295679103096705,1.0,NatPath_K3,local_news,Маркетплейсы
local_news,test,1,6,28,83.17124552719729,0.923080956329738,-0.8112014828344458,0.2015167620723001,1.0,NatPath_K3,local_news,Общественное питание
local_news,test,3,6,28,113.89235684913044,0.8373069210707975,-0.2539700513188574,0.2759513679462043,1.0,NatPath_K3,local_news,Общественное питание
local_news,test,6,6,28,105.77154907998026,0.8460147325554468,0.07323439536885368,0.2562753503913681,1.0,NatPath_K3,local_news,Общественное питание
local_news,test,12,6,28,84.2740825471424,0.8854090538441035,-0.10366081231804447,0.20418884115376737,1.0,NatPath_K3,local_news,Общественное питание
local_news,test,1,6,28,1004.8289772562986,0.21356280195086064,-0.01195561620036445,0.08485216862692829,1.0,NatPath_K3,local_news,Продовольствие
local_news,test,3,6,28,1156.568989808251,0.040421668736870475,0.2521489397763793,0.09766576121227268,1.0,NatPath_K3,local_news,Продовольствие
local_news,test,6,6,28,1131.4915218621306,-0.3034535935175178,0.037380680762233,0.09554810976405231,1.0,NatPath_K3,local_news,Продовольствие
local_news,test,12,6,28,758.0526529947916,0.4004323142700247,-0.22807603653511688,0.06401329280494854,1.0,NatPath_K3,local_news,Продовольствие
local_news,test,1,6,28,125.83110744480189,0.836447851320812,-0.1019628581118186,0.10398906988999158,1.0,NatPath_K3,local_news,Транспорт
local_news,test,3,6,28,153.82569262103036,0.7404137645510762,0.07171647754559751,0.12712429402929404,1.0,NatPath_K3,local_news,Транспорт
local_news,test,6,6,28,142.9956846759872,0.7691893472929104,0.10484129503702755,0.1181741824394371,1.0,NatPath_K3,local_news,Транспорт
local_news,test,12,6,28,123.87776547386532,0.8305701618259083,-0.0994297214422295,0.10237479327064385,1.0,NatPath_K3,local_news,Транспорт
local_policy,test,1,6,28,1412.0380399081985,0.7957409226028017,0.3164900732941668,0.05726323289587194,1.0,NatPath_K3,local_policy,Все категории
local_policy,test,3,6,28,2069.479203265301,0.5511332687651517,0.06756364041301166,0.08392484213629886,1.0,NatPath_K3,local_policy,Все категории
local_policy,test,6,6,28,2829.1392215023016,0.08757235266703622,-0.6723060178568812,0.11473179443966304,1.0,NatPath_K3,local_policy,Все категории
local_policy,test,12,6,28,1392.0157877604167,0.7924001484023004,-0.4896428933227883,0.05645125839133746,1.0,NatPath_K3,local_policy,Все категории
local_policy,test,1,6,28,125.06382646212766,0.5648247464398299,-0.6974007593665976,0.11901260235885765,1.0,NatPath_K3,local_policy,Здоровье
local_policy,test,3,6,28,206.051804004497,-0.24786366726653153,-0.9337524668689623,0.1960819695752597,1.0,NatPath_K3,local_policy,Здоровье
local_policy,test,6,6,28,311.2675781306389,-1.7837990061995588,-3.412125565911195,0.2962068693339111,1.0,NatPath_K3,local_policy,Здоровье
local_policy,test,12,6,28,119.4293950398763,0.5565092137284748,-0.20522250593391478,0.113650793390237,1.0,NatPath_K3,local_policy,Здоровье
local_policy,test,1,6,28,410.3384795841628,0.7057166920133325,-0.04916814832627292,0.081835924886707,1.0,NatPath_K3,local_policy,Маркетплейсы
local_policy,test,3,6,28,593.3586101539256,0.3819521453423901,-0.22266831136224696,0.11833657594249086,1.0,NatPath_K3,local_policy,Маркетплейсы
local_policy,test,6,6,28,851.1697247829898,-0.14874351356826043,-0.8584352529468371,0.16975317970122983,1.0,NatPath_K3,local_policy,Маркетплейсы
local_policy,test,12,6,28,1769.7820754278273,-2.6234806848220247,-14.090778907554794,0.35295679103096705,1.0,NatPath_K3,local_policy,Маркетплейсы
local_policy,test,1,6,28,83.33077714379223,0.9229067090892751,-0.8153044571467511,0.20190329343443847,1.0,NatPath_K3,local_policy,Общественное питание
local_policy,test,3,6,28,113.89235684913044,0.8373069210707975,-0.2539700513188574,0.2759513679462043,1.0,NatPath_K3,local_policy,Общественное питание
local_policy,test,6,6,28,105.77154907998026,0.8460147325554468,0.07323439536885368,0.2562753503913681,1.0,NatPath_K3,local_policy,Общественное питание
local_policy,test,12,6,28,84.2740825471424,0.8854090538441035,-0.10366081231804447,0.20418884115376737,1.0,NatPath_K3,local_policy,Общественное питание
local_policy,test,1,6,28,1075.7610035518328,0.0681256214882564,-0.19909830469293288,0.09084198021925781,1.0,NatPath_K3,local_policy,Продовольствие
local_policy,test,3,6,28,1156.568989808251,0.040421668736870475,0.2521489397763793,0.09766576121227268,1.0,NatPath_K3,local_policy,Продовольствие
local_policy,test,6,6,28,1131.4915218621306,-0.3034535935175178,0.037380680762233,0.09554810976405231,1.0,NatPath_K3,local_policy,Продовольствие
local_policy,test,12,6,28,758.0526529947916,0.4004323142700247,-0.22807603653511688,0.06401329280494854,1.0,NatPath_K3,local_policy,Продовольствие
local_policy,test,1,6,28,129.14049759329808,0.8264151180042066,-0.1695602548413857,0.10672400889222665,1.0,NatPath_K3,local_policy,Транспорт
local_policy,test,3,6,28,153.82569262103036,0.7404137645510762,0.07171647754559751,0.12712429402929404,1.0,NatPath_K3,local_policy,Транспорт
local_policy,test,6,6,28,142.9956846759872,0.7691893472929104,0.10484129503702755,0.1181741824394371,1.0,NatPath_K3,local_policy,Транспорт
local_policy,test,12,6,28,123.87776547386532,0.8305701618259083,-0.0994297214422295,0.10237479327064385,1.0,NatPath_K3,local_policy,Транспорт
local_news_coverage,test,1,6,28,1373.2951029936178,0.8087607628280957,0.36005822287905487,0.05569206713623424,1.0,NatPath_K3,local_news_coverage,Все категории
local_news_coverage,test,3,6,28,1806.7120787480121,0.6550397714987932,0.283409891436862,0.07326868796527501,1.0,NatPath_K3,local_news_coverage,Все категории
local_news_coverage,test,6,6,28,1949.664816971088,0.5139867927956188,0.10923039920861144,0.07906593684286391,1.0,NatPath_K3,local_news_coverage,Все категории
local_news_coverage,test,12,6,28,1392.0157877604167,0.7924001484023004,-0.4896428933227883,0.05645125839133746,1.0,NatPath_K3,local_news_coverage,Все категории
local_news_coverage,test,1,6,28,130.80962711000288,0.5295732649314326,-0.834899137299703,0.12448039194344962,1.0,NatPath_K3,local_news_coverage,Здоровье
local_news_coverage,test,3,6,28,210.9416508552315,-0.29733670273871415,-1.0104183774947546,0.2007352207615122,1.0,NatPath_K3,local_news_coverage,Здоровье
local_news_coverage,test,6,6,28,300.20699289109626,-1.4492061585978075,-2.8818194433114486,0.28568145147162816,1.0,NatPath_K3,local_news_coverage,Здоровье
local_news_coverage,test,12,6,28,119.4293950398763,0.5565092137284748,-0.20522250593391478,0.113650793390237,1.0,NatPath_K3,local_news_coverage,Здоровье
local_news_coverage,test,1,6,28,423.06962096127756,0.6897170168106446,-0.10620960854727346,0.0843749622456099,1.0,NatPath_K3,local_news_coverage,Маркетплейсы
local_news_coverage,test,3,6,28,616.4594408091989,0.3690472881895145,-0.24819766120881925,0.12294369405688581,1.0,NatPath_K3,local_news_coverage,Маркетплейсы
local_news_coverage,test,6,6,28,735.4448796890474,0.13963457414189473,-0.39189768555442606,0.14667357541885537,1.0,NatPath_K3,local_news_coverage,Маркетплейсы
local_news_coverage,test,12,6,28,1769.7820754278273,-2.6234806848220247,-14.090778907554794,0.35295679103096705,1.0,NatPath_K3,local_news_coverage,Маркетплейсы
local_news_coverage,test,1,6,28,84.12651062967817,0.9202443391624991,-0.8779948928196348,0.203831287112203,1.0,NatPath_K3,local_news_coverage,Общественное питание
local_news_coverage,test,3,6,28,111.44484543392939,0.8423115215866441,-0.2153966884752081,0.27002125865903454,1.0,NatPath_K3,local_news_coverage,Общественное питание
local_news_coverage,test,6,6,28,109.04369289620098,0.826270582211501,-0.045596449523655824,0.2642034729378085,1.0,NatPath_K3,local_news_coverage,Общественное питание
local_news_coverage,test,12,6,28,84.2740825471424,0.8854090538441035,-0.10366081231804447,0.20418884115376737,1.0,NatPath_K3,local_news_coverage,Общественное питание
local_news_coverage,test,1,6,28,723.3954888002194,0.605718236960012,0.492654155394152,0.06108668976410202,1.0,NatPath_K3,local_news_coverage,Продовольствие
local_news_coverage,test,3,6,28,1116.5974134129879,0.10050774825967157,0.29897725676917486,0.09429038588239709,1.0,NatPath_K3,local_news_coverage,Продовольствие
local_news_coverage,test,6,6,28,1259.6049073859558,-0.2665769530587996,0.06461461276463842,0.10636656627544482,1.0,NatPath_K3,local_news_coverage,Продовольствие
local_news_coverage,test,12,6,28,758.0526529947916,0.4004323142700247,-0.22807603653511688,0.06401329280494854,1.0,NatPath_K3,local_news_coverage,Продовольствие
local_news_coverage,test,1,6,28,109.85771199267968,0.8744028746841588,0.15376613330128286,0.09078837119328922,1.0,NatPath_K3,local_news_coverage,Транспорт
local_news_coverage,test,3,6,28,152.63137291982525,0.7463397903915303,0.09290801773577417,0.1261372869417653,1.0,NatPath_K3,local_news_coverage,Транспорт
local_news_coverage,test,6,6,28,167.43430337855318,0.6948768850435594,-0.18336657877440365,0.13837069250663808,1.0,NatPath_K3,local_news_coverage,Транспорт
local_news_coverage,test,12,6,28,123.87776547386532,0.8305701618259083,-0.0994297214422295,0.10237479327064385,1.0,NatPath_K3,local_news_coverage,Транспорт
local_policy_coverage,test,1,6,28,1371.6585234270276,0.8080747275003223,0.35776255033133153,0.05562569793496231,1.0,NatPath_K3,local_policy_coverage,Все категории
local_policy_coverage,test,3,6,28,1806.7120787480121,0.6550397714987932,0.283409891436862,0.07326868796527501,1.0,NatPath_K3,local_policy_coverage,Все категории
local_policy_coverage,test,6,6,28,1949.664816971088,0.5139867927956188,0.10923039920861144,0.07906593684286391,1.0,NatPath_K3,local_policy_coverage,Все категории
local_policy_coverage,test,12,6,28,1392.0157877604167,0.7924001484023004,-0.4896428933227883,0.05645125839133746,1.0,NatPath_K3,local_policy_coverage,Все категории
local_policy_coverage,test,1,6,28,131.04526439817255,0.5282326174263112,-0.8401283319163988,0.12470462790096967,1.0,NatPath_K3,local_policy_coverage,Здоровье
local_policy_coverage,test,3,6,28,210.9416508552315,-0.29733670273871415,-1.0104183774947546,0.2007352207615122,1.0,NatPath_K3,local_policy_coverage,Здоровье
local_policy_coverage,test,6,6,28,300.20699289109626,-1.4492061585978075,-2.8818194433114486,0.28568145147162816,1.0,NatPath_K3,local_policy_coverage,Здоровье
local_policy_coverage,test,12,6,28,119.4293950398763,0.5565092137284748,-0.20522250593391478,0.113650793390237,1.0,NatPath_K3,local_policy_coverage,Здоровье
local_policy_coverage,test,1,6,28,423.62372274072254,0.6895059860438932,-0.10696196776298006,0.08448546962880293,1.0,NatPath_K3,local_policy_coverage,Маркетплейсы
local_policy_coverage,test,3,6,28,616.4594408091989,0.3690472881895145,-0.24819766120881925,0.12294369405688581,1.0,NatPath_K3,local_policy_coverage,Маркетплейсы
local_policy_coverage,test,6,6,28,735.4448796890474,0.13963457414189473,-0.39189768555442606,0.14667357541885537,1.0,NatPath_K3,local_policy_coverage,Маркетплейсы
local_policy_coverage,test,12,6,28,1769.7820754278273,-2.6234806848220247,-14.090778907554794,0.35295679103096705,1.0,NatPath_K3,local_policy_coverage,Маркетплейсы
local_policy_coverage,test,1,6,28,84.18186787036805,0.9201521769726703,-0.8801650224379256,0.20396541293694415,1.0,NatPath_K3,local_policy_coverage,Общественное питание
local_policy_coverage,test,3,6,28,111.44484543392939,0.8423115215866441,-0.2153966884752081,0.27002125865903454,1.0,NatPath_K3,local_policy_coverage,Общественное питание
local_policy_coverage,test,6,6,28,109.04369289620098,0.826270582211501,-0.045596449523655824,0.2642034729378085,1.0,NatPath_K3,local_policy_coverage,Общественное питание
local_policy_coverage,test,12,6,28,84.2740825471424,0.8854090538441035,-0.10366081231804447,0.20418884115376737,1.0,NatPath_K3,local_policy_coverage,Общественное питание
local_policy_coverage,test,1,6,28,725.1887973333711,0.602729204771016,0.4888079895233597,0.06123812460674618,1.0,NatPath_K3,local_policy_coverage,Продовольствие
local_policy_coverage,test,3,6,28,1116.5974134129879,0.10050774825967157,0.29897725676917486,0.09429038588239709,1.0,NatPath_K3,local_policy_coverage,Продовольствие
local_policy_coverage,test,6,6,28,1259.6049073859558,-0.2665769530587996,0.06461461276463842,0.10636656627544482,1.0,NatPath_K3,local_policy_coverage,Продовольствие
local_policy_coverage,test,12,6,28,758.0526529947916,0.4004323142700247,-0.22807603653511688,0.06401329280494854,1.0,NatPath_K3,local_policy_coverage,Продовольствие
local_policy_coverage,test,1,6,28,109.96320004505755,0.8741262602276216,0.15190239222797797,0.09087554839989605,1.0,NatPath_K3,local_policy_coverage,Транспорт
local_policy_coverage,test,3,6,28,152.63137291982525,0.7463397903915303,0.09290801773577417,0.1261372869417653,1.0,NatPath_K3,local_policy_coverage,Транспорт
local_policy_coverage,test,6,6,28,167.43430337855318,0.6948768850435594,-0.18336657877440365,0.13837069250663808,1.0,NatPath_K3,local_policy_coverage,Транспорт
local_policy_coverage,test,12,6,28,123.87776547386532,0.8305701618259083,-0.0994297214422295,0.10237479327064385,1.0,NatPath_K3,local_policy_coverage,Транспорт
transferred_news,test,1,6,28,1474.1309284482882,0.7803362731262188,0.2649416624776756,0.05978132337017654,1.0,NatPath_K3,transferred_news,Все категории
transferred_news,test,3,6,28,1880.503933408473,0.6301235051894214,0.23165102619840627,0.07626121369037164,1.0,NatPath_K3,transferred_news,Все категории
transferred_news,test,6,6,28,2831.3981734394247,0.06836091277257617,-0.7075169265148007,0.11482340308420386,1.0,NatPath_K3,transferred_news,Все категории
transferred_news,test,12,6,28,1392.0157877604167,0.7924001484023004,-0.4896428933227883,0.05645125839133746,1.0,NatPath_K3,transferred_news,Все категории
transferred_news,test,1,6,28,130.47177467711364,0.5339214998736422,-0.8179388500764995,0.1241588865298631,1.0,NatPath_K3,transferred_news,Здоровье
transferred_news,test,3,6,28,211.74679348719786,-0.29965460470877403,-1.0140103152762125,0.20150140649731643,1.0,NatPath_K3,transferred_news,Здоровье
transferred_news,test,6,6,28,319.13265564686344,-1.8447999723866566,-3.5088078054909895,0.3036913943915502,1.0,NatPath_K3,transferred_news,Здоровье
transferred_news,test,12,6,28,119.4293950398763,0.5565092137284748,-0.20522250593391478,0.113650793390237,1.0,NatPath_K3,transferred_news,Здоровье
transferred_news,test,1,6,28,422.4800630324457,0.6906477076364543,-0.10289154345870455,0.08425738365919719,1.0,NatPath_K3,transferred_news,Маркетплейсы
transferred_news,test,3,6,28,590.412915342901,0.4245964639877009,-0.1383061431671313,0.11774910079383195,1.0,NatPath_K3,transferred_news,Маркетплейсы
transferred_news,test,6,6,28,791.7575354327158,-0.00399212698118756,-0.624256712159484,0.15790429955245355,1.0,NatPath_K3,transferred_news,Маркетплейсы
transferred_news,test,12,6,28,1769.7820754278273,-2.6234806848220247,-14.090778907554794,0.35295679103096705,1.0,NatPath_K3,transferred_news,Маркетплейсы
transferred_news,test,1,6,28,84.58612363493765,0.9190332630610538,-0.9065119248327507,0.20494488982476458,1.0,NatPath_K3,transferred_news,Общественное питание
transferred_news,test,3,6,28,112.59145653220908,0.8385920369249168,-0.24406491703688848,0.27279939856083424,1.0,NatPath_K3,transferred_news,Общественное питание
transferred_news,test,6,6,28,107.2390594001248,0.8313543440214681,-0.014999655000365486,0.2598310014598195,1.0,NatPath_K3,transferred_news,Общественное питание
transferred_news,test,12,6,28,84.2740825471424,0.8854090538441035,-0.10366081231804447,0.20418884115376737,1.0,NatPath_K3,transferred_news,Общественное питание
transferred_news,test,1,6,28,717.9118644399829,0.5950868168432062,0.4789740734727028,0.060623628457717293,1.0,NatPath_K3,transferred_news,Продовольствие
transferred_news,test,3,6,28,1158.3314065713964,0.0714814471908739,0.27635549748028376,0.09781458741828604,1.0,NatPath_K3,transferred_news,Продовольствие
transferred_news,test,6,6,28,1204.282832433694,-0.37409476569147704,-0.014788845952367735,0.10169492748029536,1.0,NatPath_K3,transferred_news,Продовольствие
transferred_news,test,12,6,28,758.0526529947916,0.4004323142700247,-0.22807603653511688,0.06401329280494854,1.0,NatPath_K3,transferred_news,Продовольствие
transferred_news,test,1,6,28,105.79256611858133,0.8815508586939826,0.20192699791122248,0.0874288621895235,1.0,NatPath_K3,transferred_news,Транспорт
transferred_news,test,3,6,28,150.08325978071466,0.7559346672168592,0.12721941349036503,0.1240314808283858,1.0,NatPath_K3,transferred_news,Транспорт
transferred_news,test,6,6,28,131.2714912382258,0.8043040911373593,0.24102768096087746,0.10848510002126026,1.0,NatPath_K3,transferred_news,Транспорт
transferred_news,test,12,6,28,123.87776547386532,0.8305701618259083,-0.0994297214422295,0.10237479327064385,1.0,NatPath_K3,transferred_news,Транспорт
original,test,1,6,28,1062.6192103794642,0.880113117376476,0.5988238300144224,0.043093039708436476,1.0,NatPath_K1,original,Все категории
original,test,3,6,28,1917.579078311012,0.636724964867897,0.24536431925896396,0.07776474447155395,1.0,NatPath_K1,original,Все категории
original,test,6,6,28,2405.6414504278273,0.44248361479623555,-0.021821301398861515,0.09755743311898862,1.0,NatPath_K1,original,Все категории
original,test,12,6,28,1440.267566499256,0.7926382992511983,-0.4879340302534305,0.05840804196619205,1.0,NatPath_K1,original,Все категории
original,test,1,6,28,110.78770156133743,0.5987635828286628,-0.5650223527657305,0.10542722900105747,1.0,NatPath_K1,original,Здоровье
original,test,3,6,28,192.92369515555245,-0.07828174597108561,-0.6709597698431868,0.18358906541294884,1.0,NatPath_K1,original,Здоровье
original,test,6,6,28,258.82081131708054,-0.6981784957370931,-1.691493437506146,0.24629774388683448,1.0,NatPath_K1,original,Здоровье
original,test,12,6,28,119.11326199486142,0.5412743484846452,-0.246624499019499,0.11334995647005652,1.0,NatPath_K1,original,Здоровье
original,test,1,6,28,357.1826825823103,0.7667579083771132,0.16845377655324678,0.07123478941643621,1.0,NatPath_K1,original,Маркетплейсы
original,test,3,6,28,577.694825671968,0.4336048121102253,-0.1204851577788204,0.11521266640418461,1.0,NatPath_K1,original,Маркетплейсы
original,test,6,6,28,638.43115960984,0.29346751036318686,-0.14302702960622726,0.12732562755535587,1.0,NatPath_K1,original,Маркетплейсы
original,test,12,6,28,1511.0349854968842,-1.7834350196589561,-10.592224752615694,0.3013535208777481,1.0,NatPath_K1,original,Маркетплейсы
original,test,1,6,28,62.2095517658052,0.9488232380694186,-0.2050517358573225,0.15072838409898287,1.0,NatPath_K1,original,Общественное питание
original,test,3,6,28,114.51109236762638,0.8466578871425023,-0.18189672477053342,0.27745051079871397,1.0,NatPath_K1,original,Общественное питание
original,test,6,6,28,111.88801470256988,0.8125703383700074,-0.1280518361854206,0.27109501961452215,1.0,NatPath_K1,original,Общественное питание
original,test,12,6,28,68.25932143983387,0.9121852050787629,0.15422857435471227,0.16538645478514075,1.0,NatPath_K1,original,Общественное питание
original,test,1,6,28,517.2460210890997,0.785325788375553,0.72376589682477,0.04367852400405572,1.0,NatPath_K1,original,Продовольствие
original,test,3,6,28,992.4600655691964,0.2778455387608618,0.4371861453228104,0.08380768344192563,1.0,NatPath_K1,original,Продовольствие
original,test,6,6,28,1427.582728794643,-0.45086705608499256,-0.07148629209273705,0.12055135070181831,1.0,NatPath_K1,original,Продовольствие
original,test,12,6,28,694.1973876953125,0.4750109247616644,-0.0753189641265859,0.05862107396816371,1.0,NatPath_K1,original,Продовольствие
original,test,1,6,28,103.07572537376767,0.8755967098626372,0.1618098186702296,0.08518361657554575,1.0,NatPath_K1,original,Транспорт
original,test,3,6,28,151.2891108194987,0.7628034709224729,0.15178233874666014,0.1250280176188137,1.0,NatPath_K1,original,Транспорт
original,test,6,6,28,161.35494922456286,0.709067125499292,-0.12833221566991115,0.13334660588097894,1.0,NatPath_K1,original,Транспорт
original,test,12,6,28,113.35949380057198,0.8427468085054368,-0.02041549696295708,0.09368230609186073,1.0,NatPath_K1,original,Транспорт
financial_only,test,1,6,28,1120.4858848340518,0.8689145625615781,0.561350227968048,0.04543974196613067,1.0,NatPath_K1,financial_only,Все категории
financial_only,test,3,6,28,1944.079638001405,0.6229434838569127,0.21673587992631915,0.07883943770115036,1.0,NatPath_K1,financial_only,Все категории
financial_only,test,6,6,28,2704.1785047368776,0.16634746448636584,-0.527926248197468,0.10966418689317031,1.0,NatPath_K1,financial_only,Все категории
financial_only,test,12,6,28,1440.267566499256,0.7926382992511983,-0.4879340302534305,0.05840804196619205,1.0,NatPath_K1,financial_only,Все категории
financial_only,test,1,6,28,102.55067090322973,0.6608781064148354,-0.3227446987853766,0.09758874778660373,1.0,NatPath_K1,financial_only,Здоровье
financial_only,test,3,6,28,198.37220596072962,-0.1673509010500549,-0.8089858241902783,0.18877394954969684,1.0,NatPath_K1,financial_only,Здоровье
financial_only,test,6,6,28,342.2293173153921,-2.2702805489578135,-4.1831645839464455,0.32567052207965175,1.0,NatPath_K1,financial_only,Здоровье
financial_only,test,12,6,28,119.11326199486142,0.5412743484846452,-0.246624499019499,0.11334995647005652,1.0,NatPath_K1,financial_only,Здоровье
financial_only,test,1,6,28,350.32206345835704,0.7776049140134014,0.2071251266076124,0.06986654066756648,1.0,NatPath_K1,financial_only,Маркетплейсы
financial_only,test,3,6,28,628.7146663421602,0.33283102149263755,-0.3198433781422534,0.12538781705797855,1.0,NatPath_K1,financial_only,Маркетплейсы
financial_only,test,6,6,28,898.2519729382425,-0.3130556981062331,-1.124259218546909,0.17914303591806627,1.0,NatPath_K1,financial_only,Маркетплейсы
financial_only,test,12,6,28,1511.0349854968842,-1.7834350196589561,-10.592224752615694,0.3013535208777481,1.0,NatPath_K1,financial_only,Маркетплейсы
financial_only,test,1,6,28,62.46641976484848,0.9492918824874776,-0.1940166342178724,0.15135075312951837,1.0,NatPath_K1,financial_only,Общественное питание
financial_only,test,3,6,28,112.74618824874003,0.8489483781863847,-0.16424257997994607,0.27317430017866573,1.0,NatPath_K1,financial_only,Общественное питание
financial_only,test,6,6,28,106.5561929574398,0.8285476720992205,-0.03189170606596248,0.25817647490337026,1.0,NatPath_K1,financial_only,Общественное питание
financial_only,test,12,6,28,68.25932143983387,0.9121852050787629,0.15422857435471227,0.16538645478514075,1.0,NatPath_K1,financial_only,Общественное питание
financial_only,test,1,6,28,561.6446099215443,0.7444024308614647,0.671107373584915,0.04742773569249146,1.0,NatPath_K1,financial_only,Продовольствие
financial_only,test,3,6,28,1004.075149396397,0.23493414838600268,0.40374298832147937,0.08478851209419304,1.0,NatPath_K1,financial_only,Продовольствие
financial_only,test,6,6,28,1175.8977548968505,-0.26691415490603787,0.06436558432645823,0.09929796696247548,1.0,NatPath_K1,financial_only,Продовольствие
financial_only,test,12,6,28,694.1973876953125,0.4750109247616644,-0.0753189641265859,0.05862107396816371,1.0,NatPath_K1,financial_only,Продовольствие
financial_only,test,1,6,28,104.2281851594927,0.8744921082200565,0.15436736075718238,0.08613602988284924,1.0,NatPath_K1,financial_only,Транспорт
financial_only,test,3,6,28,149.94416441143164,0.7645664997807838,0.15808695130037032,0.12391652993610273,1.0,NatPath_K1,financial_only,Транспорт
financial_only,test,6,6,28,150.73652620799945,0.7468602951846353,0.018241975924749743,0.12457135184711224,1.0,NatPath_K1,financial_only,Транспорт
financial_only,test,12,6,28,113.35949380057198,0.8427468085054368,-0.02041549696295708,0.09368230609186073,1.0,NatPath_K1,financial_only,Транспорт
local_news,test,1,6,28,1323.8976697037342,0.808666448307582,0.3597426192259636,0.053688823139265984,1.0,NatPath_K1,local_news,Все категории
local_news,test,3,6,28,2125.842880211457,0.5362834305810558,0.03671588963686934,0.08621059242674096,1.0,NatPath_K1,local_news,Все категории
local_news,test,6,6,28,2918.1250175123027,0.05605194297578642,-0.7300769227237696,0.11834048926043184,1.0,NatPath_K1,local_news,Все категории
local_news,test,12,6,28,1440.267566499256,0.7926382992511983,-0.4879340302534305,0.05840804196619205,1.0,NatPath_K1,local_news,Все категории
local_news,test,1,6,28,103.1189189885087,0.6590236523743431,-0.3299779954188371,0.09812950113893272,1.0,NatPath_K1,local_news,Здоровье
local_news,test,3,6,28,195.99961786631707,-0.14342076724536623,-0.7719024820823321,0.18651615933625576,1.0,NatPath_K1,local_news,Здоровье
local_news,test,6,6,28,357.848477276456,-2.481941933579166,-4.518632986774479,0.3405339476297119,1.0,NatPath_K1,local_news,Здоровье
local_news,test,12,6,28,119.11326199486142,0.5412743484846452,-0.246624499019499,0.11334995647005652,1.0,NatPath_K1,local_news,Здоровье
local_news,test,1,6,28,340.03621985029866,0.7861989185913669,0.2377641592168973,0.06781518168763725,1.0,NatPath_K1,local_news,Маркетплейсы
local_news,test,3,6,28,599.5804138291473,0.3702929095468238,-0.245733480239561,0.11957742242303851,1.0,NatPath_K1,local_news,Маркетплейсы
local_news,test,6,6,28,948.7800697812653,-0.42539233027738543,-1.30599722616856,0.189220115557549,1.0,NatPath_K1,local_news,Маркетплейсы
local_news,test,12,6,28,1511.0349854968842,-1.7834350196589561,-10.592224752615694,0.3013535208777481,1.0,NatPath_K1,local_news,Маркетплейсы
local_news,test,1,6,28,63.53679779281273,0.9469805286744363,-0.24844174474682834,0.15394418687000688,1.0,NatPath_K1,local_news,Общественное питание
local_news,test,3,6,28,115.8951327825811,0.840106831602194,-0.2323895146675632,0.2808039214784624,1.0,NatPath_K1,local_news,Общественное питание
local_news,test,6,6,28,101.29741583694928,0.8591146741093083,0.1520768421579186,0.24543491102436588,1.0,NatPath_K1,local_news,Общественное питание
local_news,test,12,6,28,68.25932143983387,0.9121852050787629,0.15422857435471227,0.16538645478514075,1.0,NatPath_K1,local_news,Общественное питание
local_news,test,1,6,28,559.3873864566102,0.739366781388992,0.6646277032723635,0.04723712583707285,1.0,NatPath_K1,local_news,Продовольствие
local_news,test,3,6,28,1024.2104020885895,0.20549445311980497,0.38079904867613,0.08648882119699067,1.0,NatPath_K1,local_news,Продовольствие
local_news,test,6,6,28,1305.4893869725736,-0.7038037223596698,-0.258283676142703,0.11024125310013563,1.0,NatPath_K1,local_news,Продовольствие
local_news,test,12,6,28,694.1973876953125,0.4750109247616644,-0.0753189641265859,0.05862107396816371,1.0,NatPath_K1,local_news,Продовольствие
local_news,test,1,6,28,101.84315933219274,0.8785474156219302,0.18169074459028922,0.08416500203066787,1.0,NatPath_K1,local_news,Транспорт
local_news,test,3,6,28,157.1887023331096,0.7420095348892384,0.07742297160517542,0.1299035451945398,1.0,NatPath_K1,local_news,Транспорт
local_news,test,6,6,28,125.2800326647231,0.8108194721438932,0.2662964454470236,0.10353365186988583,1.0,NatPath_K1,local_news,Транспорт
local_news,test,12,6,28,113.35949380057198,0.8427468085054368,-0.02041549696295708,0.09368230609186073,1.0,NatPath_K1,local_news,Транспорт
local_policy,test,1,6,28,1180.0577737398507,0.8510429630022114,0.5015466889498783,0.04785559681709599,1.0,NatPath_K1,local_policy,Все категории
local_policy,test,3,6,28,2125.842880211457,0.5362834305810558,0.03671588963686934,0.08621059242674096,1.0,NatPath_K1,local_policy,Все категории
local_policy,test,6,6,28,2918.1250175123027,0.05605194297578642,-0.7300769227237696,0.11834048926043184,1.0,NatPath_K1,local_policy,Все категории
local_policy,test,12,6,28,1440.267566499256,0.7926382992511983,-0.4879340302534305,0.05840804196619205,1.0,NatPath_K1,local_policy,Все категории
local_policy,test,1,6,28,101.8821887588723,0.6632361684869773,-0.31354707939148363,0.09695261020884859,1.0,NatPath_K1,local_policy,Здоровье
local_policy,test,3,6,28,195.99961786631707,-0.14342076724536623,-0.7719024820823321,0.18651615933625576,1.0,NatPath_K1,local_policy,Здоровье
local_policy,test,6,6,28,357.848477276456,-2.481941933579166,-4.518632986774479,0.3405339476297119,1.0,NatPath_K1,local_policy,Здоровье
local_policy,test,12,6,28,119.11326199486142,0.5412743484846452,-0.246624499019499,0.11334995647005652,1.0,NatPath_K1,local_policy,Здоровье
local_policy,test,1,6,28,342.55566192205856,0.7848176705845731,0.23283978405072936,0.06831764704830705,1.0,NatPath_K1,local_policy,Маркетплейсы
local_policy,test,3,6,28,599.5804138291473,0.3702929095468238,-0.245733480239561,0.11957742242303851,1.0,NatPath_K1,local_policy,Маркетплейсы
local_policy,test,6,6,28,948.7800697812653,-0.42539233027738543,-1.30599722616856,0.189220115557549,1.0,NatPath_K1,local_policy,Маркетплейсы
local_policy,test,12,6,28,1511.0349854968842,-1.7834350196589561,-10.592224752615694,0.3013535208777481,1.0,NatPath_K1,local_policy,Маркетплейсы
local_policy,test,1,6,28,63.05773850973446,0.9489026965437648,-0.20318073877139264,0.15278346750173627,1.0,NatPath_K1,local_policy,Общественное питание
local_policy,test,3,6,28,115.8951327825811,0.840106831602194,-0.2323895146675632,0.2808039214784624,1.0,NatPath_K1,local_policy,Общественное питание
local_policy,test,6,6,28,101.29741583694928,0.8591146741093083,0.1520768421579186,0.24543491102436588,1.0,NatPath_K1,local_policy,Общественное питание
local_policy,test,12,6,28,68.25932143983387,0.9121852050787629,0.15422857435471227,0.16538645478514075,1.0,NatPath_K1,local_policy,Общественное питание
local_policy,test,1,6,28,853.5959963025716,0.3045859037869383,0.10516923411888623,0.0720813920148944,1.0,NatPath_K1,local_policy,Продовольствие
local_policy,test,3,6,28,1024.2104020885895,0.20549445311980497,0.38079904867613,0.08648882119699067,1.0,NatPath_K1,local_policy,Продовольствие
local_policy,test,6,6,28,1305.4893869725736,-0.7038037223596698,-0.258283676142703,0.11024125310013563,1.0,NatPath_K1,local_policy,Продовольствие
local_policy,test,12,6,28,694.1973876953125,0.4750109247616644,-0.0753189641265859,0.05862107396816371,1.0,NatPath_K1,local_policy,Продовольствие
local_policy,test,1,6,28,117.09099530322064,0.8452636882628689,-0.04256452582593462,0.09676608544049087,1.0,NatPath_K1,local_policy,Транспорт
local_policy,test,3,6,28,157.1887023331096,0.7420095348892384,0.07742297160517542,0.1299035451945398,1.0,NatPath_K1,local_policy,Транспорт
local_policy,test,6,6,28,125.2800326647231,0.8108194721438932,0.2662964454470236,0.10353365186988583,1.0,NatPath_K1,local_policy,Транспорт
local_policy,test,12,6,28,113.35949380057198,0.8427468085054368,-0.02041549696295708,0.09368230609186073,1.0,NatPath_K1,local_policy,Транспорт
local_news_coverage,test,1,6,28,1093.6225837522954,0.8746498577566799,0.5805421838330858,0.04435033826543677,1.0,NatPath_K1,local_news_coverage,Все категории
local_news_coverage,test,3,6,28,1825.630367880897,0.6564969835997276,0.2864369759855504,0.07403589278978404,1.0,NatPath_K1,local_news_coverage,Все категории
local_news_coverage,test,6,6,28,2043.4112161921705,0.5373469325140714,0.1520450841245432,0.08286769128575076,1.0,NatPath_K1,local_news_coverage,Все категории
local_news_coverage,test,12,6,28,1440.267566499256,0.7926382992511983,-0.4879340302534305,0.05840804196619205,1.0,NatPath_K1,local_news_coverage,Все категории
local_news_coverage,test,1,6,28,102.96315115549682,0.6602242018339525,-0.32529525312656093,0.09798127014604721,1.0,NatPath_K1,local_news_coverage,Здоровье
local_news_coverage,test,3,6,28,198.94659171801365,-0.17504700278178587,-0.8209120915377435,0.18932054360223796,1.0,NatPath_K1,local_news_coverage,Здоровье
local_news_coverage,test,6,6,28,288.42377298778257,-1.210424405490727,-2.5033671645332007,0.2744683636865305,1.0,NatPath_K1,local_news_coverage,Здоровье
local_news_coverage,test,12,6,28,119.11326199486142,0.5412743484846452,-0.246624499019499,0.11334995647005652,1.0,NatPath_K1,local_news_coverage,Здоровье
local_news_coverage,test,1,6,28,342.34987968513735,0.7848122314299941,0.23282039257461373,0.06827660683267636,1.0,NatPath_K1,local_news_coverage,Маркетплейсы
local_news_coverage,test,3,6,28,612.7543855060553,0.36172477001091674,-0.26268361220577763,0.12220477571855103,1.0,NatPath_K1,local_news_coverage,Маркетплейсы
local_news_coverage,test,6,6,28,677.4223117746611,0.2355016885726774,-0.23680403501180813,0.1351018346589161,1.0,NatPath_K1,local_news_coverage,Маркетплейсы
local_news_coverage,test,12,6,28,1511.0349854968842,-1.7834350196589561,-10.592224752615694,0.3013535208777481,1.0,NatPath_K1,local_news_coverage,Маркетплейсы
local_news_coverage,test,1,6,28,62.952928163568146,0.9488220948253446,-0.20507865565849515,0.1525295210631897,1.0,NatPath_K1,local_news_coverage,Общественное питание
local_news_coverage,test,3,6,28,114.51190376567655,0.844068030576019,-0.20185825351506503,0.27745247674628143,1.0,NatPath_K1,local_news_coverage,Общественное питание
local_news_coverage,test,6,6,28,107.73801421240785,0.8292661660486235,-0.027567425629965392,0.26103992598120107,1.0,NatPath_K1,local_news_coverage,Общественное питание
local_news_coverage,test,12,6,28,68.25932143983387,0.9121852050787629,0.15422857435471227,0.16538645478514075,1.0,NatPath_K1,local_news_coverage,Общественное питание
local_news_coverage,test,1,6,28,559.4533372897147,0.7490510442960379,0.6770890215592609,0.0472426950148517,1.0,NatPath_K1,local_news_coverage,Продовольствие
local_news_coverage,test,3,6,28,1015.0138972363557,0.21592527963637287,0.3889283534085073,0.08571222796753303,1.0,NatPath_K1,local_news_coverage,Продовольствие
local_news_coverage,test,6,6,28,1295.2742792294225,-0.20766571170743586,0.10812141601957104,0.10937864457233339,1.0,NatPath_K1,local_news_coverage,Продовольствие
local_news_coverage,test,12,6,28,694.1973876953125,0.4750109247616644,-0.0753189641265859,0.05862107396816371,1.0,NatPath_K1,local_news_coverage,Продовольствие
local_news_coverage,test,1,6,28,104.7127409609038,0.8741529212523438,0.15208202581420893,0.08653647543341109,1.0,NatPath_K1,local_news_coverage,Транспорт
local_news_coverage,test,3,6,28,155.28761196943393,0.7485372684279568,0.10076622581311079,0.12833245023471693,1.0,NatPath_K1,local_news_coverage,Транспорт
local_news_coverage,test,6,6,28,152.2778164355482,0.7364756726897534,-0.022032964226495144,0.12584510156169404,1.0,NatPath_K1,local_news_coverage,Транспорт
local_news_coverage,test,12,6,28,113.35949380057198,0.8427468085054368,-0.02041549696295708,0.09368230609186073,1.0,NatPath_K1,local_news_coverage,Транспорт
local_policy_coverage,test,1,6,28,1108.438447835671,0.873133430956003,0.5754677813409514,0.04495117496500266,1.0,NatPath_K1,local_policy_coverage,Все категории
local_policy_coverage,test,3,6,28,1825.630367880897,0.6564969835997276,0.2864369759855504,0.07403589278978404,1.0,NatPath_K1,local_policy_coverage,Все категории
local_policy_coverage,test,6,6,28,2043.4112161921705,0.5373469325140714,0.1520450841245432,0.08286769128575076,1.0,NatPath_K1,local_policy_coverage,Все категории
local_policy_coverage,test,12,6,28,1440.267566499256,0.7926382992511983,-0.4879340302534305,0.05840804196619205,1.0,NatPath_K1,local_policy_coverage,Все категории
local_policy_coverage,test,1,6,28,102.97990822066748,0.6597216464377947,-0.3272554700830246,0.09799721641916449,1.0,NatPath_K1,local_policy_coverage,Здоровье
local_policy_coverage,test,3,6,28,198.94659171801365,-0.17504700278178587,-0.8209120915377435,0.18932054360223796,1.0,NatPath_K1,local_policy_coverage,Здоровье
local_policy_coverage,test,6,6,28,288.42377298778257,-1.210424405490727,-2.5033671645332007,0.2744683636865305,1.0,NatPath_K1,local_policy_coverage,Здоровье
local_policy_coverage,test,12,6,28,119.11326199486142,0.5412743484846452,-0.246624499019499,0.11334995647005652,1.0,NatPath_K1,local_policy_coverage,Здоровье
local_policy_coverage,test,1,6,28,346.15504252216255,0.7822011138021143,0.22351133095828546,0.06903549013415969,1.0,NatPath_K1,local_policy_coverage,Маркетплейсы
local_policy_coverage,test,3,6,28,612.7543855060553,0.36172477001091674,-0.26268361220577763,0.12220477571855103,1.0,NatPath_K1,local_policy_coverage,Маркетплейсы
local_policy_coverage,test,6,6,28,677.4223117746611,0.2355016885726774,-0.23680403501180813,0.1351018346589161,1.0,NatPath_K1,local_policy_coverage,Маркетплейсы
local_policy_coverage,test,12,6,28,1511.0349854968842,-1.7834350196589561,-10.592224752615694,0.3013535208777481,1.0,NatPath_K1,local_policy_coverage,Маркетплейсы
local_policy_coverage,test,1,6,28,62.584078342319614,0.9492881498217696,-0.19410452675192813,0.15163582972554293,1.0,NatPath_K1,local_policy_coverage,Общественное питание
local_policy_coverage,test,3,6,28,114.51190376567655,0.844068030576019,-0.20185825351506503,0.27745247674628143,1.0,NatPath_K1,local_policy_coverage,Общественное питание
local_policy_coverage,test,6,6,28,107.73801421240785,0.8292661660486235,-0.027567425629965392,0.26103992598120107,1.0,NatPath_K1,local_policy_coverage,Общественное питание
local_policy_coverage,test,12,6,28,68.25932143983387,0.9121852050787629,0.15422857435471227,0.16538645478514075,1.0,NatPath_K1,local_policy_coverage,Общественное питание
local_policy_coverage,test,1,6,28,554.0505729457595,0.7526639750086537,0.6817379948461856,0.04678646188310363,1.0,NatPath_K1,local_policy_coverage,Продовольствие
local_policy_coverage,test,3,6,28,1015.0138972363557,0.21592527963637287,0.3889283534085073,0.08571222796753303,1.0,NatPath_K1,local_policy_coverage,Продовольствие
local_policy_coverage,test,6,6,28,1295.2742792294225,-0.20766571170743586,0.10812141601957104,0.10937864457233339,1.0,NatPath_K1,local_policy_coverage,Продовольствие
local_policy_coverage,test,12,6,28,694.1973876953125,0.4750109247616644,-0.0753189641265859,0.05862107396816371,1.0,NatPath_K1,local_policy_coverage,Продовольствие
local_policy_coverage,test,1,6,28,103.64587995028545,0.8766353513176119,0.16880785761695338,0.08565480247948937,1.0,NatPath_K1,local_policy_coverage,Транспорт
local_policy_coverage,test,3,6,28,155.28761196943393,0.7485372684279568,0.10076622581311079,0.12833245023471693,1.0,NatPath_K1,local_policy_coverage,Транспорт
local_policy_coverage,test,6,6,28,152.2778164355482,0.7364756726897534,-0.022032964226495144,0.12584510156169404,1.0,NatPath_K1,local_policy_coverage,Транспорт
local_policy_coverage,test,12,6,28,113.35949380057198,0.8427468085054368,-0.02041549696295708,0.09368230609186073,1.0,NatPath_K1,local_policy_coverage,Транспорт
transferred_news,test,1,6,28,1103.067837274408,0.8704505056466569,0.5664899375901822,0.044733377345766684,1.0,NatPath_K1,transferred_news,Все категории
transferred_news,test,3,6,28,1890.8849671141163,0.6477223141820061,0.26820924771098875,0.07668220203061835,1.0,NatPath_K1,transferred_news,Все категории
transferred_news,test,6,6,28,3037.2517815355627,-0.05858459798631155,-0.9401838587395468,0.12317150899191089,1.0,NatPath_K1,transferred_news,Все категории
transferred_news,test,12,6,28,1440.267566499256,0.7926382992511983,-0.4879340302534305,0.05840804196619205,1.0,NatPath_K1,transferred_news,Все категории
transferred_news,test,1,6,28,108.94022325603763,0.6130180061259247,-0.5094229850830283,0.10366914109398513,1.0,NatPath_K1,transferred_news,Здоровье
transferred_news,test,3,6,28,200.96304486710704,-0.1954000964918301,-0.8524522719297472,0.19123943049061404,1.0,NatPath_K1,transferred_news,Здоровье
transferred_news,test,6,6,28,353.918129274692,-2.4844811960905053,-4.522657539200818,0.3367937698573045,1.0,NatPath_K1,transferred_news,Здоровье
transferred_news,test,12,6,28,119.11326199486142,0.5412743484846452,-0.246624499019499,0.11334995647005652,1.0,NatPath_K1,transferred_news,Здоровье
transferred_news,test,1,6,28,353.26808794461414,0.7712983127452258,0.18464106109933787,0.07045408156506178,1.0,NatPath_K1,transferred_news,Маркетплейсы
transferred_news,test,3,6,28,624.5364406800572,0.35407512134438346,-0.2778167171055692,0.12455453190814304,1.0,NatPath_K1,transferred_news,Маркетплейсы
transferred_news,test,6,6,28,865.3437828573776,-0.22217086247868734,-0.9772258899635275,0.17257998539854322,1.0,NatPath_K1,transferred_news,Маркетплейсы
transferred_news,test,12,6,28,1511.0349854968842,-1.7834350196589561,-10.592224752615694,0.3013535208777481,1.0,NatPath_K1,transferred_news,Маркетплейсы
transferred_news,test,1,6,28,62.43963110158358,0.948581646454858,-0.2107404583069712,0.1512858465064761,1.0,NatPath_K1,transferred_news,Общественное питание
transferred_news,test,3,6,28,114.47131582674365,0.8445623321049547,-0.19804838454162033,0.27735413566720896,1.0,NatPath_K1,transferred_news,Общественное питание
transferred_news,test,6,6,28,103.80613643368848,0.8477229806343551,0.08351554492284907,0.2515133248847625,1.0,NatPath_K1,transferred_news,Общественное питание
transferred_news,test,12,6,28,68.25932143983387,0.9121852050787629,0.15422857435471227,0.16538645478514075,1.0,NatPath_K1,transferred_news,Общественное питание
transferred_news,test,1,6,28,519.4578313385084,0.781713590579991,0.7191178666259019,0.043865298968255154,1.0,NatPath_K1,transferred_news,Продовольствие
transferred_news,test,3,6,28,1012.5976208480273,0.2103898333192492,0.3846142820479935,0.08550818698524415,1.0,NatPath_K1,transferred_news,Продовольствие
transferred_news,test,6,6,28,1386.208764677997,-0.8229543941418171,-0.34627816948567736,0.11705755159823746,1.0,NatPath_K1,transferred_news,Продовольствие
transferred_news,test,12,6,28,694.1973876953125,0.4750109247616644,-0.0753189641265859,0.05862107396816371,1.0,NatPath_K1,transferred_news,Продовольствие
transferred_news,test,1,6,28,102.65866629915647,0.876501388145438,0.1679052559618689,0.08483895152301074,1.0,NatPath_K1,transferred_news,Транспорт
transferred_news,test,3,6,28,155.63643729085123,0.7447309915987794,0.08715493376476757,0.128620725697477,1.0,NatPath_K1,transferred_news,Транспорт
transferred_news,test,6,6,28,124.34258857567238,0.8214496426604467,0.3075237006084637,0.10275893136655546,1.0,NatPath_K1,transferred_news,Транспорт
transferred_news,test,12,6,28,113.35949380057198,0.8427468085054368,-0.02041549696295708,0.09368230609186073,1.0,NatPath_K1,transferred_news,Транспорт
original,test,1,6,28,1286.9684593563989,0.8272133346343552,0.42180586300133194,0.052191210530389255,1.0,StructHGB,original,Все категории
original,test,3,6,28,1862.8424711681548,0.6355785840512189,0.2429829283448658,0.07554497772719976,1.0,StructHGB,original,Все категории
original,test,6,6,28,2194.1576799665177,0.5156426042725057,0.11226518613700875,0.08898100383071646,1.0,StructHGB,original,Все категории
original,test,12,6,28,1320.326160249256,0.8139889512266011,-0.3347313822833329,0.053543985555644734,1.0,StructHGB,original,Все категории
original,test,1,6,28,131.70175170898438,0.5227645162348037,-0.8614566566288584,0.12532935101624187,1.0,StructHGB,original,Здоровье
original,test,3,6,28,208.70233408610025,-0.3136630390128239,-1.0357184915001163,0.19860425352870617,1.0,StructHGB,original,Здоровье
original,test,6,6,28,342.2029600597563,-1.581479531582071,-3.091463433173316,0.3256454401221186,1.0,StructHGB,original,Здоровье
original,test,12,6,28,126.27112978980655,0.5012089837644591,-0.35550540650165563,0.12016149021019078,1.0,StructHGB,original,Здоровье
original,test,1,6,28,419.12462942940846,0.6946068828999661,-0.08877643578054184,0.08358819218444503,1.0,StructHGB,original,Маркетплейсы
original,test,3,6,28,580.9038318452381,0.45104450223285275,-0.08598466350119471,0.11585265509942674,1.0,StructHGB,original,Маркетплейсы
original,test,6,6,28,531.7693205333892,0.5433179955716179,0.26118064964751864,0.10605350542880268,1.0,StructHGB,original,Маркетплейсы
original,test,12,6,28,1498.5176762172155,-1.809296208556833,-10.699929337761988,0.29885712915978696,1.0,StructHGB,original,Маркетплейсы
original,test,1,6,28,82.72872266315278,0.9228996987285129,-0.8154695290873504,0.2004445672994558,1.0,StructHGB,original,Общественное питание
original,test,3,6,28,108.93860303787957,0.8505427410104406,-0.15195389969028095,0.26394884926539225,1.0,StructHGB,original,Общественное питание
original,test,6,6,28,105.57253796713692,0.8478585634629707,0.08433155481928112,0.255793163611281,1.0,StructHGB,original,Общественное питание
original,test,12,6,28,72.57715583982922,0.9100784164777995,0.1339374423174714,0.17584819552181066,1.0,StructHGB,original,Общественное питание
original,test,1,6,28,694.0332786923364,0.6406136353295219,0.5375561443224124,0.05860721588374446,1.0,StructHGB,original,Продовольствие
original,test,3,6,28,1114.043677920387,0.13738263063977374,0.32771583806589943,0.0940747372500911,1.0,StructHGB,original,Продовольствие
original,test,6,6,28,1456.090587797619,-0.5489248644404827,-0.14390340091391174,0.12295867942547657,1.0,StructHGB,original,Продовольствие
original,test,12,6,28,735.3421282087054,0.42332726013753996,-0.18118102360020205,0.06209551642471632,1.0,StructHGB,original,Продовольствие
original,test,1,6,28,104.83109029134114,0.8841004101166133,0.21910507227633624,0.08663428142943382,1.0,StructHGB,original,Транспорт
original,test,3,6,28,139.77606564476378,0.7857947106940312,0.2339992906733549,0.11551343188851383,1.0,StructHGB,original,Транспорт
original,test,6,6,28,136.47965640113466,0.7870327455238788,0.1740437909584025,0.11278922053742062,1.0,StructHGB,original,Транспорт
original,test,12,6,28,98.62235986618768,0.8856080262575196,0.25771081893086767,0.0815032759474021,1.0,StructHGB,original,Транспорт
financial_only,test,1,6,28,1292.4141175174295,0.8262563942687307,0.4186036638750821,0.05241205160034137,1.0,StructHGB,financial_only,Все категории
financial_only,test,3,6,28,1832.0571890567298,0.6529387650058861,0.2790454449109955,0.07429652355706547,1.0,StructHGB,financial_only,Все категории
financial_only,test,6,6,28,2194.1576799665177,0.5156426042725057,0.11226518613700875,0.08898100383071646,1.0,StructHGB,financial_only,Все категории
financial_only,test,12,6,28,1320.326160249256,0.8139889512266011,-0.3347313822833329,0.053543985555644734,1.0,StructHGB,financial_only,Все категории
financial_only,test,1,6,28,129.4089169997015,0.5390621306901922,-0.7978878233229099,0.12314745531346565,1.0,StructHGB,financial_only,Здоровье
financial_only,test,3,6,28,203.866273595108,-0.26184275872696583,-0.9554151719426793,0.1940021862445092,1.0,StructHGB,financial_only,Здоровье
financial_only,test,6,6,28,342.2029600597563,-1.581479531582071,-3.091463433173316,0.3256454401221186,1.0,StructHGB,financial_only,Здоровье
financial_only,test,12,6,28,126.27112978980655,0.5012089837644591,-0.35550540650165563,0.12016149021019078,1.0,StructHGB,financial_only,Здоровье
financial_only,test,1,6,28,416.91990405083465,0.6976883239725329,-0.07779059412204092,0.0831484924013303,1.0,StructHGB,financial_only,Маркетплейсы
financial_only,test,3,6,28,595.1004934521244,0.41705903123175014,-0.15321725419239351,0.11868396873611153,1.0,StructHGB,financial_only,Маркетплейсы
financial_only,test,6,6,28,531.7693205333892,0.5433179955716179,0.26118064964751864,0.10605350542880268,1.0,StructHGB,financial_only,Маркетплейсы
financial_only,test,12,6,28,1498.5176762172155,-1.809296208556833,-10.699929337761988,0.29885712915978696,1.0,StructHGB,financial_only,Маркетплейсы
financial_only,test,1,6,28,82.00186038454578,0.9245093268213015,-0.7775678515656115,0.1986834426231459,1.0,StructHGB,financial_only,Общественное питание
financial_only,test,3,6,28,108.0603348747687,0.8542354997105467,-0.12349166363723252,0.26182088117570657,1.0,StructHGB,financial_only,Общественное питание
financial_only,test,6,6,28,105.57253796713692,0.8478585634629707,0.08433155481928112,0.255793163611281,1.0,StructHGB,financial_only,Общественное питание
financial_only,test,12,6,28,72.57715583982922,0.9100784164777995,0.1339374423174714,0.17584819552181066,1.0,StructHGB,financial_only,Общественное питание
financial_only,test,1,6,28,690.7224254749908,0.6403920869929637,0.5372710648729712,0.05832763290807799,1.0,StructHGB,financial_only,Продовольствие
financial_only,test,3,6,28,1071.9338661769752,0.1830146478774296,0.3632793260683871,0.09051879994356896,1.0,StructHGB,financial_only,Продовольствие
financial_only,test,6,6,28,1456.090587797619,-0.5489248644404827,-0.14390340091391174,0.12295867942547657,1.0,StructHGB,financial_only,Продовольствие
financial_only,test,12,6,28,735.3421282087054,0.42332726013753996,-0.18118102360020205,0.06209551642471632,1.0,StructHGB,financial_only,Продовольствие
financial_only,test,1,6,28,104.6106098793901,0.8845175680940061,0.22191575132130303,0.08645207248735795,1.0,StructHGB,financial_only,Транспорт
financial_only,test,3,6,28,138.61935550362654,0.7876270460817534,0.24055174421578207,0.1145575060117433,1.0,StructHGB,financial_only,Транспорт
financial_only,test,6,6,28,136.47965640113466,0.7870327455238788,0.1740437909584025,0.11278922053742062,1.0,StructHGB,financial_only,Транспорт
financial_only,test,12,6,28,98.62235986618768,0.8856080262575196,0.25771081893086767,0.0815032759474021,1.0,StructHGB,financial_only,Транспорт
local_news,test,1,6,28,1307.9409379072483,0.8223133867718064,0.40540922081989106,0.053041720141121164,1.0,StructHGB,local_news,Все категории
local_news,test,3,6,28,1783.7226970097274,0.6694898680895309,0.31342725410413064,0.07233638565938454,1.0,StructHGB,local_news,Все категории
local_news,test,6,6,28,1907.3321673824428,0.5666835453960294,0.20581350555438305,0.07734919529342836,1.0,StructHGB,local_news,Все категории
local_news,test,12,6,28,1320.326160249256,0.8139889512266011,-0.3347313822833329,0.053543985555644734,1.0,StructHGB,local_news,Все категории
local_news,test,1,6,28,125.16742054871308,0.5651191490962533,-0.6962524420197722,0.11911118403656805,1.0,StructHGB,local_news,Здоровье
local_news,test,3,6,28,204.18417849837905,-0.26566016381280355,-0.961330815370256,0.19430470929143026,1.0,StructHGB,local_news,Здоровье
local_news,test,6,6,28,350.3958575681896,-2.128923595396156,-3.9591237579601737,0.33344192357317726,1.0,StructHGB,local_news,Здоровье
local_news,test,12,6,28,126.27112978980655,0.5012089837644591,-0.35550540650165563,0.12016149021019078,1.0,StructHGB,local_news,Здоровье
local_news,test,1,6,28,410.1886561611111,0.7061941958951391,-0.04746576885079046,0.08180604482669519,1.0,StructHGB,local_news,Маркетплейсы
local_news,test,3,6,28,597.1131691807101,0.41414902009841537,-0.15897405501554474,0.11908536706442027,1.0,StructHGB,local_news,Маркетплейсы
local_news,test,6,6,28,721.6973643347201,0.198424095844157,-0.296788099868069,0.1439318373419007,1.0,StructHGB,local_news,Маркетплейсы
local_news,test,12,6,28,1498.5176762172155,-1.809296208556833,-10.699929337761988,0.29885712915978696,1.0,StructHGB,local_news,Маркетплейсы
local_news,test,1,6,28,81.29455651710839,0.9262907345118545,-0.7356213049536482,0.19696970629199298,1.0,StructHGB,local_news,Общественное питание
local_news,test,3,6,28,108.98946872712534,0.8521226367438349,-0.1397767256708191,0.26407209244796587,1.0,StructHGB,local_news,Общественное питание
local_news,test,6,6,28,101.84358360137819,0.8648187365268095,0.1864069371269893,0.2467582284610392,1.0,StructHGB,local_news,Общественное питание
local_news,test,12,6,28,72.57715583982922,0.9100784164777995,0.1339374423174714,0.17584819552181066,1.0,StructHGB,local_news,Общественное питание
local_news,test,1,6,28,815.5211025791692,0.519185455337948,0.38130726772771206,0.0688661808936028,1.0,StructHGB,local_news,Продовольствие
local_news,test,3,6,28,1083.0213243032988,0.16320807135268467,0.3478429945352097,0.0914550735661188,1.0,StructHGB,local_news,Продовольствие
local_news,test,6,6,28,1310.2999084145008,-0.25169346949811877,0.07560628050357632,0.11064747464212223,1.0,StructHGB,local_news,Продовольствие
local_news,test,12,6,28,735.3421282087054,0.42332726013753996,-0.18118102360020205,0.06209551642471632,1.0,StructHGB,local_news,Продовольствие
local_news,test,1,6,28,111.14575600369206,0.8708629811296827,0.12991544561417956,0.09185283372089836,1.0,StructHGB,local_news,Транспорт
local_news,test,3,6,28,141.79082034438844,0.7759378536446333,0.19875105046400476,0.11717846108141326,1.0,StructHGB,local_news,Транспорт
local_news,test,6,6,28,129.73527419918247,0.8089304829102283,0.25897033143857584,0.10721554288007917,1.0,StructHGB,local_news,Транспорт
local_news,test,12,6,28,98.62235986618768,0.8856080262575196,0.25771081893086767,0.0815032759474021,1.0,StructHGB,local_news,Транспорт
local_policy,test,1,6,28,1307.9409379072483,0.8223133867718064,0.40540922081989106,0.053041720141121164,1.0,StructHGB,local_policy,Все категории
local_policy,test,3,6,28,1783.7226970097274,0.6694898680895309,0.31342725410413064,0.07233638565938454,1.0,StructHGB,local_policy,Все категории
local_policy,test,6,6,28,2771.591831482919,0.15932139446751714,-0.5408036957504319,0.11239804031683238,1.0,StructHGB,local_policy,Все категории
local_policy,test,12,6,28,1320.326160249256,0.8139889512266011,-0.3347313822833329,0.053543985555644734,1.0,StructHGB,local_policy,Все категории
local_policy,test,1,6,28,125.16742054871308,0.5651191490962533,-0.6962524420197722,0.11911118403656805,1.0,StructHGB,local_policy,Здоровье
local_policy,test,3,6,28,204.18417849837905,-0.26566016381280355,-0.961330815370256,0.19430470929143026,1.0,StructHGB,local_policy,Здоровье
local_policy,test,6,6,28,381.75291350683915,-2.7578188577527696,-4.955878501799296,0.3632817656373496,1.0,StructHGB,local_policy,Здоровье
local_policy,test,12,6,28,126.27112978980655,0.5012089837644591,-0.35550540650165563,0.12016149021019078,1.0,StructHGB,local_policy,Здоровье
local_policy,test,1,6,28,410.1886561611111,0.7061941958951391,-0.04746576885079046,0.08180604482669519,1.0,StructHGB,local_policy,Маркетплейсы
local_policy,test,3,6,28,597.1131691807101,0.41414902009841537,-0.15897405501554474,0.11908536706442027,1.0,StructHGB,local_policy,Маркетплейсы
local_policy,test,6,6,28,784.4201293060744,0.07639672040009804,-0.49420377505685664,0.15644096270612218,1.0,StructHGB,local_policy,Маркетплейсы
local_policy,test,12,6,28,1498.5176762172155,-1.809296208556833,-10.699929337761988,0.29885712915978696,1.0,StructHGB,local_policy,Маркетплейсы
local_policy,test,1,6,28,81.29455651710839,0.9262907345118545,-0.7356213049536482,0.19696970629199298,1.0,StructHGB,local_policy,Общественное питание
local_policy,test,3,6,28,108.98946872712534,0.8521226367438349,-0.1397767256708191,0.26407209244796587,1.0,StructHGB,local_policy,Общественное питание
local_policy,test,6,6,28,98.93873405779617,0.870675156569327,0.22165400167900584,0.23972002829198646,1.0,StructHGB,local_policy,Общественное питание
local_policy,test,12,6,28,72.57715583982922,0.9100784164777995,0.1339374423174714,0.17584819552181066,1.0,StructHGB,local_policy,Общественное питание
local_policy,test,1,6,28,815.5211025791692,0.519185455337948,0.38130726772771206,0.0688661808936028,1.0,StructHGB,local_policy,Продовольствие
local_policy,test,3,6,28,1083.0213243032988,0.16320807135268467,0.3478429945352097,0.0914550735661188,1.0,StructHGB,local_policy,Продовольствие
local_policy,test,6,6,28,1593.430201770206,-0.744905941777698,-0.28863825928407194,0.1345562391572624,1.0,StructHGB,local_policy,Продовольствие
local_policy,test,12,6,28,735.3421282087054,0.42332726013753996,-0.18118102360020205,0.06209551642471632,1.0,StructHGB,local_policy,Продовольствие
local_policy,test,1,6,28,111.14575600369206,0.8708629811296827,0.12991544561417956,0.09185283372089836,1.0,StructHGB,local_policy,Транспорт
local_policy,test,3,6,28,141.79082034438844,0.7759378536446333,0.19875105046400476,0.11717846108141326,1.0,StructHGB,local_policy,Транспорт
local_policy,test,6,6,28,108.33260017334521,0.8631221490307863,0.46914322032090283,0.08952799160360474,1.0,StructHGB,local_policy,Транспорт
local_policy,test,12,6,28,98.62235986618768,0.8856080262575196,0.25771081893086767,0.0815032759474021,1.0,StructHGB,local_policy,Транспорт
local_news_coverage,test,1,6,28,1304.8732889276394,0.8252599951445305,0.415269424334641,0.0529173159161659,1.0,StructHGB,local_news_coverage,Все категории
local_news_coverage,test,3,6,28,1850.8336689892444,0.6437685464439225,0.259996037553468,0.07505797750727927,1.0,StructHGB,local_news_coverage,Все категории
local_news_coverage,test,6,6,28,2194.1576799665177,0.5156426042725057,0.11226518613700875,0.08898100383071646,1.0,StructHGB,local_news_coverage,Все категории
local_news_coverage,test,12,6,28,1320.326160249256,0.8139889512266011,-0.3347313822833329,0.053543985555644734,1.0,StructHGB,local_news_coverage,Все категории
local_news_coverage,test,1,6,28,125.86245605234932,0.561548221823048,-0.7101808412465067,0.11977259018700753,1.0,StructHGB,local_news_coverage,Здоровье
local_news_coverage,test,3,6,28,207.375465252219,-0.3034229864801461,-1.019849989703514,0.19734158535857071,1.0,StructHGB,local_news_coverage,Здоровье
local_news_coverage,test,6,6,28,342.2029600597563,-1.581479531582071,-3.091463433173316,0.3256454401221186,1.0,StructHGB,local_news_coverage,Здоровье
local_news_coverage,test,12,6,28,126.27112978980655,0.5012089837644591,-0.35550540650165563,0.12016149021019078,1.0,StructHGB,local_news_coverage,Здоровье
local_news_coverage,test,1,6,28,412.84186558355213,0.7029026728475125,-0.059200587127361315,0.08233518810183629,1.0,StructHGB,local_news_coverage,Маркетплейсы
local_news_coverage,test,3,6,28,601.3586374480476,0.4122711813155514,-0.16268893559696318,0.11993206275473628,1.0,StructHGB,local_news_coverage,Маркетплейсы
local_news_coverage,test,6,6,28,531.7693205333892,0.5433179955716179,0.26118064964751864,0.10605350542880268,1.0,StructHGB,local_news_coverage,Маркетплейсы
local_news_coverage,test,12,6,28,1498.5176762172155,-1.809296208556833,-10.699929337761988,0.29885712915978696,1.0,StructHGB,local_news_coverage,Маркетплейсы
local_news_coverage,test,1,6,28,81.01443418496655,0.9266444026861484,-0.7272935321272154,0.19629099401589864,1.0,StructHGB,local_news_coverage,Общественное питание
local_news_coverage,test,3,6,28,108.33373074015928,0.8532748057087584,-0.13089629027933136,0.26248329580239926,1.0,StructHGB,local_news_coverage,Общественное питание
local_news_coverage,test,6,6,28,105.57253796713692,0.8478585634629707,0.08433155481928112,0.255793163611281,1.0,StructHGB,local_news_coverage,Общественное питание
local_news_coverage,test,12,6,28,72.57715583982922,0.9100784164777995,0.1339374423174714,0.17584819552181066,1.0,StructHGB,local_news_coverage,Общественное питание
local_news_coverage,test,1,6,28,686.0993341915362,0.639660455341043,0.5363296308195111,0.05793723879122787,1.0,StructHGB,local_news_coverage,Продовольствие
local_news_coverage,test,3,6,28,1088.8210609184575,0.15683322768192187,0.3428747356212508,0.09194482877859779,1.0,StructHGB,local_news_coverage,Продовольствие
local_news_coverage,test,6,6,28,1456.090587797619,-0.5489248644404827,-0.14390340091391174,0.12295867942547657,1.0,StructHGB,local_news_coverage,Продовольствие
local_news_coverage,test,12,6,28,735.3421282087054,0.42332726013753996,-0.18118102360020205,0.06209551642471632,1.0,StructHGB,local_news_coverage,Продовольствие
local_news_coverage,test,1,6,28,104.03327940787452,0.8858317655472518,0.230770399782954,0.08597495629589161,1.0,StructHGB,local_news_coverage,Транспорт
local_news_coverage,test,3,6,28,138.60912883594597,0.788752795731287,0.24457743859924463,0.11454905451130136,1.0,StructHGB,local_news_coverage,Транспорт
local_news_coverage,test,6,6,28,136.47965640113466,0.7870327455238788,0.1740437909584025,0.11278922053742062,1.0,StructHGB,local_news_coverage,Транспорт
local_news_coverage,test,12,6,28,98.62235986618768,0.8856080262575196,0.25771081893086767,0.0815032759474021,1.0,StructHGB,local_news_coverage,Транспорт
local_policy_coverage,test,1,6,28,1304.8732889276394,0.8252599951445305,0.415269424334641,0.0529173159161659,1.0,StructHGB,local_policy_coverage,Все категории
local_policy_coverage,test,3,6,28,1850.8336689892444,0.6437685464439225,0.259996037553468,0.07505797750727927,1.0,StructHGB,local_policy_coverage,Все категории
local_policy_coverage,test,6,6,28,2669.0988573436043,0.23272308938922048,-0.4062723753797053,0.10824158072972966,1.0,StructHGB,local_policy_coverage,Все категории
local_policy_coverage,test,12,6,28,1320.326160249256,0.8139889512266011,-0.3347313822833329,0.053543985555644734,1.0,StructHGB,local_policy_coverage,Все категории
local_policy_coverage,test,1,6,28,125.86245605234932,0.561548221823048,-0.7101808412465067,0.11977259018700753,1.0,StructHGB,local_policy_coverage,Здоровье
local_policy_coverage,test,3,6,28,207.375465252219,-0.3034229864801461,-1.019849989703514,0.19734158535857071,1.0,StructHGB,local_policy_coverage,Здоровье
local_policy_coverage,test,6,6,28,367.8989161477745,-2.4110933796788316,-4.406343013512992,0.35009809514351325,1.0,StructHGB,local_policy_coverage,Здоровье
local_policy_coverage,test,12,6,28,126.27112978980655,0.5012089837644591,-0.35550540650165563,0.12016149021019078,1.0,StructHGB,local_policy_coverage,Здоровье
local_policy_coverage,test,1,6,28,412.84186558355213,0.7029026728475125,-0.059200587127361315,0.08233518810183629,1.0,StructHGB,local_policy_coverage,Маркетплейсы
local_policy_coverage,test,3,6,28,601.3586374480476,0.4122711813155514,-0.16268893559696318,0.11993206275473628,1.0,StructHGB,local_policy_coverage,Маркетплейсы
local_policy_coverage,test,6,6,28,791.313600174281,0.05929407148144117,-0.5218724106520003,0.15781576324822816,1.0,StructHGB,local_policy_coverage,Маркетплейсы
local_policy_coverage,test,12,6,28,1498.5176762172155,-1.809296208556833,-10.699929337761988,0.29885712915978696,1.0,StructHGB,local_policy_coverage,Маркетплейсы
local_policy_coverage,test,1,6,28,81.01443418496655,0.9266444026861484,-0.7272935321272154,0.19629099401589864,1.0,StructHGB,local_policy_coverage,Общественное питание
local_policy_coverage,test,3,6,28,108.33373074015928,0.8532748057087584,-0.13089629027933136,0.26248329580239926,1.0,StructHGB,local_policy_coverage,Общественное питание
local_policy_coverage,test,6,6,28,98.34239074556531,0.8711796682693251,0.22469042262012318,0.23827513982599688,1.0,StructHGB,local_policy_coverage,Общественное питание
local_policy_coverage,test,12,6,28,72.57715583982922,0.9100784164777995,0.1339374423174714,0.17584819552181066,1.0,StructHGB,local_policy_coverage,Общественное питание
local_policy_coverage,test,1,6,28,686.0993341915362,0.639660455341043,0.5363296308195111,0.05793723879122787,1.0,StructHGB,local_policy_coverage,Продовольствие
local_policy_coverage,test,3,6,28,1088.8210609184575,0.15683322768192187,0.3428747356212508,0.09194482877859779,1.0,StructHGB,local_policy_coverage,Продовольствие
local_policy_coverage,test,6,6,28,1624.5956177912058,-0.7753439007456155,-0.3111171319393031,0.13718798365846394,1.0,StructHGB,local_policy_coverage,Продовольствие
local_policy_coverage,test,12,6,28,735.3421282087054,0.42332726013753996,-0.18118102360020205,0.06209551642471632,1.0,StructHGB,local_policy_coverage,Продовольствие
local_policy_coverage,test,1,6,28,104.03327940787452,0.8858317655472518,0.230770399782954,0.08597495629589161,1.0,StructHGB,local_policy_coverage,Транспорт
local_policy_coverage,test,3,6,28,138.60912883594597,0.788752795731287,0.24457743859924463,0.11454905451130136,1.0,StructHGB,local_policy_coverage,Транспорт
local_policy_coverage,test,6,6,28,113.62407700094734,0.849362237923744,0.41577781425094595,0.09390096236433787,1.0,StructHGB,local_policy_coverage,Транспорт
local_policy_coverage,test,12,6,28,98.62235986618768,0.8856080262575196,0.25771081893086767,0.0815032759474021,1.0,StructHGB,local_policy_coverage,Транспорт
transferred_news,test,1,6,28,1335.955017039804,0.8156419184295548,0.3830845589456704,0.05417779204031392,1.0,StructHGB,transferred_news,Все категории
transferred_news,test,3,6,28,1842.7267697502975,0.651439849007592,0.27593172834543245,0.0747292135178804,1.0,StructHGB,transferred_news,Все категории
transferred_news,test,6,6,28,2269.18201916774,0.4408137315599201,-0.024881879180969735,0.09202351124703066,1.0,StructHGB,transferred_news,Все категории
transferred_news,test,12,6,28,1320.326160249256,0.8139889512266011,-0.3347313822833329,0.053543985555644734,1.0,StructHGB,transferred_news,Все категории
transferred_news,test,1,6,28,129.25335849255367,0.5403197007583469,-0.792982672188558,0.12299942351819408,1.0,StructHGB,transferred_news,Здоровье
transferred_news,test,3,6,28,207.87444483678476,-0.315624295860512,-1.0387577540148172,0.19781642177260844,1.0,StructHGB,transferred_news,Здоровье
transferred_news,test,6,6,28,353.74813509394386,-2.028173084794123,-3.7994412871295307,0.3366320008597533,1.0,StructHGB,transferred_news,Здоровье
transferred_news,test,12,6,28,126.27112978980655,0.5012089837644591,-0.35550540650165563,0.12016149021019078,1.0,StructHGB,transferred_news,Здоровье
transferred_news,test,1,6,28,416.53613688162125,0.6981326788106765,-0.07620639641159466,0.08307195573027386,1.0,StructHGB,transferred_news,Маркетплейсы
transferred_news,test,3,6,28,600.0349759107921,0.4141309461250271,-0.1590098102962334,0.11966807808956904,1.0,StructHGB,transferred_news,Маркетплейсы
transferred_news,test,6,6,28,679.6547743102825,0.2964487454027276,-0.13820399275826012,0.13554706620669255,1.0,StructHGB,transferred_news,Маркетплейсы
transferred_news,test,12,6,28,1498.5176762172155,-1.809296208556833,-10.699929337761988,0.29885712915978696,1.0,StructHGB,transferred_news,Маркетплейсы
transferred_news,test,1,6,28,82.25584393988483,0.9239256679715154,-0.7913111812244373,0.19929882289510298,1.0,StructHGB,transferred_news,Общественное питание
transferred_news,test,3,6,28,109.06345939286413,0.8517605531441454,-0.1425675142714946,0.26425136545618816,1.0,StructHGB,transferred_news,Общественное питание
transferred_news,test,6,6,28,103.17817600895255,0.8592156594527397,0.1526846259051382,0.2499918308792297,1.0,StructHGB,transferred_news,Общественное питание
transferred_news,test,12,6,28,72.57715583982922,0.9100784164777995,0.1339374423174714,0.17584819552181066,1.0,StructHGB,transferred_news,Общественное питание
transferred_news,test,1,6,28,688.0935352988448,0.6377409263747018,0.5338596584901671,0.05810563788446999,1.0,StructHGB,transferred_news,Продовольствие
transferred_news,test,3,6,28,1089.379021752574,0.15744773984830573,0.3433536580397527,0.09199194544009472,1.0,StructHGB,transferred_news,Продовольствие
transferred_news,test,6,6,28,1404.7177767012467,-0.37230436355584695,-0.013466608096311061,0.11862053380203796,1.0,StructHGB,transferred_news,Продовольствие
transferred_news,test,12,6,28,735.3421282087054,0.42332726013753996,-0.18118102360020205,0.06209551642471632,1.0,StructHGB,transferred_news,Продовольствие
transferred_news,test,1,6,28,103.28058286597728,0.886999132067032,0.23863574766734197,0.08535291445829878,1.0,StructHGB,transferred_news,Транспорт
transferred_news,test,3,6,28,141.05889120825825,0.7791036377187027,0.21007193266149493,0.11657358179808539,1.0,StructHGB,transferred_news,Транспорт
transferred_news,test,6,6,28,128.98798284779608,0.8105702893044446,0.26533003343248496,0.10659796798826161,1.0,StructHGB,transferred_news,Транспорт
transferred_news,test,12,6,28,98.62235986618768,0.8856080262575196,0.25771081893086767,0.0815032759474021,1.0,StructHGB,transferred_news,Транспорт
original,test,1,6,28,1325.4841889880952,0.7602473462804245,0.19771830530336165,0.0537531622156269,1.0,Chronos2_NatCov,original,Все категории
original,test,3,6,28,1717.304896763393,0.6642294074735988,0.3024996348239568,0.06964290442414485,1.0,Chronos2_NatCov,original,Все категории
original,test,6,6,28,2134.7942940848216,0.4871748087147909,0.06008914131258769,0.08657360452902901,1.0,Chronos2_NatCov,original,Все категории
original,test,12,6,28,4160.505905877976,-0.3694063441852349,-8.826242229882597,0.16872351304957076,1.0,Chronos2_NatCov,original,Все категории
original,test,1,6,28,91.69891720726376,0.7279444372626731,-0.061152524189651114,0.0872620571355276,1.0,Chronos2_NatCov,original,Здоровье
original,test,3,6,28,137.9660401117234,0.42528638894929627,0.10939480628768616,0.13129054128065576,1.0,Chronos2_NatCov,original,Здоровье
original,test,6,6,28,119.73169453938802,0.5142092774396452,0.23005588337458982,0.1139384661022147,1.0,Chronos2_NatCov,original,Здоровье
original,test,12,6,28,137.58463868640717,0.40998577861564645,-0.6034119319857334,0.13092759399642243,1.0,Chronos2_NatCov,original,Здоровье
original,test,1,6,28,449.58874075753346,0.5945418214962573,-0.4455247539346936,0.08966380743972205,1.0,Chronos2_NatCov,original,Маркетплейсы
original,test,3,6,28,694.6964169456845,0.1705396861058891,-0.6409001886961327,0.1385468987793796,1.0,Chronos2_NatCov,original,Маркетплейсы
original,test,6,6,28,1351.0515768868584,-1.4780461804538376,-3.0089787892517377,0.2694472024076956,1.0,Chronos2_NatCov,original,Маркетплейсы
original,test,12,6,28,2107.006554013207,-4.20646335707773,-20.68345694267297,0.420211212618333,1.0,Chronos2_NatCov,original,Маркетплейсы
original,test,1,6,28,55.92163680848621,0.9563627170887854,-0.027520724964686716,0.13549330790945346,1.0,Chronos2_NatCov,original,Общественное питание
original,test,3,6,28,92.89970951988583,0.8783310794529926,0.06222696413144413,0.22508799214486747,1.0,Chronos2_NatCov,original,Общественное питание
original,test,6,6,28,116.83630262102399,0.7972451175846262,-0.22028720222382292,0.28308429490801623,1.0,Chronos2_NatCov,original,Общественное питание
original,test,12,6,28,113.94179659798031,0.8127606986125231,-0.803359570711881,0.27607115619805433,1.0,Chronos2_NatCov,original,Общественное питание
original,test,1,6,28,732.1323271251861,0.5274049350150616,0.391883762128197,0.06182446673470702,1.0,Chronos2_NatCov,original,Продовольствие
original,test,3,6,28,985.5866263253348,0.24748727577750873,0.41352631639695014,0.08322726006743299,1.0,Chronos2_NatCov,original,Продовольствие
original,test,6,6,28,975.5189092726935,0.14969744407800512,0.3720392719782981,0.08237709785637543,1.0,Chronos2_NatCov,original,Продовольствие
original,test,12,6,28,1481.8006824311756,-0.5575035922420155,-2.190186669451713,0.12512975264752635,1.0,Chronos2_NatCov,original,Продовольствие
original,test,1,6,28,110.97822752453033,0.8669548839890987,0.10358391814972512,0.091714385199846,1.0,Chronos2_NatCov,original,Транспорт
original,test,3,6,28,157.8254096621559,0.7308124309232396,0.03738199218702476,0.13042973147934786,1.0,Chronos2_NatCov,original,Транспорт
original,test,6,6,28,225.25999523344495,0.45469593493639215,-1.1148663416018763,0.18615887488732064,1.0,Chronos2_NatCov,original,Транспорт
original,test,12,6,28,194.90373193650018,0.5664528202569519,-1.8132863738392633,0.16107191785668554,1.0,Chronos2_NatCov,original,Транспорт
financial_only,test,1,6,28,1325.4841889880952,0.7602473462804245,0.19771830530336165,0.0537531622156269,1.0,Chronos2_NatCov,financial_only,Все категории
financial_only,test,3,6,28,1722.0639244896329,0.6495871027122708,0.2720829957692956,0.06983590015467298,1.0,Chronos2_NatCov,financial_only,Все категории
financial_only,test,6,6,28,2260.4682778669558,0.46779066956122817,0.024561707819936496,0.09167013762436706,1.0,Chronos2_NatCov,financial_only,Все категории
financial_only,test,12,6,28,4160.505905877976,-0.3694063441852349,-8.826242229882597,0.16872351304957076,1.0,Chronos2_NatCov,financial_only,Все категории
financial_only,test,1,6,28,91.69891720726376,0.7279444372626731,-0.061152524189651114,0.0872620571355276,1.0,Chronos2_NatCov,financial_only,Здоровье
financial_only,test,3,6,28,143.3611109691059,0.3963259506864061,0.06451625071987765,0.1364245711661236,1.0,Chronos2_NatCov,financial_only,Здоровье
financial_only,test,6,6,28,158.79171290652772,0.30461341738588577,-0.10213880833730316,0.15110856208888906,1.0,Chronos2_NatCov,financial_only,Здоровье
financial_only,test,12,6,28,137.58463868640717,0.40998577861564645,-0.6034119319857334,0.13092759399642243,1.0,Chronos2_NatCov,financial_only,Здоровье
financial_only,test,1,6,28,449.58874075753346,0.5945418214962573,-0.4455247539346936,0.08966380743972205,1.0,Chronos2_NatCov,financial_only,Маркетплейсы
financial_only,test,3,6,28,612.6455410840803,0.28868978004047385,-0.40716687055636247,0.12218306831263064,1.0,Chronos2_NatCov,financial_only,Маркетплейсы
financial_only,test,6,6,28,905.6446148636658,-0.36000021486768086,-1.200205975896624,0.18061738872537877,1.0,Chronos2_NatCov,financial_only,Маркетплейсы
financial_only,test,12,6,28,2107.006554013207,-4.20646335707773,-20.68345694267297,0.420211212618333,1.0,Chronos2_NatCov,financial_only,Маркетплейсы
financial_only,test,1,6,28,55.92163680848621,0.9563627170887854,-0.027520724964686716,0.13549330790945346,1.0,Chronos2_NatCov,financial_only,Общественное питание
financial_only,test,3,6,28,93.37108458229224,0.8776869980999171,0.057262655061351087,0.2262300933085047,1.0,Chronos2_NatCov,financial_only,Общественное питание
financial_only,test,6,6,28,124.81314012527218,0.773941168050744,-0.36054282042988817,0.30241148491513636,1.0,Chronos2_NatCov,financial_only,Общественное питание
financial_only,test,12,6,28,113.94179659798031,0.8127606986125231,-0.803359570711881,0.27607115619805433,1.0,Chronos2_NatCov,financial_only,Общественное питание
financial_only,test,1,6,28,732.1323271251861,0.5274049350150616,0.391883762128197,0.06182446673470702,1.0,Chronos2_NatCov,financial_only,Продовольствие
financial_only,test,3,6,28,1033.0584231059029,0.19296204056576294,0.3710318647888461,0.08723598692207325,1.0,Chronos2_NatCov,financial_only,Продовольствие
financial_only,test,6,6,28,1066.813806911244,-0.0008966728174981675,0.26082333992815265,0.09008643966930421,1.0,Chronos2_NatCov,financial_only,Продовольствие
financial_only,test,12,6,28,1481.8006824311756,-0.5575035922420155,-2.190186669451713,0.12512975264752635,1.0,Chronos2_NatCov,financial_only,Продовольствие
financial_only,test,1,6,28,110.97822752453033,0.8669548839890987,0.10358391814972512,0.091714385199846,1.0,Chronos2_NatCov,financial_only,Транспорт
financial_only,test,3,6,28,155.62812480728067,0.7349494240713776,0.05217592979809227,0.12861385611290024,1.0,Chronos2_NatCov,financial_only,Транспорт
financial_only,test,6,6,28,226.59638825117378,0.5037081482148335,-0.9247810537214398,0.18726329389580837,1.0,Chronos2_NatCov,financial_only,Транспорт
financial_only,test,12,6,28,194.90373193650018,0.5664528202569519,-1.8132863738392633,0.16107191785668554,1.0,Chronos2_NatCov,financial_only,Транспорт
local_news,test,1,6,28,1325.4841889880952,0.7602473462804245,0.19771830530336165,0.0537531622156269,1.0,Chronos2_NatCov,local_news,Все категории
local_news,test,3,6,28,1705.969242698776,0.6697046415194656,0.31387340558119214,0.06918320278694859,1.0,Chronos2_NatCov,local_news,Все категории
local_news,test,6,6,28,2393.1579595991434,0.42239081351830543,-0.05864757753253835,0.0970511825630738,1.0,Chronos2_NatCov,local_news,Все категории
local_news,test,12,6,28,4160.505905877976,-0.3694063441852349,-8.826242229882597,0.16872351304957076,1.0,Chronos2_NatCov,local_news,Все категории
local_news,test,1,6,28,91.69891720726376,0.7279444372626731,-0.061152524189651114,0.0872620571355276,1.0,Chronos2_NatCov,local_news,Здоровье
local_news,test,3,6,28,139.2426769381358,0.4210695973784815,0.10286025342247018,0.13250540792336563,1.0,Chronos2_NatCov,local_news,Здоровье
local_news,test,6,6,28,162.51485278379164,0.2904348189338348,-0.12461088932438802,0.15465155751989323,1.0,Chronos2_NatCov,local_news,Здоровье
local_news,test,12,6,28,137.58463868640717,0.40998577861564645,-0.6034119319857334,0.13092759399642243,1.0,Chronos2_NatCov,local_news,Здоровье
local_news,test,1,6,28,449.58874075753346,0.5945418214962573,-0.4455247539346936,0.08966380743972205,1.0,Chronos2_NatCov,local_news,Маркетплейсы
local_news,test,3,6,28,665.4047135279233,0.20482428118818208,-0.5730758484624334,0.13270510289631046,1.0,Chronos2_NatCov,local_news,Маркетплейсы
local_news,test,6,6,28,1077.7652818801234,-0.8328226853018701,-1.9651373440057998,0.21494430340245985,1.0,Chronos2_NatCov,local_news,Маркетплейсы
local_news,test,12,6,28,2107.006554013207,-4.20646335707773,-20.68345694267297,0.420211212618333,1.0,Chronos2_NatCov,local_news,Маркетплейсы
local_news,test,1,6,28,55.92163680848621,0.9563627170887854,-0.027520724964686716,0.13549330790945346,1.0,Chronos2_NatCov,local_news,Общественное питание
local_news,test,3,6,28,93.11941529837426,0.8781165446727406,0.060573419978411036,0.22562032031680862,1.0,Chronos2_NatCov,local_news,Общественное питание
local_news,test,6,6,28,118.17851334622075,0.8083231082921163,-0.15361393583603622,0.2863363558534294,1.0,Chronos2_NatCov,local_news,Общественное питание
local_news,test,12,6,28,113.94179659798031,0.8127606986125231,-0.803359570711881,0.27607115619805433,1.0,Chronos2_NatCov,local_news,Общественное питание
local_news,test,1,6,28,732.1323271251861,0.5274049350150616,0.391883762128197,0.06182446673470702,1.0,Chronos2_NatCov,local_news,Продовольствие
local_news,test,3,6,28,1023.7983431730146,0.19745962368524494,0.3745370734776676,0.08645402513379985,1.0,Chronos2_NatCov,local_news,Продовольствие
local_news,test,6,6,28,792.0542624084588,0.3932937095030452,0.5519386349924544,0.06688453792313102,1.0,Chronos2_NatCov,local_news,Продовольствие
local_news,test,12,6,28,1481.8006824311756,-0.5575035922420155,-2.190186669451713,0.12512975264752635,1.0,Chronos2_NatCov,local_news,Продовольствие
local_news,test,1,6,28,110.97822752453033,0.8669548839890987,0.10358391814972512,0.091714385199846,1.0,Chronos2_NatCov,local_news,Транспорт
local_news,test,3,6,28,160.58219757143542,0.7222777823722624,0.006861985584554753,0.13270799014202161,1.0,Chronos2_NatCov,local_news,Транспорт
local_news,test,6,6,28,217.76261653503025,0.5350132859333041,-0.8033695581510147,0.17996290750458752,1.0,Chronos2_NatCov,local_news,Транспорт
local_news,test,12,6,28,194.90373193650018,0.5664528202569519,-1.8132863738392633,0.16107191785668554,1.0,Chronos2_NatCov,local_news,Транспорт
local_policy,test,1,6,28,1462.0454819548418,0.7420861497428763,0.13694569107025745,0.05929121494699992,1.0,Chronos2_NatCov,local_policy,Все категории
local_policy,test,3,6,28,1693.131716067434,0.6719105326777411,0.31845573030730645,0.0686625948029418,1.0,Chronos2_NatCov,local_policy,Все категории
local_policy,test,6,6,28,2393.1579595991434,0.42239081351830543,-0.05864757753253835,0.0970511825630738,1.0,Chronos2_NatCov,local_policy,Все категории
local_policy,test,12,6,28,4160.505905877976,-0.3694063441852349,-8.826242229882597,0.16872351304957076,1.0,Chronos2_NatCov,local_policy,Все категории
local_policy,test,1,6,28,84.28089988648505,0.7534897547483036,0.03848696804626228,0.08020296122695725,1.0,Chronos2_NatCov,local_policy,Здоровье
local_policy,test,3,6,28,139.74832535362128,0.4161610720036151,0.09525375497129818,0.13298659049635994,1.0,Chronos2_NatCov,local_policy,Здоровье
local_policy,test,6,6,28,162.51485278379164,0.2904348189338348,-0.12461088932438802,0.15465155751989323,1.0,Chronos2_NatCov,local_policy,Здоровье
local_policy,test,12,6,28,137.58463868640717,0.40998577861564645,-0.6034119319857334,0.13092759399642243,1.0,Chronos2_NatCov,local_policy,Здоровье
local_policy,test,1,6,28,402.57715620105694,0.658480953931261,-0.21757128405776682,0.08028804402979843,1.0,Chronos2_NatCov,local_policy,Маркетплейсы
local_policy,test,3,6,28,640.1089806982905,0.24954971975474416,-0.4845966537932622,0.12766024409121404,1.0,Chronos2_NatCov,local_policy,Маркетплейсы
local_policy,test,6,6,28,1077.7652818801234,-0.8328226853018701,-1.9651373440057998,0.21494430340245985,1.0,Chronos2_NatCov,local_policy,Маркетплейсы
local_policy,test,12,6,28,2107.006554013207,-4.20646335707773,-20.68345694267297,0.420211212618333,1.0,Chronos2_NatCov,local_policy,Маркетплейсы
local_policy,test,1,6,28,56.422674037199464,0.9566246282157378,-0.021353541925587027,0.13670727794642923,1.0,Chronos2_NatCov,local_policy,Общественное питание
local_policy,test,3,6,28,92.64946781387118,0.8799432303057887,0.07465274708988334,0.2244816780514344,1.0,Chronos2_NatCov,local_policy,Общественное питание
local_policy,test,6,6,28,118.17851334622075,0.8083231082921163,-0.15361393583603622,0.2863363558534294,1.0,Chronos2_NatCov,local_policy,Общественное питание
local_policy,test,12,6,28,113.94179659798031,0.8127606986125231,-0.803359570711881,0.27607115619805433,1.0,Chronos2_NatCov,local_policy,Общественное питание
local_policy,test,1,6,28,860.975022114939,0.44320694555757834,0.28354119069892003,0.07270450933804634,1.0,Chronos2_NatCov,local_policy,Продовольствие
local_policy,test,3,6,28,1051.8611827611571,0.16687030458987728,0.35069717008293755,0.08882377446505958,1.0,Chronos2_NatCov,local_policy,Продовольствие
local_policy,test,6,6,28,792.0542624084588,0.3932937095030452,0.5519386349924544,0.06688453792313102,1.0,Chronos2_NatCov,local_policy,Продовольствие
local_policy,test,12,6,28,1481.8006824311756,-0.5575035922420155,-2.190186669451713,0.12512975264752635,1.0,Chronos2_NatCov,local_policy,Продовольствие
local_policy,test,1,6,28,115.42019535293076,0.8587194618300963,0.04809623783870198,0.09538530658277394,1.0,Chronos2_NatCov,local_policy,Транспорт
local_policy,test,3,6,28,154.78950289835484,0.7415447062191896,0.07576073865039445,0.12792080402054049,1.0,Chronos2_NatCov,local_policy,Транспорт
local_policy,test,6,6,28,217.76261653503025,0.5350132859333041,-0.8033695581510147,0.17996290750458752,1.0,Chronos2_NatCov,local_policy,Транспорт
local_policy,test,12,6,28,194.90373193650018,0.5664528202569519,-1.8132863738392633,0.16107191785668554,1.0,Chronos2_NatCov,local_policy,Транспорт
local_news_coverage,test,1,6,28,1325.4841889880952,0.7602473462804245,0.19771830530336165,0.0537531622156269,1.0,Chronos2_NatCov,local_news_coverage,Все категории
local_news_coverage,test,3,6,28,1697.2644720208414,0.6649887171446685,0.30407695810550983,0.0688301929553805,1.0,Chronos2_NatCov,local_news_coverage,Все категории
local_news_coverage,test,6,6,28,2251.7533431116076,0.4926318424527749,0.07009084433677115,0.09131671560281848,1.0,Chronos2_NatCov,local_news_coverage,Все категории
local_news_coverage,test,12,6,28,4160.505905877976,-0.3694063441852349,-8.826242229882597,0.16872351304957076,1.0,Chronos2_NatCov,local_news_coverage,Все категории
local_news_coverage,test,1,6,28,91.69891720726376,0.7279444372626731,-0.061152524189651114,0.0872620571355276,1.0,Chronos2_NatCov,local_news_coverage,Здоровье
local_news_coverage,test,3,6,28,139.62202864845136,0.4176286275319868,0.09752795302489825,0.13286640466823663,1.0,Chronos2_NatCov,local_news_coverage,Здоровье
local_news_coverage,test,6,6,28,135.13395256503713,0.4650130642039153,0.15208334667923695,0.12859548453583985,1.0,Chronos2_NatCov,local_news_coverage,Здоровье
local_news_coverage,test,12,6,28,137.58463868640717,0.40998577861564645,-0.6034119319857334,0.13092759399642243,1.0,Chronos2_NatCov,local_news_coverage,Здоровье
local_news_coverage,test,1,6,28,449.58874075753346,0.5945418214962573,-0.4455247539346936,0.08966380743972205,1.0,Chronos2_NatCov,local_news_coverage,Маркетплейсы
local_news_coverage,test,3,6,28,656.4737913998715,0.22498237423508727,-0.533197606995846,0.13092396291357977,1.0,Chronos2_NatCov,local_news_coverage,Маркетплейсы
local_news_coverage,test,6,6,28,1014.0517659073341,-0.6371797813662223,-1.648626595202086,0.20223758744274503,1.0,Chronos2_NatCov,local_news_coverage,Маркетплейсы
local_news_coverage,test,12,6,28,2107.006554013207,-4.20646335707773,-20.68345694267297,0.420211212618333,1.0,Chronos2_NatCov,local_news_coverage,Маркетплейсы
local_news_coverage,test,1,6,28,55.92163680848621,0.9563627170887854,-0.027520724964686716,0.13549330790945346,1.0,Chronos2_NatCov,local_news_coverage,Общественное питание
local_news_coverage,test,3,6,28,92.87491734522207,0.8790225051871279,0.06755618384394357,0.22502792284169298,1.0,Chronos2_NatCov,local_news_coverage,Общественное питание
local_news_coverage,test,6,6,28,123.03000947304061,0.7733089022827097,-0.3643481336038312,0.2980911129751481,1.0,Chronos2_NatCov,local_news_coverage,Общественное питание
local_news_coverage,test,12,6,28,113.94179659798031,0.8127606986125231,-0.803359570711881,0.27607115619805433,1.0,Chronos2_NatCov,local_news_coverage,Общественное питание
local_news_coverage,test,1,6,28,732.1323271251861,0.5274049350150616,0.391883762128197,0.06182446673470702,1.0,Chronos2_NatCov,local_news_coverage,Продовольствие
local_news_coverage,test,3,6,28,1015.0242998764794,0.21298713036431793,0.38663849548173523,0.08571310641211805,1.0,Chronos2_NatCov,local_news_coverage,Продовольствие
local_news_coverage,test,6,6,28,998.6766782419038,0.14149263285056524,0.3659799002925608,0.08433264149820421,1.0,Chronos2_NatCov,local_news_coverage,Продовольствие
local_news_coverage,test,12,6,28,1481.8006824311756,-0.5575035922420155,-2.190186669451713,0.12512975264752635,1.0,Chronos2_NatCov,local_news_coverage,Продовольствие
local_news_coverage,test,1,6,28,110.97822752453033,0.8669548839890987,0.10358391814972512,0.091714385199846,1.0,Chronos2_NatCov,local_news_coverage,Транспорт
local_news_coverage,test,3,6,28,154.89041395986192,0.7394764232455249,0.06836453368249373,0.12800419872031563,1.0,Chronos2_NatCov,local_news_coverage,Транспорт
local_news_coverage,test,6,6,28,235.21131965315595,0.4458745381818673,-1.1490785844170555,0.19438282675099836,1.0,Chronos2_NatCov,local_news_coverage,Транспорт
local_news_coverage,test,12,6,28,194.90373193650018,0.5664528202569519,-1.8132863738392633,0.16107191785668554,1.0,Chronos2_NatCov,local_news_coverage,Транспорт
local_policy_coverage,test,1,6,28,1446.5672381888564,0.7423538475667448,0.13784148538355379,0.05866351636343462,1.0,Chronos2_NatCov,local_policy_coverage,Все категории
local_policy_coverage,test,3,6,28,1721.2464508579815,0.6592823596095858,0.2922230716927734,0.06980274865192838,1.0,Chronos2_NatCov,local_policy_coverage,Все категории
local_policy_coverage,test,6,6,28,2251.7533431116076,0.4926318424527749,0.07009084433677115,0.09131671560281848,1.0,Chronos2_NatCov,local_policy_coverage,Все категории
local_policy_coverage,test,12,6,28,4160.505905877976,-0.3694063441852349,-8.826242229882597,0.16872351304957076,1.0,Chronos2_NatCov,local_policy_coverage,Все категории
local_policy_coverage,test,1,6,28,84.62555151673818,0.7514495108271246,0.030528998118582118,0.08053093685815282,1.0,Chronos2_NatCov,local_policy_coverage,Здоровье
local_policy_coverage,test,3,6,28,138.9809986531042,0.422436212364249,0.10497802892095631,0.13225639096487807,1.0,Chronos2_NatCov,local_policy_coverage,Здоровье
local_policy_coverage,test,6,6,28,135.13395256503713,0.4650130642039153,0.15208334667923695,0.12859548453583985,1.0,Chronos2_NatCov,local_policy_coverage,Здоровье
local_policy_coverage,test,12,6,28,137.58463868640717,0.40998577861564645,-0.6034119319857334,0.13092759399642243,1.0,Chronos2_NatCov,local_policy_coverage,Здоровье
local_policy_coverage,test,1,6,28,400.8332751001656,0.6614609399061131,-0.20694714642432865,0.07994025280405592,1.0,Chronos2_NatCov,local_policy_coverage,Маркетплейсы
local_policy_coverage,test,3,6,28,636.4646546210004,0.2552792616078535,-0.47326204724195975,0.1269334372964284,1.0,Chronos2_NatCov,local_policy_coverage,Маркетплейсы
local_policy_coverage,test,6,6,28,1014.0517659073341,-0.6371797813662223,-1.648626595202086,0.20223758744274503,1.0,Chronos2_NatCov,local_policy_coverage,Маркетплейсы
local_policy_coverage,test,12,6,28,2107.006554013207,-4.20646335707773,-20.68345694267297,0.420211212618333,1.0,Chronos2_NatCov,local_policy_coverage,Маркетплейсы
local_policy_coverage,test,1,6,28,56.03685192375066,0.9571792270911468,-0.008294483237532013,0.1357724642070742,1.0,Chronos2_NatCov,local_policy_coverage,Общественное питание
local_policy_coverage,test,3,6,28,92.51309788006854,0.8804653830247459,0.0786772813607719,0.22415126545114533,1.0,Chronos2_NatCov,local_policy_coverage,Общественное питание
local_policy_coverage,test,6,6,28,123.03000947304061,0.7733089022827097,-0.3643481336038312,0.2980911129751481,1.0,Chronos2_NatCov,local_policy_coverage,Общественное питание
local_policy_coverage,test,12,6,28,113.94179659798031,0.8127606986125231,-0.803359570711881,0.27607115619805433,1.0,Chronos2_NatCov,local_policy_coverage,Общественное питание
local_policy_coverage,test,1,6,28,815.6978457628624,0.45492923863945567,0.29862496388307114,0.06888110586368809,1.0,Chronos2_NatCov,local_policy_coverage,Продовольствие
local_policy_coverage,test,3,6,28,1056.701017364066,0.1641456986667592,0.34857373798582747,0.08923247133900306,1.0,Chronos2_NatCov,local_policy_coverage,Продовольствие
local_policy_coverage,test,6,6,28,998.6766782419038,0.14149263285056524,0.3659799002925608,0.08433264149820421,1.0,Chronos2_NatCov,local_policy_coverage,Продовольствие
local_policy_coverage,test,12,6,28,1481.8006824311756,-0.5575035922420155,-2.190186669451713,0.12512975264752635,1.0,Chronos2_NatCov,local_policy_coverage,Продовольствие
local_policy_coverage,test,1,6,28,109.63846956010991,0.8705817845739328,0.12802083179976131,0.09060718533943865,1.0,Chronos2_NatCov,local_policy_coverage,Транспорт
local_policy_coverage,test,3,6,28,151.74214613131093,0.7514265904137913,0.11109847623415903,0.1254024140749789,1.0,Chronos2_NatCov,local_policy_coverage,Транспорт
local_policy_coverage,test,6,6,28,235.21131965315595,0.4458745381818673,-1.1490785844170555,0.19438282675099836,1.0,Chronos2_NatCov,local_policy_coverage,Транспорт
local_policy_coverage,test,12,6,28,194.90373193650018,0.5664528202569519,-1.8132863738392633,0.16107191785668554,1.0,Chronos2_NatCov,local_policy_coverage,Транспорт
transferred_news,test,1,6,28,1325.4841889880952,0.7602473462804245,0.19771830530336165,0.0537531622156269,1.0,Chronos2_NatCov,transferred_news,Все категории
transferred_news,test,3,6,28,1801.5944048702142,0.6448345766909296,0.26221051524486316,0.07306114784038681,1.0,Chronos2_NatCov,transferred_news,Все категории
transferred_news,test,6,6,28,2824.898874276423,0.0896242748407835,-0.668545235498563,0.1145598330732606,1.0,Chronos2_NatCov,transferred_news,Все категории
transferred_news,test,12,6,28,4160.505905877976,-0.3694063441852349,-8.826242229882597,0.16872351304957076,1.0,Chronos2_NatCov,transferred_news,Все категории
transferred_news,test,1,6,28,91.69891720726376,0.7279444372626731,-0.061152524189651114,0.0872620571355276,1.0,Chronos2_NatCov,transferred_news,Здоровье
transferred_news,test,3,6,28,140.17578665800613,0.41396553049771945,0.09185143313558108,0.13339336904841356,1.0,Chronos2_NatCov,transferred_news,Здоровье
transferred_news,test,6,6,28,157.82147775006814,0.3147096696403987,-0.08613695885290418,0.15018527184472505,1.0,Chronos2_NatCov,transferred_news,Здоровье
transferred_news,test,12,6,28,137.58463868640717,0.40998577861564645,-0.6034119319857334,0.13092759399642243,1.0,Chronos2_NatCov,transferred_news,Здоровье
transferred_news,test,1,6,28,449.58874075753346,0.5945418214962573,-0.4455247539346936,0.08966380743972205,1.0,Chronos2_NatCov,transferred_news,Маркетплейсы
transferred_news,test,3,6,28,672.8970695601593,0.2024483544916178,-0.5777760836628583,0.1341993422035767,1.0,Chronos2_NatCov,transferred_news,Маркетплейсы
transferred_news,test,6,6,28,927.5877960833895,-0.47067275030544997,-1.3792518107250413,0.18499363082651568,1.0,Chronos2_NatCov,transferred_news,Маркетплейсы
transferred_news,test,12,6,28,2107.006554013207,-4.20646335707773,-20.68345694267297,0.420211212618333,1.0,Chronos2_NatCov,transferred_news,Маркетплейсы
transferred_news,test,1,6,28,55.92163680848621,0.9563627170887854,-0.027520724964686716,0.13549330790945346,1.0,Chronos2_NatCov,transferred_news,Общественное питание
transferred_news,test,3,6,28,93.63564994432102,0.8764646693474477,0.04784145743849766,0.22687111238636723,1.0,Chronos2_NatCov,transferred_news,Общественное питание
transferred_news,test,6,6,28,127.36651025804639,0.7688820665125012,-0.3909911962634278,0.3085980807544462,1.0,Chronos2_NatCov,transferred_news,Общественное питание
transferred_news,test,12,6,28,113.94179659798031,0.8127606986125231,-0.803359570711881,0.27607115619805433,1.0,Chronos2_NatCov,transferred_news,Общественное питание
transferred_news,test,1,6,28,732.1323271251861,0.5274049350150616,0.391883762128197,0.06182446673470702,1.0,Chronos2_NatCov,transferred_news,Продовольствие
transferred_news,test,3,6,28,1017.2896433856846,0.2131134924612581,0.3867369762676075,0.08590440195971048,1.0,Chronos2_NatCov,transferred_news,Продовольствие
transferred_news,test,6,6,28,1110.5875069990288,-0.08646977579139858,0.19762636648815257,0.09378288300975728,1.0,Chronos2_NatCov,transferred_news,Продовольствие
transferred_news,test,12,6,28,1481.8006824311756,-0.5575035922420155,-2.190186669451713,0.12512975264752635,1.0,Chronos2_NatCov,transferred_news,Продовольствие
transferred_news,test,1,6,28,110.97822752453033,0.8669548839890987,0.10358391814972512,0.091714385199846,1.0,Chronos2_NatCov,transferred_news,Транспорт
transferred_news,test,3,6,28,160.98896438103696,0.7180438010232256,-0.00827878300779017,0.1330441494833128,1.0,Chronos2_NatCov,transferred_news,Транспорт
transferred_news,test,6,6,28,197.83410671118432,0.5901824954941497,-0.5894054381890574,0.16349363179878185,1.0,Chronos2_NatCov,transferred_news,Транспорт
transferred_news,test,12,6,28,194.90373193650018,0.5664528202569519,-1.8132863738392633,0.16107191785668554,1.0,Chronos2_NatCov,transferred_news,Транспорт
