series_id,target_date,k_weeks,calibrated,issued_not_before,yoy_hat,y_pred,y_true,stage
Всего,2024-01-01,1,False,2024-01-14,12.34327038,5424.0903745249325,5616.17,development
Всего,2024-02-01,1,False,2024-02-11,19.61901127,5746.712615631087,5752.28,development
Всего,2024-03-01,1,False,2024-03-10,19.51711552,6210.240791246271,6152.03,development
Всего,2024-04-01,1,False,2024-04-14,18.53993573,6143.379585181543,6066.07,development
Всего,2024-05-01,1,False,2024-05-12,16.88374072,6191.974606512361,6198.27,development
Всего,2024-06-01,1,False,2024-06-09,17.12235801,6337.643050986513,6284.08,development
Всего,2024-07-01,1,False,2024-07-14,17.41800973,6582.2892402501775,6522.62,development
Всего,2024-08-01,1,False,2024-08-11,16.78538744,6814.497428356464,6702.73,development
Всего,2024-09-01,1,False,2024-09-08,15.09898072,6598.751173556391,6578.21,development
Всего,2024-10-01,1,False,2024-10-13,15.54397612,6750.252400894579,6625.54,development
Всего,2024-11-01,1,False,2024-11-10,14.56234475,6607.74983295945,6606.26,development
Всего,2024-12-01,1,False,2024-12-08,16.32491898,7722.6019862280355,7602.34,development
Всего,2025-01-01,1,False,2025-01-12,27.93696941,7185.157694913598,6491.3,development
Всего,2025-02-01,1,False,2025-02-09,13.20496453,6511.866533666283,6467.93,development
Всего,2025-03-01,1,False,2025-03-09,11.23974473,6843.502467713019,7047.41,development
Всего,2025-04-01,1,False,2025-04-13,13.39407824,6878.564161893168,6979.66,development
Всего,2025-05-01,1,False,2025-05-11,14.74198598,7112.018094402547,7131.57,development
Всего,2025-06-01,1,False,2025-06-08,13.34906071,7122.945654264968,7184.09,development
Всего,2025-07-01,1,False,2025-07-13,10.24375876,7190.781457631512,7481.62,development
Всего,2025-08-01,1,False,2025-08-10,9.62048539,7347.565160381147,7665.84,development
Всего,2025-09-01,1,False,2025-09-14,9.09516886,7176.509307465405,7436.81,holdout
Всего,2025-10-01,1,False,2025-10-12,9.39827708,7248.226607246233,7664.67,holdout
Всего,2025-11-01,1,False,2025-11-09,7.99018214,7134.112206641964,7394.23,holdout
Всего,2025-12-01,1,False,2025-12-14,6.87732104,8125.177328352336,8596.67,holdout
Всего,2026-01-01,1,False,2026-01-11,15.35864982,7488.27603576566,7112.24,holdout
Всего,2026-02-01,1,False,2026-02-08,6.77773614,6906.309229119902,7082.19,holdout
Всего,2026-03-01,1,False,2026-03-08,6.63314737,7514.875091068117,7942.05,holdout
Всего,2026-04-01,1,False,2026-04-12,5.75545507,7381.371195338761,7848.24,holdout
Всего,2026-05-01,1,False,2026-05-10,6.87456033,7621.834082126181,8050.49,holdout
Всего,2026-06-01,1,False,2026-06-14,7.24268996,7704.4113651473635,8123.64,holdout
Всего,2026-07-01,1,False,2026-07-12,8.89194454,8146.881501093548,8384.09,holdout
Всего,2026-08-01,1,False,2026-08-09,8.56596558,8322.493215817873,8625.05,holdout
Непродовольственные товары,2024-01-01,1,False,2024-01-14,13.5918716,2003.8628477084399,2110.47,development
Непродовольственные товары,2024-02-01,1,False,2024-02-11,23.66692132,2136.346065803,2152.72,development
Непродовольственные товары,2024-03-01,1,False,2024-03-10,23.73480296,2352.408953434632,2371.53,development
Непродовольственные товары,2024-04-01,1,False,2024-04-14,22.28168621,2335.298958732717,2300.62,development
Непродовольственные товары,2024-05-01,1,False,2024-05-12,17.60822416,2316.458626345024,2340.98,development
Непродовольственные товары,2024-06-01,1,False,2024-06-09,19.73304715,2450.88758194164,2395.95,development
Непродовольственные товары,2024-07-01,1,False,2024-07-14,18.25583091,2578.7812534881878,2519.09,development
Непродовольственные товары,2024-08-01,1,False,2024-08-11,18.12007571,2744.153786887149,2622.9,development
Непродовольственные товары,2024-09-01,1,False,2024-09-08,14.43694891,2580.392986192026,2588.67,development
Непродовольственные товары,2024-10-01,1,False,2024-10-13,15.15962103,2653.888014522659,2568.95,development
Непродовольственные товары,2024-11-01,1,False,2024-11-10,14.38251282,2530.049677568144,2518.37,development
Непродовольственные товары,2024-12-01,1,False,2024-12-08,16.67878142,2958.413838660384,2891.12,development
Непродовольственные товары,2025-01-01,1,False,2025-01-12,25.88002547,2656.660173536709,2391.62,development
Непродовольственные товары,2025-02-01,1,False,2025-02-09,12.28488741,2417.1792282525516,2348.2,development
Непродовольственные товары,2025-03-01,1,False,2025-03-09,9.05819708,2586.347861211324,2598.56,development
Непродовольственные товары,2025-04-01,1,False,2025-04-13,12.05252207,2577.902733246834,2509.81,development
Непродовольственные товары,2025-05-01,1,False,2025-05-11,15.41848422,2701.9236318933563,2563.49,development
Непродовольственные товары,2025-06-01,1,False,2025-06-08,12.98772847,2707.129480276965,2632.21,development
Непродовольственные товары,2025-07-01,1,False,2025-07-13,10.42405462,2781.681317526958,2791.6,development
Непродовольственные товары,2025-08-01,1,False,2025-08-10,9.70809338,2877.53358126402,2938.85,development
Непродовольственные товары,2025-09-01,1,False,2025-09-14,9.7953704,2842.23981493368,2846.68,holdout
Непродовольственные товары,2025-10-01,1,False,2025-10-12,10.69727417,2843.757624790215,2980.33,holdout
Непродовольственные товары,2025-11-01,1,False,2025-11-09,7.69946789,2712.271089501393,2803.17,holdout
Непродовольственные товары,2025-12-01,1,False,2025-12-14,8.92335523,3149.104907725576,3271.22,holdout
Непродовольственные товары,2026-01-01,1,False,2026-01-11,20.29778288,2877.0658349146556,2543.0,holdout
Непродовольственные товары,2026-02-01,1,False,2026-02-08,8.66801992,2551.7424437614395,2521.6,holdout
Непродовольственные товары,2026-03-01,1,False,2026-03-08,7.46625054,2792.575000032224,2953.8,holdout
Непродовольственные товары,2026-04-01,1,False,2026-04-12,8.22823529,2716.323072131949,2866.49,holdout
Непродовольственные товары,2026-05-01,1,False,2026-05-10,10.11874847,2822.883105153603,2992.86,holdout
Непродовольственные товары,2026-06-01,1,False,2026-06-14,13.47424398,2986.880397465958,3069.71,holdout
Непродовольственные товары,2026-07-01,1,False,2026-07-12,14.5150537,3196.8022390891997,3212.84,holdout
Непродовольственные товары,2026-08-01,1,False,2026-08-09,13.56106908,3337.38947865758,3376.62,holdout
Общественное питание,2024-01-01,1,False,2024-01-14,15.70829992,251.862256435864,255.91,development
Общественное питание,2024-02-01,1,False,2024-02-11,21.73177327,253.226434756254,261.36,development
Общественное питание,2024-03-01,1,False,2024-03-10,23.23375637,280.39376586866103,273.77,development
Общественное питание,2024-04-01,1,False,2024-04-14,21.04707069,275.648389375268,279.4,development
Общественное питание,2024-05-01,1,False,2024-05-12,19.90143184,280.017803919136,282.57,development
Общественное питание,2024-06-01,1,False,2024-06-09,21.03505727,279.44574022497596,287.66,development
Общественное питание,2024-07-01,1,False,2024-07-14,22.74810982,285.94172182568997,294.91,development
Общественное питание,2024-08-01,1,False,2024-08-11,23.28785994,294.510039824672,307.4,development
Общественное питание,2024-09-01,1,False,2024-09-08,21.33461696,311.04129057696,313.02,development
Общественное питание,2024-10-01,1,False,2024-10-13,20.48500366,315.36949708005,319.03,development
Общественное питание,2024-11-01,1,False,2024-11-10,18.30831632,300.479461789536,311.48,development
Общественное питание,2024-12-01,1,False,2024-12-08,21.22258126,338.33222429666006,345.65,development
Общественное питание,2025-01-01,1,False,2025-01-12,19.08176182,304.742136673562,390.85,development
Общественное питание,2025-02-01,1,False,2025-02-09,16.06795014,303.355194485904,381.12,development
Общественное питание,2025-03-01,1,False,2025-03-09,14.28083586,312.86664433392195,418.49,development
Общественное питание,2025-04-01,1,False,2025-04-13,16.83478569,326.43639121786,436.05,development
Общественное питание,2025-05-01,1,False,2025-05-11,18.34363102,334.403598173214,448.69,development
Общественное питание,2025-06-01,1,False,2025-06-08,16.76333694,335.88141504160404,430.81,development
Общественное питание,2025-07-01,1,False,2025-07-13,13.08247826,333.491536636566,438.76,development
Общественное питание,2025-08-01,1,False,2025-08-10,12.91426741,347.09845801834,458.06,development
Общественное питание,2025-09-01,1,False,2025-09-14,13.77302244,356.132314841688,466.02,holdout
Общественное питание,2025-10-01,1,False,2025-10-12,12.4182355,358.64789671565,472.28,holdout
Общественное питание,2025-11-01,1,False,2025-11-09,11.79728848,348.226194157504,440.39,holdout
Общественное питание,2025-12-01,1,False,2025-12-14,7.03570559,369.96891637183495,488.56,holdout
Общественное питание,2026-01-01,1,False,2026-01-11,9.45562118,427.8072953820301,461.05,holdout
Общественное питание,2026-02-01,1,False,2026-02-08,12.14899016,427.422231297792,454.18,holdout
Общественное питание,2026-03-01,1,False,2026-03-08,15.73295511,484.3308438398391,498.35,holdout
Общественное питание,2026-04-01,1,False,2026-04-12,10.40827865,481.435299053325,510.4,holdout
Общественное питание,2026-05-01,1,False,2026-05-10,11.60298468,500.751431960692,520.61,holdout
Общественное питание,2026-06-01,1,False,2026-06-14,5.41553599,454.14067059851897,502.8,holdout
Общественное питание,2026-07-01,1,False,2026-07-12,5.86161649,464.47842851152404,502.87,holdout
Общественное питание,2026-08-01,1,False,2026-08-09,7.34066714,491.68465990148394,529.71,holdout
Продовольственные товары,2024-01-01,1,False,2024-01-14,9.53773933,1839.708239595216,1923.67,development
Продовольственные товары,2024-02-01,1,False,2024-02-11,15.25044292,1934.3173337921119,1971.02,development
Продовольственные товары,2024-03-01,1,False,2024-03-10,14.90884768,2097.5805782050243,2114.05,development
Продовольственные товары,2024-04-01,1,False,2024-04-14,14.30586958,2083.807433030358,2090.63,development
Продовольственные товары,2024-05-01,1,False,2024-05-12,16.71692757,2179.80533929732,2166.44,development
Продовольственные товары,2024-06-01,1,False,2024-06-09,14.01469796,2153.954272390524,2175.37,development
Продовольственные товары,2024-07-01,1,False,2024-07-14,15.79576861,2244.492542121352,2241.26,development
Продовольственные товары,2024-08-01,1,False,2024-08-11,14.21621394,2254.582376690024,2264.97,development
Продовольственные товары,2024-09-01,1,False,2024-09-08,13.92328086,2203.196505535798,2189.28,development
Продовольственные товары,2024-10-01,1,False,2024-10-13,14.13304457,2261.77454424369,2241.6,development
Продовольственные товары,2024-11-01,1,False,2024-11-10,13.38120416,2263.9618703056317,2271.31,development
Продовольственные товары,2024-12-01,1,False,2024-12-08,14.39595047,2789.076228814023,2760.46,development
Продовольственные товары,2025-01-01,1,False,2025-01-12,34.90352992,2595.098734012064,2178.64,development
Продовольственные товары,2025-02-01,1,False,2025-02-09,12.82447004,2223.792869382408,2174.38,development
Продовольственные товары,2025-03-01,1,False,2025-03-09,11.74256821,2362.293763243505,2419.23,development
Продовольственные товары,2025-04-01,1,False,2025-04-13,13.09070638,2364.308234792194,2401.95,development
Продовольственные товары,2025-05-01,1,False,2025-05-11,11.85293218,2423.226663920392,2497.48,development
Продовольственные товары,2025-06-01,1,False,2025-06-08,12.55101154,2448.400939737698,2474.16,development
Продовольственные товары,2025-07-01,1,False,2025-07-13,8.99758323,2442.919233900698,2585.83,development
Продовольственные товары,2025-08-01,1,False,2025-08-10,9.59451244,2482.282828412268,2555.95,development
Продовольственные товары,2025-09-01,1,False,2025-09-14,6.78229217,2337.763366019376,2417.2,holdout
Продовольственные товары,2025-10-01,1,False,2025-10-12,6.80099488,2394.0511012300794,2497.41,holdout
Продовольственные товары,2025-11-01,1,False,2025-11-09,6.71503202,2423.829193773462,2437.83,holdout
Продовольственные товары,2025-12-01,1,False,2025-12-14,3.0579312,2844.87296760352,3004.2,holdout
Продовольственные товары,2026-01-01,1,False,2026-01-11,11.14312063,2421.408483293432,2369.1,holdout
Продовольственные товары,2026-02-01,1,False,2026-02-08,3.76642726,2256.276441055988,2322.8,holdout
Продовольственные товары,2026-03-01,1,False,2026-03-08,3.58338292,2505.920274615516,2637.6,holdout
Продовольственные товары,2026-04-01,1,False,2026-04-12,2.39692327,2459.522898483765,2609.74,holdout
Продовольственные товары,2026-05-01,1,False,2026-05-10,2.74216361,2565.9649877270276,2707.94,holdout
Продовольственные товары,2026-06-01,1,False,2026-06-14,2.76471832,2542.563554786112,2703.43,holdout
Продовольственные товары,2026-07-01,1,False,2026-07-12,4.99793237,2715.068034603171,2824.59,holdout
Продовольственные товары,2026-08-01,1,False,2026-08-09,5.5660844,2698.2163342217996,2816.95,holdout
Услуги,2024-01-01,1,False,2024-01-14,13.4937071,1324.3126706670598,1326.12,development
Услуги,2024-02-01,1,False,2024-02-11,15.69276403,1377.0909702490899,1367.18,development
Услуги,2024-03-01,1,False,2024-03-10,15.17178393,1430.399004875421,1392.68,development
Услуги,2024-04-01,1,False,2024-04-14,14.85520318,1403.5765249408719,1395.42,development
Услуги,2024-05-01,1,False,2024-05-12,12.6282666,1381.68978616882,1408.28,development
Услуги,2024-06-01,1,False,2024-06-09,14.22410234,1421.0620572119399,1425.11,development
Услуги,2024-07-01,1,False,2024-07-14,15.25299129,1445.168783084439,1467.36,development
Услуги,2024-08-01,1,False,2024-08-11,15.21472006,1496.673777995418,1507.46,development
Услуги,2024-09-01,1,False,2024-09-08,15.14013941,1482.9704535589772,1487.24,development
Услуги,2024-10-01,1,False,2024-10-13,14.73365018,1484.837007169488,1495.97,development
Услуги,2024-11-01,1,False,2024-11-10,14.32243665,1492.079281937475,1505.1,development
Услуги,2024-12-01,1,False,2024-12-08,14.96042018,1593.4778801569978,1605.11,development
Услуги,2025-01-01,1,False,2025-01-12,14.49728351,1518.3713760828118,1530.19,development
Услуги,2025-02-01,1,False,2025-02-09,13.51516853,1551.956681108454,1564.23,development
Услуги,2025-03-01,1,False,2025-03-09,13.16036029,1575.9617056867721,1611.13,development
Услуги,2025-04-01,1,False,2025-04-13,14.69713834,1600.506807824028,1631.85,development
Услуги,2025-05-01,1,False,2025-05-11,16.2179195,1636.6737167346,1621.92,development
Услуги,2025-06-01,1,False,2025-06-08,13.72748982,1620.7418301738019,1646.91,development
Услуги,2025-07-01,1,False,2025-07-13,11.92663989,1642.3667430899038,1665.44,development
Услуги,2025-08-01,1,False,2025-08-10,10.07695105,1659.36600629833,1712.97,development
Услуги,2025-09-01,1,False,2025-09-14,11.61634265,1660.00289442786,1706.91,holdout
Услуги,2025-10-01,1,False,2025-10-12,11.16643732,1663.016552376004,1714.65,holdout
Услуги,2025-11-01,1,False,2025-11-09,10.05358797,1656.41655253647,1712.85,holdout
Услуги,2025-12-01,1,False,2025-12-14,9.36847515,1755.484331480165,1832.69,holdout
Услуги,2026-01-01,1,False,2026-01-11,12.74375719,1725.193698145661,1739.09,holdout
Услуги,2026-02-01,1,False,2026-02-08,9.01419623,1705.2327616885289,1783.61,holdout
Услуги,2026-03-01,1,False,2026-03-08,10.07123605,1773.3907053723651,1852.3,holdout
Услуги,2026-04-01,1,False,2026-04-12,8.43270605,1769.4591136769247,1861.61,holdout
Услуги,2026-05-01,1,False,2026-05-10,9.22359115,1771.5192695800802,1829.07,holdout
Услуги,2026-06-01,1,False,2026-06-14,9.47112807,1802.890955297637,1847.7,holdout
Услуги,2026-07-01,1,False,2026-07-12,8.93135234,1814.186314411296,1843.8,holdout
Услуги,2026-08-01,1,False,2026-08-09,11.29900352,1906.518540596544,1901.77,holdout
Всего,2024-01-01,1,True,2024-01-14,12.34327038,5424.0903745249325,5616.17,development
Всего,2024-02-01,1,True,2024-02-11,17.699658927046634,5654.503474241389,5752.28,development
Всего,2024-03-01,1,True,2024-03-10,17.898237924469257,6126.122130617139,6152.03,development
Всего,2024-04-01,1,True,2024-04-14,16.965347837159502,6061.775937799926,6066.07,development
Всего,2024-05-01,1,True,2024-05-12,15.292561975955868,6107.681116957251,6198.27,development
Всего,2024-06-01,1,True,2024-06-09,16.01247322320347,6277.58574232273,6284.08,development
Всего,2024-07-01,1,True,2024-07-14,16.427194292583962,6526.745513970247,6522.62,development
Всего,2024-08-01,1,True,2024-08-11,15.603047241738508,6745.507168383788,6702.73,development
Всего,2024-09-01,1,True,2024-09-08,13.791970111365973,6523.818817651733,6578.21,development
Всего,2024-10-01,1,True,2024-10-13,14.272170991443389,6675.951637576609,6625.54,development
Всего,2024-11-01,1,True,2024-11-10,13.19679705349305,6528.987499810783,6606.26,development
Всего,2024-12-01,1,True,2024-12-08,14.936481690924465,7630.42613379343,7602.34,development
Всего,2025-01-01,1,True,2025-01-12,26.66167088250327,7113.5347616018835,6491.3,development
Всего,2025-02-01,1,True,2025-02-09,11.672439114267135,6423.711380682165,6467.93,development
Всего,2025-03-01,1,True,2025-03-09,9.713452237448923,6749.604495683529,7047.41,development
Всего,2025-04-01,1,True,2025-04-13,12.216848187763134,6807.152562863444,6979.66,development
Всего,2025-05-01,1,True,2025-05-11,14.305055085244419,7084.93593783218,7131.57,development
Всего,2025-06-01,1,True,2025-06-08,13.073378242662807,7105.621547471525,7184.09,development
Всего,2025-07-01,1,True,2025-07-13,10.609033407302878,7214.6069348314195,7481.62,development
Всего,2025-08-01,1,True,2025-08-10,11.226259121309587,7455.195838001754,7665.84,development
Всего,2025-09-01,1,True,2025-09-14,11.690356882730619,7347.226225495473,7436.81,holdout
Всего,2025-10-01,1,True,2025-10-12,12.470046618295271,7451.747926713801,7664.67,holdout
Всего,2025-11-01,1,True,2025-11-09,11.880477771664854,7391.115250838387,7394.23,holdout
Всего,2025-12-01,1,True,2025-12-14,11.432833621880588,8471.502883569678,8596.67,holdout
Всего,2026-01-01,1,True,2026-01-11,20.64084689350043,7831.159294397794,7112.24,holdout
Всего,2026-02-01,1,True,2026-02-08,11.42916559712803,7207.160430406323,7082.19,holdout
Всего,2026-03-01,1,True,2026-03-08,11.032839974366741,7824.93946763752,7942.05,holdout
Всего,2026-04-01,1,True,2026-04-12,10.593701046304616,7719.064314448505,7848.24,holdout
Всего,2026-05-01,1,True,2026-05-10,11.599585759745512,7958.802578166283,8050.49,holdout
Всего,2026-06-01,1,True,2026-06-14,12.055579473586523,8050.1736794039825,8123.64,holdout
Всего,2026-07-01,1,True,2026-07-12,13.228243466105202,8471.30690880882,8384.09,holdout
Всего,2026-08-01,1,True,2026-08-09,13.186973931962868,8676.732322465983,8625.05,holdout
Непродовольственные товары,2024-01-01,1,True,2024-01-14,13.5918716,2003.8628477084399,2110.47,development
Непродовольственные товары,2024-02-01,1,True,2024-02-11,21.53319313431098,2099.485911395222,2152.72,development
Непродовольственные товары,2024-03-01,1,True,2024-03-10,22.11692769839061,2321.650394323493,2371.53,development
Непродовольственные товары,2024-04-01,1,True,2024-04-14,21.045458304442413,2311.68984906075,2300.62,development
Непродовольственные товары,2024-05-01,1,True,2024-05-12,16.202121877075367,2288.7634733396276,2340.98,development
Непродовольственные товары,2024-06-01,1,True,2024-06-09,18.887636461133948,2433.582363304827,2395.95,development
Непродовольственные товары,2024-07-01,1,True,2024-07-14,17.371312738769383,2559.4927426317963,2519.09,development
Непродовольственные товары,2024-08-01,1,True,2024-08-11,16.769379078722782,2712.7745378189798,2622.9,development
Непродовольственные товары,2024-09-01,1,True,2024-09-08,12.452148462936544,2535.638514831371,2588.67,development
Непродовольственные товары,2024-10-01,1,True,2024-10-13,12.913316949436803,2602.121263094856,2568.95,development
Непродовольственные товары,2024-11-01,1,True,2024-11-10,11.840988895111282,2473.8332015687456,2518.37,development
Непродовольственные товары,2024-12-01,1,True,2024-12-08,14.152262971809577,2894.353458102826,2891.12,development
Непродовольственные товары,2025-01-01,1,True,2025-01-12,23.464348986496063,2605.6780460553036,2391.62,development
Непродовольственные товары,2025-02-01,1,True,2025-02-09,9.550863440474352,2358.323347455779,2348.2,development
Непродовольственные товары,2025-03-01,1,True,2025-03-09,6.195257907746328,2518.452399859577,2598.56,development
Непродовольственные товары,2025-04-01,1,True,2025-04-13,8.823719495985372,2503.6202554685387,2509.81,development
Непродовольственные товары,2025-05-01,1,True,2025-05-11,12.500412412400967,2633.612154491824,2563.49,development
Непродовольственные товары,2025-06-01,1,True,2025-06-08,9.259547053034614,2617.804117617183,2632.21,development
Непродовольственные товары,2025-07-01,1,True,2025-07-13,6.82122163885302,2690.9227121821827,2791.6,development
Непродовольственные товары,2025-08-01,1,True,2025-08-10,6.992653501022293,2806.310308678314,2938.85,development
Непродовольственные товары,2025-09-01,1,True,2025-09-14,8.045632332415103,2796.94487049953,2846.68,holdout
Непродовольственные товары,2025-10-01,1,True,2025-10-12,9.473600068173166,2812.3220489513346,2980.33,holdout
Непродовольственные товары,2025-11-01,1,True,2025-11-09,8.019596785717848,2720.3331195724822,2803.17,holdout
Непродовольственные товары,2025-12-01,1,True,2025-12-14,10.593355769899123,3197.3866273347076,3271.22,holdout
Непродовольственные товары,2026-01-01,1,True,2026-01-11,23.055346824482914,2943.0162857236983,2543.0,holdout
Непродовольственные товары,2026-02-01,1,True,2026-02-08,10.437023663874328,2593.282189675097,2521.6,holdout
Непродовольственные товары,2026-03-01,1,True,2026-03-08,9.007608620847922,2832.6281145779058,2953.8,holdout
Непродовольственные товары,2026-04-01,1,True,2026-04-12,10.832983458090823,2781.6973021295094,2866.49,holdout
Непродовольственные товары,2026-05-01,1,True,2026-05-10,12.501698875363122,2883.969800500046,2992.86,holdout
Непродовольственные товары,2026-06-01,1,True,2026-06-14,15.95524356976961,3052.1855167678327,3069.71,holdout
Непродовольственные товары,2026-07-01,1,True,2026-07-12,16.581677819630944,3254.494118012817,3212.84,holdout
Непродовольственные товары,2026-08-01,1,True,2026-08-09,16.516906830646718,3424.2571163924613,3376.62,holdout
Общественное питание,2024-01-01,1,True,2024-01-14,15.70829992,251.862256435864,255.91,development
Общественное питание,2024-02-01,1,True,2024-02-11,20.908571526534704,251.51401048949748,261.36,development
Общественное питание,2024-03-01,1,True,2024-03-10,23.192939652996824,280.3008955924637,273.77,development
Общественное питание,2024-04-01,1,True,2024-04-14,20.94873232132961,275.4244532421318,279.4,development
Общественное питание,2024-05-01,1,True,2024-05-12,19.991568987922516,280.22831021439424,282.57,development
Общественное питание,2024-06-01,1,True,2024-06-09,21.709301114107554,281.00243441225155,287.66,development
Общественное питание,2024-07-01,1,True,2024-07-14,23.888095757518123,288.59731906713847,294.91,development
Общественное питание,2024-08-01,1,True,2024-08-11,24.98778035530604,298.5708097127551,307.4,development
Общественное питание,2024-09-01,1,True,2024-09-08,23.494070911411967,316.57705078140464,313.02,development
Общественное питание,2024-10-01,1,True,2024-10-13,22.891110489023703,321.66748170501955,319.03,development
Общественное питание,2024-11-01,1,True,2024-11-10,20.808711941760688,306.82996658968375,311.48,development
Общественное питание,2024-12-01,1,True,2024-12-08,23.9893054929498,346.0541516308229,345.65,development
Общественное питание,2025-01-01,1,True,2025-01-12,21.71275224866399,311.475104279556,390.85,development
Общественное питание,2025-02-01,1,True,2025-02-09,23.830453779742417,323.6432739987348,381.12,development
Общественное питание,2025-03-01,1,True,2025-03-09,26.234510714116624,345.592219982037,418.49,development
Общественное питание,2025-04-01,1,True,2025-04-13,34.71993304483929,376.40749292728094,436.05,development
Общественное питание,2025-05-01,1,True,2025-05-11,42.62559665137972,403.01714845780367,448.69,development
Общественное питание,2025-06-01,1,True,2025-06-08,47.41546178253397,424.05531736363724,430.81,development
Общественное питание,2025-07-01,1,True,2025-07-13,49.351026366533624,440.4511118575444,438.76,development
Общественное питание,2025-08-01,1,True,2025-08-10,49.492712754098456,459.5405990060986,458.06,development
Общественное питание,2025-09-01,1,True,2025-09-14,51.3365642111348,473.7137132936941,466.02,holdout
Общественное питание,2025-10-01,1,True,2025-10-12,49.74242894534737,477.7232710643417,472.28,holdout
Общественное питание,2025-11-01,1,True,2025-11-09,48.44200292039697,462.36715069645254,440.39,holdout
Общественное питание,2025-12-01,1,True,2025-12-14,42.180980605355394,491.4485594624109,488.56,holdout
Общественное питание,2026-01-01,1,True,2026-01-11,44.37270943196796,564.2807348148468,461.05,holdout
Общественное питание,2026-02-01,1,True,2026-02-08,42.18166585926202,541.8827649228194,454.18,holdout
Общественное питание,2026-03-01,1,True,2026-03-08,40.836280639894376,589.385750849894,498.35,holdout
Общественное питание,2026-04-01,1,True,2026-04-12,30.585664183420324,569.4187886718044,510.4,holdout
Общественное питание,2026-05-01,1,True,2026-05-10,26.773478417188436,568.8199203100827,520.61,holdout
Общественное питание,2026-06-01,1,True,2026-06-14,16.579725304035602,502.23711458231577,502.8,holdout
Общественное питание,2026-07-01,1,True,2026-07-12,12.944376179039699,495.55474492315454,502.87,holdout
Общественное питание,2026-08-01,1,True,2026-08-09,14.50554345037602,524.5040923287925,529.71,holdout
Продовольственные товары,2024-01-01,1,True,2024-01-14,9.53773933,1839.708239595216,1923.67,development
Продовольственные товары,2024-02-01,1,True,2024-02-11,15.343205252592966,1935.8742196774192,1971.02,development
Продовольственные товары,2024-03-01,1,True,2024-03-10,15.397937018834519,2106.508561722911,2114.05,development
Продовольственные товары,2024-04-01,1,True,2024-04-14,14.711271711616188,2091.1979544299343,2090.63,development
Продовольственные товары,2024-05-01,1,True,2024-05-12,17.10802178167028,2187.109414794474,2166.44,development
Продовольственные товары,2024-06-01,1,True,2024-06-09,14.69523733678929,2166.8109542428892,2175.37,development
Продовольственные товары,2024-07-01,1,True,2024-07-14,16.51685553939031,2258.46951429111,2241.26,development
Продовольственные товары,2024-08-01,1,True,2024-08-11,14.552399165641226,2261.218538570092,2264.97,development
Продовольственные товары,2024-09-01,1,True,2024-09-08,14.02066501779036,2205.079846978553,2189.28,development
Продовольственные товары,2024-10-01,1,True,2024-10-13,14.02065671512039,2259.5473541235406,2241.6,development
Продовольственные товары,2024-11-01,1,True,2024-11-10,12.995761798676531,2256.2654728674333,2271.31,development
Продовольственные товары,2024-12-01,1,True,2024-12-08,13.777079753138244,2773.9876037532886,2760.46,development
Продовольственные товары,2025-01-01,1,True,2025-01-12,34.35875900444736,2584.6191393408526,2178.64,development
Продовольственные товары,2025-02-01,1,True,2025-02-09,11.236573317350677,2192.4951073996453,2174.38,development
Продовольственные товары,2025-03-01,1,True,2025-03-09,9.658709662850724,2318.239951627496,2419.23,development
Продовольственные товары,2025-04-01,1,True,2025-04-13,11.430207681672401,2329.593350855348,2401.95,development
Продовольственные товары,2025-05-01,1,True,2025-05-11,10.699146751285433,2398.230594878548,2497.48,development
Продовольственные товары,2025-06-01,1,True,2025-06-08,11.898691694419226,2434.210569512887,2474.16,development
Продовольственные товары,2025-07-01,1,True,2025-07-13,8.780054399139077,2438.0438472261444,2585.83,development
Продовольственные товары,2025-08-01,1,True,2025-08-10,11.473486823042302,2524.841034495861,2555.95,development
Продовольственные товары,2025-09-01,1,True,2025-09-14,9.901103052388462,2406.0428689053306,2417.2,holdout
Продовольственные товары,2025-10-01,1,True,2025-10-12,10.28286086809291,2472.1006092191706,2497.41,holdout
Продовольственные товары,2025-11-01,1,True,2025-11-09,10.7073194586001,2514.50641759513,2437.83,holdout
Продовольственные товары,2025-12-01,1,True,2025-12-14,7.047719107363072,2955.009466871115,3004.2,holdout
Продовольственные товары,2026-01-01,1,True,2026-01-11,15.770619866936409,2522.2250326690237,2369.1,holdout
Продовольственные товары,2026-02-01,1,True,2026-02-08,7.946147702447792,2347.1594464124846,2322.8,holdout
Продовольственные товары,2026-03-01,1,True,2026-03-08,7.523778744042978,2601.2475125095107,2637.6,holdout
Продовольственные товары,2026-04-01,1,True,2026-04-12,6.702081121657912,2562.930637501662,2609.74,holdout
Продовольственные товары,2026-05-01,1,True,2026-05-10,7.1968627943768695,2677.2202089170037,2707.94,holdout
Продовольственные товары,2026-06-01,1,True,2026-06-14,7.741923686387406,2665.7075790791223,2703.43,holdout
Продовольственные товары,2026-07-01,1,True,2026-07-12,9.60238159282973,2834.131263941869,2824.59,holdout
Продовольственные товары,2026-08-01,1,True,2026-08-09,10.230727026266301,2817.4422674278535,2816.95,holdout
Услуги,2024-01-01,1,True,2024-01-14,13.4937071,1324.3126706670598,1326.12,development
Услуги,2024-02-01,1,True,2024-02-11,14.606695093969106,1364.1634917035142,1367.18,development
Услуги,2024-03-01,1,True,2024-03-10,13.96357806051585,1415.3934504381887,1392.68,development
Услуги,2024-04-01,1,True,2024-04-14,13.524480610711828,1387.3145628551429,1395.42,development
Услуги,2024-05-01,1,True,2024-05-12,11.401745034080625,1366.643187554591,1408.28,development
Услуги,2024-06-01,1,True,2024-06-09,13.385683970505251,1410.6312942770558,1425.11,development
Услуги,2024-07-01,1,True,2024-07-14,14.65300139415356,1437.645449781431,1467.36,development
Услуги,2024-08-01,1,True,2024-08-11,14.999089623908047,1493.8726739414528,1507.46,development
Услуги,2024-09-01,1,True,2024-09-08,15.380154955648464,1486.0617817822656,1487.24,development
Услуги,2024-10-01,1,True,2024-10-13,15.429285339743075,1493.8396391528192,1495.97,development
Услуги,2024-11-01,1,True,2024-11-10,15.333836722527638,1505.2795699840697,1505.1,development
Услуги,2024-12-01,1,True,2024-12-08,15.986832799561945,1607.705088118008,1605.11,development
Услуги,2025-01-01,1,True,2025-01-12,15.579190890966204,1532.718766243281,1530.19,development
Услуги,2025-02-01,1,True,2025-02-09,14.654603090642702,1567.534802534649,1564.23,development
Услуги,2025-03-01,1,True,2025-03-09,14.256302059282369,1591.2246675192137,1611.13,development
Услуги,2025-04-01,1,True,2025-04-13,15.917935676304946,1617.5420580142945,1631.85,development
Услуги,2025-05-01,1,True,2025-05-11,17.68787317126953,1657.3747802963544,1621.92,development
Услуги,2025-06-01,1,True,2025-06-08,15.09860050349192,1640.2816656353136,1646.91,development
Услуги,2025-07-01,1,True,2025-07-13,13.69395375049612,1668.2995997532796,1665.44,development
Услуги,2025-08-01,1,True,2025-08-10,11.912914757696676,1687.0424248063744,1712.97,development
Услуги,2025-09-01,1,True,2025-09-14,13.75085226001642,1691.7481751518683,1706.91,holdout
Услуги,2025-10-01,1,True,2025-10-12,13.56173744892812,1698.8495237147301,1714.65,holdout
Услуги,2025-11-01,1,True,2025-11-09,12.617113931330803,1695.0001817804598,1712.85,holdout
Услуги,2025-12-01,1,True,2025-12-14,12.660397512866346,1808.3233065187687,1832.69,holdout
Услуги,2026-01-01,1,True,2026-01-11,16.437935038602767,1781.7216381671956,1739.09,holdout
Услуги,2026-02-01,1,True,2026-02-08,13.048464784754774,1768.3380007025694,1783.61,holdout
Услуги,2026-03-01,1,True,2026-03-08,14.364871918374561,1842.5667609385082,1852.3,holdout
Услуги,2026-04-01,1,True,2026-04-12,13.060100298964478,1844.9712467286515,1861.61,holdout
Услуги,2026-05-01,1,True,2026-05-10,14.1773869861524,1851.8658750058032,1829.07,holdout
Услуги,2026-06-01,1,True,2026-06-14,14.256914075305945,1881.7085435976212,1847.7,holdout
Услуги,2026-07-01,1,True,2026-07-12,13.141783366813383,1884.3085169042567,1843.8,holdout
Услуги,2026-08-01,1,True,2026-08-09,14.911849938323197,1968.4055158884948,1901.77,holdout
Всего,2024-01-01,2,False,2024-01-21,14.61023806,5533.542747870084,5616.17,development
Всего,2024-02-01,2,False,2024-02-18,20.16948615,5773.1584197210705,5752.28,development
Всего,2024-03-01,2,False,2024-03-17,20.82436191,6278.166751641701,6152.03,development
Всего,2024-04-01,2,False,2024-04-21,18.0122338,6116.03122157852,6066.07,development
Всего,2024-05-01,2,False,2024-05-19,16.69077845,6181.752333777975,6198.27,development
Всего,2024-06-01,2,False,2024-06-16,17.335807815,6349.193097419809,6284.08,development
Всего,2024-07-01,2,False,2024-07-21,17.24624116,6572.660134691975,6522.62,development
Всего,2024-08-01,2,False,2024-08-18,16.311018410000003,6786.817710834546,6702.73,development
Всего,2024-09-01,2,False,2024-09-15,15.82195262,6640.199947852481,6578.21,development
Всего,2024-10-01,2,False,2024-10-20,15.009563804999999,6719.031231833807,6625.54,development
Всего,2024-11-01,2,False,2024-11-17,14.39031833,6597.827658701405,6606.26,development
Всего,2024-12-01,2,False,2024-12-15,16.51544636,7735.250756036951,7602.34,development
Всего,2025-01-01,2,False,2025-01-19,21.110707925,6801.783245271473,6491.3,development
Всего,2025-02-01,2,False,2025-02-16,13.540462524999999,6531.16531773307,6467.93,development
Всего,2025-03-01,2,False,2025-03-16,12.20998546,6903.191968494838,7047.41,development
Всего,2025-04-01,2,False,2025-04-20,13.047024100000002,6857.51161482287,6979.66,development
Всего,2025-05-01,2,False,2025-05-18,14.4674296,7095.000348667921,7131.57,development
Всего,2025-06-01,2,False,2025-06-15,12.803882705,7088.6862322883635,7184.09,development
Всего,2025-07-01,2,False,2025-07-20,10.064998124999999,7179.121580700874,7481.62,development
Всего,2025-08-01,2,False,2025-08-17,9.710367465000001,7353.589713186794,7665.84,development
Всего,2025-09-01,2,False,2025-09-21,8.957510085,7167.45382416248,7436.81,holdout
Всего,2025-10-01,2,False,2025-10-19,8.634174735,7197.60070073732,7664.67,holdout
Всего,2025-11-01,2,False,2025-11-16,6.111148200000001,7009.978339077321,7394.23,holdout
Всего,2025-12-01,2,False,2025-12-21,6.136462,8068.8547052108,8596.67,holdout
Всего,2026-01-01,2,False,2026-01-18,10.73198823,7187.945551973991,7112.24,holdout
Всего,2026-02-01,2,False,2026-02-15,6.51932468,6889.595356775125,7082.19,holdout
Всего,2026-03-01,2,False,2026-03-15,6.55877892,7509.634041485972,7942.05,holdout
Всего,2026-04-01,2,False,2026-04-19,5.007459795,7329.1636683276965,7848.24,holdout
Всего,2026-05-01,2,False,2026-05-17,6.95645773,7627.674652535361,8050.49,holdout
Всего,2026-06-01,2,False,2026-06-21,8.122656435,7767.628948681192,8123.64,holdout
Всего,2026-07-01,2,False,2026-07-19,9.326506210000002,8179.393753908602,8384.09,holdout
Всего,2026-08-01,2,False,2026-08-16,8.364145194999999,8307.021988016388,8625.05,holdout
Непродовольственные товары,2024-01-01,2,False,2024-01-21,17.37722546,2070.6398966173138,2110.47,development
Непродовольственные товары,2024-02-01,2,False,2024-02-18,24.40676713,2149.1269021707503,2152.72,development
Непродовольственные товары,2024-03-01,2,False,2024-03-17,25.608112679999998,2388.023755838356,2371.53,development
Непродовольственные товары,2024-04-01,2,False,2024-04-21,22.808586220000002,2345.361537053694,2300.62,development
Непродовольственные товары,2024-05-01,2,False,2024-05-19,17.926328155,2322.724129872142,2340.98,development
Непродовольственные товары,2024-06-01,2,False,2024-06-16,20.239769555000002,2461.259986883028,2395.95,development
Непродовольственные товары,2024-07-01,2,False,2024-07-21,17.64889304,2565.545880744672,2519.09,development
Непродовольственные товары,2024-08-01,2,False,2024-08-18,17.305202305,2725.2227294295294,2622.9,development
Непродовольственные товары,2024-09-01,2,False,2024-09-15,15.46003184,2603.462073947424,2588.67,development
Непродовольственные товары,2024-10-01,2,False,2024-10-20,14.72642605,2643.9049062500653,2568.95,development
Непродовольственные товары,2024-11-01,2,False,2024-11-17,13.40055115,2508.32947099708,2518.37,development
Непродовольственные товары,2024-12-01,2,False,2024-12-15,16.858383175,2962.9676770787596,2891.12,development
Непродовольственные товары,2025-01-01,2,False,2025-01-19,19.65739727,2525.3334721641686,2391.62,development
Непродовольственные товары,2025-02-01,2,False,2025-02-16,12.947711439999999,2431.447973711168,2348.2,development
Непродовольственные товары,2025-03-01,2,False,2025-03-16,11.11142144,2635.040692876032,2598.56,development
Непродовольственные товары,2025-04-01,2,False,2025-04-20,11.40088673,2562.911080287726,2509.81,development
Непродовольственные товары,2025-05-01,2,False,2025-05-18,14.28099259,2675.2951803333817,2563.49,development
Непродовольственные товары,2025-06-01,2,False,2025-06-15,12.422393920000001,2693.5843471262397,2632.21,development
Непродовольственные товары,2025-07-01,2,False,2025-07-20,10.02370724,2771.596206712116,2791.6,development
Непродовольственные товары,2025-08-01,2,False,2025-08-17,10.219636285,2890.950840119265,2938.85,development
Непродовольственные товары,2025-09-01,2,False,2025-09-21,9.93193278,2845.774964296026,2846.68,holdout
Непродовольственные товары,2025-10-01,2,False,2025-10-19,9.014673905,2800.532465282497,2980.33,holdout
Непродовольственные товары,2025-11-01,2,False,2025-11-16,5.45695829,2655.7964004878727,2803.17,holdout
Непродовольственные товары,2025-12-01,2,False,2025-12-21,8.238803935,3129.313708325572,3271.22,holdout
Непродовольственные товары,2026-01-01,2,False,2026-01-18,14.42692795,2736.6572942377898,2543.0,holdout
Непродовольственные товары,2026-02-01,2,False,2026-02-15,8.85041415,2556.0254250703,2521.6,holdout
Непродовольственные товары,2026-03-01,2,False,2026-03-15,7.826773299999999,2801.94340026448,2953.8,holdout
Непродовольственные товары,2026-04-01,2,False,2026-04-19,6.528588175,2673.6651588749673,2866.49,holdout
Непродовольственные товары,2026-05-01,2,False,2026-05-17,11.375009089999999,2855.087220521241,2992.86,holdout
Непродовольственные товары,2026-06-01,2,False,2026-06-21,14.01343417,3001.073015566157,3069.71,holdout
Непродовольственные товары,2026-07-01,2,False,2026-07-19,15.024820965,3211.0329020589397,3212.84,holdout
Непродовольственные товары,2026-08-01,2,False,2026-08-16,12.877869175,3317.3112582494873,3376.62,holdout
Общественное питание,2024-01-01,2,False,2024-01-21,16.724930445,254.07515609963144,255.91,development
Общественное питание,2024-02-01,2,False,2024-02-18,22.84169952,255.535303341504,261.36,development
Общественное питание,2024-03-01,2,False,2024-03-17,22.618726275,278.99438789350745,273.77,development
Общественное питание,2024-04-01,2,False,2024-04-21,21.8753216,277.53448234752,279.4,development
Общественное питание,2024-05-01,2,False,2024-05-19,19.4806337,279.03507194298,282.57,development
Общественное питание,2024-06-01,2,False,2024-06-16,21.003186055,279.372155963784,287.66,development
Общественное питание,2024-07-01,2,False,2024-07-21,23.04147463,286.625115150585,294.91,development
Общественное питание,2024-08-01,2,False,2024-08-18,23.45569733,294.910969781904,307.4,development
Общественное питание,2024-09-01,2,False,2024-09-15,21.94401481,312.603481965435,313.02,development
Общественное питание,2024-10-01,2,False,2024-10-20,19.92588567,313.906005741225,319.03,development
Общественное питание,2024-11-01,2,False,2024-11-17,18.893432595,301.965540104781,311.48,development
Общественное питание,2024-12-01,2,False,2024-12-15,22.019089635,340.55527917128506,345.65,development
Общественное питание,2025-01-01,2,False,2025-01-19,20.116890465,307.3911343889815,390.85,development
Общественное питание,2025-02-01,2,False,2025-02-16,15.879939365,302.86380952436406,381.12,development
Общественное питание,2025-03-01,2,False,2025-03-16,13.91566488,311.86691574197596,418.49,development
Общественное питание,2025-04-01,2,False,2025-04-20,16.144340030000002,324.50728604382,436.05,development
Общественное питание,2025-05-01,2,False,2025-05-18,18.12448332,333.784352517324,448.69,development
Общественное питание,2025-06-01,2,False,2025-06-15,15.435354369999999,332.0613403807421,430.81,development
Общественное питание,2025-07-01,2,False,2025-07-20,12.72776085,332.44543952273506,438.76,development
Общественное питание,2025-08-01,2,False,2025-08-17,13.01521855,347.4087818227,458.06,development
Общественное питание,2025-09-01,2,False,2025-09-21,13.600957975,355.593718653345,466.02,holdout
Общественное питание,2025-10-01,2,False,2025-10-19,12.23444398,358.06154662939394,472.28,holdout
Общественное питание,2025-11-01,2,False,2025-11-16,10.197614925,343.24353096839,440.39,holdout
Общественное питание,2025-12-01,2,False,2025-12-21,6.114812280000001,366.78584864581995,488.56,holdout
Общественное питание,2026-01-01,2,False,2026-01-18,9.419741720000001,427.66706051262,461.05,holdout
Общественное питание,2026-02-01,2,False,2026-02-15,9.73862192,418.235835861504,454.18,holdout
Общественное питание,2026-03-01,2,False,2026-03-15,12.9345772,472.61991212428,498.35,holdout
Общественное питание,2026-04-01,2,False,2026-04-19,8.49158179,473.07754239529504,510.4,holdout
Общественное питание,2026-05-01,2,False,2026-05-17,9.990569655,493.51668698501953,520.61,holdout
Общественное питание,2026-06-01,2,False,2026-06-21,6.562670095,459.0826390362695,502.8,holdout
Общественное питание,2026-07-01,2,False,2026-07-19,6.948783730000001,469.24848349374804,502.87,holdout
Общественное питание,2026-08-01,2,False,2026-08-16,6.678164575,488.65000065224496,529.71,holdout
Продовольственные товары,2024-01-01,2,False,2024-01-21,10.887501585,1862.377766620392,1923.67,development
Продовольственные товары,2024-02-01,2,False,2024-02-18,15.537673515,1939.138097206354,1971.02,development
Продовольственные товары,2024-03-01,2,False,2024-03-17,16.31656077,2123.277395263811,2114.05,development
Продовольственные товары,2024-04-01,2,False,2024-04-21,12.578666075000001,2052.3203404138576,2090.63,development
Продовольственные товары,2024-05-01,2,False,2024-05-19,15.73288107,2161.4272868633198,2166.44,development
Продовольственные товары,2024-06-01,2,False,2024-06-16,14.20652716,2157.5782904540038,2175.37,development
Продовольственные товары,2024-07-01,2,False,2024-07-21,15.81772732,2244.918172189024,2241.26,development
Продовольственные товары,2024-08-01,2,False,2024-08-18,14.002158824999999,2250.35701434197,2264.97,development
Продовольственные товары,2024-09-01,2,False,2024-09-15,14.407339910000001,2212.5578687214634,2189.28,development
Продовольственные товары,2024-10-01,2,False,2024-10-20,13.578207345,2250.779334955865,2241.6,development
Продовольственные товары,2024-11-01,2,False,2024-11-17,14.08522539,2278.019555019903,2271.31,development
Продовольственные товары,2024-12-01,2,False,2024-12-15,14.532990165000001,2792.417379913849,2760.46,development
Продовольственные товары,2025-01-01,2,False,2025-01-19,25.203613935,2408.5043601834145,2178.64,development
Продовольственные товары,2025-02-01,2,False,2025-02-16,13.222634705,2231.640774562491,2174.38,development
Продовольственные товары,2025-03-01,2,False,2025-03-16,12.05740745,2368.949622196725,2419.23,development
Продовольственные товары,2025-04-01,2,False,2025-04-20,13.241567270000001,2367.462177816801,2401.95,development
Продовольственные товары,2025-05-01,2,False,2025-05-18,13.13333691,2450.965864153004,2497.48,development
Продовольственные товары,2025-06-01,2,False,2025-06-15,12.161113395,2439.919212460811,2474.16,development
Продовольственные товары,2025-07-01,2,False,2025-07-20,9.401894044999999,2451.9808904729675,2585.83,development
Продовольственные товары,2025-08-01,2,False,2025-08-17,9.01457575,2469.147436364775,2555.95,development
Продовольственные товары,2025-09-01,2,False,2025-09-21,6.54326572,2332.530407754816,2417.2,holdout
Продовольственные товары,2025-10-01,2,False,2025-10-19,6.743209625,2392.7557869539996,2497.41,holdout
Продовольственные товары,2025-11-01,2,False,2025-11-16,5.401607845,2393.9972591442693,2437.83,holdout
Продовольственные товары,2025-12-01,2,False,2025-12-21,2.308144145,2824.175395865067,3004.2,holdout
Продовольственные товары,2026-01-01,2,False,2026-01-18,7.366345245,2339.126144045668,2369.1,holdout
Продовольственные товары,2026-02-01,2,False,2026-02-15,3.1684856850000003,2243.2749190375034,2322.8,holdout
Продовольственные товары,2026-03-01,2,False,2026-03-15,3.53160863,2504.667735459549,2637.6,holdout
Продовольственные товары,2026-04-01,2,False,2026-04-19,3.3218849749999997,2481.740016157012,2609.74,holdout
Продовольственные товары,2026-05-01,2,False,2026-05-17,2.151806295,2551.220931856366,2707.94,holdout
Продовольственные товары,2026-06-01,2,False,2026-06-21,3.89782009,2570.5983055387437,2703.43,holdout
Продовольственные товары,2026-07-01,2,False,2026-07-19,5.28184408,2722.409508773864,2824.59,holdout
Продовольственные товары,2026-08-01,2,False,2026-08-16,5.65096511,2700.385842729045,2816.95,holdout
Услуги,2024-01-01,2,False,2024-01-21,13.878275615,1328.8000468411888,1326.12,development
Услуги,2024-02-01,2,False,2024-02-18,16.140069564999997,1382.415248032195,1367.18,development
Услуги,2024-03-01,2,False,2024-03-17,14.77235023,1425.438158151531,1392.68,development
Услуги,2024-04-01,2,False,2024-04-21,14.994250990000001,1405.275744798196,1395.42,development
Услуги,2024-05-01,2,False,2024-05-19,13.096724755,1387.4366902769136,1408.28,development
Услуги,2024-06-01,2,False,2024-06-16,14.156994385,1420.227167143785,1425.11,development
Услуги,2024-07-01,2,False,2024-07-21,15.351454265000001,1446.4034201742616,1467.36,development
Услуги,2024-08-01,2,False,2024-08-18,14.870368984999999,1492.2005542258455,1507.46,development
Услуги,2024-09-01,2,False,2024-09-15,14.952502410000001,1480.553745290077,1487.24,development
Услуги,2024-10-01,2,False,2024-10-20,14.51948415,1482.06535607564,1495.97,development
Услуги,2024-11-01,2,False,2024-11-17,14.119829175,1489.4349504775125,1505.1,development
Услуги,2024-12-01,2,False,2024-12-15,15.06964615,1594.9918722497648,1605.11,development
Услуги,2025-01-01,2,False,2025-01-19,12.995071750000001,1498.4502454911,1530.19,development
Услуги,2025-02-01,2,False,2025-02-16,13.227131745000001,1548.0186997912913,1564.23,development
Услуги,2025-03-01,2,False,2025-03-16,13.636547570000001,1582.593470697876,1611.13,development
Услуги,2025-04-01,2,False,2025-04-20,14.503854115,1597.8096810915329,1631.85,development
Услуги,2025-05-01,2,False,2025-05-18,14.92249339,1618.430489912692,1621.92,development
Услуги,2025-06-01,2,False,2025-06-15,13.464796655,1616.9981636100704,1646.91,development
Услуги,2025-07-01,2,False,2025-07-20,11.428108915,1635.0514989751437,1665.44,development
Услуги,2025-08-01,2,False,2025-08-17,10.36779306,1663.750333262276,1712.97,development
Услуги,2025-09-01,2,False,2025-09-21,11.39847714,1656.7627114169359,1706.91,holdout
Услуги,2025-10-01,2,False,2025-10-19,10.895879775000001,1658.9690926700675,1714.65,holdout
Услуги,2025-11-01,2,False,2025-11-16,8.502558285,1633.0720047475347,1712.85,holdout
Услуги,2025-12-01,2,False,2025-12-21,8.78816518,1746.169718120698,1832.69,holdout
Услуги,2026-01-01,2,False,2026-01-18,9.741227785,1679.2492934432914,1739.09,holdout
Услуги,2026-02-01,2,False,2026-02-15,8.618952575,1699.0502418639226,1783.61,holdout
Услуги,2026-03-01,2,False,2026-03-15,9.09978919,1757.7394335768472,1852.3,holdout
Услуги,2026-04-01,2,False,2026-04-19,6.95567632,1745.35620402792,1861.61,holdout
Услуги,2026-05-01,2,False,2026-05-17,8.591782255,1761.271834750296,1829.07,holdout
Услуги,2026-06-01,2,False,2026-06-21,10.27690165,1816.161320964015,1847.7,holdout
Услуги,2026-07-01,2,False,2026-07-19,9.40581555,1822.08821449592,1843.8,holdout
Услуги,2026-08-01,2,False,2026-08-16,10.992441925,1901.2672324426724,1901.77,holdout
Всего,2024-01-01,2,True,2024-01-21,14.61023806,5533.542747870084,5616.17,development
Всего,2024-02-01,2,True,2024-02-18,18.250133807046634,5680.9492783313735,5752.28,development
Всего,2024-03-01,2,True,2024-03-17,19.205484314469253,6194.048091012568,6152.03,development
Всего,2024-04-01,2,True,2024-04-21,16.437645907159503,6034.427574196904,6066.07,development
Всего,2024-05-01,2,True,2024-05-19,15.09959970595587,6097.458844222865,6198.27,development
Всего,2024-06-01,2,True,2024-06-16,16.22592302820347,6289.135788756026,6284.08,development
Всего,2024-07-01,2,True,2024-07-21,16.25542572258396,6517.116408412045,6522.62,development
Всего,2024-08-01,2,True,2024-08-18,15.12867821173851,6717.82745086187,6702.73,development
Всего,2024-09-01,2,True,2024-09-15,14.514942011365973,6565.267591947824,6578.21,development
Всего,2024-10-01,2,True,2024-10-20,13.737758676443388,6644.730468515836,6625.54,development
Всего,2024-11-01,2,True,2024-11-17,13.024770633493048,6519.065325552739,6606.26,development
Всего,2024-12-01,2,True,2024-12-15,15.127009070924464,7643.074903602347,7602.34,development
Всего,2025-01-01,2,True,2025-01-19,19.83540939750327,6730.16031195976,6491.3,development
Всего,2025-02-01,2,True,2025-02-16,12.007937109267134,6443.010164748951,6467.93,development
Всего,2025-03-01,2,True,2025-03-16,10.683692967448923,6809.293996465348,7047.41,development
Всего,2025-04-01,2,True,2025-04-20,11.869794047763135,6786.100015793145,6979.66,development
Всего,2025-05-01,2,True,2025-05-18,14.030498705244417,7067.918192097554,7131.57,development
Всего,2025-06-01,2,True,2025-06-15,12.528200237662807,7071.362125494921,7184.09,development
Всего,2025-07-01,2,True,2025-07-20,10.430272772302875,7202.947057900782,7481.62,development
Всего,2025-08-01,2,True,2025-08-17,11.316141196309587,7461.220390807402,7665.84,development
Всего,2025-09-01,2,True,2025-09-21,11.552698107730619,7338.170742192546,7436.81,holdout
Всего,2025-10-01,2,True,2025-10-19,11.705944273295271,7401.122020204888,7664.67,holdout
Всего,2025-11-01,2,True,2025-11-16,10.001443831664854,7266.981383273743,7394.23,holdout
Всего,2025-12-01,2,True,2025-12-21,10.691974581880588,8415.18026042814,8596.67,holdout
Всего,2026-01-01,2,True,2026-01-18,16.014185303500433,7530.828810606124,7112.24,holdout
Всего,2026-02-01,2,True,2026-02-15,11.17075413712803,7190.446558061545,7082.19,holdout
Всего,2026-03-01,2,True,2026-03-15,10.95847152436674,7819.698418055374,7942.05,holdout
Всего,2026-04-01,2,True,2026-04-19,9.845705771304615,7666.856787437439,7848.24,holdout
Всего,2026-05-01,2,True,2026-05-17,11.681483159745511,7964.643148575463,8050.49,holdout
Всего,2026-06-01,2,True,2026-06-21,12.935545948586523,8113.39126293781,8123.64,holdout
Всего,2026-07-01,2,True,2026-07-19,13.662805136105202,8503.819161623875,8384.09,holdout
Всего,2026-08-01,2,True,2026-08-16,12.985153546962866,8661.261094664498,8625.05,holdout
Непродовольственные товары,2024-01-01,2,True,2024-01-21,17.37722546,2070.6398966173138,2110.47,development
Непродовольственные товары,2024-02-01,2,True,2024-02-18,22.27303894431098,2112.2667477629725,2152.72,development
Непродовольственные товары,2024-03-01,2,True,2024-03-17,23.990237418390613,2357.265196727217,2371.53,development
Непродовольственные товары,2024-04-01,2,True,2024-04-21,21.572358314442415,2321.752427381727,2300.62,development
Непродовольственные товары,2024-05-01,2,True,2024-05-19,16.52022587207537,2295.0289768667453,2340.98,development
Непродовольственные товары,2024-06-01,2,True,2024-06-16,19.39435886613395,2443.9547682462153,2395.95,development
Непродовольственные товары,2024-07-01,2,True,2024-07-21,16.76437486876938,2546.25736988828,2519.09,development
Непродовольственные товары,2024-08-01,2,True,2024-08-18,15.954505673722787,2693.8434803613604,2622.9,development
Непродовольственные товары,2024-09-01,2,True,2024-09-15,13.475231392936543,2558.707602586769,2588.67,development
Непродовольственные товары,2024-10-01,2,True,2024-10-20,12.480121969436803,2592.138154822262,2568.95,development
Непродовольственные товары,2024-11-01,2,True,2024-11-17,10.859027225111282,2452.112994997681,2518.37,development
Непродовольственные товары,2024-12-01,2,True,2024-12-15,14.331864726809577,2898.907296521202,2891.12,development
Непродовольственные товары,2025-01-01,2,True,2025-01-19,17.241720786496064,2474.3513446827633,2391.62,development
Непродовольственные товары,2025-02-01,2,True,2025-02-16,10.213687470474351,2372.5920929143954,2348.2,development
Непродовольственные товары,2025-03-01,2,True,2025-03-16,8.24848226774633,2567.1452315242846,2598.56,development
Непродовольственные товары,2025-04-01,2,True,2025-04-20,8.172084155985372,2488.628602509431,2509.81,development
Непродовольственные товары,2025-05-01,2,True,2025-05-18,11.362920782400968,2606.9837029318505,2563.49,development
Непродовольственные товары,2025-06-01,2,True,2025-06-15,8.694212503034615,2604.2589844664576,2632.21,development
Непродовольственные товары,2025-07-01,2,True,2025-07-20,6.42087425885302,2680.837601367341,2791.6,development
Непродовольственные товары,2025-08-01,2,True,2025-08-17,7.504196406022293,2819.7275675335586,2938.85,development
Непродовольственные товары,2025-09-01,2,True,2025-09-21,8.182194712415104,2800.480019861876,2846.68,holdout
Непродовольственные товары,2025-10-01,2,True,2025-10-19,7.790999803173166,2769.096889443617,2980.33,holdout
Непродовольственные товары,2025-11-01,2,True,2025-11-16,5.777087185717847,2663.8584305589625,2803.17,holdout
Непродовольственные товары,2025-12-01,2,True,2025-12-21,9.908804474899123,3177.5954279347034,3271.22,holdout
Непродовольственные товары,2026-01-01,2,True,2026-01-18,17.184491894482914,2802.6077450468324,2543.0,holdout
Непродовольственные товары,2026-02-01,2,True,2026-02-15,10.619417893874328,2597.5651709839567,2521.6,holdout
Непродовольственные товары,2026-03-01,2,True,2026-03-15,9.36813138084792,2841.9965148101614,2953.8,holdout
Непродовольственные товары,2026-04-01,2,True,2026-04-19,9.133336343090823,2739.0393888725275,2866.49,holdout
Непродовольственные товары,2026-05-01,2,True,2026-05-17,13.75795949536312,2916.1739158676837,2992.86,holdout
Непродовольственные товары,2026-06-01,2,True,2026-06-21,16.49443375976961,3066.378134868032,3069.71,holdout
Непродовольственные товары,2026-07-01,2,True,2026-07-19,17.091445084630944,3268.724780982557,3212.84,holdout
Непродовольственные товары,2026-08-01,2,True,2026-08-16,15.833706925646718,3404.1788959843684,3376.62,holdout
Общественное питание,2024-01-01,2,True,2024-01-21,16.724930445,254.07515609963144,255.91,development
Общественное питание,2024-02-01,2,True,2024-02-18,22.0184977765347,253.8228790747475,261.36,development
Общественное питание,2024-03-01,2,True,2024-03-17,22.577909557996826,278.9015176173102,273.77,development
Общественное питание,2024-04-01,2,True,2024-04-21,21.77698323132961,277.3105462143838,279.4,development
Общественное питание,2024-05-01,2,True,2024-05-19,19.570770847922514,279.24557823823824,282.57,development
Общественное питание,2024-06-01,2,True,2024-06-16,21.677429899107555,280.9288501510595,287.66,development
Общественное питание,2024-07-01,2,True,2024-07-21,24.181460567518123,289.2807123920335,294.91,development
Общественное питание,2024-08-01,2,True,2024-08-18,25.15561774530604,298.9717396699871,307.4,development
Общественное питание,2024-09-01,2,True,2024-09-15,24.103468761411964,318.1392421698796,313.02,development
Общественное питание,2024-10-01,2,True,2024-10-20,22.331992499023702,320.2039903661945,319.03,development
Общественное питание,2024-11-01,2,True,2024-11-17,21.39382821676069,308.3160449049288,311.48,development
Общественное питание,2024-12-01,2,True,2024-12-15,24.785813867949802,348.2772065054479,345.65,development
Общественное питание,2025-01-01,2,True,2025-01-19,22.74788089366399,314.12410199497555,390.85,development
Общественное питание,2025-02-01,2,True,2025-02-16,23.642443004742415,323.1518890371948,381.12,development
Общественное питание,2025-03-01,2,True,2025-03-16,25.869339734116625,344.5924913900911,418.49,development
Общественное питание,2025-04-01,2,True,2025-04-20,34.029487384839285,374.47838775324095,436.05,development
Общественное питание,2025-05-01,2,True,2025-05-18,42.406448951379716,402.39790280191363,448.69,development
Общественное питание,2025-06-01,2,True,2025-06-15,46.087479212533964,420.2352427027752,430.81,development
Общественное питание,2025-07-01,2,True,2025-07-20,48.996308956533625,439.4050147437133,438.76,development
Общественное питание,2025-08-01,2,True,2025-08-17,49.593663894098455,459.8509228104586,458.06,development
Общественное питание,2025-09-01,2,True,2025-09-21,51.1644997461348,473.1751171053512,466.02,holdout
Общественное питание,2025-10-01,2,True,2025-10-19,49.55863742534737,477.13692097808564,472.28,holdout
Общественное питание,2025-11-01,2,True,2025-11-16,46.84232936539698,457.3844875073386,440.39,holdout
Общественное питание,2025-12-01,2,True,2025-12-21,41.2600872953554,488.2654917363959,488.56,holdout
Общественное питание,2026-01-01,2,True,2026-01-18,44.33682997196796,564.1404999454368,461.05,holdout
Общественное питание,2026-02-01,2,True,2026-02-15,39.771297619262015,532.6963694865314,454.18,holdout
Общественное питание,2026-03-01,2,True,2026-03-15,38.03790272989437,577.6748191343349,498.35,holdout
Общественное питание,2026-04-01,2,True,2026-04-19,28.668967323420325,561.0610320137744,510.4,holdout
Общественное питание,2026-05-01,2,True,2026-05-17,25.16106339218844,561.5851753344103,520.61,holdout
Общественное питание,2026-06-01,2,True,2026-06-21,17.7268594090356,507.1790830200663,502.8,holdout
Общественное питание,2026-07-01,2,True,2026-07-19,14.0315434190397,500.32479990537854,502.87,holdout
Общественное питание,2026-08-01,2,True,2026-08-16,13.84304088537602,521.4694330795534,529.71,holdout
Продовольственные товары,2024-01-01,2,True,2024-01-21,10.887501585,1862.377766620392,1923.67,development
Продовольственные товары,2024-02-01,2,True,2024-02-18,15.630435847592967,1940.694983091661,1971.02,development
Продовольственные товары,2024-03-01,2,True,2024-03-17,16.80565010883452,2132.205378781698,2114.05,development
Продовольственные товары,2024-04-01,2,True,2024-04-21,12.98406820661619,2059.710861813434,2090.63,development
Продовольственные товары,2024-05-01,2,True,2024-05-19,16.123975281670283,2168.731362360474,2166.44,development
Продовольственные товары,2024-06-01,2,True,2024-06-16,14.887066536789291,2170.4349723063697,2175.37,development
Продовольственные товары,2024-07-01,2,True,2024-07-21,16.53881424939031,2258.895144358782,2241.26,development
Продовольственные товары,2024-08-01,2,True,2024-08-18,14.338344050641226,2256.9931762220376,2264.97,development
Продовольственные товары,2024-09-01,2,True,2024-09-15,14.504724067790363,2214.4412101642183,2189.28,development
Продовольственные товары,2024-10-01,2,True,2024-10-20,13.46581949012039,2248.5521448357163,2241.6,development
Продовольственные товары,2024-11-01,2,True,2024-11-17,13.699783028676531,2270.3231575817044,2271.31,development
Продовольственные товары,2024-12-01,2,True,2024-12-15,13.914119448138244,2777.328754853114,2760.46,development
Продовольственные товары,2025-01-01,2,True,2025-01-19,24.65884301944736,2398.024765512203,2178.64,development
Продовольственные товары,2025-02-01,2,True,2025-02-16,11.634737982350678,2200.3430125797286,2174.38,development
Продовольственные товары,2025-03-01,2,True,2025-03-16,9.973548902850723,2324.8958105807155,2419.23,development
Продовольственные товары,2025-04-01,2,True,2025-04-20,11.581068571672402,2332.747293879955,2401.95,development
Продовольственные товары,2025-05-01,2,True,2025-05-18,11.979551481285434,2425.9697951111602,2497.48,development
Продовольственные товары,2025-06-01,2,True,2025-06-15,11.508793549419225,2425.728842236001,2474.16,development
Продовольственные товары,2025-07-01,2,True,2025-07-20,9.184365214139076,2447.105503798414,2585.83,development
Продовольственные товары,2025-08-01,2,True,2025-08-17,10.893550133042302,2511.705642448368,2555.95,development
Продовольственные товары,2025-09-01,2,True,2025-09-21,9.662076602388463,2400.8099106407703,2417.2,holdout
Продовольственные товары,2025-10-01,2,True,2025-10-19,10.22507561309291,2470.8052949430908,2497.41,holdout
Продовольственные товары,2025-11-01,2,True,2025-11-16,9.393895283600102,2484.6744829659374,2437.83,holdout
Продовольственные товары,2025-12-01,2,True,2025-12-21,6.2979320523630715,2934.3118951326614,3004.2,holdout
Продовольственные товары,2026-01-01,2,True,2026-01-18,11.993844481936408,2439.9426934212593,2369.1,holdout
Продовольственные товары,2026-02-01,2,True,2026-02-15,7.348206127447793,2334.1579243939996,2322.8,holdout
Продовольственные товары,2026-03-01,2,True,2026-03-15,7.4720044540429775,2599.9949733535436,2637.6,holdout
Продовольственные товары,2026-04-01,2,True,2026-04-19,7.627042826657912,2585.1477551749094,2609.74,holdout
Продовольственные товары,2026-05-01,2,True,2026-05-17,6.60650547937687,2662.4761530463416,2707.94,holdout
Продовольственные товары,2026-06-01,2,True,2026-06-21,8.875025456387407,2693.7423298317544,2703.43,holdout
Продовольственные товары,2026-07-01,2,True,2026-07-19,9.886293302829731,2841.4727381125617,2824.59,holdout
Продовольственные товары,2026-08-01,2,True,2026-08-16,10.315607736266301,2819.611775935098,2816.95,holdout
Услуги,2024-01-01,2,True,2024-01-21,13.878275615,1328.8000468411888,1326.12,development
Услуги,2024-02-01,2,True,2024-02-18,15.054000628969105,1369.4877694866193,1367.18,development
Услуги,2024-03-01,2,True,2024-03-17,13.56414436051585,1410.4326037142987,1392.68,development
Услуги,2024-04-01,2,True,2024-04-21,13.66352842071183,1389.0137827124668,1395.42,development
Услуги,2024-05-01,2,True,2024-05-19,11.870203189080625,1372.3900916626844,1408.28,development
Услуги,2024-06-01,2,True,2024-06-16,13.318576015505252,1409.7964042089009,1425.11,development
Услуги,2024-07-01,2,True,2024-07-21,14.75146436915356,1438.8800868712535,1467.36,development
Услуги,2024-08-01,2,True,2024-08-18,14.654738548908046,1489.39945017188,1507.46,development
Услуги,2024-09-01,2,True,2024-09-15,15.192517955648466,1483.6450735133656,1487.24,development
Услуги,2024-10-01,2,True,2024-10-20,15.215119309743075,1491.0679880589712,1495.97,development
Услуги,2024-11-01,2,True,2024-11-17,15.131229247527637,1502.635238524107,1505.1,development
Услуги,2024-12-01,2,True,2024-12-15,16.096058769561946,1609.219080210775,1605.11,development
Услуги,2025-01-01,2,True,2025-01-19,14.076979130966205,1512.7976356515687,1530.19,development
Услуги,2025-02-01,2,True,2025-02-16,14.366566305642703,1563.596821217486,1564.23,development
Услуги,2025-03-01,2,True,2025-03-16,14.73248933928237,1597.8564325303178,1611.13,development
Услуги,2025-04-01,2,True,2025-04-20,15.724651451304945,1614.8449312817995,1631.85,development
Услуги,2025-05-01,2,True,2025-05-18,16.39244706126953,1639.1315534744465,1621.92,development
Услуги,2025-06-01,2,True,2025-06-15,14.83590733849192,1636.5379990715821,1646.91,development
Услуги,2025-07-01,2,True,2025-07-20,13.19542277549612,1660.98435563852,1665.44,development
Услуги,2025-08-01,2,True,2025-08-17,12.203756767696678,1691.4267517703204,1712.97,development
Услуги,2025-09-01,2,True,2025-09-21,13.53298675001642,1688.5079921409442,1706.91,holdout
Услуги,2025-10-01,2,True,2025-10-19,13.291179903928121,1694.8020640087934,1714.65,holdout
Услуги,2025-11-01,2,True,2025-11-16,11.066084246330801,1671.6556339915248,1712.85,holdout
Услуги,2025-12-01,2,True,2025-12-21,12.080087542866346,1799.0086931593016,1832.69,holdout
Услуги,2026-01-01,2,True,2026-01-18,13.435405633602766,1735.7772334648264,1739.09,holdout
Услуги,2026-02-01,2,True,2026-02-15,12.653221129754774,1762.155480877963,1783.61,holdout
Услуги,2026-03-01,2,True,2026-03-15,13.39342505837456,1826.91548914299,1852.3,holdout
Услуги,2026-04-01,2,True,2026-04-19,11.583070568964477,1820.8683370796468,1861.61,holdout
Услуги,2026-05-01,2,True,2026-05-17,13.545578091152398,1841.618440176019,1829.07,holdout
Услуги,2026-06-01,2,True,2026-06-21,15.062687655305943,1894.9789092639992,1847.7,holdout
Услуги,2026-07-01,2,True,2026-07-19,13.616246576813383,1892.210416988881,1843.8,holdout
Услуги,2026-08-01,2,True,2026-08-16,14.605288343323197,1963.1542077346235,1901.77,holdout
Всего,2024-01-01,3,False,2024-01-28,15.89823051,5595.728826545514,5616.17,development
Всего,2024-02-01,3,False,2024-02-25,20.160093923333335,5772.707200245995,5752.28,development
Всего,2024-03-01,3,False,2024-03-24,20.144119473333333,6242.820606365821,6152.03,development
Всего,2024-04-01,3,False,2024-04-28,18.67830723666667,6150.550743863144,6066.07,development
Всего,2024-05-01,3,False,2024-05-26,16.451319163333334,6169.066858337165,6198.27,development
Всего,2024-06-01,3,False,2024-06-23,18.014269436666666,6385.905537768301,6284.08,development
Всего,2024-07-01,3,False,2024-07-28,17.79784913,6603.582505239017,6522.62,development
Всего,2024-08-01,3,False,2024-08-25,16.325776063333336,6787.678828761139,6702.73,development
Всего,2024-09-01,3,False,2024-09-22,16.034393596666664,6652.379422729855,6578.21,development
Всего,2024-10-01,3,False,2024-10-27,15.743488036666667,6761.908186334122,6625.54,development
Всего,2024-11-01,3,False,2024-11-24,15.036782143333333,6635.114527819608,6606.26,development
Всего,2024-12-01,3,False,2024-12-22,16.576063446666666,7739.275015309996,7602.34,development
Всего,2025-01-01,3,False,2025-01-26,19.500364703333332,6711.343632359196,6491.3,development
Всего,2025-02-01,3,False,2025-02-23,14.019297909999999,6558.709269817348,6467.93,development
Всего,2025-03-01,3,False,2025-03-23,13.238800456666667,6966.484975734271,7047.41,development
Всего,2025-04-01,3,False,2025-04-27,13.410310663333334,6879.548832055264,6979.66,development
Всего,2025-05-01,3,False,2025-05-25,14.496073526666665,7096.775776581322,7131.57,development
Всего,2025-06-01,3,False,2025-06-22,12.428821963333334,7065.117115233436,7184.09,development
Всего,2025-07-01,3,False,2025-07-27,10.238823746666666,7190.459565464829,7481.62,development
Всего,2025-08-01,3,False,2025-08-24,9.761372286666667,7357.008428670092,7665.84,development
Всего,2025-09-01,3,False,2025-09-28,9.349634879999998,7193.248616639648,7436.81,holdout
Всего,2025-10-01,3,False,2025-10-26,8.431837119999999,7184.194741120447,7664.67,holdout
Всего,2025-11-01,3,False,2025-11-23,6.844608269999999,7058.432618297702,7394.23,holdout
Всего,2025-12-01,3,False,2025-12-28,6.285172743333334,8080.160201535527,8596.67,holdout
Всего,2026-01-01,3,False,2026-01-25,9.439499373333334,7104.046222821186,7112.24,holdout
Всего,2026-02-01,3,False,2026-02-22,6.615992213333333,6895.847745163851,7082.19,holdout
Всего,2026-03-01,3,False,2026-03-22,6.369116153333334,7496.267728701629,7942.05,holdout
Всего,2026-04-01,3,False,2026-04-26,5.526924623333334,7365.420547164947,7848.24,holdout
Всего,2026-05-01,3,False,2026-05-24,6.599855463333334,7602.243312266441,8050.49,holdout
Всего,2026-06-01,3,False,2026-06-28,8.782511283333333,7815.033514854822,8123.64,holdout
Всего,2026-07-01,3,False,2026-07-26,9.515988816666669,8193.570122505496,8384.09,holdout
Всего,2026-08-01,3,False,2026-08-23,9.076788689999999,8361.652098113496,8625.05,holdout
Непродовольственные товары,2024-01-01,3,False,2024-01-28,18.94994174,2098.3840272411658,2110.47,development
Непродовольственные товары,2024-02-01,3,False,2024-02-25,24.259416896666664,2146.5814268899167,2152.72,development
Непродовольственные товары,2024-03-01,3,False,2024-03-24,24.687493723333333,2370.521224419896,2371.53,development
Непродовольственные товары,2024-04-01,3,False,2024-04-28,23.00751058666667,2349.1605349309843,2300.62,development
Непродовольственные товары,2024-05-01,3,False,2024-05-26,17.77372683,2319.718433134412,2340.98,development
Непродовольственные товары,2024-06-01,3,False,2024-06-23,20.651823493333335,2469.6945661791365,2395.95,development
Непродовольственные товары,2024-07-01,3,False,2024-07-28,18.37240641,2581.3233921015876,2519.09,development
Непродовольственные товары,2024-08-01,3,False,2024-08-25,17.28981067,2724.865152504373,2622.9,development
Непродовольственные товары,2024-09-01,3,False,2024-09-22,15.647393836666666,2607.686824665462,2588.67,development
Непродовольственные товары,2024-10-01,3,False,2024-10-27,15.875592953333333,2670.387802287453,2568.95,development
Непродовольственные товары,2024-11-01,3,False,2024-11-24,14.586621033333335,2534.5643879605063,2518.37,development
Непродовольственные товары,2024-12-01,3,False,2024-12-22,17.012858923333333,2966.884440572901,2891.12,development
Непродовольственные товары,2025-01-01,3,False,2025-01-26,18.731040003333334,2505.7829799583487,2391.62,development
Непродовольственные товары,2025-02-01,3,False,2025-02-23,13.81533356,2450.125448612832,2348.2,development
Непродовольственные товары,2025-03-01,3,False,2025-03-23,12.874377783333335,2676.849731445085,2598.56,development
Непродовольственные товары,2025-04-01,3,False,2025-04-27,11.228207053333334,2558.938377110397,2509.81,development
Непродовольственные товары,2025-05-01,3,False,2025-05-25,14.560112526666666,2681.829322226761,2563.49,development
Непродовольственные товары,2025-06-01,3,False,2025-06-22,12.272641746666666,2689.99635992926,2632.21,development
Непродовольственные товары,2025-07-01,3,False,2025-07-27,10.305140326666667,2778.6857594550274,2791.6,development
Непродовольственные товары,2025-08-01,3,False,2025-08-24,10.428343096666667,2896.42501108247,2938.85,development
Непродовольственные товары,2025-09-01,3,False,2025-09-28,10.483589046666667,2860.055524574346,2846.68,holdout
Непродовольственные товары,2025-10-01,3,False,2025-10-26,8.695872336666667,2792.342612392798,2980.33,holdout
Непродовольственные товары,2025-11-01,3,False,2025-11-23,6.908572446666668,2692.3534159251194,2803.17,holdout
Непродовольственные товары,2025-12-01,3,False,2025-12-28,8.650747953333333,3141.2235042284105,3271.22,holdout
Непродовольственные товары,2026-01-01,3,False,2026-01-25,12.63179942,2693.724641288604,2543.0,holdout
Непродовольственные товары,2026-02-01,3,False,2026-02-22,8.261477000000001,2542.1960029139996,2521.6,holdout
Непродовольственные товары,2026-03-01,3,False,2026-03-22,7.7603079033333335,2800.2162570528585,2953.8,holdout
Непродовольственные товары,2026-04-01,3,False,2026-04-26,8.08404129,2712.7040767005487,2866.49,holdout
Непродовольственные товары,2026-05-01,3,False,2026-05-24,11.386687163333333,2855.3865867633335,2992.86,holdout
Непродовольственные товары,2026-06-01,3,False,2026-06-28,14.396673936666666,3011.1606910283335,3069.71,holdout
Непродовольственные товары,2026-07-01,3,False,2026-07-26,15.145000376666667,3214.3878305150265,3212.84,holdout
Непродовольственные товары,2026-08-01,3,False,2026-08-23,13.068005653333335,3322.899084142987,3376.62,holdout
Общественное питание,2024-01-01,3,False,2024-01-28,17.196225366666667,255.10102375562334,255.91,development
Общественное питание,2024-02-01,3,False,2024-02-25,23.143028666666666,256.1621282324,261.36,development
Общественное питание,2024-03-01,3,False,2024-03-24,21.5355157,276.52975887221004,273.77,development
Общественное питание,2024-04-01,3,False,2024-04-28,21.865563996666666,277.5122623332093,279.4,development
Общественное питание,2024-05-01,3,False,2024-05-26,19.212127589999998,278.40800277368595,282.57,development
Общественное питание,2024-06-01,3,False,2024-06-23,21.569581653333334,280.679850121216,287.66,development
Общественное питание,2024-07-01,3,False,2024-07-28,23.277698490000002,287.175398632455,294.91,development
Общественное питание,2024-08-01,3,False,2024-08-25,23.466934373333334,294.9378128310187,307.4,development
Общественное питание,2024-09-01,3,False,2024-09-22,21.61883344333333,311.769879531985,313.02,development
Общественное питание,2024-10-01,3,False,2024-10-27,20.186379036666665,314.587847128475,319.03,development
Общественное питание,2024-11-01,3,False,2024-11-24,19.298971236666667,302.995527146886,311.48,development
Общественное питание,2024-12-01,3,False,2024-12-22,22.262054273333334,341.2333934768734,345.65,development
Общественное питание,2025-01-01,3,False,2025-01-26,19.291278090000002,305.278309760119,390.85,development
Общественное питание,2025-02-01,3,False,2025-02-23,16.02523191,303.24354611997603,381.12,development
Общественное питание,2025-03-01,3,False,2025-03-23,14.960084253333333,314.72622266035063,418.49,development
Общественное питание,2025-04-01,3,False,2025-04-27,16.22969331666667,324.74576312676663,436.05,development
Общественное питание,2025-05-01,3,False,2025-05-25,17.784524516666668,332.823730926745,448.69,development
Общественное питание,2025-06-01,3,False,2025-06-22,15.111026396666666,331.12837853265137,430.81,development
Общественное питание,2025-07-01,3,False,2025-07-27,12.858518926666667,332.8310581666327,438.76,development
Общественное питание,2025-08-01,3,False,2025-08-24,13.134469463333334,347.7753591302867,458.06,development
Общественное питание,2025-09-01,3,False,2025-09-28,13.57090093,355.49963409108597,466.02,holdout
Общественное питание,2025-10-01,3,False,2025-10-26,12.065534193333335,357.5226737369913,472.28,holdout
Общественное питание,2025-11-01,3,False,2025-11-23,9.718236296666667,341.75036241685734,440.39,holdout
Общественное питание,2025-12-01,3,False,2025-12-28,6.152693070000001,366.91678359645493,488.56,holdout
Общественное питание,2026-01-01,3,False,2026-01-25,10.714806683333334,432.72882192180833,461.05,holdout
Общественное питание,2026-02-01,3,False,2026-02-22,11.803596806666667,426.10586814956804,454.18,holdout
Общественное питание,2026-03-01,3,False,2026-03-22,13.223433556666668,473.8287470912943,498.35,holdout
Общественное питание,2026-04-01,3,False,2026-04-26,10.285273266666666,480.8989340793,510.4,holdout
Общественное питание,2026-05-01,3,False,2026-05-24,9.250507990000001,490.196104300331,520.61,holdout
Общественное питание,2026-06-01,3,False,2026-06-28,7.06978768,461.267352304208,502.8,holdout
Общественное питание,2026-07-01,3,False,2026-07-26,7.343003483333334,470.97816208347336,502.87,holdout
Общественное питание,2026-08-01,3,False,2026-08-23,7.240603336666666,491.22630764393534,529.71,holdout
Продовольственные товары,2024-01-01,3,False,2024-01-28,12.07102954,1882.2553553302077,1923.67,development
Продовольственные товары,2024-02-01,3,False,2024-02-25,15.587089876666667,1939.9674816540225,1971.02,development
Продовольственные товары,2024-03-01,3,False,2024-03-24,15.892349273333332,2115.533711340209,2114.05,development
Продовольственные товары,2024-04-01,3,False,2024-04-28,13.941507196666668,2077.165070345953,2090.63,development
Продовольственные товары,2024-05-01,3,False,2024-05-26,15.286312006666668,2153.087163036507,2166.44,development
Продовольственные товары,2024-06-01,3,False,2024-06-23,15.16080061,2175.6063290440593,2175.37,development
Продовольственные товары,2024-07-01,3,False,2024-07-28,16.267111646666667,2253.628678469669,2241.26,development
Продовольственные товары,2024-08-01,3,False,2024-08-25,14.169186893333332,2253.6540815996427,2264.97,development
Продовольственные товары,2024-09-01,3,False,2024-09-22,14.670613736666667,2217.649400237518,2189.28,development
Продовольственные товары,2024-10-01,3,False,2024-10-27,14.184528486666666,2262.7948010202736,2241.6,development
Продовольственные товары,2024-11-01,3,False,2024-11-24,14.429575443333334,2284.895433579847,2271.31,development
Продовольственные товары,2024-12-01,3,False,2024-12-22,14.436838983333333,2790.0731275687517,2760.46,development
Продовольственные товары,2025-01-01,3,False,2025-01-26,21.831045266666667,2343.6272684812866,2178.64,development
Продовольственные товары,2025-02-01,3,False,2025-02-23,13.377022833333333,2234.683795449567,2174.38,development
Продовольственные товары,2025-03-01,3,False,2025-03-23,12.601174696666666,2380.4451336748816,2419.23,development
Продовольственные товары,2025-04-01,3,False,2025-04-27,14.357367090000002,2390.789423593667,2401.95,development
Продовольственные товары,2025-05-01,3,False,2025-05-25,13.078807160000002,2449.784509837104,2497.48,development
Продовольственные товары,2025-06-01,3,False,2025-06-22,11.850981126666667,2433.1726881351688,2474.16,development
Продовольственные товары,2025-07-01,3,False,2025-07-27,9.458013973333331,2453.2386839787305,2585.83,development
Продовольственные товары,2025-08-01,3,False,2025-08-24,8.618071843333334,2460.166741829947,2555.95,development
Продовольственные товары,2025-09-01,3,False,2025-09-28,6.87886461,2339.8776071338084,2417.2,holdout
Продовольственные товары,2025-10-01,3,False,2025-10-26,6.6058191766666665,2389.67604266416,2497.41,holdout
Продовольственные товары,2025-11-01,3,False,2025-11-23,5.3753439,2393.40072353509,2437.83,holdout
Продовольственные товары,2025-12-01,3,False,2025-12-28,2.4346758533333333,2827.668253060925,3004.2,holdout
Продовольственные товары,2026-01-01,3,False,2026-01-25,6.141383893333334,2312.4386460537175,2369.1,holdout
Продовольственные товары,2026-02-01,3,False,2026-02-22,3.4048308666666665,2248.413961398627,2322.8,holdout
Продовольственные товары,2026-03-01,3,False,2026-03-22,3.3663218,2500.66906688214,2637.6,holdout
Продовольственные товары,2026-04-01,3,False,2026-04-26,2.53521393,2462.844570991635,2609.74,holdout
Продовольственные товары,2026-05-01,3,False,2026-05-24,1.8868229666666665,2544.603026227907,2707.94,holdout
Продовольственные товары,2026-06-01,3,False,2026-06-28,4.585965219999999,2587.624117087152,2703.43,holdout
Продовольственные товары,2026-07-01,3,False,2026-07-26,5.530897293333333,2728.8496014802013,2824.59,holdout
Продовольственные товары,2026-08-01,3,False,2026-08-23,6.560540043333333,2723.634123237578,2816.95,holdout
Услуги,2024-01-01,3,False,2024-01-28,14.291395936666666,1333.6205826265884,1326.12,development
Услуги,2024-02-01,3,False,2024-02-25,16.223413779999998,1383.40729422334,1367.18,development
Услуги,2024-03-01,3,False,2024-03-24,14.429698853333335,1421.1825308487441,1392.68,development
Услуги,2024-04-01,3,False,2024-04-28,14.944341313333334,1404.6658285854587,1395.42,development
Услуги,2024-05-01,3,False,2024-05-26,13.211757623333334,1388.8478789957662,1408.28,development
Услуги,2024-06-01,3,False,2024-06-23,14.356411979999999,1422.7081214431798,1425.11,development
Услуги,2024-07-01,3,False,2024-07-28,15.55547514,1448.961658327974,1467.36,development
Услуги,2024-08-01,3,False,2024-08-25,14.70738027,1490.083281921381,1507.46,development
Услуги,2024-09-01,3,False,2024-09-22,14.999539143333335,1481.1595643043904,1487.24,development
Услуги,2024-10-01,3,False,2024-10-27,14.545265093333333,1482.3990027318828,1495.97,development
Услуги,2024-11-01,3,False,2024-11-24,14.06843551,1488.7641860587648,1505.1,development
Услуги,2024-12-01,3,False,2024-12-22,15.161632313333333,1596.2669016583448,1605.11,development
Услуги,2025-01-01,3,False,2025-01-26,13.43380028,1504.268312273136,1530.19,development
Услуги,2025-02-01,3,False,2025-02-23,13.363992466666668,1549.8898322057732,1564.23,development
Услуги,2025-03-01,3,False,2025-03-23,13.822003296666667,1585.1762755120176,1611.13,development
Услуги,2025-04-01,3,False,2025-04-27,14.398671186666666,1596.341937472984,1631.85,development
Услуги,2025-05-01,3,False,2025-05-25,14.727095999999998,1615.6787475488,1621.92,development
Услуги,2025-06-01,3,False,2025-06-22,12.948049266666667,1609.6339449041932,1646.91,development
Услуги,2025-07-01,3,False,2025-07-27,11.473065056666664,1635.7111674155037,1665.44,development
Услуги,2025-08-01,3,False,2025-08-24,10.646704563333333,1667.9548126104248,1712.97,development
Услуги,2025-09-01,3,False,2025-09-28,11.508471686666667,1658.3985943127814,1706.91,holdout
Услуги,2025-10-01,3,False,2025-10-26,10.833091893333334,1658.0298047966985,1714.65,holdout
Услуги,2025-11-01,3,False,2025-11-23,8.808845746666666,1637.68193733308,1712.85,holdout
Услуги,2025-12-01,3,False,2025-12-28,8.361217746666666,1739.3167421735213,1832.69,holdout
Услуги,2026-01-01,3,False,2026-01-25,9.446287013333333,1674.7361392493256,1739.09,holdout
Услуги,2026-02-01,3,False,2026-02-22,9.40827282,1711.3970259322862,1783.61,holdout
Услуги,2026-03-01,3,False,2026-03-22,9.35020643,1761.7739808556591,1852.3,holdout
Услуги,2026-04-01,3,False,2026-04-26,7.976130473333334,1762.00848512909,1861.61,holdout
Услуги,2026-05-01,3,False,2026-05-24,7.61804183,1745.478544049136,1829.07,holdout
Услуги,2026-06-01,3,False,2026-06-28,10.470068146666666,1819.342599314268,1847.7,holdout
Услуги,2026-07-01,3,False,2026-07-26,9.61979709,1825.651948655696,1843.8,holdout
Услуги,2026-08-01,3,False,2026-08-23,10.990615749999998,1901.235950612775,1901.77,holdout
Всего,2024-01-01,3,True,2024-01-28,15.89823051,5595.728826545514,5616.17,development
Всего,2024-02-01,3,True,2024-02-25,18.240741580379968,5680.4980588562985,5752.28,development
Всего,2024-03-01,3,True,2024-03-24,18.525241877802586,6158.701945736687,6152.03,development
Всего,2024-04-01,3,True,2024-04-28,17.10371934382617,6068.947096481529,6066.07,development
Всего,2024-05-01,3,True,2024-05-26,14.860140419289204,6084.7733687820555,6198.27,development
Всего,2024-06-01,3,True,2024-06-23,16.90438464987014,6325.848229104518,6284.08,development
Всего,2024-07-01,3,True,2024-07-28,16.80703369258396,6548.038778959087,6522.62,development
Всего,2024-08-01,3,True,2024-08-25,15.143435865071844,6718.688568788462,6702.73,development
Всего,2024-09-01,3,True,2024-09-22,14.727382988032637,6577.447066825198,6578.21,development
Всего,2024-10-01,3,True,2024-10-27,14.471682908110056,6687.607423016151,6625.54,development
Всего,2024-11-01,3,True,2024-11-24,13.671234446826382,6556.352194670942,6606.26,development
Всего,2024-12-01,3,True,2024-12-22,15.187626157591131,7647.099162875391,7602.34,development
Всего,2025-01-01,3,True,2025-01-26,18.225066175836602,6639.720699047483,6491.3,development
Всего,2025-02-01,3,True,2025-02-23,12.486772494267134,6470.554116833229,6467.93,development
Всего,2025-03-01,3,True,2025-03-23,11.712507964115591,6872.58700370478,7047.41,development
Всего,2025-04-01,3,True,2025-04-27,12.233080611096467,6808.137233025539,6979.66,development
Всего,2025-05-01,3,True,2025-05-25,14.059142631911083,7069.693620010956,7131.57,development
Всего,2025-06-01,3,True,2025-06-22,12.153139495996141,7047.793008439994,7184.09,development
Всего,2025-07-01,3,True,2025-07-27,10.604098393969544,7214.285042664736,7481.62,development
Всего,2025-08-01,3,True,2025-08-24,11.367146017976253,7464.6391062907,7665.84,development
Всего,2025-09-01,3,True,2025-09-28,11.944822902730618,7363.965534669716,7436.81,holdout
Всего,2025-10-01,3,True,2025-10-26,11.50360665829527,7387.716060588016,7664.67,holdout
Всего,2025-11-01,3,True,2025-11-23,10.734903901664854,7315.435662494125,7394.23,holdout
Всего,2025-12-01,3,True,2025-12-28,10.840685325213922,8426.485756752867,8596.67,holdout
Всего,2026-01-01,3,True,2026-01-25,14.721696446833764,7446.9294814533205,7112.24,holdout
Всего,2026-02-01,3,True,2026-02-22,11.267421670461363,7196.698946450271,7082.19,holdout
Всего,2026-03-01,3,True,2026-03-22,10.768808757700075,7806.332105271031,7942.05,holdout
Всего,2026-04-01,3,True,2026-04-26,10.365170599637949,7703.11366627469,7848.24,holdout
Всего,2026-05-01,3,True,2026-05-24,11.324880893078845,7939.2118083065425,8050.49,holdout
Всего,2026-06-01,3,True,2026-06-28,13.595400796919858,8160.79582911144,8123.64,holdout
Всего,2026-07-01,3,True,2026-07-26,13.852287742771871,8517.995530220769,8384.09,holdout
Всего,2026-08-01,3,True,2026-08-23,13.697797041962868,8715.891204761605,8625.05,holdout
Непродовольственные товары,2024-01-01,3,True,2024-01-28,18.94994174,2098.3840272411658,2110.47,development
Непродовольственные товары,2024-02-01,3,True,2024-02-25,22.125688710977645,2109.721272482139,2152.72,development
Непродовольственные товары,2024-03-01,3,True,2024-03-24,23.069618461723948,2339.7626653087573,2371.53,development
Непродовольственные товары,2024-04-01,3,True,2024-04-28,21.77128268110908,2325.551425259017,2300.62,development
Непродовольственные товары,2024-05-01,3,True,2024-05-26,16.36762454707537,2292.0232801290153,2340.98,development
Непродовольственные товары,2024-06-01,3,True,2024-06-23,19.806412804467282,2452.389347542324,2395.95,development
Непродовольственные товары,2024-07-01,3,True,2024-07-28,17.48788823876938,2562.0348812451957,2519.09,development
Непродовольственные товары,2024-08-01,3,True,2024-08-25,15.939114038722787,2693.485903436204,2622.9,development
Непродовольственные товары,2024-09-01,3,True,2024-09-22,13.66259338960321,2562.932353304807,2588.67,development
Непродовольственные товары,2024-10-01,3,True,2024-10-27,13.629288872770136,2618.6210508596496,2568.95,development
Непродовольственные товары,2024-11-01,3,True,2024-11-24,12.045097108444617,2478.3479119611084,2518.37,development
Непродовольственные товары,2024-12-01,3,True,2024-12-22,14.48634047514291,2902.824060015344,2891.12,development
Непродовольственные товары,2025-01-01,3,True,2025-01-26,16.315363519829397,2454.800852476943,2391.62,development
Непродовольственные товары,2025-02-01,3,True,2025-02-23,11.081309590474351,2391.2695678160594,2348.2,development
Непродовольственные товары,2025-03-01,3,True,2025-03-23,10.011438611079663,2608.954270093338,2598.56,development
Непродовольственные товары,2025-04-01,3,True,2025-04-27,7.999404479318706,2484.655899332102,2509.81,development
Непродовольственные товары,2025-05-01,3,True,2025-05-25,11.642040719067634,2613.5178448252295,2563.49,development
Непродовольственные товары,2025-06-01,3,True,2025-06-22,8.54446032970128,2600.670997269478,2632.21,development
Непродовольственные товары,2025-07-01,3,True,2025-07-27,6.702307345519687,2687.927154110252,2791.6,development
Непродовольственные товары,2025-08-01,3,True,2025-08-24,7.712903217688961,2825.201738496764,2938.85,development
Непродовольственные товары,2025-09-01,3,True,2025-09-28,8.73385097908177,2814.760580140196,2846.68,holdout
Непродовольственные товары,2025-10-01,3,True,2025-10-26,7.4721982348398335,2760.907036553918,2980.33,holdout
Непродовольственные товары,2025-11-01,3,True,2025-11-23,7.228701342384515,2700.4154459962087,2803.17,holdout
Непродовольственные товары,2025-12-01,3,True,2025-12-28,10.320748493232456,3189.505223837542,3271.22,holdout
Непродовольственные товары,2026-01-01,3,True,2026-01-25,15.389363364482913,2759.675092097646,2543.0,holdout
Непродовольственные товары,2026-02-01,3,True,2026-02-22,10.030480743874328,2583.735748827657,2521.6,holdout
Непродовольственные товары,2026-03-01,3,True,2026-03-22,9.301665984181255,2840.26937159854,2953.8,holdout
Непродовольственные товары,2026-04-01,3,True,2026-04-26,10.688789458090822,2778.078306698109,2866.49,holdout
Непродовольственные товары,2026-05-01,3,True,2026-05-24,13.769637568696456,2916.473282109777,2992.86,holdout
Непродовольственные товары,2026-06-01,3,True,2026-06-28,16.877673526436276,3076.4658103302086,3069.71,holdout
Непродовольственные товары,2026-07-01,3,True,2026-07-26,17.21162449629761,3272.079709438644,3212.84,holdout
Непродовольственные товары,2026-08-01,3,True,2026-08-23,16.023843403980052,3409.766721877868,3376.62,holdout
Общественное питание,2024-01-01,3,True,2024-01-28,17.196225366666667,255.10102375562334,255.91,development
Общественное питание,2024-02-01,3,True,2024-02-25,22.31982692320137,254.44970396564347,261.36,development
Общественное питание,2024-03-01,3,True,2024-03-24,21.494698982996827,276.4368885960127,273.77,development
Общественное питание,2024-04-01,3,True,2024-04-28,21.767225627996275,277.2883262000731,279.4,development
Общественное питание,2024-05-01,3,True,2024-05-26,19.302264737922513,278.6185090689442,282.57,development
Общественное питание,2024-06-01,3,True,2024-06-23,22.243825497440888,282.2365443084915,287.66,development
Общественное питание,2024-07-01,3,True,2024-07-28,24.417684427518125,289.8309958739035,294.91,development
Общественное питание,2024-08-01,3,True,2024-08-25,25.166854788639373,298.99858271910176,307.4,development
Общественное питание,2024-09-01,3,True,2024-09-22,23.778287394745295,317.3056397364296,313.02,development
Общественное питание,2024-10-01,3,True,2024-10-27,22.592485865690367,320.8858317534445,319.03,development
Общественное питание,2024-11-01,3,True,2024-11-24,21.799366858427355,309.3460319470338,311.48,development
Общественное питание,2024-12-01,3,True,2024-12-22,25.028778506283135,348.95532081103624,345.65,development
Общественное питание,2025-01-01,3,True,2025-01-26,21.92226851866399,312.011277366113,390.85,development
Общественное питание,2025-02-01,3,True,2025-02-23,23.787735549742415,323.53162563280677,381.12,development
Общественное питание,2025-03-01,3,True,2025-03-23,26.91375910744996,347.4517983084657,418.49,development
Общественное питание,2025-04-01,3,True,2025-04-27,34.11484067150596,374.71686483618765,436.05,development
Общественное питание,2025-05-01,3,True,2025-05-25,42.066490148046384,401.4372812113346,448.69,development
Общественное питание,2025-06-01,3,True,2025-06-22,45.76315123920063,419.30228085468457,430.81,development
Общественное питание,2025-07-01,3,True,2025-07-27,49.12706703320029,439.790633387611,438.76,development
Общественное питание,2025-08-01,3,True,2025-08-24,49.71291480743179,460.2175001180453,458.06,development
Общественное питание,2025-09-01,3,True,2025-09-28,51.1344427011348,473.0810325430921,466.02,holdout
Общественное питание,2025-10-01,3,True,2025-10-26,49.389727638680704,476.598048085683,472.28,holdout
Общественное питание,2025-11-01,3,True,2025-11-23,46.36295073706364,455.8913189558059,440.39,holdout
Общественное питание,2025-12-01,3,True,2025-12-28,41.29796808535539,488.3964266870309,488.56,holdout
Общественное питание,2026-01-01,3,True,2026-01-25,45.6318949353013,569.2022613546252,461.05,holdout
Общественное питание,2026-02-01,3,True,2026-02-22,41.83627250592868,540.5664017745954,454.18,holdout
Общественное питание,2026-03-01,3,True,2026-03-22,38.32675908656104,578.8836541013493,498.35,holdout
Общественное питание,2026-04-01,3,True,2026-04-26,30.46265880008699,568.8824236977794,510.4,holdout
Общественное питание,2026-05-01,3,True,2026-05-24,24.42100172718844,558.2645926497219,520.61,holdout
Общественное питание,2026-06-01,3,True,2026-06-28,18.2339769940356,509.3637962880047,502.8,holdout
Общественное питание,2026-07-01,3,True,2026-07-26,14.425763172373031,502.0544784951039,502.87,holdout
Общественное питание,2026-08-01,3,True,2026-08-23,14.405479647042686,524.0457400712437,529.71,holdout
Продовольственные товары,2024-01-01,3,True,2024-01-28,12.07102954,1882.2553553302077,1923.67,development
Продовольственные товары,2024-02-01,3,True,2024-02-25,15.679852209259634,1941.5243675393297,1971.02,development
Продовольственные товары,2024-03-01,3,True,2024-03-24,16.38143861216785,2124.4616948580956,2114.05,development
Продовольственные товары,2024-04-01,3,True,2024-04-28,14.346909328282857,2084.5555917455295,2090.63,development
Продовольственные товары,2024-05-01,3,True,2024-05-26,15.677406218336952,2160.3912385336607,2166.44,development
Продовольственные товары,2024-06-01,3,True,2024-06-23,15.841339986789292,2188.4630108964247,2175.37,development
Продовольственные товары,2024-07-01,3,True,2024-07-28,16.988198576056977,2267.6056506394275,2241.26,development
Продовольственные товары,2024-08-01,3,True,2024-08-25,14.50537211897456,2260.29024347971,2264.97,development
Продовольственные товары,2024-09-01,3,True,2024-09-22,14.767997894457029,2219.532741680273,2189.28,development
Продовольственные товары,2024-10-01,3,True,2024-10-27,14.072140631787057,2260.5676109001242,2241.6,development
Продовольственные товары,2024-11-01,3,True,2024-11-24,14.044133082009866,2277.1990361416483,2271.31,development
Продовольственные товары,2024-12-01,3,True,2024-12-22,13.817968266471576,2774.9845025080167,2760.46,development
Продовольственные товары,2025-01-01,3,True,2025-01-26,21.286274351114027,2333.1476738100755,2178.64,development
Продовольственные товары,2025-02-01,3,True,2025-02-23,11.78912611068401,2203.386033466804,2174.38,development
Продовольственные товары,2025-03-01,3,True,2025-03-23,10.51731614951739,2336.3913220588724,2419.23,development
Продовольственные товары,2025-04-01,3,True,2025-04-27,12.696868391672403,2356.074539656821,2401.95,development
Продовольственные товары,2025-05-01,3,True,2025-05-25,11.925021731285433,2424.78844079526,2497.48,development
Продовольственные товары,2025-06-01,3,True,2025-06-22,11.198661281085894,2418.982317910358,2474.16,development
Продовольственные товары,2025-07-01,3,True,2025-07-27,9.240485142472409,2448.363297304177,2585.83,development
Продовольственные товары,2025-08-01,3,True,2025-08-24,10.497046226375636,2502.7249479135403,2555.95,development
Продовольственные товары,2025-09-01,3,True,2025-09-28,9.997675492388463,2408.157110019762,2417.2,holdout
Продовольственные товары,2025-10-01,3,True,2025-10-26,10.087685164759577,2467.7255506532506,2497.41,holdout
Продовольственные товары,2025-11-01,3,True,2025-11-23,9.367631338600102,2484.0779473567577,2437.83,holdout
Продовольственные товары,2025-12-01,3,True,2025-12-28,6.424463760696405,2937.80475232852,3004.2,holdout
Продовольственные товары,2026-01-01,3,True,2026-01-25,10.768883130269742,2413.2551954293085,2369.1,holdout
Продовольственные товары,2026-02-01,3,True,2026-02-22,7.58455130911446,2339.2969667551233,2322.8,holdout
Продовольственные товары,2026-03-01,3,True,2026-03-22,7.306717624042978,2595.996304776135,2637.6,holdout
Продовольственные товары,2026-04-01,3,True,2026-04-26,6.840371781657913,2566.252310009532,2609.74,holdout
Продовольственные товары,2026-05-01,3,True,2026-05-24,6.341522151043536,2655.858247417882,2707.94,holdout
Продовольственные товары,2026-06-01,3,True,2026-06-28,9.563170586387406,2710.7681413801624,2703.43,holdout
Продовольственные товары,2026-07-01,3,True,2026-07-26,10.135346516163064,2847.9128308188992,2824.59,holdout
Продовольственные товары,2026-08-01,3,True,2026-08-23,11.225182669599633,2842.860056443632,2816.95,holdout
Услуги,2024-01-01,3,True,2024-01-28,14.291395936666666,1333.6205826265884,1326.12,development
Услуги,2024-02-01,3,True,2024-02-25,15.137344843969105,1370.4798156777642,1367.18,development
Услуги,2024-03-01,3,True,2024-03-24,13.221492983849185,1406.1769764115118,1392.68,development
Услуги,2024-04-01,3,True,2024-04-28,13.613618744045162,1388.4038664997295,1395.42,development
Услуги,2024-05-01,3,True,2024-05-26,11.985236057413958,1373.801280381537,1408.28,development
Услуги,2024-06-01,3,True,2024-06-23,13.51799361050525,1412.2773585082957,1425.11,development
Услуги,2024-07-01,3,True,2024-07-28,14.955485244153559,1441.438325024966,1467.36,development
Услуги,2024-08-01,3,True,2024-08-25,14.491749833908047,1487.2821778674156,1507.46,development
Услуги,2024-09-01,3,True,2024-09-22,15.2395546889818,1484.2508925276788,1487.24,development
Услуги,2024-10-01,3,True,2024-10-27,15.240900253076408,1491.4016347152137,1495.97,development
Услуги,2024-11-01,3,True,2024-11-24,15.079835582527638,1501.9644741053596,1505.1,development
Услуги,2024-12-01,3,True,2024-12-22,16.188044932895277,1610.4941096193545,1605.11,development
Услуги,2025-01-01,3,True,2025-01-26,14.515707660966203,1518.6157024336048,1530.19,development
Услуги,2025-02-01,3,True,2025-02-23,14.50342702730937,1565.4679536319682,1564.23,development
Услуги,2025-03-01,3,True,2025-03-23,14.917945065949036,1600.4392373444591,1611.13,development
Услуги,2025-04-01,3,True,2025-04-27,15.619468522971612,1613.3771876632507,1631.85,development
Услуги,2025-05-01,3,True,2025-05-25,16.197049671269525,1636.3798111105543,1621.92,development
Услуги,2025-06-01,3,True,2025-06-22,14.319159950158586,1629.1737803657047,1646.91,development
Услуги,2025-07-01,3,True,2025-07-27,13.240378917162785,1661.6440240788797,1665.44,development
Услуги,2025-08-01,3,True,2025-08-24,12.482668271030011,1695.631231118469,1712.97,development
Услуги,2025-09-01,3,True,2025-09-28,13.642981296683086,1690.1438750367895,1706.91,holdout
Услуги,2025-10-01,3,True,2025-10-26,13.228392022261454,1693.8627761354246,1714.65,holdout
Услуги,2025-11-01,3,True,2025-11-23,11.372371707997468,1676.2655665770699,1712.85,holdout
Услуги,2025-12-01,3,True,2025-12-28,11.653140109533012,1792.1557172121254,1832.69,holdout
Услуги,2026-01-01,3,True,2026-01-25,13.140464861936099,1731.26407927086,1739.09,holdout
Услуги,2026-02-01,3,True,2026-02-22,13.442541374754775,1774.5022649463267,1783.61,holdout
Услуги,2026-03-01,3,True,2026-03-22,13.643842298374562,1830.9500364218022,1852.3,holdout
Услуги,2026-04-01,3,True,2026-04-26,12.603524722297811,1837.5206181808164,1861.61,holdout
Услуги,2026-05-01,3,True,2026-05-24,12.571837666152398,1825.825149474859,1829.07,holdout
Услуги,2026-06-01,3,True,2026-06-28,15.25585415197261,1898.1601876142522,1847.7,holdout
Услуги,2026-07-01,3,True,2026-07-26,13.830228116813384,1895.7741511486568,1843.8,holdout
Услуги,2026-08-01,3,True,2026-08-23,14.603462168323196,1963.122925904726,1901.77,holdout
Всего,2024-01-01,all,False,2024-02-04,16.5427417425,5626.846731166341,5616.17,development
Всего,2024-02-01,all,False,2024-03-03,20.45235088,5786.747750506784,5752.28,development
Всего,2024-03-01,all,False,2024-04-07,19.794268256,6224.641952276841,6152.03,development
Всего,2024-04-01,all,False,2024-05-05,18.7223371625,6152.832612381428,6066.07,development
Всего,2024-05-01,all,False,2024-06-02,16.96489718,6196.273910559091,6198.27,development
Всего,2024-06-01,all,False,2024-07-07,18.104911066,6390.810274165647,6284.08,development
Всего,2024-07-01,all,False,2024-08-04,17.7238854675,6599.4362058683955,6522.62,development
Всего,2024-08-01,all,False,2024-09-01,16.335417170000003,6788.2413931198025,6702.73,development
Всего,2024-09-01,all,False,2024-10-06,15.926886682,6646.21593305441,6578.21,development
Всего,2024-10-01,all,False,2024-11-03,15.6458641025,6756.204849664203,6625.54,development
Всего,2024-11-01,all,False,2024-12-01,14.636172735,6612.008098243877,6606.26,development
Всего,2024-12-01,all,False,2025-01-05,15.807011176,7688.219019354523,7602.34,development
Всего,2025-01-01,all,False,2025-02-02,18.495972845,6654.935278129036,6491.3,development
Всего,2025-02-01,all,False,2025-03-02,13.869232044999999,6550.077061078126,6467.93,development
Всего,2025-03-01,all,False,2025-04-06,13.646041874,6991.5385899010425,7047.41,development
Всего,2025-04-01,all,False,2025-05-04,12.8554505275,6845.890627813518,6979.66,development
Всего,2025-05-01,all,False,2025-06-01,14.189594822499998,7077.779399004571,7131.57,development
Всего,2025-06-01,all,False,2025-07-06,11.769910568,7023.710596021575,7184.09,development
Всего,2025-07-01,all,False,2025-08-03,10.1733317075,7186.187768619736,7481.62,development
Всего,2025-08-01,all,False,2025-09-07,9.860513848,7363.65361984405,7665.84,development
Всего,2025-09-01,all,False,2025-10-05,9.284515355,7188.964917534145,7436.81,holdout
Всего,2025-10-01,all,False,2025-11-02,8.567339664999999,7193.1725164404415,7664.67,holdout
Всего,2025-11-01,all,False,2025-12-07,7.068492028,7073.222961448952,7394.23,holdout
Всего,2025-12-01,all,False,2026-01-04,6.16700141,8071.176414992994,8596.67,holdout
Всего,2026-01-01,all,False,2026-02-01,8.820983015,7063.896470452695,7112.24,holdout
Всего,2026-02-01,all,False,2026-03-01,6.4990242799999995,6888.282341113404,7082.19,holdout
Всего,2026-03-01,all,False,2026-04-05,6.295605,7491.0870963305,7942.05,holdout
Всего,2026-04-01,all,False,2026-05-03,6.0074059,7398.956506639939,7848.24,holdout
Всего,2026-05-01,all,False,2026-06-07,7.4989225620000015,7666.360911754823,8050.49,holdout
Всего,2026-06-01,all,False,2026-07-05,9.0254872525,7832.489127158128,8123.64,holdout
Всего,2026-07-01,all,False,2026-08-02,9.609494512500001,8200.565863346103,8384.09,holdout
Всего,2026-08-01,all,False,2026-09-06,9.375622078000001,8384.560187504156,8625.05,holdout
Непродовольственные товары,2024-01-01,all,False,2024-02-04,19.667032555,2111.0341545994993,2110.47,development
Непродовольственные товары,2024-02-01,all,False,2024-03-03,24.685077704999998,2153.934717353875,2152.72,development
Непродовольственные товары,2024-03-01,all,False,2024-04-07,24.450192981999997,2366.0097339158892,2371.53,development
Непродовольственные товары,2024-04-01,all,False,2024-05-05,22.721289425000002,2343.6943690518224,2300.62,development
Непродовольственные товары,2024-05-01,all,False,2024-06-02,18.7002528625,2337.9676604809447,2340.98,development
Непродовольственные товары,2024-06-01,all,False,2024-07-07,20.441823682,2465.3959540410674,2395.95,development
Непродовольственные товары,2024-07-01,all,False,2024-08-04,18.3476045275,2580.7825424102866,2519.09,development
Непродовольственные товары,2024-08-01,all,False,2024-09-01,16.7757352725,2712.922204277193,2622.9,development
Непродовольственные товары,2024-09-01,all,False,2024-10-06,16.082683592000002,2617.5019992425714,2588.67,development
Непродовольственные товары,2024-10-01,all,False,2024-11-03,15.500716335,2661.748658154976,2568.95,development
Непродовольственные товары,2024-11-01,all,False,2024-12-01,13.611507922500001,2512.9956660393623,2518.37,development
Непродовольственные товары,2024-12-01,all,False,2025-01-05,16.752323304,2960.278507837581,2891.12,development
Непродовольственные товары,2025-01-01,all,False,2025-02-02,18.06081276,2491.6380350559716,2391.62,development
Непродовольственные товары,2025-02-01,all,False,2025-03-02,13.7290356025,2448.2676952221377,2348.2,development
Непродовольственные товары,2025-03-01,all,False,2025-04-06,13.046985455999998,2680.943174184677,2598.56,development
Непродовольственные товары,2025-04-01,all,False,2025-05-04,11.255174935,2559.5588055895964,2509.81,development
Непродовольственные товары,2025-05-01,all,False,2025-06-01,14.1226798475,2671.5891106940053,2563.49,development
Непродовольственные товары,2025-06-01,all,False,2025-07-06,11.836302924,2679.5418999075778,2632.21,development
Непродовольственные товары,2025-07-01,all,False,2025-08-03,10.232572300000001,2776.8577055520705,2791.6,development
Непродовольственные товары,2025-08-01,all,False,2025-09-07,10.90004687,2908.79732935323,2938.85,development
Непродовольственные товары,2025-09-01,all,False,2025-10-05,10.284351095,2854.897911490937,2846.68,holdout
Непродовольственные товары,2025-10-01,all,False,2025-11-02,8.9131370425,2797.924034053304,2980.33,holdout
Непродовольственные товары,2025-11-01,all,False,2025-12-07,7.827358534,2715.491849112696,2803.17,holdout
Непродовольственные товары,2025-12-01,all,False,2026-01-04,8.5972697625,3139.67738555759,3271.22,holdout
Непродовольственные товары,2026-01-01,all,False,2026-02-01,11.675739045,2670.859310148029,2543.0,holdout
Непродовольственные товары,2026-02-01,all,False,2026-03-01,7.604473235,2526.7682405042697,2521.6,holdout
Непродовольственные товары,2026-03-01,all,False,2026-04-05,7.607764734,2796.2523312718304,2953.8,holdout
Непродовольственные товары,2026-04-01,all,False,2026-05-03,8.44181156,2721.6834307140357,2866.49,holdout
Непродовольственные товары,2026-05-01,all,False,2026-06-07,12.67959268,2888.5300903925317,2992.86,holdout
Непродовольственные товары,2026-06-01,all,False,2026-07-05,14.557382819999999,3015.390886326322,3069.71,holdout
Непродовольственные товары,2026-07-01,all,False,2026-08-02,15.10041078,3213.14306733448,3212.84,holdout
Непродовольственные товары,2026-08-01,all,False,2026-09-06,12.988717468,3320.5689233083176,3376.62,holdout
Общественное питание,2024-01-01,all,False,2024-02-04,17.67992864,256.153900670688,255.91,development
Общественное питание,2024-02-01,all,False,2024-03-03,23.3354268525,256.56235493857054,261.36,development
Общественное питание,2024-03-01,all,False,2024-04-07,20.651019798,274.51726534638937,273.77,development
Общественное питание,2024-04-01,all,False,2024-05-05,21.66202242,277.048757454824,279.4,development
Общественное питание,2024-05-01,all,False,2024-06-02,19.583126915,279.27443459729096,282.57,development
Общественное питание,2024-06-01,all,False,2024-07-07,22.062459236000002,281.8178058840768,287.66,development
Общественное питание,2024-07-01,all,False,2024-08-04,23.350426192500002,287.34481781542877,294.91,development
Общественное питание,2024-08-01,all,False,2024-09-01,23.620318425,295.30421665364,307.4,development
Общественное питание,2024-09-01,all,False,2024-10-06,20.955002735999997,310.068149513736,313.02,development
Общественное питание,2024-10-01,all,False,2024-11-03,20.285229112499998,314.8465872019687,319.03,development
Общественное питание,2024-11-01,all,False,2024-12-01,19.6304709425,303.8374700997615,311.48,development
Общественное питание,2024-12-01,all,False,2025-01-05,22.128500148,340.86064391306803,345.65,development
Общественное питание,2025-01-01,all,False,2025-02-02,18.6928397325,303.74684615944074,390.85,development
Общественное питание,2025-02-01,all,False,2025-03-02,15.6112880475,302.16166244094603,381.12,development
Общественное питание,2025-03-01,all,False,2025-04-06,16.121564074,317.9060059653898,418.49,development
Общественное питание,2025-04-01,all,False,2025-05-04,16.0874140775,324.348234932535,436.05,development
Общественное питание,2025-05-01,all,False,2025-06-01,17.558910400000002,332.18621311728,448.69,development
Общественное питание,2025-06-01,all,False,2025-07-06,14.349070201999998,328.9365353430732,430.81,development
Общественное питание,2025-07-01,all,False,2025-08-03,12.881574265,332.89905066491156,438.76,development
Общественное питание,2025-08-01,all,False,2025-09-07,12.88991508,347.02359895591997,458.06,development
Общественное питание,2025-09-01,all,False,2025-10-05,13.574428560000001,355.510676278512,466.02,holdout
Общественное питание,2025-10-01,all,False,2025-11-02,12.13395172,357.740946172316,472.28,holdout
Общественное питание,2025-11-01,all,False,2025-12-07,9.15285914,339.989325649272,440.39,holdout
Общественное питание,2025-12-01,all,False,2026-01-04,7.299872445,370.8820091061425,488.56,holdout
Общественное питание,2026-01-01,all,False,2026-02-01,11.371310965,435.2947689067025,461.05,holdout
Общественное питание,2026-02-01,all,False,2026-03-01,12.624770869999999,429.235526739744,454.18,holdout
Общественное питание,2026-03-01,all,False,2026-04-05,13.334295897999999,474.29269490354017,498.35,holdout
Общественное питание,2026-04-01,all,False,2026-05-03,11.1898645875,484.8434045337938,510.4,holdout
Общественное питание,2026-05-01,all,False,2026-06-07,7.83328493,483.83716615241696,520.61,holdout
Общественное питание,2026-06-01,all,False,2026-07-05,7.1535414825,461.6281720607583,502.8,holdout
Общественное питание,2026-07-01,all,False,2026-08-02,7.5293894725,471.79594924954097,502.87,holdout
Общественное питание,2026-08-01,all,False,2026-09-06,7.797428980000001,493.776903185788,529.71,holdout
Продовольственные товары,2024-01-01,all,False,2024-02-04,12.7023048625,1892.85775062666,1923.67,development
Продовольственные товары,2024-02-01,all,False,2024-03-03,15.759189825,1942.8559383468698,1971.02,development
Продовольственные товары,2024-03-01,all,False,2024-04-07,15.740415870000001,2112.760273415741,2114.05,development
Продовольственные товары,2024-04-01,all,False,2024-05-05,14.360562337500001,2084.804487468859,2090.63,development
Продовольственные товары,2024-05-01,all,False,2024-06-02,15.295671052500001,2153.26195257649,2166.44,development
Продовольственные товары,2024-06-01,all,False,2024-07-07,15.430248412000001,2180.696709974663,2175.37,development
Продовольственные товары,2024-07-01,all,False,2024-08-04,16.1038219,2250.46360065208,2241.26,development
Продовольственные товары,2024-08-01,all,False,2024-09-01,14.497182705,2260.1285877236182,2264.97,development
Продовольственные товары,2024-09-01,all,False,2024-10-06,14.391662464000001,2212.2546778900355,2189.28,development
Продовольственные товары,2024-10-01,all,False,2024-11-03,14.4337746975,2267.734113180358,2241.6,development
Продовольственные товары,2024-11-01,all,False,2024-12-01,14.44416108,2285.186675197116,2271.31,development
Продовольственные товары,2024-12-01,all,False,2025-01-05,13.059593976000002,2756.4946547694585,2760.46,development
Продовольственные товары,2025-01-01,all,False,2025-02-02,19.987930792500002,2308.171828276085,2178.64,development
Продовольственные товары,2025-02-01,all,False,2025-03-02,13.04800758,2228.198839003316,2174.38,development
Продовольственные товары,2025-03-01,all,False,2025-04-06,13.083618265999998,2390.644231952373,2419.23,development
Продовольственные товары,2025-04-01,all,False,2025-05-04,13.1696978525,2365.9596542137206,2401.95,development
Продовольственные товары,2025-05-01,all,False,2025-06-01,12.9665304075,2447.352101360243,2497.48,development
Продовольственные товары,2025-06-01,all,False,2025-07-06,10.963747162,2413.872066637999,2474.16,development
Продовольственные товары,2025-07-01,all,False,2025-08-03,9.528500594999999,2454.818472435497,2585.83,development
Продовольственные товары,2025-08-01,all,False,2025-09-07,8.138457276,2449.303615764217,2555.95,development
Продовольственные товары,2025-09-01,all,False,2025-10-05,6.8802176875,2339.9072297889,2417.2,holdout
Продовольственные товары,2025-10-01,all,False,2025-11-02,6.6279020074999995,2390.17105140012,2497.41,holdout
Продовольственные товары,2025-11-01,all,False,2025-12-07,5.032611695999999,2385.6162127124176,2437.83,holdout
Продовольственные товары,2025-12-01,all,False,2026-01-04,2.2320322775,2822.0743582074765,3004.2,holdout
Продовольственные товары,2026-01-01,all,False,2026-02-01,5.583382985,2300.281815064404,2369.1,holdout
Продовольственные товары,2026-02-01,all,False,2026-03-01,3.5532895175,2251.642016610617,2322.8,holdout
Продовольственные товары,2026-03-01,all,False,2026-04-05,3.3073426439999998,2499.2422254464414,2637.6,holdout
Продовольственные товары,2026-04-01,all,False,2026-05-03,2.96960393,2473.278401596635,2609.74,holdout
Продовольственные товары,2026-05-01,all,False,2026-06-07,2.99301702,2572.2300014710963,2707.94,holdout
Продовольственные товары,2026-06-01,all,False,2026-07-05,4.9054606975,2595.528946393266,2703.43,holdout
Продовольственные товары,2026-07-01,all,False,2026-08-02,5.7134704450000005,2733.570632807943,2824.59,holdout
Продовольственные товары,2026-08-01,all,False,2026-09-06,7.092875793999999,2737.2403588567427,2816.95,holdout
Услуги,2024-01-01,all,False,2024-02-04,14.477799934999998,1335.795656321541,1326.12,development
Услуги,2024-02-01,all,False,2024-03-03,16.434735967499996,1385.9226622211525,1367.18,development
Услуги,2024-03-01,all,False,2024-04-07,13.955543026,1415.293657720012,1392.68,development
Услуги,2024-04-01,all,False,2024-05-05,14.893268177500001,1404.041694436321,1395.42,development
Услуги,2024-05-01,all,False,2024-06-02,13.5784148325,1393.3459196406602,1408.28,development
Услуги,2024-06-01,all,False,2024-07-07,14.436635397999998,1423.706180986518,1425.11,development
Услуги,2024-07-01,all,False,2024-08-04,15.54580063,1448.840348679633,1467.36,development
Услуги,2024-08-01,all,False,2024-09-01,14.8857897775,1492.4008749466582,1507.46,development
Услуги,2024-09-01,all,False,2024-10-06,14.55870534,1475.4817571675978,1487.24,development
Услуги,2024-10-01,all,False,2024-11-03,14.404825817499999,1480.5814937997582,1495.97,development
Услуги,2024-11-01,all,False,2024-12-01,14.012653215,1488.0361434355727,1505.1,development
Услуги,2024-12-01,all,False,2025-01-05,15.353805177999998,1598.9306289527758,1605.11,development
Услуги,2025-01-01,all,False,2025-02-02,13.5663865175,1506.0265648858708,1530.19,development
Услуги,2025-02-01,all,False,2025-03-02,13.514576592500001,1551.9485882573415,1564.23,development
Услуги,2025-03-01,all,False,2025-04-06,14.02352291,1587.982798862988,1611.13,development
Услуги,2025-04-01,all,False,2025-05-04,14.259274954999999,1594.396774577061,1631.85,development
Услуги,2025-05-01,all,False,2025-06-01,14.455911627499999,1611.859712267757,1621.92,development
Услуги,2025-06-01,all,False,2025-07-06,12.740685124,1606.6787777706363,1646.91,development
Услуги,2025-07-01,all,False,2025-08-03,11.265058804999999,1632.6589668810477,1665.44,development
Услуги,2025-08-01,all,False,2025-09-07,10.943287994,1672.4256891943523,1712.97,development
Услуги,2025-09-01,all,False,2025-10-05,11.5435079625,1658.919667821485,1706.91,holdout
Услуги,2025-10-01,all,False,2025-11-02,10.9245742675,1659.3983536695198,1714.65,holdout
Услуги,2025-11-01,all,False,2025-12-07,8.718324143999999,1636.3194966913438,1712.85,holdout
Услуги,2025-12-01,all,False,2026-01-04,8.9419088575,1748.637473262618,1832.69,holdout
Услуги,2026-01-01,all,False,2026-02-01,9.377340839999999,1673.681131799596,1739.09,holdout
Услуги,2026-02-01,all,False,2026-03-01,9.7790099825,1717.19620784926,1783.61,holdout
Услуги,2026-03-01,all,False,2026-04-05,9.7396418,1768.04829093234,1852.3,holdout
Услуги,2026-04-01,all,False,2026-05-03,8.42795001,1769.381502238185,1861.61,holdout
Услуги,2026-05-01,all,False,2026-06-07,8.695213536,1762.9494073830913,1829.07,holdout
Услуги,2026-06-01,all,False,2026-07-05,10.407494265,1818.3120637997117,1847.7,holdout
Услуги,2026-07-01,all,False,2026-08-02,10.0204312325,1832.3242699185482,1843.8,holdout
Услуги,2026-08-01,all,False,2026-09-06,10.763635951999998,1897.3478547669745,1901.77,holdout
Всего,2024-01-01,all,True,2024-02-04,16.5427417425,5626.846731166341,5616.17,development
Всего,2024-02-01,all,True,2024-03-03,18.532998537046634,5694.538609117088,5752.28,development
Всего,2024-03-01,all,True,2024-04-07,18.175390660469255,6140.523291647708,6152.03,development
Всего,2024-04-01,all,True,2024-05-05,17.147749269659503,6071.228964999811,6066.07,development
Всего,2024-05-01,all,True,2024-06-02,15.37371843595587,6111.980421003981,6198.27,development
Всего,2024-06-01,all,True,2024-07-07,16.995026279203472,6330.752965501863,6284.08,development
Всего,2024-07-01,all,True,2024-08-04,16.73307003008396,6543.892479588465,6522.62,development
Всего,2024-08-01,all,True,2024-09-01,15.15307697173851,6719.251133147126,6702.73,development
Всего,2024-09-01,all,True,2024-10-06,14.619876073365973,6571.283577149751,6578.21,development
Всего,2024-10-01,all,True,2024-11-03,14.374058973943388,6681.904086346233,6625.54,development
Всего,2024-11-01,all,True,2024-12-01,13.270625038493051,6533.24576509521,6606.26,development
Всего,2024-12-01,all,True,2025-01-05,14.418573886924465,7596.043166919919,7602.34,development
Всего,2025-01-01,all,True,2025-02-02,17.22067431750327,6583.312344817324,6491.3,development
Всего,2025-02-01,all,True,2025-03-02,12.336706629267134,6461.921908094007,6467.93,development
Всего,2025-03-01,all,True,2025-04-06,12.119749381448923,6897.640617871552,7047.41,development
Всего,2025-04-01,all,True,2025-05-04,11.678220475263133,6774.479028783793,6979.66,development
Всего,2025-05-01,all,True,2025-06-01,13.752663927744416,7050.697242434204,7131.57,development
Всего,2025-06-01,all,True,2025-07-06,11.494228100662808,7006.386489228131,7184.09,development
Всего,2025-07-01,all,True,2025-08-03,10.538606354802877,7210.013245819644,7481.62,development
Всего,2025-08-01,all,True,2025-09-07,11.466287579309586,7471.284297464657,7665.84,development
Всего,2025-09-01,all,True,2025-10-05,11.87970337773062,7359.681835564213,7436.81,holdout
Всего,2025-10-01,all,True,2025-11-02,11.63910920329527,7396.6938359080095,7664.67,holdout
Всего,2025-11-01,all,True,2025-12-07,10.958787659664853,7330.226005645375,7394.23,holdout
Всего,2025-12-01,all,True,2026-01-04,10.72251399188059,8417.501970210336,8596.67,holdout
Всего,2026-01-01,all,True,2026-02-01,14.10318008850043,7406.779729084828,7112.24,holdout
Всего,2026-02-01,all,True,2026-03-01,11.150453737128029,7189.133542399824,7082.19,holdout
Всего,2026-03-01,all,True,2026-04-05,10.69529760436674,7801.151472899902,7942.05,holdout
Всего,2026-04-01,all,True,2026-05-03,10.845651876304615,7736.649625749683,7848.24,holdout
Всего,2026-05-01,all,True,2026-06-07,12.223947991745513,8003.329407794925,8050.49,holdout
Всего,2026-06-01,all,True,2026-07-05,13.838376766086522,8178.251441414745,8123.64,holdout
Всего,2026-07-01,all,True,2026-08-02,13.945793438605204,8524.991271061375,8384.09,holdout
Всего,2026-08-01,all,True,2026-09-06,13.99663042996287,8738.799294152266,8625.05,holdout
Непродовольственные товары,2024-01-01,all,True,2024-02-04,19.667032555,2111.0341545994993,2110.47,development
Непродовольственные товары,2024-02-01,all,True,2024-03-03,22.55134951931098,2117.074562946097,2152.72,development
Непродовольственные товары,2024-03-01,all,True,2024-04-07,22.832317720390613,2335.25117480475,2371.53,development
Непродовольственные товары,2024-04-01,all,True,2024-05-05,21.485061519442414,2320.0852593798554,2300.62,development
Непродовольственные товары,2024-05-01,all,True,2024-06-02,17.29415057957537,2310.2725074755485,2340.98,development
Непродовольственные товары,2024-06-01,all,True,2024-07-07,19.596412993133946,2448.0907354042547,2395.95,development
Непродовольственные товары,2024-07-01,all,True,2024-08-04,17.46308635626938,2561.494031553895,2519.09,development
Непродовольственные товары,2024-08-01,all,True,2024-09-01,15.425038641222786,2681.5429552090236,2622.9,development
Непродовольственные товары,2024-09-01,all,True,2024-10-06,14.097883144936546,2572.747527881916,2588.67,development
Непродовольственные товары,2024-10-01,all,True,2024-11-03,13.254412254436803,2609.9819067271724,2568.95,development
Непродовольственные товары,2024-11-01,all,True,2024-12-01,11.069983997611283,2456.7791900399634,2518.37,development
Непродовольственные товары,2024-12-01,all,True,2025-01-05,14.225804855809578,2896.218127280023,2891.12,development
Непродовольственные товары,2025-01-01,all,True,2025-02-02,15.645136276496064,2440.6559075745663,2391.62,development
Непродовольственные товары,2025-02-01,all,True,2025-03-02,10.995011632974352,2389.4118144253653,2348.2,development
Непродовольственные товары,2025-03-01,all,True,2025-04-06,10.184046283746326,2613.0477128329294,2598.56,development
Непродовольственные товары,2025-04-01,all,True,2025-05-04,8.026372360985372,2485.2763278113016,2509.81,development
Непродовольственные товары,2025-05-01,all,True,2025-06-01,11.204608039900968,2603.277633292474,2563.49,development
Непродовольственные товары,2025-06-01,all,True,2025-07-06,8.108121507034614,2590.2165372477957,2632.21,development
Непродовольственные товары,2025-07-01,all,True,2025-08-03,6.629739318853021,2686.0991002072947,2791.6,development
Непродовольственные товары,2025-08-01,all,True,2025-09-07,8.184606991022294,2837.574056767524,2938.85,development
Непродовольственные товары,2025-09-01,all,True,2025-10-05,8.534613027415103,2809.6029670567864,2846.68,holdout
Непродовольственные товары,2025-10-01,all,True,2025-11-02,7.689462940673167,2766.488458214423,2980.33,holdout
Непродовольственные товары,2025-11-01,all,True,2025-12-07,8.147487429717847,2723.5538791837853,2803.17,holdout
Непродовольственные товары,2025-12-01,all,True,2026-01-04,10.267270302399123,3187.959105166721,3271.22,holdout
Непродовольственные товары,2026-01-01,all,True,2026-02-01,14.433302989482913,2736.809760957071,2543.0,holdout
Непродовольственные товары,2026-02-01,all,True,2026-03-01,9.373476978874328,2568.3079864179267,2521.6,holdout
Непродовольственные товары,2026-03-01,all,True,2026-04-05,9.149122814847921,2836.305445817512,2953.8,holdout
Непродовольственные товары,2026-04-01,all,True,2026-05-03,11.046559728090822,2787.0576607115963,2866.49,holdout
Непродовольственные товары,2026-05-01,all,True,2026-06-07,15.062543085363124,2949.616785738975,2992.86,holdout
Непродовольственные товары,2026-06-01,all,True,2026-07-05,17.038382409769607,3080.6960056281964,3069.71,holdout
Непродовольственные товары,2026-07-01,all,True,2026-08-02,17.167034899630945,3270.8349462580973,3212.84,holdout
Непродовольственные товары,2026-08-01,all,True,2026-09-06,15.944555218646718,3407.4365610431987,3376.62,holdout
Общественное питание,2024-01-01,all,True,2024-02-04,17.67992864,256.153900670688,255.91,development
Общественное питание,2024-02-01,all,True,2024-03-03,22.512225109034702,254.849930671814,261.36,development
Общественное питание,2024-03-01,all,True,2024-04-07,20.610203080996826,274.4243950701921,273.77,development
Общественное питание,2024-04-01,all,True,2024-05-05,21.56368405132961,276.82482132168775,279.4,development
Общественное питание,2024-05-01,all,True,2024-06-02,19.673264062922517,279.4849408925492,282.57,development
Общественное питание,2024-06-01,all,True,2024-07-07,22.736703080107556,283.3745000713523,287.66,development
Общественное питание,2024-07-01,all,True,2024-08-04,24.490412130018125,290.0004150568772,294.91,development
Общественное питание,2024-08-01,all,True,2024-09-01,25.32023884030604,299.36498654172306,307.4,development
Общественное питание,2024-09-01,all,True,2024-10-06,23.114456687411963,315.6039097181806,313.02,development
Общественное питание,2024-10-01,all,True,2024-11-03,22.6913359415237,321.1445718269383,319.03,development
Общественное питание,2024-11-01,all,True,2024-12-01,22.13086656426069,310.1879748999093,311.48,development
Общественное питание,2024-12-01,all,True,2025-01-05,24.895224380949802,348.58257124723093,345.65,development
Общественное питание,2025-01-01,all,True,2025-02-02,21.32383016116399,310.47981376543476,390.85,development
Общественное питание,2025-02-01,all,True,2025-03-02,23.373791687242417,322.4497419537768,381.12,development
Общественное питание,2025-03-01,all,True,2025-04-06,28.075238928116626,350.63158161350486,418.49,development
Общественное питание,2025-04-01,all,True,2025-05-04,33.97256143233929,374.31933664195594,436.05,development
Общественное питание,2025-05-01,all,True,2025-06-01,41.84087603137972,400.79976340186965,448.69,development
Общественное питание,2025-06-01,all,True,2025-07-06,45.001195044533965,417.1104376651065,430.81,development
Общественное питание,2025-07-01,all,True,2025-08-03,49.15012237153362,439.85862588588986,438.76,development
Общественное питание,2025-08-01,all,True,2025-09-07,49.46836042409846,459.4657399436786,458.06,development
Общественное питание,2025-09-01,all,True,2025-10-05,51.1379703311348,473.09207473051816,466.02,holdout
Общественное питание,2025-10-01,all,True,2025-11-02,49.45814516534737,476.81632052100764,472.28,holdout
Общественное питание,2025-11-01,all,True,2025-12-07,45.79757358039697,454.1302821882205,440.39,holdout
Общественное питание,2025-12-01,all,True,2026-01-04,42.44514746035539,492.3616521967184,488.56,holdout
Общественное питание,2026-01-01,all,True,2026-02-01,46.28839921696796,571.7682083395193,461.05,holdout
Общественное питание,2026-02-01,all,True,2026-03-01,42.65744656926202,543.6960603647715,454.18,holdout
Общественное питание,2026-03-01,all,True,2026-04-05,38.43762142789437,579.3476019135952,498.35,holdout
Общественное питание,2026-04-01,all,True,2026-05-03,31.367250120920325,572.8268941522731,510.4,holdout
Общественное питание,2026-05-01,all,True,2026-06-07,23.003778667188435,551.9056545018078,520.61,holdout
Общественное питание,2026-06-01,all,True,2026-07-05,18.3177307965356,509.72461604455503,502.8,holdout
Общественное питание,2026-07-01,all,True,2026-08-02,14.612149161539698,502.8722656611716,502.87,holdout
Общественное питание,2026-08-01,all,True,2026-09-06,14.962305290376023,526.5963356130964,529.71,holdout
Продовольственные товары,2024-01-01,all,True,2024-02-04,12.7023048625,1892.85775062666,1923.67,development
Продовольственные товары,2024-02-01,all,True,2024-03-03,15.851952157592967,1944.4128242321772,1971.02,development
Продовольственные товары,2024-03-01,all,True,2024-04-07,16.22950520883452,2121.688256933628,2114.05,development
Продовольственные товары,2024-04-01,all,True,2024-05-05,14.76596446911619,2092.195008868435,2090.63,development
Продовольственные товары,2024-05-01,all,True,2024-06-02,15.686765264170285,2160.566028073644,2166.44,development
Продовольственные товары,2024-06-01,all,True,2024-07-07,16.110787788789292,2193.5533918270285,2175.37,development
Продовольственные товары,2024-07-01,all,True,2024-08-04,16.82490882939031,2264.4405728218385,2241.26,development
Продовольственные товары,2024-08-01,all,True,2024-09-01,14.833367930641227,2266.7647496036857,2264.97,development
Продовольственные товары,2024-09-01,all,True,2024-10-06,14.489046621790362,2214.1380193327905,2189.28,development
Продовольственные товары,2024-10-01,all,True,2024-11-03,14.321386842620392,2265.5069230602085,2241.6,development
Продовольственные товары,2024-11-01,all,True,2024-12-01,14.058718718676532,2277.4902777589173,2271.31,development
Продовольственные товары,2024-12-01,all,True,2025-01-05,12.440723259138245,2741.406029708724,2760.46,development
Продовольственные товары,2025-01-01,all,True,2025-02-02,19.443159876947362,2297.6922336048733,2178.64,development
Продовольственные товары,2025-02-01,all,True,2025-03-02,11.460110857350678,2196.901077020553,2174.38,development
Продовольственные товары,2025-03-01,all,True,2025-04-06,10.999759718850722,2346.590420336364,2419.23,development
Продовольственные товары,2025-04-01,all,True,2025-05-04,11.509199154172402,2331.244770276875,2401.95,development
Продовольственные товары,2025-05-01,all,True,2025-06-01,11.812744978785432,2422.3560323183992,2497.48,development
Продовольственные товары,2025-06-01,all,True,2025-07-06,10.311427316419227,2399.681696413189,2474.16,development
Продовольственные товары,2025-07-01,all,True,2025-08-03,9.310971764139076,2449.943085760944,2585.83,development
Продовольственные товары,2025-08-01,all,True,2025-09-07,10.017431659042302,2491.86182184781,2555.95,development
Продовольственные товары,2025-09-01,all,True,2025-10-05,9.999028569888463,2408.1867326748543,2417.2,holdout
Продовольственные товары,2025-10-01,all,True,2025-11-02,10.10976799559291,2468.2205593892104,2497.41,holdout
Продовольственные товары,2025-11-01,all,True,2025-12-07,9.024899134600101,2476.2934365340852,2437.83,holdout
Продовольственные товары,2025-12-01,all,True,2026-01-04,6.221820184863072,2932.2108574750714,3004.2,holdout
Продовольственные товары,2026-01-01,all,True,2026-02-01,10.210882221936409,2401.0983644399953,2369.1,holdout
Продовольственные товары,2026-02-01,all,True,2026-03-01,7.733009959947793,2342.525021967113,2322.8,holdout
Продовольственные товары,2026-03-01,all,True,2026-04-05,7.247738468042978,2594.5694633404364,2637.6,holdout
Продовольственные товары,2026-04-01,all,True,2026-05-03,7.274761781657912,2576.686140614532,2609.74,holdout
Продовольственные товары,2026-05-01,all,True,2026-06-07,7.44771620437687,2683.4852226610715,2707.94,holdout
Продовольственные товары,2026-06-01,all,True,2026-07-05,9.882666063887406,2718.6729706862766,2703.43,holdout
Продовольственные товары,2026-07-01,all,True,2026-08-02,10.317919667829731,2852.6338621466416,2824.59,holdout
Продовольственные товары,2026-08-01,all,True,2026-09-06,11.757518420266301,2856.4662920627966,2816.95,holdout
Услуги,2024-01-01,all,True,2024-02-04,14.477799934999998,1335.795656321541,1326.12,development
Услуги,2024-02-01,all,True,2024-03-03,15.348667031469104,1372.9951836755768,1367.18,development
Услуги,2024-03-01,all,True,2024-04-07,12.74733715651585,1400.28810328278,1392.68,development
Услуги,2024-04-01,all,True,2024-05-05,13.56254560821183,1387.779732350592,1395.42,development
Услуги,2024-05-01,all,True,2024-06-02,12.351893266580625,1378.299321026431,1408.28,development
Услуги,2024-06-01,all,True,2024-07-07,13.59821702850525,1413.2754180516338,1425.11,development
Услуги,2024-07-01,all,True,2024-08-04,14.945810734153559,1441.317015376625,1467.36,development
Услуги,2024-08-01,all,True,2024-09-01,14.670159341408047,1489.599770892693,1507.46,development
Услуги,2024-09-01,all,True,2024-10-06,14.798720885648464,1478.5730853908865,1487.24,development
Услуги,2024-10-01,all,True,2024-11-03,15.100460977243074,1489.584125783089,1495.97,development
Услуги,2024-11-01,all,True,2024-12-01,15.024053287527638,1501.2364314821673,1505.1,development
Услуги,2024-12-01,all,True,2025-01-05,16.380217797561944,1613.1578369137856,1605.11,development
Услуги,2025-01-01,all,True,2025-02-02,14.648293898466203,1520.37395504634,1530.19,development
Услуги,2025-02-01,all,True,2025-03-02,14.654011153142703,1567.5267096835366,1564.23,development
Услуги,2025-03-01,all,True,2025-04-06,15.11946467928237,1603.2457606954297,1611.13,development
Услуги,2025-04-01,all,True,2025-05-04,15.480072291304944,1611.4320247673277,1631.85,development
Услуги,2025-05-01,all,True,2025-06-01,15.925865298769526,1632.5607758295116,1621.92,development
Услуги,2025-06-01,all,True,2025-07-06,14.11179580749192,1626.2186132321478,1646.91,development
Услуги,2025-07-01,all,True,2025-08-03,13.03237266549612,1658.591823544424,1665.44,development
Услуги,2025-08-01,all,True,2025-09-07,12.779251701696676,1700.1021077023966,1712.97,development
Услуги,2025-09-01,all,True,2025-10-05,13.67801757251642,1690.664948545493,1706.91,holdout
Услуги,2025-10-01,all,True,2025-11-02,13.319874396428121,1695.231325008246,1714.65,holdout
Услуги,2025-11-01,all,True,2025-12-07,11.2818501053308,1674.9031259353337,1712.85,holdout
Услуги,2025-12-01,all,True,2026-01-04,12.233831220366346,1801.476448301222,1832.69,holdout
Услуги,2026-01-01,all,True,2026-02-01,13.071518688602765,1730.2090718211307,1739.09,holdout
Услуги,2026-02-01,all,True,2026-03-01,13.813278537254774,1780.3014468633005,1783.61,holdout
Услуги,2026-03-01,all,True,2026-04-05,14.033277668374561,1837.2243464984833,1852.3,holdout
Услуги,2026-04-01,all,True,2026-05-03,13.055344258964478,1844.8936352899118,1861.61,holdout
Услуги,2026-05-01,all,True,2026-06-07,13.649009372152399,1843.2960128088143,1829.07,holdout
Услуги,2026-06-01,all,True,2026-07-05,15.193280270305944,1897.129652099696,1847.7,holdout
Услуги,2026-07-01,all,True,2026-08-02,14.230862259313383,1902.446472411509,1843.8,holdout
Услуги,2026-08-01,all,True,2026-09-06,14.376482370323195,1959.2348300589251,1901.77,holdout
