base_model,variant,alpha,origin,training_pairs,last_training_target,maximum_trained_h,excluded_nonpositive_training_forecasts
Ensemble,financial_only,100,7,2,7,1,0
Ensemble,financial_only,100,8,4,8,3,0
Ensemble,financial_only,100,9,6,9,3,0
Ensemble,financial_only,100,10,8,10,3,0
Ensemble,financial_only,100,11,11,11,6,0
Ensemble,financial_only,100,12,14,12,6,0
Ensemble,financial_only,100,13,17,13,6,0
Ensemble,financial_only,100,14,20,14,6,0
Ensemble,financial_only,100,15,23,15,6,0
Ensemble,financial_only,100,16,26,16,6,0
Ensemble,financial_only,100,17,30,17,12,0
Ensemble,financial_only,100,18,34,18,12,0
Ensemble,financial_only,100,19,38,19,12,0
Ensemble,financial_only,100,20,42,20,12,0
Ensemble,financial_only,100,21,46,21,12,0
Ensemble,financial_only,100,22,50,22,12,0
Ensemble,financial_only,1000,7,2,7,1,0
Ensemble,financial_only,1000,8,4,8,3,0
Ensemble,financial_only,1000,9,6,9,3,0
Ensemble,financial_only,1000,10,8,10,3,0
Ensemble,financial_only,1000,11,11,11,6,0
Ensemble,financial_only,1000,12,14,12,6,0
Ensemble,financial_only,1000,13,17,13,6,0
Ensemble,financial_only,1000,14,20,14,6,0
Ensemble,financial_only,1000,15,23,15,6,0
Ensemble,financial_only,1000,16,26,16,6,0
Ensemble,financial_only,1000,17,30,17,12,0
Ensemble,financial_only,1000,18,34,18,12,0
Ensemble,financial_only,1000,19,38,19,12,0
Ensemble,financial_only,1000,20,42,20,12,0
Ensemble,financial_only,1000,21,46,21,12,0
Ensemble,financial_only,1000,22,50,22,12,0
Ensemble,mass_14d,100,7,2,7,1,0
Ensemble,mass_14d,100,8,4,8,3,0
Ensemble,mass_14d,100,9,6,9,3,0
Ensemble,mass_14d,100,10,8,10,3,0
Ensemble,mass_14d,100,11,11,11,6,0
Ensemble,mass_14d,100,12,14,12,6,0
Ensemble,mass_14d,100,13,17,13,6,0
Ensemble,mass_14d,100,14,20,14,6,0
Ensemble,mass_14d,100,15,23,15,6,0
Ensemble,mass_14d,100,16,26,16,6,0
Ensemble,mass_14d,100,17,30,17,12,0
Ensemble,mass_14d,100,18,34,18,12,0
Ensemble,mass_14d,100,19,38,19,12,0
Ensemble,mass_14d,100,20,42,20,12,0
Ensemble,mass_14d,100,21,46,21,12,0
Ensemble,mass_14d,100,22,50,22,12,0
Ensemble,mass_14d,1000,7,2,7,1,0
Ensemble,mass_14d,1000,8,4,8,3,0
Ensemble,mass_14d,1000,9,6,9,3,0
Ensemble,mass_14d,1000,10,8,10,3,0
Ensemble,mass_14d,1000,11,11,11,6,0
Ensemble,mass_14d,1000,12,14,12,6,0
Ensemble,mass_14d,1000,13,17,13,6,0
Ensemble,mass_14d,1000,14,20,14,6,0
Ensemble,mass_14d,1000,15,23,15,6,0
Ensemble,mass_14d,1000,16,26,16,6,0
Ensemble,mass_14d,1000,17,30,17,12,0
Ensemble,mass_14d,1000,18,34,18,12,0
Ensemble,mass_14d,1000,19,38,19,12,0
Ensemble,mass_14d,1000,20,42,20,12,0
Ensemble,mass_14d,1000,21,46,21,12,0
Ensemble,mass_14d,1000,22,50,22,12,0
Ensemble,coverage_14d,100,7,2,7,1,0
Ensemble,coverage_14d,100,8,4,8,3,0
Ensemble,coverage_14d,100,9,6,9,3,0
Ensemble,coverage_14d,100,10,8,10,3,0
Ensemble,coverage_14d,100,11,11,11,6,0
Ensemble,coverage_14d,100,12,14,12,6,0
Ensemble,coverage_14d,100,13,17,13,6,0
Ensemble,coverage_14d,100,14,20,14,6,0
Ensemble,coverage_14d,100,15,23,15,6,0
Ensemble,coverage_14d,100,16,26,16,6,0
Ensemble,coverage_14d,100,17,30,17,12,0
Ensemble,coverage_14d,100,18,34,18,12,0
Ensemble,coverage_14d,100,19,38,19,12,0
Ensemble,coverage_14d,100,20,42,20,12,0
Ensemble,coverage_14d,100,21,46,21,12,0
Ensemble,coverage_14d,100,22,50,22,12,0
Ensemble,coverage_14d,1000,7,2,7,1,0
Ensemble,coverage_14d,1000,8,4,8,3,0
Ensemble,coverage_14d,1000,9,6,9,3,0
Ensemble,coverage_14d,1000,10,8,10,3,0
Ensemble,coverage_14d,1000,11,11,11,6,0
Ensemble,coverage_14d,1000,12,14,12,6,0
Ensemble,coverage_14d,1000,13,17,13,6,0
Ensemble,coverage_14d,1000,14,20,14,6,0
Ensemble,coverage_14d,1000,15,23,15,6,0
Ensemble,coverage_14d,1000,16,26,16,6,0
Ensemble,coverage_14d,1000,17,30,17,12,0
Ensemble,coverage_14d,1000,18,34,18,12,0
Ensemble,coverage_14d,1000,19,38,19,12,0
Ensemble,coverage_14d,1000,20,42,20,12,0
Ensemble,coverage_14d,1000,21,46,21,12,0
Ensemble,coverage_14d,1000,22,50,22,12,0
Ensemble,fractions_14d,100,7,2,7,1,0
Ensemble,fractions_14d,100,8,4,8,3,0
Ensemble,fractions_14d,100,9,6,9,3,0
Ensemble,fractions_14d,100,10,8,10,3,0
Ensemble,fractions_14d,100,11,11,11,6,0
Ensemble,fractions_14d,100,12,14,12,6,0
Ensemble,fractions_14d,100,13,17,13,6,0
Ensemble,fractions_14d,100,14,20,14,6,0
Ensemble,fractions_14d,100,15,23,15,6,0
Ensemble,fractions_14d,100,16,26,16,6,0
Ensemble,fractions_14d,100,17,30,17,12,0
Ensemble,fractions_14d,100,18,34,18,12,0
Ensemble,fractions_14d,100,19,38,19,12,0
Ensemble,fractions_14d,100,20,42,20,12,0
Ensemble,fractions_14d,100,21,46,21,12,0
Ensemble,fractions_14d,100,22,50,22,12,0
Ensemble,fractions_14d,1000,7,2,7,1,0
Ensemble,fractions_14d,1000,8,4,8,3,0
Ensemble,fractions_14d,1000,9,6,9,3,0
Ensemble,fractions_14d,1000,10,8,10,3,0
Ensemble,fractions_14d,1000,11,11,11,6,0
Ensemble,fractions_14d,1000,12,14,12,6,0
Ensemble,fractions_14d,1000,13,17,13,6,0
Ensemble,fractions_14d,1000,14,20,14,6,0
Ensemble,fractions_14d,1000,15,23,15,6,0
Ensemble,fractions_14d,1000,16,26,16,6,0
Ensemble,fractions_14d,1000,17,30,17,12,0
Ensemble,fractions_14d,1000,18,34,18,12,0
Ensemble,fractions_14d,1000,19,38,19,12,0
Ensemble,fractions_14d,1000,20,42,20,12,0
Ensemble,fractions_14d,1000,21,46,21,12,0
Ensemble,fractions_14d,1000,22,50,22,12,0
Ensemble,mass_30d,100,7,2,7,1,0
Ensemble,mass_30d,100,8,4,8,3,0
Ensemble,mass_30d,100,9,6,9,3,0
Ensemble,mass_30d,100,10,8,10,3,0
Ensemble,mass_30d,100,11,11,11,6,0
Ensemble,mass_30d,100,12,14,12,6,0
Ensemble,mass_30d,100,13,17,13,6,0
Ensemble,mass_30d,100,14,20,14,6,0
Ensemble,mass_30d,100,15,23,15,6,0
Ensemble,mass_30d,100,16,26,16,6,0
Ensemble,mass_30d,100,17,30,17,12,0
Ensemble,mass_30d,100,18,34,18,12,0
Ensemble,mass_30d,100,19,38,19,12,0
Ensemble,mass_30d,100,20,42,20,12,0
Ensemble,mass_30d,100,21,46,21,12,0
Ensemble,mass_30d,100,22,50,22,12,0
Ensemble,mass_30d,1000,7,2,7,1,0
Ensemble,mass_30d,1000,8,4,8,3,0
Ensemble,mass_30d,1000,9,6,9,3,0
Ensemble,mass_30d,1000,10,8,10,3,0
Ensemble,mass_30d,1000,11,11,11,6,0
Ensemble,mass_30d,1000,12,14,12,6,0
Ensemble,mass_30d,1000,13,17,13,6,0
Ensemble,mass_30d,1000,14,20,14,6,0
Ensemble,mass_30d,1000,15,23,15,6,0
Ensemble,mass_30d,1000,16,26,16,6,0
Ensemble,mass_30d,1000,17,30,17,12,0
Ensemble,mass_30d,1000,18,34,18,12,0
Ensemble,mass_30d,1000,19,38,19,12,0
Ensemble,mass_30d,1000,20,42,20,12,0
Ensemble,mass_30d,1000,21,46,21,12,0
Ensemble,mass_30d,1000,22,50,22,12,0
Ensemble,coverage_30d,100,7,2,7,1,0
Ensemble,coverage_30d,100,8,4,8,3,0
Ensemble,coverage_30d,100,9,6,9,3,0
Ensemble,coverage_30d,100,10,8,10,3,0
Ensemble,coverage_30d,100,11,11,11,6,0
Ensemble,coverage_30d,100,12,14,12,6,0
Ensemble,coverage_30d,100,13,17,13,6,0
Ensemble,coverage_30d,100,14,20,14,6,0
Ensemble,coverage_30d,100,15,23,15,6,0
Ensemble,coverage_30d,100,16,26,16,6,0
Ensemble,coverage_30d,100,17,30,17,12,0
Ensemble,coverage_30d,100,18,34,18,12,0
Ensemble,coverage_30d,100,19,38,19,12,0
Ensemble,coverage_30d,100,20,42,20,12,0
Ensemble,coverage_30d,100,21,46,21,12,0
Ensemble,coverage_30d,100,22,50,22,12,0
Ensemble,coverage_30d,1000,7,2,7,1,0
Ensemble,coverage_30d,1000,8,4,8,3,0
Ensemble,coverage_30d,1000,9,6,9,3,0
Ensemble,coverage_30d,1000,10,8,10,3,0
Ensemble,coverage_30d,1000,11,11,11,6,0
Ensemble,coverage_30d,1000,12,14,12,6,0
Ensemble,coverage_30d,1000,13,17,13,6,0
Ensemble,coverage_30d,1000,14,20,14,6,0
Ensemble,coverage_30d,1000,15,23,15,6,0
Ensemble,coverage_30d,1000,16,26,16,6,0
Ensemble,coverage_30d,1000,17,30,17,12,0
Ensemble,coverage_30d,1000,18,34,18,12,0
Ensemble,coverage_30d,1000,19,38,19,12,0
Ensemble,coverage_30d,1000,20,42,20,12,0
Ensemble,coverage_30d,1000,21,46,21,12,0
Ensemble,coverage_30d,1000,22,50,22,12,0
Ensemble,fractions_30d,100,7,2,7,1,0
Ensemble,fractions_30d,100,8,4,8,3,0
Ensemble,fractions_30d,100,9,6,9,3,0
Ensemble,fractions_30d,100,10,8,10,3,0
Ensemble,fractions_30d,100,11,11,11,6,0
Ensemble,fractions_30d,100,12,14,12,6,0
Ensemble,fractions_30d,100,13,17,13,6,0
Ensemble,fractions_30d,100,14,20,14,6,0
Ensemble,fractions_30d,100,15,23,15,6,0
Ensemble,fractions_30d,100,16,26,16,6,0
Ensemble,fractions_30d,100,17,30,17,12,0
Ensemble,fractions_30d,100,18,34,18,12,0
Ensemble,fractions_30d,100,19,38,19,12,0
Ensemble,fractions_30d,100,20,42,20,12,0
Ensemble,fractions_30d,100,21,46,21,12,0
Ensemble,fractions_30d,100,22,50,22,12,0
Ensemble,fractions_30d,1000,7,2,7,1,0
Ensemble,fractions_30d,1000,8,4,8,3,0
Ensemble,fractions_30d,1000,9,6,9,3,0
Ensemble,fractions_30d,1000,10,8,10,3,0
Ensemble,fractions_30d,1000,11,11,11,6,0
Ensemble,fractions_30d,1000,12,14,12,6,0
Ensemble,fractions_30d,1000,13,17,13,6,0
Ensemble,fractions_30d,1000,14,20,14,6,0
Ensemble,fractions_30d,1000,15,23,15,6,0
Ensemble,fractions_30d,1000,16,26,16,6,0
Ensemble,fractions_30d,1000,17,30,17,12,0
Ensemble,fractions_30d,1000,18,34,18,12,0
Ensemble,fractions_30d,1000,19,38,19,12,0
Ensemble,fractions_30d,1000,20,42,20,12,0
Ensemble,fractions_30d,1000,21,46,21,12,0
Ensemble,fractions_30d,1000,22,50,22,12,0
Ensemble,mass_90d,100,7,2,7,1,0
Ensemble,mass_90d,100,8,4,8,3,0
Ensemble,mass_90d,100,9,6,9,3,0
Ensemble,mass_90d,100,10,8,10,3,0
Ensemble,mass_90d,100,11,11,11,6,0
Ensemble,mass_90d,100,12,14,12,6,0
Ensemble,mass_90d,100,13,17,13,6,0
Ensemble,mass_90d,100,14,20,14,6,0
Ensemble,mass_90d,100,15,23,15,6,0
Ensemble,mass_90d,100,16,26,16,6,0
Ensemble,mass_90d,100,17,30,17,12,0
Ensemble,mass_90d,100,18,34,18,12,0
Ensemble,mass_90d,100,19,38,19,12,0
Ensemble,mass_90d,100,20,42,20,12,0
Ensemble,mass_90d,100,21,46,21,12,0
Ensemble,mass_90d,100,22,50,22,12,0
Ensemble,mass_90d,1000,7,2,7,1,0
Ensemble,mass_90d,1000,8,4,8,3,0
Ensemble,mass_90d,1000,9,6,9,3,0
Ensemble,mass_90d,1000,10,8,10,3,0
Ensemble,mass_90d,1000,11,11,11,6,0
Ensemble,mass_90d,1000,12,14,12,6,0
Ensemble,mass_90d,1000,13,17,13,6,0
Ensemble,mass_90d,1000,14,20,14,6,0
Ensemble,mass_90d,1000,15,23,15,6,0
Ensemble,mass_90d,1000,16,26,16,6,0
Ensemble,mass_90d,1000,17,30,17,12,0
Ensemble,mass_90d,1000,18,34,18,12,0
Ensemble,mass_90d,1000,19,38,19,12,0
Ensemble,mass_90d,1000,20,42,20,12,0
Ensemble,mass_90d,1000,21,46,21,12,0
Ensemble,mass_90d,1000,22,50,22,12,0
Ensemble,coverage_90d,100,7,2,7,1,0
Ensemble,coverage_90d,100,8,4,8,3,0
Ensemble,coverage_90d,100,9,6,9,3,0
Ensemble,coverage_90d,100,10,8,10,3,0
Ensemble,coverage_90d,100,11,11,11,6,0
Ensemble,coverage_90d,100,12,14,12,6,0
Ensemble,coverage_90d,100,13,17,13,6,0
Ensemble,coverage_90d,100,14,20,14,6,0
Ensemble,coverage_90d,100,15,23,15,6,0
Ensemble,coverage_90d,100,16,26,16,6,0
Ensemble,coverage_90d,100,17,30,17,12,0
Ensemble,coverage_90d,100,18,34,18,12,0
Ensemble,coverage_90d,100,19,38,19,12,0
Ensemble,coverage_90d,100,20,42,20,12,0
Ensemble,coverage_90d,100,21,46,21,12,0
Ensemble,coverage_90d,100,22,50,22,12,0
Ensemble,coverage_90d,1000,7,2,7,1,0
Ensemble,coverage_90d,1000,8,4,8,3,0
Ensemble,coverage_90d,1000,9,6,9,3,0
Ensemble,coverage_90d,1000,10,8,10,3,0
Ensemble,coverage_90d,1000,11,11,11,6,0
Ensemble,coverage_90d,1000,12,14,12,6,0
Ensemble,coverage_90d,1000,13,17,13,6,0
Ensemble,coverage_90d,1000,14,20,14,6,0
Ensemble,coverage_90d,1000,15,23,15,6,0
Ensemble,coverage_90d,1000,16,26,16,6,0
Ensemble,coverage_90d,1000,17,30,17,12,0
Ensemble,coverage_90d,1000,18,34,18,12,0
Ensemble,coverage_90d,1000,19,38,19,12,0
Ensemble,coverage_90d,1000,20,42,20,12,0
Ensemble,coverage_90d,1000,21,46,21,12,0
Ensemble,coverage_90d,1000,22,50,22,12,0
Ensemble,fractions_90d,100,7,2,7,1,0
Ensemble,fractions_90d,100,8,4,8,3,0
Ensemble,fractions_90d,100,9,6,9,3,0
Ensemble,fractions_90d,100,10,8,10,3,0
Ensemble,fractions_90d,100,11,11,11,6,0
Ensemble,fractions_90d,100,12,14,12,6,0
Ensemble,fractions_90d,100,13,17,13,6,0
Ensemble,fractions_90d,100,14,20,14,6,0
Ensemble,fractions_90d,100,15,23,15,6,0
Ensemble,fractions_90d,100,16,26,16,6,0
Ensemble,fractions_90d,100,17,30,17,12,0
Ensemble,fractions_90d,100,18,34,18,12,0
Ensemble,fractions_90d,100,19,38,19,12,0
Ensemble,fractions_90d,100,20,42,20,12,0
Ensemble,fractions_90d,100,21,46,21,12,0
Ensemble,fractions_90d,100,22,50,22,12,0
Ensemble,fractions_90d,1000,7,2,7,1,0
Ensemble,fractions_90d,1000,8,4,8,3,0
Ensemble,fractions_90d,1000,9,6,9,3,0
Ensemble,fractions_90d,1000,10,8,10,3,0
Ensemble,fractions_90d,1000,11,11,11,6,0
Ensemble,fractions_90d,1000,12,14,12,6,0
Ensemble,fractions_90d,1000,13,17,13,6,0
Ensemble,fractions_90d,1000,14,20,14,6,0
Ensemble,fractions_90d,1000,15,23,15,6,0
Ensemble,fractions_90d,1000,16,26,16,6,0
Ensemble,fractions_90d,1000,17,30,17,12,0
Ensemble,fractions_90d,1000,18,34,18,12,0
Ensemble,fractions_90d,1000,19,38,19,12,0
Ensemble,fractions_90d,1000,20,42,20,12,0
Ensemble,fractions_90d,1000,21,46,21,12,0
Ensemble,fractions_90d,1000,22,50,22,12,0
PastOnlyBlend,financial_only,100,7,2,7,1,0
PastOnlyBlend,financial_only,100,8,4,8,3,0
PastOnlyBlend,financial_only,100,9,6,9,3,0
PastOnlyBlend,financial_only,100,10,8,10,3,0
PastOnlyBlend,financial_only,100,11,11,11,6,0
PastOnlyBlend,financial_only,100,12,14,12,6,0
PastOnlyBlend,financial_only,100,13,17,13,6,0
PastOnlyBlend,financial_only,100,14,20,14,6,0
PastOnlyBlend,financial_only,100,15,23,15,6,0
PastOnlyBlend,financial_only,100,16,26,16,6,0
PastOnlyBlend,financial_only,100,17,30,17,12,0
PastOnlyBlend,financial_only,100,18,34,18,12,0
PastOnlyBlend,financial_only,100,19,38,19,12,0
PastOnlyBlend,financial_only,100,20,42,20,12,0
PastOnlyBlend,financial_only,100,21,46,21,12,0
PastOnlyBlend,financial_only,100,22,50,22,12,0
PastOnlyBlend,financial_only,1000,7,2,7,1,0
PastOnlyBlend,financial_only,1000,8,4,8,3,0
PastOnlyBlend,financial_only,1000,9,6,9,3,0
PastOnlyBlend,financial_only,1000,10,8,10,3,0
PastOnlyBlend,financial_only,1000,11,11,11,6,0
PastOnlyBlend,financial_only,1000,12,14,12,6,0
PastOnlyBlend,financial_only,1000,13,17,13,6,0
PastOnlyBlend,financial_only,1000,14,20,14,6,0
PastOnlyBlend,financial_only,1000,15,23,15,6,0
PastOnlyBlend,financial_only,1000,16,26,16,6,0
PastOnlyBlend,financial_only,1000,17,30,17,12,0
PastOnlyBlend,financial_only,1000,18,34,18,12,0
PastOnlyBlend,financial_only,1000,19,38,19,12,0
PastOnlyBlend,financial_only,1000,20,42,20,12,0
PastOnlyBlend,financial_only,1000,21,46,21,12,0
PastOnlyBlend,financial_only,1000,22,50,22,12,0
PastOnlyBlend,mass_14d,100,7,2,7,1,0
PastOnlyBlend,mass_14d,100,8,4,8,3,0
PastOnlyBlend,mass_14d,100,9,6,9,3,0
PastOnlyBlend,mass_14d,100,10,8,10,3,0
PastOnlyBlend,mass_14d,100,11,11,11,6,0
PastOnlyBlend,mass_14d,100,12,14,12,6,0
PastOnlyBlend,mass_14d,100,13,17,13,6,0
PastOnlyBlend,mass_14d,100,14,20,14,6,0
PastOnlyBlend,mass_14d,100,15,23,15,6,0
PastOnlyBlend,mass_14d,100,16,26,16,6,0
PastOnlyBlend,mass_14d,100,17,30,17,12,0
PastOnlyBlend,mass_14d,100,18,34,18,12,0
PastOnlyBlend,mass_14d,100,19,38,19,12,0
PastOnlyBlend,mass_14d,100,20,42,20,12,0
PastOnlyBlend,mass_14d,100,21,46,21,12,0
PastOnlyBlend,mass_14d,100,22,50,22,12,0
PastOnlyBlend,mass_14d,1000,7,2,7,1,0
PastOnlyBlend,mass_14d,1000,8,4,8,3,0
PastOnlyBlend,mass_14d,1000,9,6,9,3,0
PastOnlyBlend,mass_14d,1000,10,8,10,3,0
PastOnlyBlend,mass_14d,1000,11,11,11,6,0
PastOnlyBlend,mass_14d,1000,12,14,12,6,0
PastOnlyBlend,mass_14d,1000,13,17,13,6,0
PastOnlyBlend,mass_14d,1000,14,20,14,6,0
PastOnlyBlend,mass_14d,1000,15,23,15,6,0
PastOnlyBlend,mass_14d,1000,16,26,16,6,0
PastOnlyBlend,mass_14d,1000,17,30,17,12,0
PastOnlyBlend,mass_14d,1000,18,34,18,12,0
PastOnlyBlend,mass_14d,1000,19,38,19,12,0
PastOnlyBlend,mass_14d,1000,20,42,20,12,0
PastOnlyBlend,mass_14d,1000,21,46,21,12,0
PastOnlyBlend,mass_14d,1000,22,50,22,12,0
PastOnlyBlend,coverage_14d,100,7,2,7,1,0
PastOnlyBlend,coverage_14d,100,8,4,8,3,0
PastOnlyBlend,coverage_14d,100,9,6,9,3,0
PastOnlyBlend,coverage_14d,100,10,8,10,3,0
PastOnlyBlend,coverage_14d,100,11,11,11,6,0
PastOnlyBlend,coverage_14d,100,12,14,12,6,0
PastOnlyBlend,coverage_14d,100,13,17,13,6,0
PastOnlyBlend,coverage_14d,100,14,20,14,6,0
PastOnlyBlend,coverage_14d,100,15,23,15,6,0
PastOnlyBlend,coverage_14d,100,16,26,16,6,0
PastOnlyBlend,coverage_14d,100,17,30,17,12,0
PastOnlyBlend,coverage_14d,100,18,34,18,12,0
PastOnlyBlend,coverage_14d,100,19,38,19,12,0
PastOnlyBlend,coverage_14d,100,20,42,20,12,0
PastOnlyBlend,coverage_14d,100,21,46,21,12,0
PastOnlyBlend,coverage_14d,100,22,50,22,12,0
PastOnlyBlend,coverage_14d,1000,7,2,7,1,0
PastOnlyBlend,coverage_14d,1000,8,4,8,3,0
PastOnlyBlend,coverage_14d,1000,9,6,9,3,0
PastOnlyBlend,coverage_14d,1000,10,8,10,3,0
PastOnlyBlend,coverage_14d,1000,11,11,11,6,0
PastOnlyBlend,coverage_14d,1000,12,14,12,6,0
PastOnlyBlend,coverage_14d,1000,13,17,13,6,0
PastOnlyBlend,coverage_14d,1000,14,20,14,6,0
PastOnlyBlend,coverage_14d,1000,15,23,15,6,0
PastOnlyBlend,coverage_14d,1000,16,26,16,6,0
PastOnlyBlend,coverage_14d,1000,17,30,17,12,0
PastOnlyBlend,coverage_14d,1000,18,34,18,12,0
PastOnlyBlend,coverage_14d,1000,19,38,19,12,0
PastOnlyBlend,coverage_14d,1000,20,42,20,12,0
PastOnlyBlend,coverage_14d,1000,21,46,21,12,0
PastOnlyBlend,coverage_14d,1000,22,50,22,12,0
PastOnlyBlend,fractions_14d,100,7,2,7,1,0
PastOnlyBlend,fractions_14d,100,8,4,8,3,0
PastOnlyBlend,fractions_14d,100,9,6,9,3,0
PastOnlyBlend,fractions_14d,100,10,8,10,3,0
PastOnlyBlend,fractions_14d,100,11,11,11,6,0
PastOnlyBlend,fractions_14d,100,12,14,12,6,0
PastOnlyBlend,fractions_14d,100,13,17,13,6,0
PastOnlyBlend,fractions_14d,100,14,20,14,6,0
PastOnlyBlend,fractions_14d,100,15,23,15,6,0
PastOnlyBlend,fractions_14d,100,16,26,16,6,0
PastOnlyBlend,fractions_14d,100,17,30,17,12,0
PastOnlyBlend,fractions_14d,100,18,34,18,12,0
PastOnlyBlend,fractions_14d,100,19,38,19,12,0
PastOnlyBlend,fractions_14d,100,20,42,20,12,0
PastOnlyBlend,fractions_14d,100,21,46,21,12,0
PastOnlyBlend,fractions_14d,100,22,50,22,12,0
PastOnlyBlend,fractions_14d,1000,7,2,7,1,0
PastOnlyBlend,fractions_14d,1000,8,4,8,3,0
PastOnlyBlend,fractions_14d,1000,9,6,9,3,0
PastOnlyBlend,fractions_14d,1000,10,8,10,3,0
PastOnlyBlend,fractions_14d,1000,11,11,11,6,0
PastOnlyBlend,fractions_14d,1000,12,14,12,6,0
PastOnlyBlend,fractions_14d,1000,13,17,13,6,0
PastOnlyBlend,fractions_14d,1000,14,20,14,6,0
PastOnlyBlend,fractions_14d,1000,15,23,15,6,0
PastOnlyBlend,fractions_14d,1000,16,26,16,6,0
PastOnlyBlend,fractions_14d,1000,17,30,17,12,0
PastOnlyBlend,fractions_14d,1000,18,34,18,12,0
PastOnlyBlend,fractions_14d,1000,19,38,19,12,0
PastOnlyBlend,fractions_14d,1000,20,42,20,12,0
PastOnlyBlend,fractions_14d,1000,21,46,21,12,0
PastOnlyBlend,fractions_14d,1000,22,50,22,12,0
PastOnlyBlend,mass_30d,100,7,2,7,1,0
PastOnlyBlend,mass_30d,100,8,4,8,3,0
PastOnlyBlend,mass_30d,100,9,6,9,3,0
PastOnlyBlend,mass_30d,100,10,8,10,3,0
PastOnlyBlend,mass_30d,100,11,11,11,6,0
PastOnlyBlend,mass_30d,100,12,14,12,6,0
PastOnlyBlend,mass_30d,100,13,17,13,6,0
PastOnlyBlend,mass_30d,100,14,20,14,6,0
PastOnlyBlend,mass_30d,100,15,23,15,6,0
PastOnlyBlend,mass_30d,100,16,26,16,6,0
PastOnlyBlend,mass_30d,100,17,30,17,12,0
PastOnlyBlend,mass_30d,100,18,34,18,12,0
PastOnlyBlend,mass_30d,100,19,38,19,12,0
PastOnlyBlend,mass_30d,100,20,42,20,12,0
PastOnlyBlend,mass_30d,100,21,46,21,12,0
PastOnlyBlend,mass_30d,100,22,50,22,12,0
PastOnlyBlend,mass_30d,1000,7,2,7,1,0
PastOnlyBlend,mass_30d,1000,8,4,8,3,0
PastOnlyBlend,mass_30d,1000,9,6,9,3,0
PastOnlyBlend,mass_30d,1000,10,8,10,3,0
PastOnlyBlend,mass_30d,1000,11,11,11,6,0
PastOnlyBlend,mass_30d,1000,12,14,12,6,0
PastOnlyBlend,mass_30d,1000,13,17,13,6,0
PastOnlyBlend,mass_30d,1000,14,20,14,6,0
PastOnlyBlend,mass_30d,1000,15,23,15,6,0
PastOnlyBlend,mass_30d,1000,16,26,16,6,0
PastOnlyBlend,mass_30d,1000,17,30,17,12,0
PastOnlyBlend,mass_30d,1000,18,34,18,12,0
PastOnlyBlend,mass_30d,1000,19,38,19,12,0
PastOnlyBlend,mass_30d,1000,20,42,20,12,0
PastOnlyBlend,mass_30d,1000,21,46,21,12,0
PastOnlyBlend,mass_30d,1000,22,50,22,12,0
PastOnlyBlend,coverage_30d,100,7,2,7,1,0
PastOnlyBlend,coverage_30d,100,8,4,8,3,0
PastOnlyBlend,coverage_30d,100,9,6,9,3,0
PastOnlyBlend,coverage_30d,100,10,8,10,3,0
PastOnlyBlend,coverage_30d,100,11,11,11,6,0
PastOnlyBlend,coverage_30d,100,12,14,12,6,0
PastOnlyBlend,coverage_30d,100,13,17,13,6,0
PastOnlyBlend,coverage_30d,100,14,20,14,6,0
PastOnlyBlend,coverage_30d,100,15,23,15,6,0
PastOnlyBlend,coverage_30d,100,16,26,16,6,0
PastOnlyBlend,coverage_30d,100,17,30,17,12,0
PastOnlyBlend,coverage_30d,100,18,34,18,12,0
PastOnlyBlend,coverage_30d,100,19,38,19,12,0
PastOnlyBlend,coverage_30d,100,20,42,20,12,0
PastOnlyBlend,coverage_30d,100,21,46,21,12,0
PastOnlyBlend,coverage_30d,100,22,50,22,12,0
PastOnlyBlend,coverage_30d,1000,7,2,7,1,0
PastOnlyBlend,coverage_30d,1000,8,4,8,3,0
PastOnlyBlend,coverage_30d,1000,9,6,9,3,0
PastOnlyBlend,coverage_30d,1000,10,8,10,3,0
PastOnlyBlend,coverage_30d,1000,11,11,11,6,0
PastOnlyBlend,coverage_30d,1000,12,14,12,6,0
PastOnlyBlend,coverage_30d,1000,13,17,13,6,0
PastOnlyBlend,coverage_30d,1000,14,20,14,6,0
PastOnlyBlend,coverage_30d,1000,15,23,15,6,0
PastOnlyBlend,coverage_30d,1000,16,26,16,6,0
PastOnlyBlend,coverage_30d,1000,17,30,17,12,0
PastOnlyBlend,coverage_30d,1000,18,34,18,12,0
PastOnlyBlend,coverage_30d,1000,19,38,19,12,0
PastOnlyBlend,coverage_30d,1000,20,42,20,12,0
PastOnlyBlend,coverage_30d,1000,21,46,21,12,0
PastOnlyBlend,coverage_30d,1000,22,50,22,12,0
PastOnlyBlend,fractions_30d,100,7,2,7,1,0
PastOnlyBlend,fractions_30d,100,8,4,8,3,0
PastOnlyBlend,fractions_30d,100,9,6,9,3,0
PastOnlyBlend,fractions_30d,100,10,8,10,3,0
PastOnlyBlend,fractions_30d,100,11,11,11,6,0
PastOnlyBlend,fractions_30d,100,12,14,12,6,0
PastOnlyBlend,fractions_30d,100,13,17,13,6,0
PastOnlyBlend,fractions_30d,100,14,20,14,6,0
PastOnlyBlend,fractions_30d,100,15,23,15,6,0
PastOnlyBlend,fractions_30d,100,16,26,16,6,0
PastOnlyBlend,fractions_30d,100,17,30,17,12,0
PastOnlyBlend,fractions_30d,100,18,34,18,12,0
PastOnlyBlend,fractions_30d,100,19,38,19,12,0
PastOnlyBlend,fractions_30d,100,20,42,20,12,0
PastOnlyBlend,fractions_30d,100,21,46,21,12,0
PastOnlyBlend,fractions_30d,100,22,50,22,12,0
PastOnlyBlend,fractions_30d,1000,7,2,7,1,0
PastOnlyBlend,fractions_30d,1000,8,4,8,3,0
PastOnlyBlend,fractions_30d,1000,9,6,9,3,0
PastOnlyBlend,fractions_30d,1000,10,8,10,3,0
PastOnlyBlend,fractions_30d,1000,11,11,11,6,0
PastOnlyBlend,fractions_30d,1000,12,14,12,6,0
PastOnlyBlend,fractions_30d,1000,13,17,13,6,0
PastOnlyBlend,fractions_30d,1000,14,20,14,6,0
PastOnlyBlend,fractions_30d,1000,15,23,15,6,0
PastOnlyBlend,fractions_30d,1000,16,26,16,6,0
PastOnlyBlend,fractions_30d,1000,17,30,17,12,0
PastOnlyBlend,fractions_30d,1000,18,34,18,12,0
PastOnlyBlend,fractions_30d,1000,19,38,19,12,0
PastOnlyBlend,fractions_30d,1000,20,42,20,12,0
PastOnlyBlend,fractions_30d,1000,21,46,21,12,0
PastOnlyBlend,fractions_30d,1000,22,50,22,12,0
PastOnlyBlend,mass_90d,100,7,2,7,1,0
PastOnlyBlend,mass_90d,100,8,4,8,3,0
PastOnlyBlend,mass_90d,100,9,6,9,3,0
PastOnlyBlend,mass_90d,100,10,8,10,3,0
PastOnlyBlend,mass_90d,100,11,11,11,6,0
PastOnlyBlend,mass_90d,100,12,14,12,6,0
PastOnlyBlend,mass_90d,100,13,17,13,6,0
PastOnlyBlend,mass_90d,100,14,20,14,6,0
PastOnlyBlend,mass_90d,100,15,23,15,6,0
PastOnlyBlend,mass_90d,100,16,26,16,6,0
PastOnlyBlend,mass_90d,100,17,30,17,12,0
PastOnlyBlend,mass_90d,100,18,34,18,12,0
PastOnlyBlend,mass_90d,100,19,38,19,12,0
PastOnlyBlend,mass_90d,100,20,42,20,12,0
PastOnlyBlend,mass_90d,100,21,46,21,12,0
PastOnlyBlend,mass_90d,100,22,50,22,12,0
PastOnlyBlend,mass_90d,1000,7,2,7,1,0
PastOnlyBlend,mass_90d,1000,8,4,8,3,0
PastOnlyBlend,mass_90d,1000,9,6,9,3,0
PastOnlyBlend,mass_90d,1000,10,8,10,3,0
PastOnlyBlend,mass_90d,1000,11,11,11,6,0
PastOnlyBlend,mass_90d,1000,12,14,12,6,0
PastOnlyBlend,mass_90d,1000,13,17,13,6,0
PastOnlyBlend,mass_90d,1000,14,20,14,6,0
PastOnlyBlend,mass_90d,1000,15,23,15,6,0
PastOnlyBlend,mass_90d,1000,16,26,16,6,0
PastOnlyBlend,mass_90d,1000,17,30,17,12,0
PastOnlyBlend,mass_90d,1000,18,34,18,12,0
PastOnlyBlend,mass_90d,1000,19,38,19,12,0
PastOnlyBlend,mass_90d,1000,20,42,20,12,0
PastOnlyBlend,mass_90d,1000,21,46,21,12,0
PastOnlyBlend,mass_90d,1000,22,50,22,12,0
PastOnlyBlend,coverage_90d,100,7,2,7,1,0
PastOnlyBlend,coverage_90d,100,8,4,8,3,0
PastOnlyBlend,coverage_90d,100,9,6,9,3,0
PastOnlyBlend,coverage_90d,100,10,8,10,3,0
PastOnlyBlend,coverage_90d,100,11,11,11,6,0
PastOnlyBlend,coverage_90d,100,12,14,12,6,0
PastOnlyBlend,coverage_90d,100,13,17,13,6,0
PastOnlyBlend,coverage_90d,100,14,20,14,6,0
PastOnlyBlend,coverage_90d,100,15,23,15,6,0
PastOnlyBlend,coverage_90d,100,16,26,16,6,0
PastOnlyBlend,coverage_90d,100,17,30,17,12,0
PastOnlyBlend,coverage_90d,100,18,34,18,12,0
PastOnlyBlend,coverage_90d,100,19,38,19,12,0
PastOnlyBlend,coverage_90d,100,20,42,20,12,0
PastOnlyBlend,coverage_90d,100,21,46,21,12,0
PastOnlyBlend,coverage_90d,100,22,50,22,12,0
PastOnlyBlend,coverage_90d,1000,7,2,7,1,0
PastOnlyBlend,coverage_90d,1000,8,4,8,3,0
PastOnlyBlend,coverage_90d,1000,9,6,9,3,0
PastOnlyBlend,coverage_90d,1000,10,8,10,3,0
PastOnlyBlend,coverage_90d,1000,11,11,11,6,0
PastOnlyBlend,coverage_90d,1000,12,14,12,6,0
PastOnlyBlend,coverage_90d,1000,13,17,13,6,0
PastOnlyBlend,coverage_90d,1000,14,20,14,6,0
PastOnlyBlend,coverage_90d,1000,15,23,15,6,0
PastOnlyBlend,coverage_90d,1000,16,26,16,6,0
PastOnlyBlend,coverage_90d,1000,17,30,17,12,0
PastOnlyBlend,coverage_90d,1000,18,34,18,12,0
PastOnlyBlend,coverage_90d,1000,19,38,19,12,0
PastOnlyBlend,coverage_90d,1000,20,42,20,12,0
PastOnlyBlend,coverage_90d,1000,21,46,21,12,0
PastOnlyBlend,coverage_90d,1000,22,50,22,12,0
PastOnlyBlend,fractions_90d,100,7,2,7,1,0
PastOnlyBlend,fractions_90d,100,8,4,8,3,0
PastOnlyBlend,fractions_90d,100,9,6,9,3,0
PastOnlyBlend,fractions_90d,100,10,8,10,3,0
PastOnlyBlend,fractions_90d,100,11,11,11,6,0
PastOnlyBlend,fractions_90d,100,12,14,12,6,0
PastOnlyBlend,fractions_90d,100,13,17,13,6,0
PastOnlyBlend,fractions_90d,100,14,20,14,6,0
PastOnlyBlend,fractions_90d,100,15,23,15,6,0
PastOnlyBlend,fractions_90d,100,16,26,16,6,0
PastOnlyBlend,fractions_90d,100,17,30,17,12,0
PastOnlyBlend,fractions_90d,100,18,34,18,12,0
PastOnlyBlend,fractions_90d,100,19,38,19,12,0
PastOnlyBlend,fractions_90d,100,20,42,20,12,0
PastOnlyBlend,fractions_90d,100,21,46,21,12,0
PastOnlyBlend,fractions_90d,100,22,50,22,12,0
PastOnlyBlend,fractions_90d,1000,7,2,7,1,0
PastOnlyBlend,fractions_90d,1000,8,4,8,3,0
PastOnlyBlend,fractions_90d,1000,9,6,9,3,0
PastOnlyBlend,fractions_90d,1000,10,8,10,3,0
PastOnlyBlend,fractions_90d,1000,11,11,11,6,0
PastOnlyBlend,fractions_90d,1000,12,14,12,6,0
PastOnlyBlend,fractions_90d,1000,13,17,13,6,0
PastOnlyBlend,fractions_90d,1000,14,20,14,6,0
PastOnlyBlend,fractions_90d,1000,15,23,15,6,0
PastOnlyBlend,fractions_90d,1000,16,26,16,6,0
PastOnlyBlend,fractions_90d,1000,17,30,17,12,0
PastOnlyBlend,fractions_90d,1000,18,34,18,12,0
PastOnlyBlend,fractions_90d,1000,19,38,19,12,0
PastOnlyBlend,fractions_90d,1000,20,42,20,12,0
PastOnlyBlend,fractions_90d,1000,21,46,21,12,0
PastOnlyBlend,fractions_90d,1000,22,50,22,12,0
Prophet,financial_only,100,7,2,7,1,0
Prophet,financial_only,100,8,4,8,3,0
Prophet,financial_only,100,9,6,9,3,0
Prophet,financial_only,100,10,8,10,3,0
Prophet,financial_only,100,11,11,11,6,0
Prophet,financial_only,100,12,14,12,6,0
Prophet,financial_only,100,13,17,13,6,0
Prophet,financial_only,100,14,20,14,6,0
Prophet,financial_only,100,15,23,15,6,0
Prophet,financial_only,100,16,26,16,6,0
Prophet,financial_only,100,17,30,17,12,13
Prophet,financial_only,100,18,34,18,12,16
Prophet,financial_only,100,19,38,19,12,18
Prophet,financial_only,100,20,42,20,12,18
Prophet,financial_only,100,21,46,21,12,18
Prophet,financial_only,100,22,50,22,12,18
Prophet,financial_only,1000,7,2,7,1,0
Prophet,financial_only,1000,8,4,8,3,0
Prophet,financial_only,1000,9,6,9,3,0
Prophet,financial_only,1000,10,8,10,3,0
Prophet,financial_only,1000,11,11,11,6,0
Prophet,financial_only,1000,12,14,12,6,0
Prophet,financial_only,1000,13,17,13,6,0
Prophet,financial_only,1000,14,20,14,6,0
Prophet,financial_only,1000,15,23,15,6,0
Prophet,financial_only,1000,16,26,16,6,0
Prophet,financial_only,1000,17,30,17,12,13
Prophet,financial_only,1000,18,34,18,12,16
Prophet,financial_only,1000,19,38,19,12,18
Prophet,financial_only,1000,20,42,20,12,18
Prophet,financial_only,1000,21,46,21,12,18
Prophet,financial_only,1000,22,50,22,12,18
Prophet,mass_14d,100,7,2,7,1,0
Prophet,mass_14d,100,8,4,8,3,0
Prophet,mass_14d,100,9,6,9,3,0
Prophet,mass_14d,100,10,8,10,3,0
Prophet,mass_14d,100,11,11,11,6,0
Prophet,mass_14d,100,12,14,12,6,0
Prophet,mass_14d,100,13,17,13,6,0
Prophet,mass_14d,100,14,20,14,6,0
Prophet,mass_14d,100,15,23,15,6,0
Prophet,mass_14d,100,16,26,16,6,0
Prophet,mass_14d,100,17,30,17,12,13
Prophet,mass_14d,100,18,34,18,12,16
Prophet,mass_14d,100,19,38,19,12,18
Prophet,mass_14d,100,20,42,20,12,18
Prophet,mass_14d,100,21,46,21,12,18
Prophet,mass_14d,100,22,50,22,12,18
Prophet,mass_14d,1000,7,2,7,1,0
Prophet,mass_14d,1000,8,4,8,3,0
Prophet,mass_14d,1000,9,6,9,3,0
Prophet,mass_14d,1000,10,8,10,3,0
Prophet,mass_14d,1000,11,11,11,6,0
Prophet,mass_14d,1000,12,14,12,6,0
Prophet,mass_14d,1000,13,17,13,6,0
Prophet,mass_14d,1000,14,20,14,6,0
Prophet,mass_14d,1000,15,23,15,6,0
Prophet,mass_14d,1000,16,26,16,6,0
Prophet,mass_14d,1000,17,30,17,12,13
Prophet,mass_14d,1000,18,34,18,12,16
Prophet,mass_14d,1000,19,38,19,12,18
Prophet,mass_14d,1000,20,42,20,12,18
Prophet,mass_14d,1000,21,46,21,12,18
Prophet,mass_14d,1000,22,50,22,12,18
Prophet,coverage_14d,100,7,2,7,1,0
Prophet,coverage_14d,100,8,4,8,3,0
Prophet,coverage_14d,100,9,6,9,3,0
Prophet,coverage_14d,100,10,8,10,3,0
Prophet,coverage_14d,100,11,11,11,6,0
Prophet,coverage_14d,100,12,14,12,6,0
Prophet,coverage_14d,100,13,17,13,6,0
Prophet,coverage_14d,100,14,20,14,6,0
Prophet,coverage_14d,100,15,23,15,6,0
Prophet,coverage_14d,100,16,26,16,6,0
Prophet,coverage_14d,100,17,30,17,12,13
Prophet,coverage_14d,100,18,34,18,12,16
Prophet,coverage_14d,100,19,38,19,12,18
Prophet,coverage_14d,100,20,42,20,12,18
Prophet,coverage_14d,100,21,46,21,12,18
Prophet,coverage_14d,100,22,50,22,12,18
Prophet,coverage_14d,1000,7,2,7,1,0
Prophet,coverage_14d,1000,8,4,8,3,0
Prophet,coverage_14d,1000,9,6,9,3,0
Prophet,coverage_14d,1000,10,8,10,3,0
Prophet,coverage_14d,1000,11,11,11,6,0
Prophet,coverage_14d,1000,12,14,12,6,0
Prophet,coverage_14d,1000,13,17,13,6,0
Prophet,coverage_14d,1000,14,20,14,6,0
Prophet,coverage_14d,1000,15,23,15,6,0
Prophet,coverage_14d,1000,16,26,16,6,0
Prophet,coverage_14d,1000,17,30,17,12,13
Prophet,coverage_14d,1000,18,34,18,12,16
Prophet,coverage_14d,1000,19,38,19,12,18
Prophet,coverage_14d,1000,20,42,20,12,18
Prophet,coverage_14d,1000,21,46,21,12,18
Prophet,coverage_14d,1000,22,50,22,12,18
Prophet,fractions_14d,100,7,2,7,1,0
Prophet,fractions_14d,100,8,4,8,3,0
Prophet,fractions_14d,100,9,6,9,3,0
Prophet,fractions_14d,100,10,8,10,3,0
Prophet,fractions_14d,100,11,11,11,6,0
Prophet,fractions_14d,100,12,14,12,6,0
Prophet,fractions_14d,100,13,17,13,6,0
Prophet,fractions_14d,100,14,20,14,6,0
Prophet,fractions_14d,100,15,23,15,6,0
Prophet,fractions_14d,100,16,26,16,6,0
Prophet,fractions_14d,100,17,30,17,12,13
Prophet,fractions_14d,100,18,34,18,12,16
Prophet,fractions_14d,100,19,38,19,12,18
Prophet,fractions_14d,100,20,42,20,12,18
Prophet,fractions_14d,100,21,46,21,12,18
Prophet,fractions_14d,100,22,50,22,12,18
Prophet,fractions_14d,1000,7,2,7,1,0
Prophet,fractions_14d,1000,8,4,8,3,0
Prophet,fractions_14d,1000,9,6,9,3,0
Prophet,fractions_14d,1000,10,8,10,3,0
Prophet,fractions_14d,1000,11,11,11,6,0
Prophet,fractions_14d,1000,12,14,12,6,0
Prophet,fractions_14d,1000,13,17,13,6,0
Prophet,fractions_14d,1000,14,20,14,6,0
Prophet,fractions_14d,1000,15,23,15,6,0
Prophet,fractions_14d,1000,16,26,16,6,0
Prophet,fractions_14d,1000,17,30,17,12,13
Prophet,fractions_14d,1000,18,34,18,12,16
Prophet,fractions_14d,1000,19,38,19,12,18
Prophet,fractions_14d,1000,20,42,20,12,18
Prophet,fractions_14d,1000,21,46,21,12,18
Prophet,fractions_14d,1000,22,50,22,12,18
Prophet,mass_30d,100,7,2,7,1,0
Prophet,mass_30d,100,8,4,8,3,0
Prophet,mass_30d,100,9,6,9,3,0
Prophet,mass_30d,100,10,8,10,3,0
Prophet,mass_30d,100,11,11,11,6,0
Prophet,mass_30d,100,12,14,12,6,0
Prophet,mass_30d,100,13,17,13,6,0
Prophet,mass_30d,100,14,20,14,6,0
Prophet,mass_30d,100,15,23,15,6,0
Prophet,mass_30d,100,16,26,16,6,0
Prophet,mass_30d,100,17,30,17,12,13
Prophet,mass_30d,100,18,34,18,12,16
Prophet,mass_30d,100,19,38,19,12,18
Prophet,mass_30d,100,20,42,20,12,18
Prophet,mass_30d,100,21,46,21,12,18
Prophet,mass_30d,100,22,50,22,12,18
Prophet,mass_30d,1000,7,2,7,1,0
Prophet,mass_30d,1000,8,4,8,3,0
Prophet,mass_30d,1000,9,6,9,3,0
Prophet,mass_30d,1000,10,8,10,3,0
Prophet,mass_30d,1000,11,11,11,6,0
Prophet,mass_30d,1000,12,14,12,6,0
Prophet,mass_30d,1000,13,17,13,6,0
Prophet,mass_30d,1000,14,20,14,6,0
Prophet,mass_30d,1000,15,23,15,6,0
Prophet,mass_30d,1000,16,26,16,6,0
Prophet,mass_30d,1000,17,30,17,12,13
Prophet,mass_30d,1000,18,34,18,12,16
Prophet,mass_30d,1000,19,38,19,12,18
Prophet,mass_30d,1000,20,42,20,12,18
Prophet,mass_30d,1000,21,46,21,12,18
Prophet,mass_30d,1000,22,50,22,12,18
Prophet,coverage_30d,100,7,2,7,1,0
Prophet,coverage_30d,100,8,4,8,3,0
Prophet,coverage_30d,100,9,6,9,3,0
Prophet,coverage_30d,100,10,8,10,3,0
Prophet,coverage_30d,100,11,11,11,6,0
Prophet,coverage_30d,100,12,14,12,6,0
Prophet,coverage_30d,100,13,17,13,6,0
Prophet,coverage_30d,100,14,20,14,6,0
Prophet,coverage_30d,100,15,23,15,6,0
Prophet,coverage_30d,100,16,26,16,6,0
Prophet,coverage_30d,100,17,30,17,12,13
Prophet,coverage_30d,100,18,34,18,12,16
Prophet,coverage_30d,100,19,38,19,12,18
Prophet,coverage_30d,100,20,42,20,12,18
Prophet,coverage_30d,100,21,46,21,12,18
Prophet,coverage_30d,100,22,50,22,12,18
Prophet,coverage_30d,1000,7,2,7,1,0
Prophet,coverage_30d,1000,8,4,8,3,0
Prophet,coverage_30d,1000,9,6,9,3,0
Prophet,coverage_30d,1000,10,8,10,3,0
Prophet,coverage_30d,1000,11,11,11,6,0
Prophet,coverage_30d,1000,12,14,12,6,0
Prophet,coverage_30d,1000,13,17,13,6,0
Prophet,coverage_30d,1000,14,20,14,6,0
Prophet,coverage_30d,1000,15,23,15,6,0
Prophet,coverage_30d,1000,16,26,16,6,0
Prophet,coverage_30d,1000,17,30,17,12,13
Prophet,coverage_30d,1000,18,34,18,12,16
Prophet,coverage_30d,1000,19,38,19,12,18
Prophet,coverage_30d,1000,20,42,20,12,18
Prophet,coverage_30d,1000,21,46,21,12,18
Prophet,coverage_30d,1000,22,50,22,12,18
Prophet,fractions_30d,100,7,2,7,1,0
Prophet,fractions_30d,100,8,4,8,3,0
Prophet,fractions_30d,100,9,6,9,3,0
Prophet,fractions_30d,100,10,8,10,3,0
Prophet,fractions_30d,100,11,11,11,6,0
Prophet,fractions_30d,100,12,14,12,6,0
Prophet,fractions_30d,100,13,17,13,6,0
Prophet,fractions_30d,100,14,20,14,6,0
Prophet,fractions_30d,100,15,23,15,6,0
Prophet,fractions_30d,100,16,26,16,6,0
Prophet,fractions_30d,100,17,30,17,12,13
Prophet,fractions_30d,100,18,34,18,12,16
Prophet,fractions_30d,100,19,38,19,12,18
Prophet,fractions_30d,100,20,42,20,12,18
Prophet,fractions_30d,100,21,46,21,12,18
Prophet,fractions_30d,100,22,50,22,12,18
Prophet,fractions_30d,1000,7,2,7,1,0
Prophet,fractions_30d,1000,8,4,8,3,0
Prophet,fractions_30d,1000,9,6,9,3,0
Prophet,fractions_30d,1000,10,8,10,3,0
Prophet,fractions_30d,1000,11,11,11,6,0
Prophet,fractions_30d,1000,12,14,12,6,0
Prophet,fractions_30d,1000,13,17,13,6,0
Prophet,fractions_30d,1000,14,20,14,6,0
Prophet,fractions_30d,1000,15,23,15,6,0
Prophet,fractions_30d,1000,16,26,16,6,0
Prophet,fractions_30d,1000,17,30,17,12,13
Prophet,fractions_30d,1000,18,34,18,12,16
Prophet,fractions_30d,1000,19,38,19,12,18
Prophet,fractions_30d,1000,20,42,20,12,18
Prophet,fractions_30d,1000,21,46,21,12,18
Prophet,fractions_30d,1000,22,50,22,12,18
Prophet,mass_90d,100,7,2,7,1,0
Prophet,mass_90d,100,8,4,8,3,0
Prophet,mass_90d,100,9,6,9,3,0
Prophet,mass_90d,100,10,8,10,3,0
Prophet,mass_90d,100,11,11,11,6,0
Prophet,mass_90d,100,12,14,12,6,0
Prophet,mass_90d,100,13,17,13,6,0
Prophet,mass_90d,100,14,20,14,6,0
Prophet,mass_90d,100,15,23,15,6,0
Prophet,mass_90d,100,16,26,16,6,0
Prophet,mass_90d,100,17,30,17,12,13
Prophet,mass_90d,100,18,34,18,12,16
Prophet,mass_90d,100,19,38,19,12,18
Prophet,mass_90d,100,20,42,20,12,18
Prophet,mass_90d,100,21,46,21,12,18
Prophet,mass_90d,100,22,50,22,12,18
Prophet,mass_90d,1000,7,2,7,1,0
Prophet,mass_90d,1000,8,4,8,3,0
Prophet,mass_90d,1000,9,6,9,3,0
Prophet,mass_90d,1000,10,8,10,3,0
Prophet,mass_90d,1000,11,11,11,6,0
Prophet,mass_90d,1000,12,14,12,6,0
Prophet,mass_90d,1000,13,17,13,6,0
Prophet,mass_90d,1000,14,20,14,6,0
Prophet,mass_90d,1000,15,23,15,6,0
Prophet,mass_90d,1000,16,26,16,6,0
Prophet,mass_90d,1000,17,30,17,12,13
Prophet,mass_90d,1000,18,34,18,12,16
Prophet,mass_90d,1000,19,38,19,12,18
Prophet,mass_90d,1000,20,42,20,12,18
Prophet,mass_90d,1000,21,46,21,12,18
Prophet,mass_90d,1000,22,50,22,12,18
Prophet,coverage_90d,100,7,2,7,1,0
Prophet,coverage_90d,100,8,4,8,3,0
Prophet,coverage_90d,100,9,6,9,3,0
Prophet,coverage_90d,100,10,8,10,3,0
Prophet,coverage_90d,100,11,11,11,6,0
Prophet,coverage_90d,100,12,14,12,6,0
Prophet,coverage_90d,100,13,17,13,6,0
Prophet,coverage_90d,100,14,20,14,6,0
Prophet,coverage_90d,100,15,23,15,6,0
Prophet,coverage_90d,100,16,26,16,6,0
Prophet,coverage_90d,100,17,30,17,12,13
Prophet,coverage_90d,100,18,34,18,12,16
Prophet,coverage_90d,100,19,38,19,12,18
Prophet,coverage_90d,100,20,42,20,12,18
Prophet,coverage_90d,100,21,46,21,12,18
Prophet,coverage_90d,100,22,50,22,12,18
Prophet,coverage_90d,1000,7,2,7,1,0
Prophet,coverage_90d,1000,8,4,8,3,0
Prophet,coverage_90d,1000,9,6,9,3,0
Prophet,coverage_90d,1000,10,8,10,3,0
Prophet,coverage_90d,1000,11,11,11,6,0
Prophet,coverage_90d,1000,12,14,12,6,0
Prophet,coverage_90d,1000,13,17,13,6,0
Prophet,coverage_90d,1000,14,20,14,6,0
Prophet,coverage_90d,1000,15,23,15,6,0
Prophet,coverage_90d,1000,16,26,16,6,0
Prophet,coverage_90d,1000,17,30,17,12,13
Prophet,coverage_90d,1000,18,34,18,12,16
Prophet,coverage_90d,1000,19,38,19,12,18
Prophet,coverage_90d,1000,20,42,20,12,18
Prophet,coverage_90d,1000,21,46,21,12,18
Prophet,coverage_90d,1000,22,50,22,12,18
Prophet,fractions_90d,100,7,2,7,1,0
Prophet,fractions_90d,100,8,4,8,3,0
Prophet,fractions_90d,100,9,6,9,3,0
Prophet,fractions_90d,100,10,8,10,3,0
Prophet,fractions_90d,100,11,11,11,6,0
Prophet,fractions_90d,100,12,14,12,6,0
Prophet,fractions_90d,100,13,17,13,6,0
Prophet,fractions_90d,100,14,20,14,6,0
Prophet,fractions_90d,100,15,23,15,6,0
Prophet,fractions_90d,100,16,26,16,6,0
Prophet,fractions_90d,100,17,30,17,12,13
Prophet,fractions_90d,100,18,34,18,12,16
Prophet,fractions_90d,100,19,38,19,12,18
Prophet,fractions_90d,100,20,42,20,12,18
Prophet,fractions_90d,100,21,46,21,12,18
Prophet,fractions_90d,100,22,50,22,12,18
Prophet,fractions_90d,1000,7,2,7,1,0
Prophet,fractions_90d,1000,8,4,8,3,0
Prophet,fractions_90d,1000,9,6,9,3,0
Prophet,fractions_90d,1000,10,8,10,3,0
Prophet,fractions_90d,1000,11,11,11,6,0
Prophet,fractions_90d,1000,12,14,12,6,0
Prophet,fractions_90d,1000,13,17,13,6,0
Prophet,fractions_90d,1000,14,20,14,6,0
Prophet,fractions_90d,1000,15,23,15,6,0
Prophet,fractions_90d,1000,16,26,16,6,0
Prophet,fractions_90d,1000,17,30,17,12,13
Prophet,fractions_90d,1000,18,34,18,12,16
Prophet,fractions_90d,1000,19,38,19,12,18
Prophet,fractions_90d,1000,20,42,20,12,18
Prophet,fractions_90d,1000,21,46,21,12,18
Prophet,fractions_90d,1000,22,50,22,12,18
SeasonalNaive_NatGrowth,financial_only,100,7,2,7,1,0
SeasonalNaive_NatGrowth,financial_only,100,8,4,8,3,0
SeasonalNaive_NatGrowth,financial_only,100,9,6,9,3,0
SeasonalNaive_NatGrowth,financial_only,100,10,8,10,3,0
SeasonalNaive_NatGrowth,financial_only,100,11,11,11,6,0
SeasonalNaive_NatGrowth,financial_only,100,12,14,12,6,0
SeasonalNaive_NatGrowth,financial_only,100,13,17,13,6,0
SeasonalNaive_NatGrowth,financial_only,100,14,20,14,6,0
SeasonalNaive_NatGrowth,financial_only,100,15,23,15,6,0
SeasonalNaive_NatGrowth,financial_only,100,16,26,16,6,0
SeasonalNaive_NatGrowth,financial_only,100,17,30,17,12,0
SeasonalNaive_NatGrowth,financial_only,100,18,34,18,12,0
SeasonalNaive_NatGrowth,financial_only,100,19,38,19,12,0
SeasonalNaive_NatGrowth,financial_only,100,20,42,20,12,0
SeasonalNaive_NatGrowth,financial_only,100,21,46,21,12,0
SeasonalNaive_NatGrowth,financial_only,100,22,50,22,12,0
SeasonalNaive_NatGrowth,financial_only,1000,7,2,7,1,0
SeasonalNaive_NatGrowth,financial_only,1000,8,4,8,3,0
SeasonalNaive_NatGrowth,financial_only,1000,9,6,9,3,0
SeasonalNaive_NatGrowth,financial_only,1000,10,8,10,3,0
SeasonalNaive_NatGrowth,financial_only,1000,11,11,11,6,0
SeasonalNaive_NatGrowth,financial_only,1000,12,14,12,6,0
SeasonalNaive_NatGrowth,financial_only,1000,13,17,13,6,0
SeasonalNaive_NatGrowth,financial_only,1000,14,20,14,6,0
SeasonalNaive_NatGrowth,financial_only,1000,15,23,15,6,0
SeasonalNaive_NatGrowth,financial_only,1000,16,26,16,6,0
SeasonalNaive_NatGrowth,financial_only,1000,17,30,17,12,0
SeasonalNaive_NatGrowth,financial_only,1000,18,34,18,12,0
SeasonalNaive_NatGrowth,financial_only,1000,19,38,19,12,0
SeasonalNaive_NatGrowth,financial_only,1000,20,42,20,12,0
SeasonalNaive_NatGrowth,financial_only,1000,21,46,21,12,0
SeasonalNaive_NatGrowth,financial_only,1000,22,50,22,12,0
SeasonalNaive_NatGrowth,mass_14d,100,7,2,7,1,0
SeasonalNaive_NatGrowth,mass_14d,100,8,4,8,3,0
SeasonalNaive_NatGrowth,mass_14d,100,9,6,9,3,0
SeasonalNaive_NatGrowth,mass_14d,100,10,8,10,3,0
SeasonalNaive_NatGrowth,mass_14d,100,11,11,11,6,0
SeasonalNaive_NatGrowth,mass_14d,100,12,14,12,6,0
SeasonalNaive_NatGrowth,mass_14d,100,13,17,13,6,0
SeasonalNaive_NatGrowth,mass_14d,100,14,20,14,6,0
SeasonalNaive_NatGrowth,mass_14d,100,15,23,15,6,0
SeasonalNaive_NatGrowth,mass_14d,100,16,26,16,6,0
SeasonalNaive_NatGrowth,mass_14d,100,17,30,17,12,0
SeasonalNaive_NatGrowth,mass_14d,100,18,34,18,12,0
SeasonalNaive_NatGrowth,mass_14d,100,19,38,19,12,0
SeasonalNaive_NatGrowth,mass_14d,100,20,42,20,12,0
SeasonalNaive_NatGrowth,mass_14d,100,21,46,21,12,0
SeasonalNaive_NatGrowth,mass_14d,100,22,50,22,12,0
SeasonalNaive_NatGrowth,mass_14d,1000,7,2,7,1,0
SeasonalNaive_NatGrowth,mass_14d,1000,8,4,8,3,0
SeasonalNaive_NatGrowth,mass_14d,1000,9,6,9,3,0
SeasonalNaive_NatGrowth,mass_14d,1000,10,8,10,3,0
SeasonalNaive_NatGrowth,mass_14d,1000,11,11,11,6,0
SeasonalNaive_NatGrowth,mass_14d,1000,12,14,12,6,0
SeasonalNaive_NatGrowth,mass_14d,1000,13,17,13,6,0
SeasonalNaive_NatGrowth,mass_14d,1000,14,20,14,6,0
SeasonalNaive_NatGrowth,mass_14d,1000,15,23,15,6,0
SeasonalNaive_NatGrowth,mass_14d,1000,16,26,16,6,0
SeasonalNaive_NatGrowth,mass_14d,1000,17,30,17,12,0
SeasonalNaive_NatGrowth,mass_14d,1000,18,34,18,12,0
SeasonalNaive_NatGrowth,mass_14d,1000,19,38,19,12,0
SeasonalNaive_NatGrowth,mass_14d,1000,20,42,20,12,0
SeasonalNaive_NatGrowth,mass_14d,1000,21,46,21,12,0
SeasonalNaive_NatGrowth,mass_14d,1000,22,50,22,12,0
SeasonalNaive_NatGrowth,coverage_14d,100,7,2,7,1,0
SeasonalNaive_NatGrowth,coverage_14d,100,8,4,8,3,0
SeasonalNaive_NatGrowth,coverage_14d,100,9,6,9,3,0
SeasonalNaive_NatGrowth,coverage_14d,100,10,8,10,3,0
SeasonalNaive_NatGrowth,coverage_14d,100,11,11,11,6,0
SeasonalNaive_NatGrowth,coverage_14d,100,12,14,12,6,0
SeasonalNaive_NatGrowth,coverage_14d,100,13,17,13,6,0
SeasonalNaive_NatGrowth,coverage_14d,100,14,20,14,6,0
SeasonalNaive_NatGrowth,coverage_14d,100,15,23,15,6,0
SeasonalNaive_NatGrowth,coverage_14d,100,16,26,16,6,0
SeasonalNaive_NatGrowth,coverage_14d,100,17,30,17,12,0
SeasonalNaive_NatGrowth,coverage_14d,100,18,34,18,12,0
SeasonalNaive_NatGrowth,coverage_14d,100,19,38,19,12,0
SeasonalNaive_NatGrowth,coverage_14d,100,20,42,20,12,0
SeasonalNaive_NatGrowth,coverage_14d,100,21,46,21,12,0
SeasonalNaive_NatGrowth,coverage_14d,100,22,50,22,12,0
SeasonalNaive_NatGrowth,coverage_14d,1000,7,2,7,1,0
SeasonalNaive_NatGrowth,coverage_14d,1000,8,4,8,3,0
SeasonalNaive_NatGrowth,coverage_14d,1000,9,6,9,3,0
SeasonalNaive_NatGrowth,coverage_14d,1000,10,8,10,3,0
SeasonalNaive_NatGrowth,coverage_14d,1000,11,11,11,6,0
SeasonalNaive_NatGrowth,coverage_14d,1000,12,14,12,6,0
SeasonalNaive_NatGrowth,coverage_14d,1000,13,17,13,6,0
SeasonalNaive_NatGrowth,coverage_14d,1000,14,20,14,6,0
SeasonalNaive_NatGrowth,coverage_14d,1000,15,23,15,6,0
SeasonalNaive_NatGrowth,coverage_14d,1000,16,26,16,6,0
SeasonalNaive_NatGrowth,coverage_14d,1000,17,30,17,12,0
SeasonalNaive_NatGrowth,coverage_14d,1000,18,34,18,12,0
SeasonalNaive_NatGrowth,coverage_14d,1000,19,38,19,12,0
SeasonalNaive_NatGrowth,coverage_14d,1000,20,42,20,12,0
SeasonalNaive_NatGrowth,coverage_14d,1000,21,46,21,12,0
SeasonalNaive_NatGrowth,coverage_14d,1000,22,50,22,12,0
SeasonalNaive_NatGrowth,fractions_14d,100,7,2,7,1,0
SeasonalNaive_NatGrowth,fractions_14d,100,8,4,8,3,0
SeasonalNaive_NatGrowth,fractions_14d,100,9,6,9,3,0
SeasonalNaive_NatGrowth,fractions_14d,100,10,8,10,3,0
SeasonalNaive_NatGrowth,fractions_14d,100,11,11,11,6,0
SeasonalNaive_NatGrowth,fractions_14d,100,12,14,12,6,0
SeasonalNaive_NatGrowth,fractions_14d,100,13,17,13,6,0
SeasonalNaive_NatGrowth,fractions_14d,100,14,20,14,6,0
SeasonalNaive_NatGrowth,fractions_14d,100,15,23,15,6,0
SeasonalNaive_NatGrowth,fractions_14d,100,16,26,16,6,0
SeasonalNaive_NatGrowth,fractions_14d,100,17,30,17,12,0
SeasonalNaive_NatGrowth,fractions_14d,100,18,34,18,12,0
SeasonalNaive_NatGrowth,fractions_14d,100,19,38,19,12,0
SeasonalNaive_NatGrowth,fractions_14d,100,20,42,20,12,0
SeasonalNaive_NatGrowth,fractions_14d,100,21,46,21,12,0
SeasonalNaive_NatGrowth,fractions_14d,100,22,50,22,12,0
SeasonalNaive_NatGrowth,fractions_14d,1000,7,2,7,1,0
SeasonalNaive_NatGrowth,fractions_14d,1000,8,4,8,3,0
SeasonalNaive_NatGrowth,fractions_14d,1000,9,6,9,3,0
SeasonalNaive_NatGrowth,fractions_14d,1000,10,8,10,3,0
SeasonalNaive_NatGrowth,fractions_14d,1000,11,11,11,6,0
SeasonalNaive_NatGrowth,fractions_14d,1000,12,14,12,6,0
SeasonalNaive_NatGrowth,fractions_14d,1000,13,17,13,6,0
SeasonalNaive_NatGrowth,fractions_14d,1000,14,20,14,6,0
SeasonalNaive_NatGrowth,fractions_14d,1000,15,23,15,6,0
SeasonalNaive_NatGrowth,fractions_14d,1000,16,26,16,6,0
SeasonalNaive_NatGrowth,fractions_14d,1000,17,30,17,12,0
SeasonalNaive_NatGrowth,fractions_14d,1000,18,34,18,12,0
SeasonalNaive_NatGrowth,fractions_14d,1000,19,38,19,12,0
SeasonalNaive_NatGrowth,fractions_14d,1000,20,42,20,12,0
SeasonalNaive_NatGrowth,fractions_14d,1000,21,46,21,12,0
SeasonalNaive_NatGrowth,fractions_14d,1000,22,50,22,12,0
SeasonalNaive_NatGrowth,mass_30d,100,7,2,7,1,0
SeasonalNaive_NatGrowth,mass_30d,100,8,4,8,3,0
SeasonalNaive_NatGrowth,mass_30d,100,9,6,9,3,0
SeasonalNaive_NatGrowth,mass_30d,100,10,8,10,3,0
SeasonalNaive_NatGrowth,mass_30d,100,11,11,11,6,0
SeasonalNaive_NatGrowth,mass_30d,100,12,14,12,6,0
SeasonalNaive_NatGrowth,mass_30d,100,13,17,13,6,0
SeasonalNaive_NatGrowth,mass_30d,100,14,20,14,6,0
SeasonalNaive_NatGrowth,mass_30d,100,15,23,15,6,0
SeasonalNaive_NatGrowth,mass_30d,100,16,26,16,6,0
SeasonalNaive_NatGrowth,mass_30d,100,17,30,17,12,0
SeasonalNaive_NatGrowth,mass_30d,100,18,34,18,12,0
SeasonalNaive_NatGrowth,mass_30d,100,19,38,19,12,0
SeasonalNaive_NatGrowth,mass_30d,100,20,42,20,12,0
SeasonalNaive_NatGrowth,mass_30d,100,21,46,21,12,0
SeasonalNaive_NatGrowth,mass_30d,100,22,50,22,12,0
SeasonalNaive_NatGrowth,mass_30d,1000,7,2,7,1,0
SeasonalNaive_NatGrowth,mass_30d,1000,8,4,8,3,0
SeasonalNaive_NatGrowth,mass_30d,1000,9,6,9,3,0
SeasonalNaive_NatGrowth,mass_30d,1000,10,8,10,3,0
SeasonalNaive_NatGrowth,mass_30d,1000,11,11,11,6,0
SeasonalNaive_NatGrowth,mass_30d,1000,12,14,12,6,0
SeasonalNaive_NatGrowth,mass_30d,1000,13,17,13,6,0
SeasonalNaive_NatGrowth,mass_30d,1000,14,20,14,6,0
SeasonalNaive_NatGrowth,mass_30d,1000,15,23,15,6,0
SeasonalNaive_NatGrowth,mass_30d,1000,16,26,16,6,0
SeasonalNaive_NatGrowth,mass_30d,1000,17,30,17,12,0
SeasonalNaive_NatGrowth,mass_30d,1000,18,34,18,12,0
SeasonalNaive_NatGrowth,mass_30d,1000,19,38,19,12,0
SeasonalNaive_NatGrowth,mass_30d,1000,20,42,20,12,0
SeasonalNaive_NatGrowth,mass_30d,1000,21,46,21,12,0
SeasonalNaive_NatGrowth,mass_30d,1000,22,50,22,12,0
SeasonalNaive_NatGrowth,coverage_30d,100,7,2,7,1,0
SeasonalNaive_NatGrowth,coverage_30d,100,8,4,8,3,0
SeasonalNaive_NatGrowth,coverage_30d,100,9,6,9,3,0
SeasonalNaive_NatGrowth,coverage_30d,100,10,8,10,3,0
SeasonalNaive_NatGrowth,coverage_30d,100,11,11,11,6,0
SeasonalNaive_NatGrowth,coverage_30d,100,12,14,12,6,0
SeasonalNaive_NatGrowth,coverage_30d,100,13,17,13,6,0
SeasonalNaive_NatGrowth,coverage_30d,100,14,20,14,6,0
SeasonalNaive_NatGrowth,coverage_30d,100,15,23,15,6,0
SeasonalNaive_NatGrowth,coverage_30d,100,16,26,16,6,0
SeasonalNaive_NatGrowth,coverage_30d,100,17,30,17,12,0
SeasonalNaive_NatGrowth,coverage_30d,100,18,34,18,12,0
SeasonalNaive_NatGrowth,coverage_30d,100,19,38,19,12,0
SeasonalNaive_NatGrowth,coverage_30d,100,20,42,20,12,0
SeasonalNaive_NatGrowth,coverage_30d,100,21,46,21,12,0
SeasonalNaive_NatGrowth,coverage_30d,100,22,50,22,12,0
SeasonalNaive_NatGrowth,coverage_30d,1000,7,2,7,1,0
SeasonalNaive_NatGrowth,coverage_30d,1000,8,4,8,3,0
SeasonalNaive_NatGrowth,coverage_30d,1000,9,6,9,3,0
SeasonalNaive_NatGrowth,coverage_30d,1000,10,8,10,3,0
SeasonalNaive_NatGrowth,coverage_30d,1000,11,11,11,6,0
SeasonalNaive_NatGrowth,coverage_30d,1000,12,14,12,6,0
SeasonalNaive_NatGrowth,coverage_30d,1000,13,17,13,6,0
SeasonalNaive_NatGrowth,coverage_30d,1000,14,20,14,6,0
SeasonalNaive_NatGrowth,coverage_30d,1000,15,23,15,6,0
SeasonalNaive_NatGrowth,coverage_30d,1000,16,26,16,6,0
SeasonalNaive_NatGrowth,coverage_30d,1000,17,30,17,12,0
SeasonalNaive_NatGrowth,coverage_30d,1000,18,34,18,12,0
SeasonalNaive_NatGrowth,coverage_30d,1000,19,38,19,12,0
SeasonalNaive_NatGrowth,coverage_30d,1000,20,42,20,12,0
SeasonalNaive_NatGrowth,coverage_30d,1000,21,46,21,12,0
SeasonalNaive_NatGrowth,coverage_30d,1000,22,50,22,12,0
SeasonalNaive_NatGrowth,fractions_30d,100,7,2,7,1,0
SeasonalNaive_NatGrowth,fractions_30d,100,8,4,8,3,0
SeasonalNaive_NatGrowth,fractions_30d,100,9,6,9,3,0
SeasonalNaive_NatGrowth,fractions_30d,100,10,8,10,3,0
SeasonalNaive_NatGrowth,fractions_30d,100,11,11,11,6,0
SeasonalNaive_NatGrowth,fractions_30d,100,12,14,12,6,0
SeasonalNaive_NatGrowth,fractions_30d,100,13,17,13,6,0
SeasonalNaive_NatGrowth,fractions_30d,100,14,20,14,6,0
SeasonalNaive_NatGrowth,fractions_30d,100,15,23,15,6,0
SeasonalNaive_NatGrowth,fractions_30d,100,16,26,16,6,0
SeasonalNaive_NatGrowth,fractions_30d,100,17,30,17,12,0
SeasonalNaive_NatGrowth,fractions_30d,100,18,34,18,12,0
SeasonalNaive_NatGrowth,fractions_30d,100,19,38,19,12,0
SeasonalNaive_NatGrowth,fractions_30d,100,20,42,20,12,0
SeasonalNaive_NatGrowth,fractions_30d,100,21,46,21,12,0
SeasonalNaive_NatGrowth,fractions_30d,100,22,50,22,12,0
SeasonalNaive_NatGrowth,fractions_30d,1000,7,2,7,1,0
SeasonalNaive_NatGrowth,fractions_30d,1000,8,4,8,3,0
SeasonalNaive_NatGrowth,fractions_30d,1000,9,6,9,3,0
SeasonalNaive_NatGrowth,fractions_30d,1000,10,8,10,3,0
SeasonalNaive_NatGrowth,fractions_30d,1000,11,11,11,6,0
SeasonalNaive_NatGrowth,fractions_30d,1000,12,14,12,6,0
SeasonalNaive_NatGrowth,fractions_30d,1000,13,17,13,6,0
SeasonalNaive_NatGrowth,fractions_30d,1000,14,20,14,6,0
SeasonalNaive_NatGrowth,fractions_30d,1000,15,23,15,6,0
SeasonalNaive_NatGrowth,fractions_30d,1000,16,26,16,6,0
SeasonalNaive_NatGrowth,fractions_30d,1000,17,30,17,12,0
SeasonalNaive_NatGrowth,fractions_30d,1000,18,34,18,12,0
SeasonalNaive_NatGrowth,fractions_30d,1000,19,38,19,12,0
SeasonalNaive_NatGrowth,fractions_30d,1000,20,42,20,12,0
SeasonalNaive_NatGrowth,fractions_30d,1000,21,46,21,12,0
SeasonalNaive_NatGrowth,fractions_30d,1000,22,50,22,12,0
SeasonalNaive_NatGrowth,mass_90d,100,7,2,7,1,0
SeasonalNaive_NatGrowth,mass_90d,100,8,4,8,3,0
SeasonalNaive_NatGrowth,mass_90d,100,9,6,9,3,0
SeasonalNaive_NatGrowth,mass_90d,100,10,8,10,3,0
SeasonalNaive_NatGrowth,mass_90d,100,11,11,11,6,0
SeasonalNaive_NatGrowth,mass_90d,100,12,14,12,6,0
SeasonalNaive_NatGrowth,mass_90d,100,13,17,13,6,0
SeasonalNaive_NatGrowth,mass_90d,100,14,20,14,6,0
SeasonalNaive_NatGrowth,mass_90d,100,15,23,15,6,0
SeasonalNaive_NatGrowth,mass_90d,100,16,26,16,6,0
SeasonalNaive_NatGrowth,mass_90d,100,17,30,17,12,0
SeasonalNaive_NatGrowth,mass_90d,100,18,34,18,12,0
SeasonalNaive_NatGrowth,mass_90d,100,19,38,19,12,0
SeasonalNaive_NatGrowth,mass_90d,100,20,42,20,12,0
SeasonalNaive_NatGrowth,mass_90d,100,21,46,21,12,0
SeasonalNaive_NatGrowth,mass_90d,100,22,50,22,12,0
SeasonalNaive_NatGrowth,mass_90d,1000,7,2,7,1,0
SeasonalNaive_NatGrowth,mass_90d,1000,8,4,8,3,0
SeasonalNaive_NatGrowth,mass_90d,1000,9,6,9,3,0
SeasonalNaive_NatGrowth,mass_90d,1000,10,8,10,3,0
SeasonalNaive_NatGrowth,mass_90d,1000,11,11,11,6,0
SeasonalNaive_NatGrowth,mass_90d,1000,12,14,12,6,0
SeasonalNaive_NatGrowth,mass_90d,1000,13,17,13,6,0
SeasonalNaive_NatGrowth,mass_90d,1000,14,20,14,6,0
SeasonalNaive_NatGrowth,mass_90d,1000,15,23,15,6,0
SeasonalNaive_NatGrowth,mass_90d,1000,16,26,16,6,0
SeasonalNaive_NatGrowth,mass_90d,1000,17,30,17,12,0
SeasonalNaive_NatGrowth,mass_90d,1000,18,34,18,12,0
SeasonalNaive_NatGrowth,mass_90d,1000,19,38,19,12,0
SeasonalNaive_NatGrowth,mass_90d,1000,20,42,20,12,0
SeasonalNaive_NatGrowth,mass_90d,1000,21,46,21,12,0
SeasonalNaive_NatGrowth,mass_90d,1000,22,50,22,12,0
SeasonalNaive_NatGrowth,coverage_90d,100,7,2,7,1,0
SeasonalNaive_NatGrowth,coverage_90d,100,8,4,8,3,0
SeasonalNaive_NatGrowth,coverage_90d,100,9,6,9,3,0
SeasonalNaive_NatGrowth,coverage_90d,100,10,8,10,3,0
SeasonalNaive_NatGrowth,coverage_90d,100,11,11,11,6,0
SeasonalNaive_NatGrowth,coverage_90d,100,12,14,12,6,0
SeasonalNaive_NatGrowth,coverage_90d,100,13,17,13,6,0
SeasonalNaive_NatGrowth,coverage_90d,100,14,20,14,6,0
SeasonalNaive_NatGrowth,coverage_90d,100,15,23,15,6,0
SeasonalNaive_NatGrowth,coverage_90d,100,16,26,16,6,0
SeasonalNaive_NatGrowth,coverage_90d,100,17,30,17,12,0
SeasonalNaive_NatGrowth,coverage_90d,100,18,34,18,12,0
SeasonalNaive_NatGrowth,coverage_90d,100,19,38,19,12,0
SeasonalNaive_NatGrowth,coverage_90d,100,20,42,20,12,0
SeasonalNaive_NatGrowth,coverage_90d,100,21,46,21,12,0
SeasonalNaive_NatGrowth,coverage_90d,100,22,50,22,12,0
SeasonalNaive_NatGrowth,coverage_90d,1000,7,2,7,1,0
SeasonalNaive_NatGrowth,coverage_90d,1000,8,4,8,3,0
SeasonalNaive_NatGrowth,coverage_90d,1000,9,6,9,3,0
SeasonalNaive_NatGrowth,coverage_90d,1000,10,8,10,3,0
SeasonalNaive_NatGrowth,coverage_90d,1000,11,11,11,6,0
SeasonalNaive_NatGrowth,coverage_90d,1000,12,14,12,6,0
SeasonalNaive_NatGrowth,coverage_90d,1000,13,17,13,6,0
SeasonalNaive_NatGrowth,coverage_90d,1000,14,20,14,6,0
SeasonalNaive_NatGrowth,coverage_90d,1000,15,23,15,6,0
SeasonalNaive_NatGrowth,coverage_90d,1000,16,26,16,6,0
SeasonalNaive_NatGrowth,coverage_90d,1000,17,30,17,12,0
SeasonalNaive_NatGrowth,coverage_90d,1000,18,34,18,12,0
SeasonalNaive_NatGrowth,coverage_90d,1000,19,38,19,12,0
SeasonalNaive_NatGrowth,coverage_90d,1000,20,42,20,12,0
SeasonalNaive_NatGrowth,coverage_90d,1000,21,46,21,12,0
SeasonalNaive_NatGrowth,coverage_90d,1000,22,50,22,12,0
SeasonalNaive_NatGrowth,fractions_90d,100,7,2,7,1,0
SeasonalNaive_NatGrowth,fractions_90d,100,8,4,8,3,0
SeasonalNaive_NatGrowth,fractions_90d,100,9,6,9,3,0
SeasonalNaive_NatGrowth,fractions_90d,100,10,8,10,3,0
SeasonalNaive_NatGrowth,fractions_90d,100,11,11,11,6,0
SeasonalNaive_NatGrowth,fractions_90d,100,12,14,12,6,0
SeasonalNaive_NatGrowth,fractions_90d,100,13,17,13,6,0
SeasonalNaive_NatGrowth,fractions_90d,100,14,20,14,6,0
SeasonalNaive_NatGrowth,fractions_90d,100,15,23,15,6,0
SeasonalNaive_NatGrowth,fractions_90d,100,16,26,16,6,0
SeasonalNaive_NatGrowth,fractions_90d,100,17,30,17,12,0
SeasonalNaive_NatGrowth,fractions_90d,100,18,34,18,12,0
SeasonalNaive_NatGrowth,fractions_90d,100,19,38,19,12,0
SeasonalNaive_NatGrowth,fractions_90d,100,20,42,20,12,0
SeasonalNaive_NatGrowth,fractions_90d,100,21,46,21,12,0
SeasonalNaive_NatGrowth,fractions_90d,100,22,50,22,12,0
SeasonalNaive_NatGrowth,fractions_90d,1000,7,2,7,1,0
SeasonalNaive_NatGrowth,fractions_90d,1000,8,4,8,3,0
SeasonalNaive_NatGrowth,fractions_90d,1000,9,6,9,3,0
SeasonalNaive_NatGrowth,fractions_90d,1000,10,8,10,3,0
SeasonalNaive_NatGrowth,fractions_90d,1000,11,11,11,6,0
SeasonalNaive_NatGrowth,fractions_90d,1000,12,14,12,6,0
SeasonalNaive_NatGrowth,fractions_90d,1000,13,17,13,6,0
SeasonalNaive_NatGrowth,fractions_90d,1000,14,20,14,6,0
SeasonalNaive_NatGrowth,fractions_90d,1000,15,23,15,6,0
SeasonalNaive_NatGrowth,fractions_90d,1000,16,26,16,6,0
SeasonalNaive_NatGrowth,fractions_90d,1000,17,30,17,12,0
SeasonalNaive_NatGrowth,fractions_90d,1000,18,34,18,12,0
SeasonalNaive_NatGrowth,fractions_90d,1000,19,38,19,12,0
SeasonalNaive_NatGrowth,fractions_90d,1000,20,42,20,12,0
SeasonalNaive_NatGrowth,fractions_90d,1000,21,46,21,12,0
SeasonalNaive_NatGrowth,fractions_90d,1000,22,50,22,12,0
NatPath_K3,financial_only,100,7,2,7,1,0
NatPath_K3,financial_only,100,8,4,8,3,0
NatPath_K3,financial_only,100,9,6,9,3,0
NatPath_K3,financial_only,100,10,8,10,3,0
NatPath_K3,financial_only,100,11,11,11,6,0
NatPath_K3,financial_only,100,12,14,12,6,0
NatPath_K3,financial_only,100,13,17,13,6,0
NatPath_K3,financial_only,100,14,20,14,6,0
NatPath_K3,financial_only,100,15,23,15,6,0
NatPath_K3,financial_only,100,16,26,16,6,0
NatPath_K3,financial_only,100,17,30,17,12,0
NatPath_K3,financial_only,100,18,34,18,12,0
NatPath_K3,financial_only,100,19,38,19,12,0
NatPath_K3,financial_only,100,20,42,20,12,0
NatPath_K3,financial_only,100,21,46,21,12,0
NatPath_K3,financial_only,100,22,50,22,12,0
NatPath_K3,financial_only,1000,7,2,7,1,0
NatPath_K3,financial_only,1000,8,4,8,3,0
NatPath_K3,financial_only,1000,9,6,9,3,0
NatPath_K3,financial_only,1000,10,8,10,3,0
NatPath_K3,financial_only,1000,11,11,11,6,0
NatPath_K3,financial_only,1000,12,14,12,6,0
NatPath_K3,financial_only,1000,13,17,13,6,0
NatPath_K3,financial_only,1000,14,20,14,6,0
NatPath_K3,financial_only,1000,15,23,15,6,0
NatPath_K3,financial_only,1000,16,26,16,6,0
NatPath_K3,financial_only,1000,17,30,17,12,0
NatPath_K3,financial_only,1000,18,34,18,12,0
NatPath_K3,financial_only,1000,19,38,19,12,0
NatPath_K3,financial_only,1000,20,42,20,12,0
NatPath_K3,financial_only,1000,21,46,21,12,0
NatPath_K3,financial_only,1000,22,50,22,12,0
NatPath_K3,mass_14d,100,7,2,7,1,0
NatPath_K3,mass_14d,100,8,4,8,3,0
NatPath_K3,mass_14d,100,9,6,9,3,0
NatPath_K3,mass_14d,100,10,8,10,3,0
NatPath_K3,mass_14d,100,11,11,11,6,0
NatPath_K3,mass_14d,100,12,14,12,6,0
NatPath_K3,mass_14d,100,13,17,13,6,0
NatPath_K3,mass_14d,100,14,20,14,6,0
NatPath_K3,mass_14d,100,15,23,15,6,0
NatPath_K3,mass_14d,100,16,26,16,6,0
NatPath_K3,mass_14d,100,17,30,17,12,0
NatPath_K3,mass_14d,100,18,34,18,12,0
NatPath_K3,mass_14d,100,19,38,19,12,0
NatPath_K3,mass_14d,100,20,42,20,12,0
NatPath_K3,mass_14d,100,21,46,21,12,0
NatPath_K3,mass_14d,100,22,50,22,12,0
NatPath_K3,mass_14d,1000,7,2,7,1,0
NatPath_K3,mass_14d,1000,8,4,8,3,0
NatPath_K3,mass_14d,1000,9,6,9,3,0
NatPath_K3,mass_14d,1000,10,8,10,3,0
NatPath_K3,mass_14d,1000,11,11,11,6,0
NatPath_K3,mass_14d,1000,12,14,12,6,0
NatPath_K3,mass_14d,1000,13,17,13,6,0
NatPath_K3,mass_14d,1000,14,20,14,6,0
NatPath_K3,mass_14d,1000,15,23,15,6,0
NatPath_K3,mass_14d,1000,16,26,16,6,0
NatPath_K3,mass_14d,1000,17,30,17,12,0
NatPath_K3,mass_14d,1000,18,34,18,12,0
NatPath_K3,mass_14d,1000,19,38,19,12,0
NatPath_K3,mass_14d,1000,20,42,20,12,0
NatPath_K3,mass_14d,1000,21,46,21,12,0
NatPath_K3,mass_14d,1000,22,50,22,12,0
NatPath_K3,coverage_14d,100,7,2,7,1,0
NatPath_K3,coverage_14d,100,8,4,8,3,0
NatPath_K3,coverage_14d,100,9,6,9,3,0
NatPath_K3,coverage_14d,100,10,8,10,3,0
NatPath_K3,coverage_14d,100,11,11,11,6,0
NatPath_K3,coverage_14d,100,12,14,12,6,0
NatPath_K3,coverage_14d,100,13,17,13,6,0
NatPath_K3,coverage_14d,100,14,20,14,6,0
NatPath_K3,coverage_14d,100,15,23,15,6,0
NatPath_K3,coverage_14d,100,16,26,16,6,0
NatPath_K3,coverage_14d,100,17,30,17,12,0
NatPath_K3,coverage_14d,100,18,34,18,12,0
NatPath_K3,coverage_14d,100,19,38,19,12,0
NatPath_K3,coverage_14d,100,20,42,20,12,0
NatPath_K3,coverage_14d,100,21,46,21,12,0
NatPath_K3,coverage_14d,100,22,50,22,12,0
NatPath_K3,coverage_14d,1000,7,2,7,1,0
NatPath_K3,coverage_14d,1000,8,4,8,3,0
NatPath_K3,coverage_14d,1000,9,6,9,3,0
NatPath_K3,coverage_14d,1000,10,8,10,3,0
NatPath_K3,coverage_14d,1000,11,11,11,6,0
NatPath_K3,coverage_14d,1000,12,14,12,6,0
NatPath_K3,coverage_14d,1000,13,17,13,6,0
NatPath_K3,coverage_14d,1000,14,20,14,6,0
NatPath_K3,coverage_14d,1000,15,23,15,6,0
NatPath_K3,coverage_14d,1000,16,26,16,6,0
NatPath_K3,coverage_14d,1000,17,30,17,12,0
NatPath_K3,coverage_14d,1000,18,34,18,12,0
NatPath_K3,coverage_14d,1000,19,38,19,12,0
NatPath_K3,coverage_14d,1000,20,42,20,12,0
NatPath_K3,coverage_14d,1000,21,46,21,12,0
NatPath_K3,coverage_14d,1000,22,50,22,12,0
NatPath_K3,fractions_14d,100,7,2,7,1,0
NatPath_K3,fractions_14d,100,8,4,8,3,0
NatPath_K3,fractions_14d,100,9,6,9,3,0
NatPath_K3,fractions_14d,100,10,8,10,3,0
NatPath_K3,fractions_14d,100,11,11,11,6,0
NatPath_K3,fractions_14d,100,12,14,12,6,0
NatPath_K3,fractions_14d,100,13,17,13,6,0
NatPath_K3,fractions_14d,100,14,20,14,6,0
NatPath_K3,fractions_14d,100,15,23,15,6,0
NatPath_K3,fractions_14d,100,16,26,16,6,0
NatPath_K3,fractions_14d,100,17,30,17,12,0
NatPath_K3,fractions_14d,100,18,34,18,12,0
NatPath_K3,fractions_14d,100,19,38,19,12,0
NatPath_K3,fractions_14d,100,20,42,20,12,0
NatPath_K3,fractions_14d,100,21,46,21,12,0
NatPath_K3,fractions_14d,100,22,50,22,12,0
NatPath_K3,fractions_14d,1000,7,2,7,1,0
NatPath_K3,fractions_14d,1000,8,4,8,3,0
NatPath_K3,fractions_14d,1000,9,6,9,3,0
NatPath_K3,fractions_14d,1000,10,8,10,3,0
NatPath_K3,fractions_14d,1000,11,11,11,6,0
NatPath_K3,fractions_14d,1000,12,14,12,6,0
NatPath_K3,fractions_14d,1000,13,17,13,6,0
NatPath_K3,fractions_14d,1000,14,20,14,6,0
NatPath_K3,fractions_14d,1000,15,23,15,6,0
NatPath_K3,fractions_14d,1000,16,26,16,6,0
NatPath_K3,fractions_14d,1000,17,30,17,12,0
NatPath_K3,fractions_14d,1000,18,34,18,12,0
NatPath_K3,fractions_14d,1000,19,38,19,12,0
NatPath_K3,fractions_14d,1000,20,42,20,12,0
NatPath_K3,fractions_14d,1000,21,46,21,12,0
NatPath_K3,fractions_14d,1000,22,50,22,12,0
NatPath_K3,mass_30d,100,7,2,7,1,0
NatPath_K3,mass_30d,100,8,4,8,3,0
NatPath_K3,mass_30d,100,9,6,9,3,0
NatPath_K3,mass_30d,100,10,8,10,3,0
NatPath_K3,mass_30d,100,11,11,11,6,0
NatPath_K3,mass_30d,100,12,14,12,6,0
NatPath_K3,mass_30d,100,13,17,13,6,0
NatPath_K3,mass_30d,100,14,20,14,6,0
NatPath_K3,mass_30d,100,15,23,15,6,0
NatPath_K3,mass_30d,100,16,26,16,6,0
NatPath_K3,mass_30d,100,17,30,17,12,0
NatPath_K3,mass_30d,100,18,34,18,12,0
NatPath_K3,mass_30d,100,19,38,19,12,0
NatPath_K3,mass_30d,100,20,42,20,12,0
NatPath_K3,mass_30d,100,21,46,21,12,0
NatPath_K3,mass_30d,100,22,50,22,12,0
NatPath_K3,mass_30d,1000,7,2,7,1,0
NatPath_K3,mass_30d,1000,8,4,8,3,0
NatPath_K3,mass_30d,1000,9,6,9,3,0
NatPath_K3,mass_30d,1000,10,8,10,3,0
NatPath_K3,mass_30d,1000,11,11,11,6,0
NatPath_K3,mass_30d,1000,12,14,12,6,0
NatPath_K3,mass_30d,1000,13,17,13,6,0
NatPath_K3,mass_30d,1000,14,20,14,6,0
NatPath_K3,mass_30d,1000,15,23,15,6,0
NatPath_K3,mass_30d,1000,16,26,16,6,0
NatPath_K3,mass_30d,1000,17,30,17,12,0
NatPath_K3,mass_30d,1000,18,34,18,12,0
NatPath_K3,mass_30d,1000,19,38,19,12,0
NatPath_K3,mass_30d,1000,20,42,20,12,0
NatPath_K3,mass_30d,1000,21,46,21,12,0
NatPath_K3,mass_30d,1000,22,50,22,12,0
NatPath_K3,coverage_30d,100,7,2,7,1,0
NatPath_K3,coverage_30d,100,8,4,8,3,0
NatPath_K3,coverage_30d,100,9,6,9,3,0
NatPath_K3,coverage_30d,100,10,8,10,3,0
NatPath_K3,coverage_30d,100,11,11,11,6,0
NatPath_K3,coverage_30d,100,12,14,12,6,0
NatPath_K3,coverage_30d,100,13,17,13,6,0
NatPath_K3,coverage_30d,100,14,20,14,6,0
NatPath_K3,coverage_30d,100,15,23,15,6,0
NatPath_K3,coverage_30d,100,16,26,16,6,0
NatPath_K3,coverage_30d,100,17,30,17,12,0
NatPath_K3,coverage_30d,100,18,34,18,12,0
NatPath_K3,coverage_30d,100,19,38,19,12,0
NatPath_K3,coverage_30d,100,20,42,20,12,0
NatPath_K3,coverage_30d,100,21,46,21,12,0
NatPath_K3,coverage_30d,100,22,50,22,12,0
NatPath_K3,coverage_30d,1000,7,2,7,1,0
NatPath_K3,coverage_30d,1000,8,4,8,3,0
NatPath_K3,coverage_30d,1000,9,6,9,3,0
NatPath_K3,coverage_30d,1000,10,8,10,3,0
NatPath_K3,coverage_30d,1000,11,11,11,6,0
NatPath_K3,coverage_30d,1000,12,14,12,6,0
NatPath_K3,coverage_30d,1000,13,17,13,6,0
NatPath_K3,coverage_30d,1000,14,20,14,6,0
NatPath_K3,coverage_30d,1000,15,23,15,6,0
NatPath_K3,coverage_30d,1000,16,26,16,6,0
NatPath_K3,coverage_30d,1000,17,30,17,12,0
NatPath_K3,coverage_30d,1000,18,34,18,12,0
NatPath_K3,coverage_30d,1000,19,38,19,12,0
NatPath_K3,coverage_30d,1000,20,42,20,12,0
NatPath_K3,coverage_30d,1000,21,46,21,12,0
NatPath_K3,coverage_30d,1000,22,50,22,12,0
NatPath_K3,fractions_30d,100,7,2,7,1,0
NatPath_K3,fractions_30d,100,8,4,8,3,0
NatPath_K3,fractions_30d,100,9,6,9,3,0
NatPath_K3,fractions_30d,100,10,8,10,3,0
NatPath_K3,fractions_30d,100,11,11,11,6,0
NatPath_K3,fractions_30d,100,12,14,12,6,0
NatPath_K3,fractions_30d,100,13,17,13,6,0
NatPath_K3,fractions_30d,100,14,20,14,6,0
NatPath_K3,fractions_30d,100,15,23,15,6,0
NatPath_K3,fractions_30d,100,16,26,16,6,0
NatPath_K3,fractions_30d,100,17,30,17,12,0
NatPath_K3,fractions_30d,100,18,34,18,12,0
NatPath_K3,fractions_30d,100,19,38,19,12,0
NatPath_K3,fractions_30d,100,20,42,20,12,0
NatPath_K3,fractions_30d,100,21,46,21,12,0
NatPath_K3,fractions_30d,100,22,50,22,12,0
NatPath_K3,fractions_30d,1000,7,2,7,1,0
NatPath_K3,fractions_30d,1000,8,4,8,3,0
NatPath_K3,fractions_30d,1000,9,6,9,3,0
NatPath_K3,fractions_30d,1000,10,8,10,3,0
NatPath_K3,fractions_30d,1000,11,11,11,6,0
NatPath_K3,fractions_30d,1000,12,14,12,6,0
NatPath_K3,fractions_30d,1000,13,17,13,6,0
NatPath_K3,fractions_30d,1000,14,20,14,6,0
NatPath_K3,fractions_30d,1000,15,23,15,6,0
NatPath_K3,fractions_30d,1000,16,26,16,6,0
NatPath_K3,fractions_30d,1000,17,30,17,12,0
NatPath_K3,fractions_30d,1000,18,34,18,12,0
NatPath_K3,fractions_30d,1000,19,38,19,12,0
NatPath_K3,fractions_30d,1000,20,42,20,12,0
NatPath_K3,fractions_30d,1000,21,46,21,12,0
NatPath_K3,fractions_30d,1000,22,50,22,12,0
NatPath_K3,mass_90d,100,7,2,7,1,0
NatPath_K3,mass_90d,100,8,4,8,3,0
NatPath_K3,mass_90d,100,9,6,9,3,0
NatPath_K3,mass_90d,100,10,8,10,3,0
NatPath_K3,mass_90d,100,11,11,11,6,0
NatPath_K3,mass_90d,100,12,14,12,6,0
NatPath_K3,mass_90d,100,13,17,13,6,0
NatPath_K3,mass_90d,100,14,20,14,6,0
NatPath_K3,mass_90d,100,15,23,15,6,0
NatPath_K3,mass_90d,100,16,26,16,6,0
NatPath_K3,mass_90d,100,17,30,17,12,0
NatPath_K3,mass_90d,100,18,34,18,12,0
NatPath_K3,mass_90d,100,19,38,19,12,0
NatPath_K3,mass_90d,100,20,42,20,12,0
NatPath_K3,mass_90d,100,21,46,21,12,0
NatPath_K3,mass_90d,100,22,50,22,12,0
NatPath_K3,mass_90d,1000,7,2,7,1,0
NatPath_K3,mass_90d,1000,8,4,8,3,0
NatPath_K3,mass_90d,1000,9,6,9,3,0
NatPath_K3,mass_90d,1000,10,8,10,3,0
NatPath_K3,mass_90d,1000,11,11,11,6,0
NatPath_K3,mass_90d,1000,12,14,12,6,0
NatPath_K3,mass_90d,1000,13,17,13,6,0
NatPath_K3,mass_90d,1000,14,20,14,6,0
NatPath_K3,mass_90d,1000,15,23,15,6,0
NatPath_K3,mass_90d,1000,16,26,16,6,0
NatPath_K3,mass_90d,1000,17,30,17,12,0
NatPath_K3,mass_90d,1000,18,34,18,12,0
NatPath_K3,mass_90d,1000,19,38,19,12,0
NatPath_K3,mass_90d,1000,20,42,20,12,0
NatPath_K3,mass_90d,1000,21,46,21,12,0
NatPath_K3,mass_90d,1000,22,50,22,12,0
NatPath_K3,coverage_90d,100,7,2,7,1,0
NatPath_K3,coverage_90d,100,8,4,8,3,0
NatPath_K3,coverage_90d,100,9,6,9,3,0
NatPath_K3,coverage_90d,100,10,8,10,3,0
NatPath_K3,coverage_90d,100,11,11,11,6,0
NatPath_K3,coverage_90d,100,12,14,12,6,0
NatPath_K3,coverage_90d,100,13,17,13,6,0
NatPath_K3,coverage_90d,100,14,20,14,6,0
NatPath_K3,coverage_90d,100,15,23,15,6,0
NatPath_K3,coverage_90d,100,16,26,16,6,0
NatPath_K3,coverage_90d,100,17,30,17,12,0
NatPath_K3,coverage_90d,100,18,34,18,12,0
NatPath_K3,coverage_90d,100,19,38,19,12,0
NatPath_K3,coverage_90d,100,20,42,20,12,0
NatPath_K3,coverage_90d,100,21,46,21,12,0
NatPath_K3,coverage_90d,100,22,50,22,12,0
NatPath_K3,coverage_90d,1000,7,2,7,1,0
NatPath_K3,coverage_90d,1000,8,4,8,3,0
NatPath_K3,coverage_90d,1000,9,6,9,3,0
NatPath_K3,coverage_90d,1000,10,8,10,3,0
NatPath_K3,coverage_90d,1000,11,11,11,6,0
NatPath_K3,coverage_90d,1000,12,14,12,6,0
NatPath_K3,coverage_90d,1000,13,17,13,6,0
NatPath_K3,coverage_90d,1000,14,20,14,6,0
NatPath_K3,coverage_90d,1000,15,23,15,6,0
NatPath_K3,coverage_90d,1000,16,26,16,6,0
NatPath_K3,coverage_90d,1000,17,30,17,12,0
NatPath_K3,coverage_90d,1000,18,34,18,12,0
NatPath_K3,coverage_90d,1000,19,38,19,12,0
NatPath_K3,coverage_90d,1000,20,42,20,12,0
NatPath_K3,coverage_90d,1000,21,46,21,12,0
NatPath_K3,coverage_90d,1000,22,50,22,12,0
NatPath_K3,fractions_90d,100,7,2,7,1,0
NatPath_K3,fractions_90d,100,8,4,8,3,0
NatPath_K3,fractions_90d,100,9,6,9,3,0
NatPath_K3,fractions_90d,100,10,8,10,3,0
NatPath_K3,fractions_90d,100,11,11,11,6,0
NatPath_K3,fractions_90d,100,12,14,12,6,0
NatPath_K3,fractions_90d,100,13,17,13,6,0
NatPath_K3,fractions_90d,100,14,20,14,6,0
NatPath_K3,fractions_90d,100,15,23,15,6,0
NatPath_K3,fractions_90d,100,16,26,16,6,0
NatPath_K3,fractions_90d,100,17,30,17,12,0
NatPath_K3,fractions_90d,100,18,34,18,12,0
NatPath_K3,fractions_90d,100,19,38,19,12,0
NatPath_K3,fractions_90d,100,20,42,20,12,0
NatPath_K3,fractions_90d,100,21,46,21,12,0
NatPath_K3,fractions_90d,100,22,50,22,12,0
NatPath_K3,fractions_90d,1000,7,2,7,1,0
NatPath_K3,fractions_90d,1000,8,4,8,3,0
NatPath_K3,fractions_90d,1000,9,6,9,3,0
NatPath_K3,fractions_90d,1000,10,8,10,3,0
NatPath_K3,fractions_90d,1000,11,11,11,6,0
NatPath_K3,fractions_90d,1000,12,14,12,6,0
NatPath_K3,fractions_90d,1000,13,17,13,6,0
NatPath_K3,fractions_90d,1000,14,20,14,6,0
NatPath_K3,fractions_90d,1000,15,23,15,6,0
NatPath_K3,fractions_90d,1000,16,26,16,6,0
NatPath_K3,fractions_90d,1000,17,30,17,12,0
NatPath_K3,fractions_90d,1000,18,34,18,12,0
NatPath_K3,fractions_90d,1000,19,38,19,12,0
NatPath_K3,fractions_90d,1000,20,42,20,12,0
NatPath_K3,fractions_90d,1000,21,46,21,12,0
NatPath_K3,fractions_90d,1000,22,50,22,12,0
NatPath_K1,financial_only,100,7,2,7,1,0
NatPath_K1,financial_only,100,8,4,8,3,0
NatPath_K1,financial_only,100,9,6,9,3,0
NatPath_K1,financial_only,100,10,8,10,3,0
NatPath_K1,financial_only,100,11,11,11,6,0
NatPath_K1,financial_only,100,12,14,12,6,0
NatPath_K1,financial_only,100,13,17,13,6,0
NatPath_K1,financial_only,100,14,20,14,6,0
NatPath_K1,financial_only,100,15,23,15,6,0
NatPath_K1,financial_only,100,16,26,16,6,0
NatPath_K1,financial_only,100,17,30,17,12,0
NatPath_K1,financial_only,100,18,34,18,12,0
NatPath_K1,financial_only,100,19,38,19,12,0
NatPath_K1,financial_only,100,20,42,20,12,0
NatPath_K1,financial_only,100,21,46,21,12,0
NatPath_K1,financial_only,100,22,50,22,12,0
NatPath_K1,financial_only,1000,7,2,7,1,0
NatPath_K1,financial_only,1000,8,4,8,3,0
NatPath_K1,financial_only,1000,9,6,9,3,0
NatPath_K1,financial_only,1000,10,8,10,3,0
NatPath_K1,financial_only,1000,11,11,11,6,0
NatPath_K1,financial_only,1000,12,14,12,6,0
NatPath_K1,financial_only,1000,13,17,13,6,0
NatPath_K1,financial_only,1000,14,20,14,6,0
NatPath_K1,financial_only,1000,15,23,15,6,0
NatPath_K1,financial_only,1000,16,26,16,6,0
NatPath_K1,financial_only,1000,17,30,17,12,0
NatPath_K1,financial_only,1000,18,34,18,12,0
NatPath_K1,financial_only,1000,19,38,19,12,0
NatPath_K1,financial_only,1000,20,42,20,12,0
NatPath_K1,financial_only,1000,21,46,21,12,0
NatPath_K1,financial_only,1000,22,50,22,12,0
NatPath_K1,mass_14d,100,7,2,7,1,0
NatPath_K1,mass_14d,100,8,4,8,3,0
NatPath_K1,mass_14d,100,9,6,9,3,0
NatPath_K1,mass_14d,100,10,8,10,3,0
NatPath_K1,mass_14d,100,11,11,11,6,0
NatPath_K1,mass_14d,100,12,14,12,6,0
NatPath_K1,mass_14d,100,13,17,13,6,0
NatPath_K1,mass_14d,100,14,20,14,6,0
NatPath_K1,mass_14d,100,15,23,15,6,0
NatPath_K1,mass_14d,100,16,26,16,6,0
NatPath_K1,mass_14d,100,17,30,17,12,0
NatPath_K1,mass_14d,100,18,34,18,12,0
NatPath_K1,mass_14d,100,19,38,19,12,0
NatPath_K1,mass_14d,100,20,42,20,12,0
NatPath_K1,mass_14d,100,21,46,21,12,0
NatPath_K1,mass_14d,100,22,50,22,12,0
NatPath_K1,mass_14d,1000,7,2,7,1,0
NatPath_K1,mass_14d,1000,8,4,8,3,0
NatPath_K1,mass_14d,1000,9,6,9,3,0
NatPath_K1,mass_14d,1000,10,8,10,3,0
NatPath_K1,mass_14d,1000,11,11,11,6,0
NatPath_K1,mass_14d,1000,12,14,12,6,0
NatPath_K1,mass_14d,1000,13,17,13,6,0
NatPath_K1,mass_14d,1000,14,20,14,6,0
NatPath_K1,mass_14d,1000,15,23,15,6,0
NatPath_K1,mass_14d,1000,16,26,16,6,0
NatPath_K1,mass_14d,1000,17,30,17,12,0
NatPath_K1,mass_14d,1000,18,34,18,12,0
NatPath_K1,mass_14d,1000,19,38,19,12,0
NatPath_K1,mass_14d,1000,20,42,20,12,0
NatPath_K1,mass_14d,1000,21,46,21,12,0
NatPath_K1,mass_14d,1000,22,50,22,12,0
NatPath_K1,coverage_14d,100,7,2,7,1,0
NatPath_K1,coverage_14d,100,8,4,8,3,0
NatPath_K1,coverage_14d,100,9,6,9,3,0
NatPath_K1,coverage_14d,100,10,8,10,3,0
NatPath_K1,coverage_14d,100,11,11,11,6,0
NatPath_K1,coverage_14d,100,12,14,12,6,0
NatPath_K1,coverage_14d,100,13,17,13,6,0
NatPath_K1,coverage_14d,100,14,20,14,6,0
NatPath_K1,coverage_14d,100,15,23,15,6,0
NatPath_K1,coverage_14d,100,16,26,16,6,0
NatPath_K1,coverage_14d,100,17,30,17,12,0
NatPath_K1,coverage_14d,100,18,34,18,12,0
NatPath_K1,coverage_14d,100,19,38,19,12,0
NatPath_K1,coverage_14d,100,20,42,20,12,0
NatPath_K1,coverage_14d,100,21,46,21,12,0
NatPath_K1,coverage_14d,100,22,50,22,12,0
NatPath_K1,coverage_14d,1000,7,2,7,1,0
NatPath_K1,coverage_14d,1000,8,4,8,3,0
NatPath_K1,coverage_14d,1000,9,6,9,3,0
NatPath_K1,coverage_14d,1000,10,8,10,3,0
NatPath_K1,coverage_14d,1000,11,11,11,6,0
NatPath_K1,coverage_14d,1000,12,14,12,6,0
NatPath_K1,coverage_14d,1000,13,17,13,6,0
NatPath_K1,coverage_14d,1000,14,20,14,6,0
NatPath_K1,coverage_14d,1000,15,23,15,6,0
NatPath_K1,coverage_14d,1000,16,26,16,6,0
NatPath_K1,coverage_14d,1000,17,30,17,12,0
NatPath_K1,coverage_14d,1000,18,34,18,12,0
NatPath_K1,coverage_14d,1000,19,38,19,12,0
NatPath_K1,coverage_14d,1000,20,42,20,12,0
NatPath_K1,coverage_14d,1000,21,46,21,12,0
NatPath_K1,coverage_14d,1000,22,50,22,12,0
NatPath_K1,fractions_14d,100,7,2,7,1,0
NatPath_K1,fractions_14d,100,8,4,8,3,0
NatPath_K1,fractions_14d,100,9,6,9,3,0
NatPath_K1,fractions_14d,100,10,8,10,3,0
NatPath_K1,fractions_14d,100,11,11,11,6,0
NatPath_K1,fractions_14d,100,12,14,12,6,0
NatPath_K1,fractions_14d,100,13,17,13,6,0
NatPath_K1,fractions_14d,100,14,20,14,6,0
NatPath_K1,fractions_14d,100,15,23,15,6,0
NatPath_K1,fractions_14d,100,16,26,16,6,0
NatPath_K1,fractions_14d,100,17,30,17,12,0
NatPath_K1,fractions_14d,100,18,34,18,12,0
NatPath_K1,fractions_14d,100,19,38,19,12,0
NatPath_K1,fractions_14d,100,20,42,20,12,0
NatPath_K1,fractions_14d,100,21,46,21,12,0
NatPath_K1,fractions_14d,100,22,50,22,12,0
NatPath_K1,fractions_14d,1000,7,2,7,1,0
NatPath_K1,fractions_14d,1000,8,4,8,3,0
NatPath_K1,fractions_14d,1000,9,6,9,3,0
NatPath_K1,fractions_14d,1000,10,8,10,3,0
NatPath_K1,fractions_14d,1000,11,11,11,6,0
NatPath_K1,fractions_14d,1000,12,14,12,6,0
NatPath_K1,fractions_14d,1000,13,17,13,6,0
NatPath_K1,fractions_14d,1000,14,20,14,6,0
NatPath_K1,fractions_14d,1000,15,23,15,6,0
NatPath_K1,fractions_14d,1000,16,26,16,6,0
NatPath_K1,fractions_14d,1000,17,30,17,12,0
NatPath_K1,fractions_14d,1000,18,34,18,12,0
NatPath_K1,fractions_14d,1000,19,38,19,12,0
NatPath_K1,fractions_14d,1000,20,42,20,12,0
NatPath_K1,fractions_14d,1000,21,46,21,12,0
NatPath_K1,fractions_14d,1000,22,50,22,12,0
NatPath_K1,mass_30d,100,7,2,7,1,0
NatPath_K1,mass_30d,100,8,4,8,3,0
NatPath_K1,mass_30d,100,9,6,9,3,0
NatPath_K1,mass_30d,100,10,8,10,3,0
NatPath_K1,mass_30d,100,11,11,11,6,0
NatPath_K1,mass_30d,100,12,14,12,6,0
NatPath_K1,mass_30d,100,13,17,13,6,0
NatPath_K1,mass_30d,100,14,20,14,6,0
NatPath_K1,mass_30d,100,15,23,15,6,0
NatPath_K1,mass_30d,100,16,26,16,6,0
NatPath_K1,mass_30d,100,17,30,17,12,0
NatPath_K1,mass_30d,100,18,34,18,12,0
NatPath_K1,mass_30d,100,19,38,19,12,0
NatPath_K1,mass_30d,100,20,42,20,12,0
NatPath_K1,mass_30d,100,21,46,21,12,0
NatPath_K1,mass_30d,100,22,50,22,12,0
NatPath_K1,mass_30d,1000,7,2,7,1,0
NatPath_K1,mass_30d,1000,8,4,8,3,0
NatPath_K1,mass_30d,1000,9,6,9,3,0
NatPath_K1,mass_30d,1000,10,8,10,3,0
NatPath_K1,mass_30d,1000,11,11,11,6,0
NatPath_K1,mass_30d,1000,12,14,12,6,0
NatPath_K1,mass_30d,1000,13,17,13,6,0
NatPath_K1,mass_30d,1000,14,20,14,6,0
NatPath_K1,mass_30d,1000,15,23,15,6,0
NatPath_K1,mass_30d,1000,16,26,16,6,0
NatPath_K1,mass_30d,1000,17,30,17,12,0
NatPath_K1,mass_30d,1000,18,34,18,12,0
NatPath_K1,mass_30d,1000,19,38,19,12,0
NatPath_K1,mass_30d,1000,20,42,20,12,0
NatPath_K1,mass_30d,1000,21,46,21,12,0
NatPath_K1,mass_30d,1000,22,50,22,12,0
NatPath_K1,coverage_30d,100,7,2,7,1,0
NatPath_K1,coverage_30d,100,8,4,8,3,0
NatPath_K1,coverage_30d,100,9,6,9,3,0
NatPath_K1,coverage_30d,100,10,8,10,3,0
NatPath_K1,coverage_30d,100,11,11,11,6,0
NatPath_K1,coverage_30d,100,12,14,12,6,0
NatPath_K1,coverage_30d,100,13,17,13,6,0
NatPath_K1,coverage_30d,100,14,20,14,6,0
NatPath_K1,coverage_30d,100,15,23,15,6,0
NatPath_K1,coverage_30d,100,16,26,16,6,0
NatPath_K1,coverage_30d,100,17,30,17,12,0
NatPath_K1,coverage_30d,100,18,34,18,12,0
NatPath_K1,coverage_30d,100,19,38,19,12,0
NatPath_K1,coverage_30d,100,20,42,20,12,0
NatPath_K1,coverage_30d,100,21,46,21,12,0
NatPath_K1,coverage_30d,100,22,50,22,12,0
NatPath_K1,coverage_30d,1000,7,2,7,1,0
NatPath_K1,coverage_30d,1000,8,4,8,3,0
NatPath_K1,coverage_30d,1000,9,6,9,3,0
NatPath_K1,coverage_30d,1000,10,8,10,3,0
NatPath_K1,coverage_30d,1000,11,11,11,6,0
NatPath_K1,coverage_30d,1000,12,14,12,6,0
NatPath_K1,coverage_30d,1000,13,17,13,6,0
NatPath_K1,coverage_30d,1000,14,20,14,6,0
NatPath_K1,coverage_30d,1000,15,23,15,6,0
NatPath_K1,coverage_30d,1000,16,26,16,6,0
NatPath_K1,coverage_30d,1000,17,30,17,12,0
NatPath_K1,coverage_30d,1000,18,34,18,12,0
NatPath_K1,coverage_30d,1000,19,38,19,12,0
NatPath_K1,coverage_30d,1000,20,42,20,12,0
NatPath_K1,coverage_30d,1000,21,46,21,12,0
NatPath_K1,coverage_30d,1000,22,50,22,12,0
NatPath_K1,fractions_30d,100,7,2,7,1,0
NatPath_K1,fractions_30d,100,8,4,8,3,0
NatPath_K1,fractions_30d,100,9,6,9,3,0
NatPath_K1,fractions_30d,100,10,8,10,3,0
NatPath_K1,fractions_30d,100,11,11,11,6,0
NatPath_K1,fractions_30d,100,12,14,12,6,0
NatPath_K1,fractions_30d,100,13,17,13,6,0
NatPath_K1,fractions_30d,100,14,20,14,6,0
NatPath_K1,fractions_30d,100,15,23,15,6,0
NatPath_K1,fractions_30d,100,16,26,16,6,0
NatPath_K1,fractions_30d,100,17,30,17,12,0
NatPath_K1,fractions_30d,100,18,34,18,12,0
NatPath_K1,fractions_30d,100,19,38,19,12,0
NatPath_K1,fractions_30d,100,20,42,20,12,0
NatPath_K1,fractions_30d,100,21,46,21,12,0
NatPath_K1,fractions_30d,100,22,50,22,12,0
NatPath_K1,fractions_30d,1000,7,2,7,1,0
NatPath_K1,fractions_30d,1000,8,4,8,3,0
NatPath_K1,fractions_30d,1000,9,6,9,3,0
NatPath_K1,fractions_30d,1000,10,8,10,3,0
NatPath_K1,fractions_30d,1000,11,11,11,6,0
NatPath_K1,fractions_30d,1000,12,14,12,6,0
NatPath_K1,fractions_30d,1000,13,17,13,6,0
NatPath_K1,fractions_30d,1000,14,20,14,6,0
NatPath_K1,fractions_30d,1000,15,23,15,6,0
NatPath_K1,fractions_30d,1000,16,26,16,6,0
NatPath_K1,fractions_30d,1000,17,30,17,12,0
NatPath_K1,fractions_30d,1000,18,34,18,12,0
NatPath_K1,fractions_30d,1000,19,38,19,12,0
NatPath_K1,fractions_30d,1000,20,42,20,12,0
NatPath_K1,fractions_30d,1000,21,46,21,12,0
NatPath_K1,fractions_30d,1000,22,50,22,12,0
NatPath_K1,mass_90d,100,7,2,7,1,0
NatPath_K1,mass_90d,100,8,4,8,3,0
NatPath_K1,mass_90d,100,9,6,9,3,0
NatPath_K1,mass_90d,100,10,8,10,3,0
NatPath_K1,mass_90d,100,11,11,11,6,0
NatPath_K1,mass_90d,100,12,14,12,6,0
NatPath_K1,mass_90d,100,13,17,13,6,0
NatPath_K1,mass_90d,100,14,20,14,6,0
NatPath_K1,mass_90d,100,15,23,15,6,0
NatPath_K1,mass_90d,100,16,26,16,6,0
NatPath_K1,mass_90d,100,17,30,17,12,0
NatPath_K1,mass_90d,100,18,34,18,12,0
NatPath_K1,mass_90d,100,19,38,19,12,0
NatPath_K1,mass_90d,100,20,42,20,12,0
NatPath_K1,mass_90d,100,21,46,21,12,0
NatPath_K1,mass_90d,100,22,50,22,12,0
NatPath_K1,mass_90d,1000,7,2,7,1,0
NatPath_K1,mass_90d,1000,8,4,8,3,0
NatPath_K1,mass_90d,1000,9,6,9,3,0
NatPath_K1,mass_90d,1000,10,8,10,3,0
NatPath_K1,mass_90d,1000,11,11,11,6,0
NatPath_K1,mass_90d,1000,12,14,12,6,0
NatPath_K1,mass_90d,1000,13,17,13,6,0
NatPath_K1,mass_90d,1000,14,20,14,6,0
NatPath_K1,mass_90d,1000,15,23,15,6,0
NatPath_K1,mass_90d,1000,16,26,16,6,0
NatPath_K1,mass_90d,1000,17,30,17,12,0
NatPath_K1,mass_90d,1000,18,34,18,12,0
NatPath_K1,mass_90d,1000,19,38,19,12,0
NatPath_K1,mass_90d,1000,20,42,20,12,0
NatPath_K1,mass_90d,1000,21,46,21,12,0
NatPath_K1,mass_90d,1000,22,50,22,12,0
NatPath_K1,coverage_90d,100,7,2,7,1,0
NatPath_K1,coverage_90d,100,8,4,8,3,0
NatPath_K1,coverage_90d,100,9,6,9,3,0
NatPath_K1,coverage_90d,100,10,8,10,3,0
NatPath_K1,coverage_90d,100,11,11,11,6,0
NatPath_K1,coverage_90d,100,12,14,12,6,0
NatPath_K1,coverage_90d,100,13,17,13,6,0
NatPath_K1,coverage_90d,100,14,20,14,6,0
NatPath_K1,coverage_90d,100,15,23,15,6,0
NatPath_K1,coverage_90d,100,16,26,16,6,0
NatPath_K1,coverage_90d,100,17,30,17,12,0
NatPath_K1,coverage_90d,100,18,34,18,12,0
NatPath_K1,coverage_90d,100,19,38,19,12,0
NatPath_K1,coverage_90d,100,20,42,20,12,0
NatPath_K1,coverage_90d,100,21,46,21,12,0
NatPath_K1,coverage_90d,100,22,50,22,12,0
NatPath_K1,coverage_90d,1000,7,2,7,1,0
NatPath_K1,coverage_90d,1000,8,4,8,3,0
NatPath_K1,coverage_90d,1000,9,6,9,3,0
NatPath_K1,coverage_90d,1000,10,8,10,3,0
NatPath_K1,coverage_90d,1000,11,11,11,6,0
NatPath_K1,coverage_90d,1000,12,14,12,6,0
NatPath_K1,coverage_90d,1000,13,17,13,6,0
NatPath_K1,coverage_90d,1000,14,20,14,6,0
NatPath_K1,coverage_90d,1000,15,23,15,6,0
NatPath_K1,coverage_90d,1000,16,26,16,6,0
NatPath_K1,coverage_90d,1000,17,30,17,12,0
NatPath_K1,coverage_90d,1000,18,34,18,12,0
NatPath_K1,coverage_90d,1000,19,38,19,12,0
NatPath_K1,coverage_90d,1000,20,42,20,12,0
NatPath_K1,coverage_90d,1000,21,46,21,12,0
NatPath_K1,coverage_90d,1000,22,50,22,12,0
NatPath_K1,fractions_90d,100,7,2,7,1,0
NatPath_K1,fractions_90d,100,8,4,8,3,0
NatPath_K1,fractions_90d,100,9,6,9,3,0
NatPath_K1,fractions_90d,100,10,8,10,3,0
NatPath_K1,fractions_90d,100,11,11,11,6,0
NatPath_K1,fractions_90d,100,12,14,12,6,0
NatPath_K1,fractions_90d,100,13,17,13,6,0
NatPath_K1,fractions_90d,100,14,20,14,6,0
NatPath_K1,fractions_90d,100,15,23,15,6,0
NatPath_K1,fractions_90d,100,16,26,16,6,0
NatPath_K1,fractions_90d,100,17,30,17,12,0
NatPath_K1,fractions_90d,100,18,34,18,12,0
NatPath_K1,fractions_90d,100,19,38,19,12,0
NatPath_K1,fractions_90d,100,20,42,20,12,0
NatPath_K1,fractions_90d,100,21,46,21,12,0
NatPath_K1,fractions_90d,100,22,50,22,12,0
NatPath_K1,fractions_90d,1000,7,2,7,1,0
NatPath_K1,fractions_90d,1000,8,4,8,3,0
NatPath_K1,fractions_90d,1000,9,6,9,3,0
NatPath_K1,fractions_90d,1000,10,8,10,3,0
NatPath_K1,fractions_90d,1000,11,11,11,6,0
NatPath_K1,fractions_90d,1000,12,14,12,6,0
NatPath_K1,fractions_90d,1000,13,17,13,6,0
NatPath_K1,fractions_90d,1000,14,20,14,6,0
NatPath_K1,fractions_90d,1000,15,23,15,6,0
NatPath_K1,fractions_90d,1000,16,26,16,6,0
NatPath_K1,fractions_90d,1000,17,30,17,12,0
NatPath_K1,fractions_90d,1000,18,34,18,12,0
NatPath_K1,fractions_90d,1000,19,38,19,12,0
NatPath_K1,fractions_90d,1000,20,42,20,12,0
NatPath_K1,fractions_90d,1000,21,46,21,12,0
NatPath_K1,fractions_90d,1000,22,50,22,12,0
StructHGB,financial_only,100,7,2,7,1,0
StructHGB,financial_only,100,8,4,8,3,0
StructHGB,financial_only,100,9,6,9,3,0
StructHGB,financial_only,100,10,8,10,3,0
StructHGB,financial_only,100,11,11,11,6,0
StructHGB,financial_only,100,12,14,12,6,0
StructHGB,financial_only,100,13,17,13,6,0
StructHGB,financial_only,100,14,20,14,6,0
StructHGB,financial_only,100,15,23,15,6,0
StructHGB,financial_only,100,16,26,16,6,0
StructHGB,financial_only,100,17,30,17,12,0
StructHGB,financial_only,100,18,34,18,12,0
StructHGB,financial_only,100,19,38,19,12,0
StructHGB,financial_only,100,20,42,20,12,0
StructHGB,financial_only,100,21,46,21,12,0
StructHGB,financial_only,100,22,50,22,12,0
StructHGB,financial_only,1000,7,2,7,1,0
StructHGB,financial_only,1000,8,4,8,3,0
StructHGB,financial_only,1000,9,6,9,3,0
StructHGB,financial_only,1000,10,8,10,3,0
StructHGB,financial_only,1000,11,11,11,6,0
StructHGB,financial_only,1000,12,14,12,6,0
StructHGB,financial_only,1000,13,17,13,6,0
StructHGB,financial_only,1000,14,20,14,6,0
StructHGB,financial_only,1000,15,23,15,6,0
StructHGB,financial_only,1000,16,26,16,6,0
StructHGB,financial_only,1000,17,30,17,12,0
StructHGB,financial_only,1000,18,34,18,12,0
StructHGB,financial_only,1000,19,38,19,12,0
StructHGB,financial_only,1000,20,42,20,12,0
StructHGB,financial_only,1000,21,46,21,12,0
StructHGB,financial_only,1000,22,50,22,12,0
StructHGB,mass_14d,100,7,2,7,1,0
StructHGB,mass_14d,100,8,4,8,3,0
StructHGB,mass_14d,100,9,6,9,3,0
StructHGB,mass_14d,100,10,8,10,3,0
StructHGB,mass_14d,100,11,11,11,6,0
StructHGB,mass_14d,100,12,14,12,6,0
StructHGB,mass_14d,100,13,17,13,6,0
StructHGB,mass_14d,100,14,20,14,6,0
StructHGB,mass_14d,100,15,23,15,6,0
StructHGB,mass_14d,100,16,26,16,6,0
StructHGB,mass_14d,100,17,30,17,12,0
StructHGB,mass_14d,100,18,34,18,12,0
StructHGB,mass_14d,100,19,38,19,12,0
StructHGB,mass_14d,100,20,42,20,12,0
StructHGB,mass_14d,100,21,46,21,12,0
StructHGB,mass_14d,100,22,50,22,12,0
StructHGB,mass_14d,1000,7,2,7,1,0
StructHGB,mass_14d,1000,8,4,8,3,0
StructHGB,mass_14d,1000,9,6,9,3,0
StructHGB,mass_14d,1000,10,8,10,3,0
StructHGB,mass_14d,1000,11,11,11,6,0
StructHGB,mass_14d,1000,12,14,12,6,0
StructHGB,mass_14d,1000,13,17,13,6,0
StructHGB,mass_14d,1000,14,20,14,6,0
StructHGB,mass_14d,1000,15,23,15,6,0
StructHGB,mass_14d,1000,16,26,16,6,0
StructHGB,mass_14d,1000,17,30,17,12,0
StructHGB,mass_14d,1000,18,34,18,12,0
StructHGB,mass_14d,1000,19,38,19,12,0
StructHGB,mass_14d,1000,20,42,20,12,0
StructHGB,mass_14d,1000,21,46,21,12,0
StructHGB,mass_14d,1000,22,50,22,12,0
StructHGB,coverage_14d,100,7,2,7,1,0
StructHGB,coverage_14d,100,8,4,8,3,0
StructHGB,coverage_14d,100,9,6,9,3,0
StructHGB,coverage_14d,100,10,8,10,3,0
StructHGB,coverage_14d,100,11,11,11,6,0
StructHGB,coverage_14d,100,12,14,12,6,0
StructHGB,coverage_14d,100,13,17,13,6,0
StructHGB,coverage_14d,100,14,20,14,6,0
StructHGB,coverage_14d,100,15,23,15,6,0
StructHGB,coverage_14d,100,16,26,16,6,0
StructHGB,coverage_14d,100,17,30,17,12,0
StructHGB,coverage_14d,100,18,34,18,12,0
StructHGB,coverage_14d,100,19,38,19,12,0
StructHGB,coverage_14d,100,20,42,20,12,0
StructHGB,coverage_14d,100,21,46,21,12,0
StructHGB,coverage_14d,100,22,50,22,12,0
StructHGB,coverage_14d,1000,7,2,7,1,0
StructHGB,coverage_14d,1000,8,4,8,3,0
StructHGB,coverage_14d,1000,9,6,9,3,0
StructHGB,coverage_14d,1000,10,8,10,3,0
StructHGB,coverage_14d,1000,11,11,11,6,0
StructHGB,coverage_14d,1000,12,14,12,6,0
StructHGB,coverage_14d,1000,13,17,13,6,0
StructHGB,coverage_14d,1000,14,20,14,6,0
StructHGB,coverage_14d,1000,15,23,15,6,0
StructHGB,coverage_14d,1000,16,26,16,6,0
StructHGB,coverage_14d,1000,17,30,17,12,0
StructHGB,coverage_14d,1000,18,34,18,12,0
StructHGB,coverage_14d,1000,19,38,19,12,0
StructHGB,coverage_14d,1000,20,42,20,12,0
StructHGB,coverage_14d,1000,21,46,21,12,0
StructHGB,coverage_14d,1000,22,50,22,12,0
StructHGB,fractions_14d,100,7,2,7,1,0
StructHGB,fractions_14d,100,8,4,8,3,0
StructHGB,fractions_14d,100,9,6,9,3,0
StructHGB,fractions_14d,100,10,8,10,3,0
StructHGB,fractions_14d,100,11,11,11,6,0
StructHGB,fractions_14d,100,12,14,12,6,0
StructHGB,fractions_14d,100,13,17,13,6,0
StructHGB,fractions_14d,100,14,20,14,6,0
StructHGB,fractions_14d,100,15,23,15,6,0
StructHGB,fractions_14d,100,16,26,16,6,0
StructHGB,fractions_14d,100,17,30,17,12,0
StructHGB,fractions_14d,100,18,34,18,12,0
StructHGB,fractions_14d,100,19,38,19,12,0
StructHGB,fractions_14d,100,20,42,20,12,0
StructHGB,fractions_14d,100,21,46,21,12,0
StructHGB,fractions_14d,100,22,50,22,12,0
StructHGB,fractions_14d,1000,7,2,7,1,0
StructHGB,fractions_14d,1000,8,4,8,3,0
StructHGB,fractions_14d,1000,9,6,9,3,0
StructHGB,fractions_14d,1000,10,8,10,3,0
StructHGB,fractions_14d,1000,11,11,11,6,0
StructHGB,fractions_14d,1000,12,14,12,6,0
StructHGB,fractions_14d,1000,13,17,13,6,0
StructHGB,fractions_14d,1000,14,20,14,6,0
StructHGB,fractions_14d,1000,15,23,15,6,0
StructHGB,fractions_14d,1000,16,26,16,6,0
StructHGB,fractions_14d,1000,17,30,17,12,0
StructHGB,fractions_14d,1000,18,34,18,12,0
StructHGB,fractions_14d,1000,19,38,19,12,0
StructHGB,fractions_14d,1000,20,42,20,12,0
StructHGB,fractions_14d,1000,21,46,21,12,0
StructHGB,fractions_14d,1000,22,50,22,12,0
StructHGB,mass_30d,100,7,2,7,1,0
StructHGB,mass_30d,100,8,4,8,3,0
StructHGB,mass_30d,100,9,6,9,3,0
StructHGB,mass_30d,100,10,8,10,3,0
StructHGB,mass_30d,100,11,11,11,6,0
StructHGB,mass_30d,100,12,14,12,6,0
StructHGB,mass_30d,100,13,17,13,6,0
StructHGB,mass_30d,100,14,20,14,6,0
StructHGB,mass_30d,100,15,23,15,6,0
StructHGB,mass_30d,100,16,26,16,6,0
StructHGB,mass_30d,100,17,30,17,12,0
StructHGB,mass_30d,100,18,34,18,12,0
StructHGB,mass_30d,100,19,38,19,12,0
StructHGB,mass_30d,100,20,42,20,12,0
StructHGB,mass_30d,100,21,46,21,12,0
StructHGB,mass_30d,100,22,50,22,12,0
StructHGB,mass_30d,1000,7,2,7,1,0
StructHGB,mass_30d,1000,8,4,8,3,0
StructHGB,mass_30d,1000,9,6,9,3,0
StructHGB,mass_30d,1000,10,8,10,3,0
StructHGB,mass_30d,1000,11,11,11,6,0
StructHGB,mass_30d,1000,12,14,12,6,0
StructHGB,mass_30d,1000,13,17,13,6,0
StructHGB,mass_30d,1000,14,20,14,6,0
StructHGB,mass_30d,1000,15,23,15,6,0
StructHGB,mass_30d,1000,16,26,16,6,0
StructHGB,mass_30d,1000,17,30,17,12,0
StructHGB,mass_30d,1000,18,34,18,12,0
StructHGB,mass_30d,1000,19,38,19,12,0
StructHGB,mass_30d,1000,20,42,20,12,0
StructHGB,mass_30d,1000,21,46,21,12,0
StructHGB,mass_30d,1000,22,50,22,12,0
StructHGB,coverage_30d,100,7,2,7,1,0
StructHGB,coverage_30d,100,8,4,8,3,0
StructHGB,coverage_30d,100,9,6,9,3,0
StructHGB,coverage_30d,100,10,8,10,3,0
StructHGB,coverage_30d,100,11,11,11,6,0
StructHGB,coverage_30d,100,12,14,12,6,0
StructHGB,coverage_30d,100,13,17,13,6,0
StructHGB,coverage_30d,100,14,20,14,6,0
StructHGB,coverage_30d,100,15,23,15,6,0
StructHGB,coverage_30d,100,16,26,16,6,0
StructHGB,coverage_30d,100,17,30,17,12,0
StructHGB,coverage_30d,100,18,34,18,12,0
StructHGB,coverage_30d,100,19,38,19,12,0
StructHGB,coverage_30d,100,20,42,20,12,0
StructHGB,coverage_30d,100,21,46,21,12,0
StructHGB,coverage_30d,100,22,50,22,12,0
StructHGB,coverage_30d,1000,7,2,7,1,0
StructHGB,coverage_30d,1000,8,4,8,3,0
StructHGB,coverage_30d,1000,9,6,9,3,0
StructHGB,coverage_30d,1000,10,8,10,3,0
StructHGB,coverage_30d,1000,11,11,11,6,0
StructHGB,coverage_30d,1000,12,14,12,6,0
StructHGB,coverage_30d,1000,13,17,13,6,0
StructHGB,coverage_30d,1000,14,20,14,6,0
StructHGB,coverage_30d,1000,15,23,15,6,0
StructHGB,coverage_30d,1000,16,26,16,6,0
StructHGB,coverage_30d,1000,17,30,17,12,0
StructHGB,coverage_30d,1000,18,34,18,12,0
StructHGB,coverage_30d,1000,19,38,19,12,0
StructHGB,coverage_30d,1000,20,42,20,12,0
StructHGB,coverage_30d,1000,21,46,21,12,0
StructHGB,coverage_30d,1000,22,50,22,12,0
StructHGB,fractions_30d,100,7,2,7,1,0
StructHGB,fractions_30d,100,8,4,8,3,0
StructHGB,fractions_30d,100,9,6,9,3,0
StructHGB,fractions_30d,100,10,8,10,3,0
StructHGB,fractions_30d,100,11,11,11,6,0
StructHGB,fractions_30d,100,12,14,12,6,0
StructHGB,fractions_30d,100,13,17,13,6,0
StructHGB,fractions_30d,100,14,20,14,6,0
StructHGB,fractions_30d,100,15,23,15,6,0
StructHGB,fractions_30d,100,16,26,16,6,0
StructHGB,fractions_30d,100,17,30,17,12,0
StructHGB,fractions_30d,100,18,34,18,12,0
StructHGB,fractions_30d,100,19,38,19,12,0
StructHGB,fractions_30d,100,20,42,20,12,0
StructHGB,fractions_30d,100,21,46,21,12,0
StructHGB,fractions_30d,100,22,50,22,12,0
StructHGB,fractions_30d,1000,7,2,7,1,0
StructHGB,fractions_30d,1000,8,4,8,3,0
StructHGB,fractions_30d,1000,9,6,9,3,0
StructHGB,fractions_30d,1000,10,8,10,3,0
StructHGB,fractions_30d,1000,11,11,11,6,0
StructHGB,fractions_30d,1000,12,14,12,6,0
StructHGB,fractions_30d,1000,13,17,13,6,0
StructHGB,fractions_30d,1000,14,20,14,6,0
StructHGB,fractions_30d,1000,15,23,15,6,0
StructHGB,fractions_30d,1000,16,26,16,6,0
StructHGB,fractions_30d,1000,17,30,17,12,0
StructHGB,fractions_30d,1000,18,34,18,12,0
StructHGB,fractions_30d,1000,19,38,19,12,0
StructHGB,fractions_30d,1000,20,42,20,12,0
StructHGB,fractions_30d,1000,21,46,21,12,0
StructHGB,fractions_30d,1000,22,50,22,12,0
StructHGB,mass_90d,100,7,2,7,1,0
StructHGB,mass_90d,100,8,4,8,3,0
StructHGB,mass_90d,100,9,6,9,3,0
StructHGB,mass_90d,100,10,8,10,3,0
StructHGB,mass_90d,100,11,11,11,6,0
StructHGB,mass_90d,100,12,14,12,6,0
StructHGB,mass_90d,100,13,17,13,6,0
StructHGB,mass_90d,100,14,20,14,6,0
StructHGB,mass_90d,100,15,23,15,6,0
StructHGB,mass_90d,100,16,26,16,6,0
StructHGB,mass_90d,100,17,30,17,12,0
StructHGB,mass_90d,100,18,34,18,12,0
StructHGB,mass_90d,100,19,38,19,12,0
StructHGB,mass_90d,100,20,42,20,12,0
StructHGB,mass_90d,100,21,46,21,12,0
StructHGB,mass_90d,100,22,50,22,12,0
StructHGB,mass_90d,1000,7,2,7,1,0
StructHGB,mass_90d,1000,8,4,8,3,0
StructHGB,mass_90d,1000,9,6,9,3,0
StructHGB,mass_90d,1000,10,8,10,3,0
StructHGB,mass_90d,1000,11,11,11,6,0
StructHGB,mass_90d,1000,12,14,12,6,0
StructHGB,mass_90d,1000,13,17,13,6,0
StructHGB,mass_90d,1000,14,20,14,6,0
StructHGB,mass_90d,1000,15,23,15,6,0
StructHGB,mass_90d,1000,16,26,16,6,0
StructHGB,mass_90d,1000,17,30,17,12,0
StructHGB,mass_90d,1000,18,34,18,12,0
StructHGB,mass_90d,1000,19,38,19,12,0
StructHGB,mass_90d,1000,20,42,20,12,0
StructHGB,mass_90d,1000,21,46,21,12,0
StructHGB,mass_90d,1000,22,50,22,12,0
StructHGB,coverage_90d,100,7,2,7,1,0
StructHGB,coverage_90d,100,8,4,8,3,0
StructHGB,coverage_90d,100,9,6,9,3,0
StructHGB,coverage_90d,100,10,8,10,3,0
StructHGB,coverage_90d,100,11,11,11,6,0
StructHGB,coverage_90d,100,12,14,12,6,0
StructHGB,coverage_90d,100,13,17,13,6,0
StructHGB,coverage_90d,100,14,20,14,6,0
StructHGB,coverage_90d,100,15,23,15,6,0
StructHGB,coverage_90d,100,16,26,16,6,0
StructHGB,coverage_90d,100,17,30,17,12,0
StructHGB,coverage_90d,100,18,34,18,12,0
StructHGB,coverage_90d,100,19,38,19,12,0
StructHGB,coverage_90d,100,20,42,20,12,0
StructHGB,coverage_90d,100,21,46,21,12,0
StructHGB,coverage_90d,100,22,50,22,12,0
StructHGB,coverage_90d,1000,7,2,7,1,0
StructHGB,coverage_90d,1000,8,4,8,3,0
StructHGB,coverage_90d,1000,9,6,9,3,0
StructHGB,coverage_90d,1000,10,8,10,3,0
StructHGB,coverage_90d,1000,11,11,11,6,0
StructHGB,coverage_90d,1000,12,14,12,6,0
StructHGB,coverage_90d,1000,13,17,13,6,0
StructHGB,coverage_90d,1000,14,20,14,6,0
StructHGB,coverage_90d,1000,15,23,15,6,0
StructHGB,coverage_90d,1000,16,26,16,6,0
StructHGB,coverage_90d,1000,17,30,17,12,0
StructHGB,coverage_90d,1000,18,34,18,12,0
StructHGB,coverage_90d,1000,19,38,19,12,0
StructHGB,coverage_90d,1000,20,42,20,12,0
StructHGB,coverage_90d,1000,21,46,21,12,0
StructHGB,coverage_90d,1000,22,50,22,12,0
StructHGB,fractions_90d,100,7,2,7,1,0
StructHGB,fractions_90d,100,8,4,8,3,0
StructHGB,fractions_90d,100,9,6,9,3,0
StructHGB,fractions_90d,100,10,8,10,3,0
StructHGB,fractions_90d,100,11,11,11,6,0
StructHGB,fractions_90d,100,12,14,12,6,0
StructHGB,fractions_90d,100,13,17,13,6,0
StructHGB,fractions_90d,100,14,20,14,6,0
StructHGB,fractions_90d,100,15,23,15,6,0
StructHGB,fractions_90d,100,16,26,16,6,0
StructHGB,fractions_90d,100,17,30,17,12,0
StructHGB,fractions_90d,100,18,34,18,12,0
StructHGB,fractions_90d,100,19,38,19,12,0
StructHGB,fractions_90d,100,20,42,20,12,0
StructHGB,fractions_90d,100,21,46,21,12,0
StructHGB,fractions_90d,100,22,50,22,12,0
StructHGB,fractions_90d,1000,7,2,7,1,0
StructHGB,fractions_90d,1000,8,4,8,3,0
StructHGB,fractions_90d,1000,9,6,9,3,0
StructHGB,fractions_90d,1000,10,8,10,3,0
StructHGB,fractions_90d,1000,11,11,11,6,0
StructHGB,fractions_90d,1000,12,14,12,6,0
StructHGB,fractions_90d,1000,13,17,13,6,0
StructHGB,fractions_90d,1000,14,20,14,6,0
StructHGB,fractions_90d,1000,15,23,15,6,0
StructHGB,fractions_90d,1000,16,26,16,6,0
StructHGB,fractions_90d,1000,17,30,17,12,0
StructHGB,fractions_90d,1000,18,34,18,12,0
StructHGB,fractions_90d,1000,19,38,19,12,0
StructHGB,fractions_90d,1000,20,42,20,12,0
StructHGB,fractions_90d,1000,21,46,21,12,0
StructHGB,fractions_90d,1000,22,50,22,12,0
Chronos2_NatCov,financial_only,100,7,2,7,1,0
Chronos2_NatCov,financial_only,100,8,4,8,3,0
Chronos2_NatCov,financial_only,100,9,6,9,3,0
Chronos2_NatCov,financial_only,100,10,8,10,3,0
Chronos2_NatCov,financial_only,100,11,11,11,6,0
Chronos2_NatCov,financial_only,100,12,14,12,6,0
Chronos2_NatCov,financial_only,100,13,17,13,6,0
Chronos2_NatCov,financial_only,100,14,20,14,6,0
Chronos2_NatCov,financial_only,100,15,23,15,6,0
Chronos2_NatCov,financial_only,100,16,26,16,6,0
Chronos2_NatCov,financial_only,100,17,30,17,12,0
Chronos2_NatCov,financial_only,100,18,34,18,12,0
Chronos2_NatCov,financial_only,100,19,38,19,12,0
Chronos2_NatCov,financial_only,100,20,42,20,12,0
Chronos2_NatCov,financial_only,100,21,46,21,12,0
Chronos2_NatCov,financial_only,100,22,50,22,12,0
Chronos2_NatCov,financial_only,1000,7,2,7,1,0
Chronos2_NatCov,financial_only,1000,8,4,8,3,0
Chronos2_NatCov,financial_only,1000,9,6,9,3,0
Chronos2_NatCov,financial_only,1000,10,8,10,3,0
Chronos2_NatCov,financial_only,1000,11,11,11,6,0
Chronos2_NatCov,financial_only,1000,12,14,12,6,0
Chronos2_NatCov,financial_only,1000,13,17,13,6,0
Chronos2_NatCov,financial_only,1000,14,20,14,6,0
Chronos2_NatCov,financial_only,1000,15,23,15,6,0
Chronos2_NatCov,financial_only,1000,16,26,16,6,0
Chronos2_NatCov,financial_only,1000,17,30,17,12,0
Chronos2_NatCov,financial_only,1000,18,34,18,12,0
Chronos2_NatCov,financial_only,1000,19,38,19,12,0
Chronos2_NatCov,financial_only,1000,20,42,20,12,0
Chronos2_NatCov,financial_only,1000,21,46,21,12,0
Chronos2_NatCov,financial_only,1000,22,50,22,12,0
Chronos2_NatCov,mass_14d,100,7,2,7,1,0
Chronos2_NatCov,mass_14d,100,8,4,8,3,0
Chronos2_NatCov,mass_14d,100,9,6,9,3,0
Chronos2_NatCov,mass_14d,100,10,8,10,3,0
Chronos2_NatCov,mass_14d,100,11,11,11,6,0
Chronos2_NatCov,mass_14d,100,12,14,12,6,0
Chronos2_NatCov,mass_14d,100,13,17,13,6,0
Chronos2_NatCov,mass_14d,100,14,20,14,6,0
Chronos2_NatCov,mass_14d,100,15,23,15,6,0
Chronos2_NatCov,mass_14d,100,16,26,16,6,0
Chronos2_NatCov,mass_14d,100,17,30,17,12,0
Chronos2_NatCov,mass_14d,100,18,34,18,12,0
Chronos2_NatCov,mass_14d,100,19,38,19,12,0
Chronos2_NatCov,mass_14d,100,20,42,20,12,0
Chronos2_NatCov,mass_14d,100,21,46,21,12,0
Chronos2_NatCov,mass_14d,100,22,50,22,12,0
Chronos2_NatCov,mass_14d,1000,7,2,7,1,0
Chronos2_NatCov,mass_14d,1000,8,4,8,3,0
Chronos2_NatCov,mass_14d,1000,9,6,9,3,0
Chronos2_NatCov,mass_14d,1000,10,8,10,3,0
Chronos2_NatCov,mass_14d,1000,11,11,11,6,0
Chronos2_NatCov,mass_14d,1000,12,14,12,6,0
Chronos2_NatCov,mass_14d,1000,13,17,13,6,0
Chronos2_NatCov,mass_14d,1000,14,20,14,6,0
Chronos2_NatCov,mass_14d,1000,15,23,15,6,0
Chronos2_NatCov,mass_14d,1000,16,26,16,6,0
Chronos2_NatCov,mass_14d,1000,17,30,17,12,0
Chronos2_NatCov,mass_14d,1000,18,34,18,12,0
Chronos2_NatCov,mass_14d,1000,19,38,19,12,0
Chronos2_NatCov,mass_14d,1000,20,42,20,12,0
Chronos2_NatCov,mass_14d,1000,21,46,21,12,0
Chronos2_NatCov,mass_14d,1000,22,50,22,12,0
Chronos2_NatCov,coverage_14d,100,7,2,7,1,0
Chronos2_NatCov,coverage_14d,100,8,4,8,3,0
Chronos2_NatCov,coverage_14d,100,9,6,9,3,0
Chronos2_NatCov,coverage_14d,100,10,8,10,3,0
Chronos2_NatCov,coverage_14d,100,11,11,11,6,0
Chronos2_NatCov,coverage_14d,100,12,14,12,6,0
Chronos2_NatCov,coverage_14d,100,13,17,13,6,0
Chronos2_NatCov,coverage_14d,100,14,20,14,6,0
Chronos2_NatCov,coverage_14d,100,15,23,15,6,0
Chronos2_NatCov,coverage_14d,100,16,26,16,6,0
Chronos2_NatCov,coverage_14d,100,17,30,17,12,0
Chronos2_NatCov,coverage_14d,100,18,34,18,12,0
Chronos2_NatCov,coverage_14d,100,19,38,19,12,0
Chronos2_NatCov,coverage_14d,100,20,42,20,12,0
Chronos2_NatCov,coverage_14d,100,21,46,21,12,0
Chronos2_NatCov,coverage_14d,100,22,50,22,12,0
Chronos2_NatCov,coverage_14d,1000,7,2,7,1,0
Chronos2_NatCov,coverage_14d,1000,8,4,8,3,0
Chronos2_NatCov,coverage_14d,1000,9,6,9,3,0
Chronos2_NatCov,coverage_14d,1000,10,8,10,3,0
Chronos2_NatCov,coverage_14d,1000,11,11,11,6,0
Chronos2_NatCov,coverage_14d,1000,12,14,12,6,0
Chronos2_NatCov,coverage_14d,1000,13,17,13,6,0
Chronos2_NatCov,coverage_14d,1000,14,20,14,6,0
Chronos2_NatCov,coverage_14d,1000,15,23,15,6,0
Chronos2_NatCov,coverage_14d,1000,16,26,16,6,0
Chronos2_NatCov,coverage_14d,1000,17,30,17,12,0
Chronos2_NatCov,coverage_14d,1000,18,34,18,12,0
Chronos2_NatCov,coverage_14d,1000,19,38,19,12,0
Chronos2_NatCov,coverage_14d,1000,20,42,20,12,0
Chronos2_NatCov,coverage_14d,1000,21,46,21,12,0
Chronos2_NatCov,coverage_14d,1000,22,50,22,12,0
Chronos2_NatCov,fractions_14d,100,7,2,7,1,0
Chronos2_NatCov,fractions_14d,100,8,4,8,3,0
Chronos2_NatCov,fractions_14d,100,9,6,9,3,0
Chronos2_NatCov,fractions_14d,100,10,8,10,3,0
Chronos2_NatCov,fractions_14d,100,11,11,11,6,0
Chronos2_NatCov,fractions_14d,100,12,14,12,6,0
Chronos2_NatCov,fractions_14d,100,13,17,13,6,0
Chronos2_NatCov,fractions_14d,100,14,20,14,6,0
Chronos2_NatCov,fractions_14d,100,15,23,15,6,0
Chronos2_NatCov,fractions_14d,100,16,26,16,6,0
Chronos2_NatCov,fractions_14d,100,17,30,17,12,0
Chronos2_NatCov,fractions_14d,100,18,34,18,12,0
Chronos2_NatCov,fractions_14d,100,19,38,19,12,0
Chronos2_NatCov,fractions_14d,100,20,42,20,12,0
Chronos2_NatCov,fractions_14d,100,21,46,21,12,0
Chronos2_NatCov,fractions_14d,100,22,50,22,12,0
Chronos2_NatCov,fractions_14d,1000,7,2,7,1,0
Chronos2_NatCov,fractions_14d,1000,8,4,8,3,0
Chronos2_NatCov,fractions_14d,1000,9,6,9,3,0
Chronos2_NatCov,fractions_14d,1000,10,8,10,3,0
Chronos2_NatCov,fractions_14d,1000,11,11,11,6,0
Chronos2_NatCov,fractions_14d,1000,12,14,12,6,0
Chronos2_NatCov,fractions_14d,1000,13,17,13,6,0
Chronos2_NatCov,fractions_14d,1000,14,20,14,6,0
Chronos2_NatCov,fractions_14d,1000,15,23,15,6,0
Chronos2_NatCov,fractions_14d,1000,16,26,16,6,0
Chronos2_NatCov,fractions_14d,1000,17,30,17,12,0
Chronos2_NatCov,fractions_14d,1000,18,34,18,12,0
Chronos2_NatCov,fractions_14d,1000,19,38,19,12,0
Chronos2_NatCov,fractions_14d,1000,20,42,20,12,0
Chronos2_NatCov,fractions_14d,1000,21,46,21,12,0
Chronos2_NatCov,fractions_14d,1000,22,50,22,12,0
Chronos2_NatCov,mass_30d,100,7,2,7,1,0
Chronos2_NatCov,mass_30d,100,8,4,8,3,0
Chronos2_NatCov,mass_30d,100,9,6,9,3,0
Chronos2_NatCov,mass_30d,100,10,8,10,3,0
Chronos2_NatCov,mass_30d,100,11,11,11,6,0
Chronos2_NatCov,mass_30d,100,12,14,12,6,0
Chronos2_NatCov,mass_30d,100,13,17,13,6,0
Chronos2_NatCov,mass_30d,100,14,20,14,6,0
Chronos2_NatCov,mass_30d,100,15,23,15,6,0
Chronos2_NatCov,mass_30d,100,16,26,16,6,0
Chronos2_NatCov,mass_30d,100,17,30,17,12,0
Chronos2_NatCov,mass_30d,100,18,34,18,12,0
Chronos2_NatCov,mass_30d,100,19,38,19,12,0
Chronos2_NatCov,mass_30d,100,20,42,20,12,0
Chronos2_NatCov,mass_30d,100,21,46,21,12,0
Chronos2_NatCov,mass_30d,100,22,50,22,12,0
Chronos2_NatCov,mass_30d,1000,7,2,7,1,0
Chronos2_NatCov,mass_30d,1000,8,4,8,3,0
Chronos2_NatCov,mass_30d,1000,9,6,9,3,0
Chronos2_NatCov,mass_30d,1000,10,8,10,3,0
Chronos2_NatCov,mass_30d,1000,11,11,11,6,0
Chronos2_NatCov,mass_30d,1000,12,14,12,6,0
Chronos2_NatCov,mass_30d,1000,13,17,13,6,0
Chronos2_NatCov,mass_30d,1000,14,20,14,6,0
Chronos2_NatCov,mass_30d,1000,15,23,15,6,0
Chronos2_NatCov,mass_30d,1000,16,26,16,6,0
Chronos2_NatCov,mass_30d,1000,17,30,17,12,0
Chronos2_NatCov,mass_30d,1000,18,34,18,12,0
Chronos2_NatCov,mass_30d,1000,19,38,19,12,0
Chronos2_NatCov,mass_30d,1000,20,42,20,12,0
Chronos2_NatCov,mass_30d,1000,21,46,21,12,0
Chronos2_NatCov,mass_30d,1000,22,50,22,12,0
Chronos2_NatCov,coverage_30d,100,7,2,7,1,0
Chronos2_NatCov,coverage_30d,100,8,4,8,3,0
Chronos2_NatCov,coverage_30d,100,9,6,9,3,0
Chronos2_NatCov,coverage_30d,100,10,8,10,3,0
Chronos2_NatCov,coverage_30d,100,11,11,11,6,0
Chronos2_NatCov,coverage_30d,100,12,14,12,6,0
Chronos2_NatCov,coverage_30d,100,13,17,13,6,0
Chronos2_NatCov,coverage_30d,100,14,20,14,6,0
Chronos2_NatCov,coverage_30d,100,15,23,15,6,0
Chronos2_NatCov,coverage_30d,100,16,26,16,6,0
Chronos2_NatCov,coverage_30d,100,17,30,17,12,0
Chronos2_NatCov,coverage_30d,100,18,34,18,12,0
Chronos2_NatCov,coverage_30d,100,19,38,19,12,0
Chronos2_NatCov,coverage_30d,100,20,42,20,12,0
Chronos2_NatCov,coverage_30d,100,21,46,21,12,0
Chronos2_NatCov,coverage_30d,100,22,50,22,12,0
Chronos2_NatCov,coverage_30d,1000,7,2,7,1,0
Chronos2_NatCov,coverage_30d,1000,8,4,8,3,0
Chronos2_NatCov,coverage_30d,1000,9,6,9,3,0
Chronos2_NatCov,coverage_30d,1000,10,8,10,3,0
Chronos2_NatCov,coverage_30d,1000,11,11,11,6,0
Chronos2_NatCov,coverage_30d,1000,12,14,12,6,0
Chronos2_NatCov,coverage_30d,1000,13,17,13,6,0
Chronos2_NatCov,coverage_30d,1000,14,20,14,6,0
Chronos2_NatCov,coverage_30d,1000,15,23,15,6,0
Chronos2_NatCov,coverage_30d,1000,16,26,16,6,0
Chronos2_NatCov,coverage_30d,1000,17,30,17,12,0
Chronos2_NatCov,coverage_30d,1000,18,34,18,12,0
Chronos2_NatCov,coverage_30d,1000,19,38,19,12,0
Chronos2_NatCov,coverage_30d,1000,20,42,20,12,0
Chronos2_NatCov,coverage_30d,1000,21,46,21,12,0
Chronos2_NatCov,coverage_30d,1000,22,50,22,12,0
Chronos2_NatCov,fractions_30d,100,7,2,7,1,0
Chronos2_NatCov,fractions_30d,100,8,4,8,3,0
Chronos2_NatCov,fractions_30d,100,9,6,9,3,0
Chronos2_NatCov,fractions_30d,100,10,8,10,3,0
Chronos2_NatCov,fractions_30d,100,11,11,11,6,0
Chronos2_NatCov,fractions_30d,100,12,14,12,6,0
Chronos2_NatCov,fractions_30d,100,13,17,13,6,0
Chronos2_NatCov,fractions_30d,100,14,20,14,6,0
Chronos2_NatCov,fractions_30d,100,15,23,15,6,0
Chronos2_NatCov,fractions_30d,100,16,26,16,6,0
Chronos2_NatCov,fractions_30d,100,17,30,17,12,0
Chronos2_NatCov,fractions_30d,100,18,34,18,12,0
Chronos2_NatCov,fractions_30d,100,19,38,19,12,0
Chronos2_NatCov,fractions_30d,100,20,42,20,12,0
Chronos2_NatCov,fractions_30d,100,21,46,21,12,0
Chronos2_NatCov,fractions_30d,100,22,50,22,12,0
Chronos2_NatCov,fractions_30d,1000,7,2,7,1,0
Chronos2_NatCov,fractions_30d,1000,8,4,8,3,0
Chronos2_NatCov,fractions_30d,1000,9,6,9,3,0
Chronos2_NatCov,fractions_30d,1000,10,8,10,3,0
Chronos2_NatCov,fractions_30d,1000,11,11,11,6,0
Chronos2_NatCov,fractions_30d,1000,12,14,12,6,0
Chronos2_NatCov,fractions_30d,1000,13,17,13,6,0
Chronos2_NatCov,fractions_30d,1000,14,20,14,6,0
Chronos2_NatCov,fractions_30d,1000,15,23,15,6,0
Chronos2_NatCov,fractions_30d,1000,16,26,16,6,0
Chronos2_NatCov,fractions_30d,1000,17,30,17,12,0
Chronos2_NatCov,fractions_30d,1000,18,34,18,12,0
Chronos2_NatCov,fractions_30d,1000,19,38,19,12,0
Chronos2_NatCov,fractions_30d,1000,20,42,20,12,0
Chronos2_NatCov,fractions_30d,1000,21,46,21,12,0
Chronos2_NatCov,fractions_30d,1000,22,50,22,12,0
Chronos2_NatCov,mass_90d,100,7,2,7,1,0
Chronos2_NatCov,mass_90d,100,8,4,8,3,0
Chronos2_NatCov,mass_90d,100,9,6,9,3,0
Chronos2_NatCov,mass_90d,100,10,8,10,3,0
Chronos2_NatCov,mass_90d,100,11,11,11,6,0
Chronos2_NatCov,mass_90d,100,12,14,12,6,0
Chronos2_NatCov,mass_90d,100,13,17,13,6,0
Chronos2_NatCov,mass_90d,100,14,20,14,6,0
Chronos2_NatCov,mass_90d,100,15,23,15,6,0
Chronos2_NatCov,mass_90d,100,16,26,16,6,0
Chronos2_NatCov,mass_90d,100,17,30,17,12,0
Chronos2_NatCov,mass_90d,100,18,34,18,12,0
Chronos2_NatCov,mass_90d,100,19,38,19,12,0
Chronos2_NatCov,mass_90d,100,20,42,20,12,0
Chronos2_NatCov,mass_90d,100,21,46,21,12,0
Chronos2_NatCov,mass_90d,100,22,50,22,12,0
Chronos2_NatCov,mass_90d,1000,7,2,7,1,0
Chronos2_NatCov,mass_90d,1000,8,4,8,3,0
Chronos2_NatCov,mass_90d,1000,9,6,9,3,0
Chronos2_NatCov,mass_90d,1000,10,8,10,3,0
Chronos2_NatCov,mass_90d,1000,11,11,11,6,0
Chronos2_NatCov,mass_90d,1000,12,14,12,6,0
Chronos2_NatCov,mass_90d,1000,13,17,13,6,0
Chronos2_NatCov,mass_90d,1000,14,20,14,6,0
Chronos2_NatCov,mass_90d,1000,15,23,15,6,0
Chronos2_NatCov,mass_90d,1000,16,26,16,6,0
Chronos2_NatCov,mass_90d,1000,17,30,17,12,0
Chronos2_NatCov,mass_90d,1000,18,34,18,12,0
Chronos2_NatCov,mass_90d,1000,19,38,19,12,0
Chronos2_NatCov,mass_90d,1000,20,42,20,12,0
Chronos2_NatCov,mass_90d,1000,21,46,21,12,0
Chronos2_NatCov,mass_90d,1000,22,50,22,12,0
Chronos2_NatCov,coverage_90d,100,7,2,7,1,0
Chronos2_NatCov,coverage_90d,100,8,4,8,3,0
Chronos2_NatCov,coverage_90d,100,9,6,9,3,0
Chronos2_NatCov,coverage_90d,100,10,8,10,3,0
Chronos2_NatCov,coverage_90d,100,11,11,11,6,0
Chronos2_NatCov,coverage_90d,100,12,14,12,6,0
Chronos2_NatCov,coverage_90d,100,13,17,13,6,0
Chronos2_NatCov,coverage_90d,100,14,20,14,6,0
Chronos2_NatCov,coverage_90d,100,15,23,15,6,0
Chronos2_NatCov,coverage_90d,100,16,26,16,6,0
Chronos2_NatCov,coverage_90d,100,17,30,17,12,0
Chronos2_NatCov,coverage_90d,100,18,34,18,12,0
Chronos2_NatCov,coverage_90d,100,19,38,19,12,0
Chronos2_NatCov,coverage_90d,100,20,42,20,12,0
Chronos2_NatCov,coverage_90d,100,21,46,21,12,0
Chronos2_NatCov,coverage_90d,100,22,50,22,12,0
Chronos2_NatCov,coverage_90d,1000,7,2,7,1,0
Chronos2_NatCov,coverage_90d,1000,8,4,8,3,0
Chronos2_NatCov,coverage_90d,1000,9,6,9,3,0
Chronos2_NatCov,coverage_90d,1000,10,8,10,3,0
Chronos2_NatCov,coverage_90d,1000,11,11,11,6,0
Chronos2_NatCov,coverage_90d,1000,12,14,12,6,0
Chronos2_NatCov,coverage_90d,1000,13,17,13,6,0
Chronos2_NatCov,coverage_90d,1000,14,20,14,6,0
Chronos2_NatCov,coverage_90d,1000,15,23,15,6,0
Chronos2_NatCov,coverage_90d,1000,16,26,16,6,0
Chronos2_NatCov,coverage_90d,1000,17,30,17,12,0
Chronos2_NatCov,coverage_90d,1000,18,34,18,12,0
Chronos2_NatCov,coverage_90d,1000,19,38,19,12,0
Chronos2_NatCov,coverage_90d,1000,20,42,20,12,0
Chronos2_NatCov,coverage_90d,1000,21,46,21,12,0
Chronos2_NatCov,coverage_90d,1000,22,50,22,12,0
Chronos2_NatCov,fractions_90d,100,7,2,7,1,0
Chronos2_NatCov,fractions_90d,100,8,4,8,3,0
Chronos2_NatCov,fractions_90d,100,9,6,9,3,0
Chronos2_NatCov,fractions_90d,100,10,8,10,3,0
Chronos2_NatCov,fractions_90d,100,11,11,11,6,0
Chronos2_NatCov,fractions_90d,100,12,14,12,6,0
Chronos2_NatCov,fractions_90d,100,13,17,13,6,0
Chronos2_NatCov,fractions_90d,100,14,20,14,6,0
Chronos2_NatCov,fractions_90d,100,15,23,15,6,0
Chronos2_NatCov,fractions_90d,100,16,26,16,6,0
Chronos2_NatCov,fractions_90d,100,17,30,17,12,0
Chronos2_NatCov,fractions_90d,100,18,34,18,12,0
Chronos2_NatCov,fractions_90d,100,19,38,19,12,0
Chronos2_NatCov,fractions_90d,100,20,42,20,12,0
Chronos2_NatCov,fractions_90d,100,21,46,21,12,0
Chronos2_NatCov,fractions_90d,100,22,50,22,12,0
Chronos2_NatCov,fractions_90d,1000,7,2,7,1,0
Chronos2_NatCov,fractions_90d,1000,8,4,8,3,0
Chronos2_NatCov,fractions_90d,1000,9,6,9,3,0
Chronos2_NatCov,fractions_90d,1000,10,8,10,3,0
Chronos2_NatCov,fractions_90d,1000,11,11,11,6,0
Chronos2_NatCov,fractions_90d,1000,12,14,12,6,0
Chronos2_NatCov,fractions_90d,1000,13,17,13,6,0
Chronos2_NatCov,fractions_90d,1000,14,20,14,6,0
Chronos2_NatCov,fractions_90d,1000,15,23,15,6,0
Chronos2_NatCov,fractions_90d,1000,16,26,16,6,0
Chronos2_NatCov,fractions_90d,1000,17,30,17,12,0
Chronos2_NatCov,fractions_90d,1000,18,34,18,12,0
Chronos2_NatCov,fractions_90d,1000,19,38,19,12,0
Chronos2_NatCov,fractions_90d,1000,20,42,20,12,0
Chronos2_NatCov,fractions_90d,1000,21,46,21,12,0
Chronos2_NatCov,fractions_90d,1000,22,50,22,12,0
