model,stage,h,n_target_months,n_series,mae,r2,r2_change,wape,coverage,base_model,variant,category
original,test,1,6,28,962.9085751488095,0.8867195225774602,0.620930771807432,0.039049413994373186,1.0,Ensemble,original,Все категории
original,test,3,6,28,1118.5250999813989,0.8430545458066819,0.6739752853610851,0.04536022507175333,1.0,Ensemble,original,Все категории
original,test,6,6,28,1045.0773228236608,0.8573308954843958,0.7385147164916714,0.042381652929786746,1.0,Ensemble,original,Все категории
original,test,12,6,28,1188.6597493489583,0.8473982918747944,-0.09500102369124153,0.048204437938048336,1.0,Ensemble,original,Все категории
original,test,1,6,28,107.81332760765439,0.6504830948735244,-0.3632904337266354,0.10259677038940274,1.0,Ensemble,original,Здоровье
original,test,3,6,28,122.72575305757069,0.5168849178426332,0.25134050585041345,0.11678765683900644,1.0,Ensemble,original,Здоровье
original,test,6,6,28,154.88653201148622,0.37608983419573383,0.011146283461399897,0.14739233371056001,1.0,Ensemble,original,Здоровье
original,test,12,6,28,133.35857482183548,0.47162521077105146,-0.4359017306775208,0.1269060085989077,1.0,Ensemble,original,Здоровье
original,test,1,6,28,556.003428141276,0.5039580274199931,-0.7684708025895097,0.11088663882615114,1.0,Ensemble,original,Маркетплейсы
original,test,3,6,28,627.4495471772693,0.36152953777327246,-0.2630698351633127,0.12513550780086072,1.0,Ensemble,original,Маркетплейсы
original,test,6,6,28,853.3144080752418,-0.012960223960332362,-0.6387652838128015,0.1701809049805855,1.0,Ensemble,original,Маркетплейсы
original,test,12,6,28,1294.9661240350633,-1.1481468442929672,-7.946428008841156,0.25826179052171366,1.0,Ensemble,original,Маркетплейсы
original,test,1,6,28,64.36858672187442,0.9463369832817725,-0.2635952140809046,0.15595953978013358,1.0,Ensemble,original,Общественное питание
original,test,3,6,28,72.07903176262265,0.9266496901454601,0.4346465601491436,0.17464128379994528,1.0,Ensemble,original,Общественное питание
original,test,6,6,28,67.99727435339065,0.9310505075941566,0.5850251190977012,0.16475153727205327,1.0,Ensemble,original,Общественное питание
original,test,12,6,28,72.1930248169672,0.906580812880728,0.10025094127524381,0.174917479149247,1.0,Ensemble,original,Общественное питание
original,test,1,6,28,721.5435442243304,0.5844031184888085,0.46522672202704063,0.060930303436679274,1.0,Ensemble,original,Продовольствие
original,test,3,6,28,878.9823114304315,0.3611338938682319,0.5020972449610619,0.07422512387454605,1.0,Ensemble,original,Продовольствие
original,test,6,6,28,791.213152204241,0.39641408314940285,0.5542430760329047,0.06681351088619485,1.0,Ensemble,original,Продовольствие
original,test,12,6,28,744.2874639601935,0.39335973451029793,-0.24256258396942165,0.06285089983302755,1.0,Ensemble,original,Продовольствие
original,test,1,6,28,89.74610283261254,0.9082217994947843,0.3816273955564573,0.07416777893263665,1.0,Ensemble,original,Транспорт
original,test,3,6,28,99.52878861200242,0.8845957519282741,0.5873130109500667,0.08225236481829339,1.0,Ensemble,original,Транспорт
original,test,6,6,28,94.4478025890532,0.8954665766261914,0.5945854197145972,0.07805334741011938,1.0,Ensemble,original,Транспорт
original,test,12,6,28,139.22269221714564,0.7719219765217822,-0.47999762333536555,0.11505611422511262,1.0,Ensemble,original,Транспорт
coverage_all,test,1,6,28,962.9085751488095,0.8867195225774602,0.620930771807432,0.039049413994373186,1.0,Ensemble,coverage_all,Все категории
coverage_all,test,3,6,28,1155.5345679357918,0.8320608909997393,0.6511380315540565,0.04686109241592381,1.0,Ensemble,coverage_all,Все категории
coverage_all,test,6,6,28,1045.0773228236608,0.8573308954843958,0.7385147164916714,0.042381652929786746,1.0,Ensemble,coverage_all,Все категории
coverage_all,test,12,6,28,1188.6597493489583,0.8473982918747944,-0.09500102369124153,0.048204437938048336,1.0,Ensemble,coverage_all,Все категории
coverage_all,test,1,6,28,107.81332760765439,0.6504830948735244,-0.3632904337266354,0.10259677038940274,1.0,Ensemble,coverage_all,Здоровье
coverage_all,test,3,6,28,128.42869180861595,0.4670310064720239,0.17408437072536442,0.1222146584033685,1.0,Ensemble,coverage_all,Здоровье
coverage_all,test,6,6,28,154.88653201148622,0.37608983419573383,0.011146283461399897,0.14739233371056001,1.0,Ensemble,coverage_all,Здоровье
coverage_all,test,12,6,28,133.35857482183548,0.47162521077105146,-0.4359017306775208,0.1269060085989077,1.0,Ensemble,coverage_all,Здоровье
coverage_all,test,1,6,28,556.003428141276,0.5039580274199931,-0.7684708025895097,0.11088663882615114,1.0,Ensemble,coverage_all,Маркетплейсы
coverage_all,test,3,6,28,549.8806669683761,0.4628849395471972,-0.06256102827971155,0.10966554490400068,1.0,Ensemble,coverage_all,Маркетплейсы
coverage_all,test,6,6,28,853.3144080752418,-0.012960223960332362,-0.6387652838128015,0.1701809049805855,1.0,Ensemble,coverage_all,Маркетплейсы
coverage_all,test,12,6,28,1294.9661240350633,-1.1481468442929672,-7.946428008841156,0.25826179052171366,1.0,Ensemble,coverage_all,Маркетплейсы
coverage_all,test,1,6,28,64.36858672187442,0.9463369832817725,-0.2635952140809046,0.15595953978013358,1.0,Ensemble,coverage_all,Общественное питание
coverage_all,test,3,6,28,71.83222847647214,0.927838152134338,0.44380672695520806,0.1740433007015968,1.0,Ensemble,coverage_all,Общественное питание
coverage_all,test,6,6,28,67.99727435339065,0.9310505075941566,0.5850251190977012,0.16475153727205327,1.0,Ensemble,coverage_all,Общественное питание
coverage_all,test,12,6,28,72.1930248169672,0.906580812880728,0.10025094127524381,0.174917479149247,1.0,Ensemble,coverage_all,Общественное питание
coverage_all,test,1,6,28,721.5435442243304,0.5844031184888085,0.46522672202704063,0.060930303436679274,1.0,Ensemble,coverage_all,Продовольствие
coverage_all,test,3,6,28,881.3758371357793,0.3495339263284998,0.493056765679158,0.07442724368932052,1.0,Ensemble,coverage_all,Продовольствие
coverage_all,test,6,6,28,791.213152204241,0.39641408314940285,0.5542430760329047,0.06681351088619485,1.0,Ensemble,coverage_all,Продовольствие
coverage_all,test,12,6,28,744.2874639601935,0.39335973451029793,-0.24256258396942165,0.06285089983302755,1.0,Ensemble,coverage_all,Продовольствие
coverage_all,test,1,6,28,89.74610283261254,0.9082217994947843,0.3816273955564573,0.07416777893263665,1.0,Ensemble,coverage_all,Транспорт
coverage_all,test,3,6,28,98.22722078343867,0.8889050911737495,0.6027232602929213,0.08117672596682374,1.0,Ensemble,coverage_all,Транспорт
coverage_all,test,6,6,28,94.4478025890532,0.8954665766261914,0.5945854197145972,0.07805334741011938,1.0,Ensemble,coverage_all,Транспорт
coverage_all,test,12,6,28,139.22269221714564,0.7719219765217822,-0.47999762333536555,0.11505611422511262,1.0,Ensemble,coverage_all,Транспорт
economic_windows,test,1,6,28,962.9085751488095,0.8867195225774602,0.620930771807432,0.039049413994373186,1.0,Ensemble,economic_windows,Все категории
economic_windows,test,3,6,28,1118.5250999813989,0.8430545458066819,0.6739752853610851,0.04536022507175333,1.0,Ensemble,economic_windows,Все категории
economic_windows,test,6,6,28,1045.0773228236608,0.8573308954843958,0.7385147164916714,0.042381652929786746,1.0,Ensemble,economic_windows,Все категории
economic_windows,test,12,6,28,1188.6597493489583,0.8473982918747944,-0.09500102369124153,0.048204437938048336,1.0,Ensemble,economic_windows,Все категории
economic_windows,test,1,6,28,107.81332760765439,0.6504830948735244,-0.3632904337266354,0.10259677038940274,1.0,Ensemble,economic_windows,Здоровье
economic_windows,test,3,6,28,122.72575305757069,0.5168849178426332,0.25134050585041345,0.11678765683900644,1.0,Ensemble,economic_windows,Здоровье
economic_windows,test,6,6,28,154.88653201148622,0.37608983419573383,0.011146283461399897,0.14739233371056001,1.0,Ensemble,economic_windows,Здоровье
economic_windows,test,12,6,28,133.35857482183548,0.47162521077105146,-0.4359017306775208,0.1269060085989077,1.0,Ensemble,economic_windows,Здоровье
economic_windows,test,1,6,28,556.003428141276,0.5039580274199931,-0.7684708025895097,0.11088663882615114,1.0,Ensemble,economic_windows,Маркетплейсы
economic_windows,test,3,6,28,627.4495471772693,0.36152953777327246,-0.2630698351633127,0.12513550780086072,1.0,Ensemble,economic_windows,Маркетплейсы
economic_windows,test,6,6,28,853.3144080752418,-0.012960223960332362,-0.6387652838128015,0.1701809049805855,1.0,Ensemble,economic_windows,Маркетплейсы
economic_windows,test,12,6,28,1294.9661240350633,-1.1481468442929672,-7.946428008841156,0.25826179052171366,1.0,Ensemble,economic_windows,Маркетплейсы
economic_windows,test,1,6,28,64.36858672187442,0.9463369832817725,-0.2635952140809046,0.15595953978013358,1.0,Ensemble,economic_windows,Общественное питание
economic_windows,test,3,6,28,72.07903176262265,0.9266496901454601,0.4346465601491436,0.17464128379994528,1.0,Ensemble,economic_windows,Общественное питание
economic_windows,test,6,6,28,67.99727435339065,0.9310505075941566,0.5850251190977012,0.16475153727205327,1.0,Ensemble,economic_windows,Общественное питание
economic_windows,test,12,6,28,72.1930248169672,0.906580812880728,0.10025094127524381,0.174917479149247,1.0,Ensemble,economic_windows,Общественное питание
economic_windows,test,1,6,28,721.5435442243304,0.5844031184888085,0.46522672202704063,0.060930303436679274,1.0,Ensemble,economic_windows,Продовольствие
economic_windows,test,3,6,28,878.9823114304315,0.3611338938682319,0.5020972449610619,0.07422512387454605,1.0,Ensemble,economic_windows,Продовольствие
economic_windows,test,6,6,28,791.213152204241,0.39641408314940285,0.5542430760329047,0.06681351088619485,1.0,Ensemble,economic_windows,Продовольствие
economic_windows,test,12,6,28,744.2874639601935,0.39335973451029793,-0.24256258396942165,0.06285089983302755,1.0,Ensemble,economic_windows,Продовольствие
economic_windows,test,1,6,28,89.74610283261254,0.9082217994947843,0.3816273955564573,0.07416777893263665,1.0,Ensemble,economic_windows,Транспорт
economic_windows,test,3,6,28,99.52878861200242,0.8845957519282741,0.5873130109500667,0.08225236481829339,1.0,Ensemble,economic_windows,Транспорт
economic_windows,test,6,6,28,94.4478025890532,0.8954665766261914,0.5945854197145972,0.07805334741011938,1.0,Ensemble,economic_windows,Транспорт
economic_windows,test,12,6,28,139.22269221714564,0.7719219765217822,-0.47999762333536555,0.11505611422511262,1.0,Ensemble,economic_windows,Транспорт
financial_only,test,1,6,28,962.9085751488095,0.8867195225774602,0.620930771807432,0.039049413994373186,1.0,Ensemble,financial_only,Все категории
financial_only,test,3,6,28,1118.5250999813989,0.8430545458066819,0.6739752853610851,0.04536022507175333,1.0,Ensemble,financial_only,Все категории
financial_only,test,6,6,28,1131.1378896446518,0.8253958582047667,0.6799838782610332,0.04587171916153044,1.0,Ensemble,financial_only,Все категории
financial_only,test,12,6,28,1188.6597493489583,0.8473982918747944,-0.09500102369124153,0.048204437938048336,1.0,Ensemble,financial_only,Все категории
financial_only,test,1,6,28,107.81332760765439,0.6504830948735244,-0.3632904337266354,0.10259677038940274,1.0,Ensemble,financial_only,Здоровье
financial_only,test,3,6,28,122.72575305757069,0.5168849178426332,0.25134050585041345,0.11678765683900644,1.0,Ensemble,financial_only,Здоровье
financial_only,test,6,6,28,173.12474004353024,0.25670530916422973,-0.17806978921216898,0.16474808446326134,1.0,Ensemble,financial_only,Здоровье
financial_only,test,12,6,28,133.35857482183548,0.47162521077105146,-0.4359017306775208,0.1269060085989077,1.0,Ensemble,financial_only,Здоровье
financial_only,test,1,6,28,556.003428141276,0.5039580274199931,-0.7684708025895097,0.11088663882615114,1.0,Ensemble,financial_only,Маркетплейсы
financial_only,test,3,6,28,627.4495471772693,0.36152953777327246,-0.2630698351633127,0.12513550780086072,1.0,Ensemble,financial_only,Маркетплейсы
financial_only,test,6,6,28,595.0020398936779,0.3853748310651184,0.005660473547374645,0.1186643336338369,1.0,Ensemble,financial_only,Маркетплейсы
financial_only,test,12,6,28,1294.9661240350633,-1.1481468442929672,-7.946428008841156,0.25826179052171366,1.0,Ensemble,financial_only,Маркетплейсы
financial_only,test,1,6,28,64.36858672187442,0.9463369832817725,-0.2635952140809046,0.15595953978013358,1.0,Ensemble,financial_only,Общественное питание
financial_only,test,3,6,28,72.07903176262265,0.9266496901454601,0.4346465601491436,0.17464128379994528,1.0,Ensemble,financial_only,Общественное питание
financial_only,test,6,6,28,72.5257510399704,0.9271202373991649,0.5613706533551466,0.17572364612067018,1.0,Ensemble,financial_only,Общественное питание
financial_only,test,12,6,28,72.1930248169672,0.906580812880728,0.10025094127524381,0.174917479149247,1.0,Ensemble,financial_only,Общественное питание
financial_only,test,1,6,28,721.5435442243304,0.5844031184888085,0.46522672202704063,0.060930303436679274,1.0,Ensemble,financial_only,Продовольствие
financial_only,test,3,6,28,878.9823114304315,0.3611338938682319,0.5020972449610619,0.07422512387454605,1.0,Ensemble,financial_only,Продовольствие
financial_only,test,6,6,28,864.9552173772784,0.3079336341824741,0.4888989855535898,0.07304061449346323,1.0,Ensemble,financial_only,Продовольствие
financial_only,test,12,6,28,744.2874639601935,0.39335973451029793,-0.24256258396942165,0.06285089983302755,1.0,Ensemble,financial_only,Продовольствие
financial_only,test,1,6,28,89.74610283261254,0.9082217994947843,0.3816273955564573,0.07416777893263665,1.0,Ensemble,financial_only,Транспорт
financial_only,test,3,6,28,99.52878861200242,0.8845957519282741,0.5873130109500667,0.08225236481829339,1.0,Ensemble,financial_only,Транспорт
financial_only,test,6,6,28,98.58785992337383,0.891169005624247,0.5779180430252329,0.08147476457976556,1.0,Ensemble,financial_only,Транспорт
financial_only,test,12,6,28,139.22269221714564,0.7719219765217822,-0.47999762333536555,0.11505611422511262,1.0,Ensemble,financial_only,Транспорт
selected_decay,test,1,6,28,962.9085751488095,0.8867195225774602,0.620930771807432,0.039049413994373186,1.0,Ensemble,selected_decay,Все категории
selected_decay,test,3,6,28,1118.5250999813989,0.8430545458066819,0.6739752853610851,0.04536022507175333,1.0,Ensemble,selected_decay,Все категории
selected_decay,test,6,6,28,1097.7129757106673,0.8373328184180667,0.7018620517885119,0.044516218405155156,1.0,Ensemble,selected_decay,Все категории
selected_decay,test,12,6,28,1188.6597493489583,0.8473982918747944,-0.09500102369124153,0.048204437938048336,1.0,Ensemble,selected_decay,Все категории
selected_decay,test,1,6,28,107.81332760765439,0.6504830948735244,-0.3632904337266354,0.10259677038940274,1.0,Ensemble,selected_decay,Здоровье
selected_decay,test,3,6,28,122.72575305757069,0.5168849178426332,0.25134050585041345,0.11678765683900644,1.0,Ensemble,selected_decay,Здоровье
selected_decay,test,6,6,28,170.93512406765308,0.26327450638658023,-0.16765807380178988,0.16266441324651199,1.0,Ensemble,selected_decay,Здоровье
selected_decay,test,12,6,28,133.35857482183548,0.47162521077105146,-0.4359017306775208,0.1269060085989077,1.0,Ensemble,selected_decay,Здоровье
selected_decay,test,1,6,28,556.003428141276,0.5039580274199931,-0.7684708025895097,0.11088663882615114,1.0,Ensemble,selected_decay,Маркетплейсы
selected_decay,test,3,6,28,627.4495471772693,0.36152953777327246,-0.2630698351633127,0.12513550780086072,1.0,Ensemble,selected_decay,Маркетплейсы
selected_decay,test,6,6,28,613.1370080699969,0.3562938749190373,-0.04138664659122071,0.12228108411505924,1.0,Ensemble,selected_decay,Маркетплейсы
selected_decay,test,12,6,28,1294.9661240350633,-1.1481468442929672,-7.946428008841156,0.25826179052171366,1.0,Ensemble,selected_decay,Маркетплейсы
selected_decay,test,1,6,28,64.36858672187442,0.9463369832817725,-0.2635952140809046,0.15595953978013358,1.0,Ensemble,selected_decay,Общественное питание
selected_decay,test,3,6,28,72.07903176262265,0.9266496901454601,0.4346465601491436,0.17464128379994528,1.0,Ensemble,selected_decay,Общественное питание
selected_decay,test,6,6,28,71.97846254948605,0.9308170391326493,0.5836199811680676,0.1743976132613236,1.0,Ensemble,selected_decay,Общественное питание
selected_decay,test,12,6,28,72.1930248169672,0.906580812880728,0.10025094127524381,0.174917479149247,1.0,Ensemble,selected_decay,Общественное питание
selected_decay,test,1,6,28,721.5435442243304,0.5844031184888085,0.46522672202704063,0.060930303436679274,1.0,Ensemble,selected_decay,Продовольствие
selected_decay,test,3,6,28,878.9823114304315,0.3611338938682319,0.5020972449610619,0.07422512387454605,1.0,Ensemble,selected_decay,Продовольствие
selected_decay,test,6,6,28,854.7013184021191,0.3066248391512787,0.4879324215054205,0.0721747302637912,1.0,Ensemble,selected_decay,Продовольствие
selected_decay,test,12,6,28,744.2874639601935,0.39335973451029793,-0.24256258396942165,0.06285089983302755,1.0,Ensemble,selected_decay,Продовольствие
selected_decay,test,1,6,28,89.74610283261254,0.9082217994947843,0.3816273955564573,0.07416777893263665,1.0,Ensemble,selected_decay,Транспорт
selected_decay,test,3,6,28,99.52878861200242,0.8845957519282741,0.5873130109500667,0.08225236481829339,1.0,Ensemble,selected_decay,Транспорт
selected_decay,test,6,6,28,99.50455454972146,0.8889744711791254,0.5694069254106378,0.08223233735729882,1.0,Ensemble,selected_decay,Транспорт
selected_decay,test,12,6,28,139.22269221714564,0.7719219765217822,-0.47999762333536555,0.11505611422511262,1.0,Ensemble,selected_decay,Транспорт
selected_news,test,1,6,28,962.9085751488095,0.8867195225774602,0.620930771807432,0.039049413994373186,1.0,Ensemble,selected_news,Все категории
selected_news,test,3,6,28,1118.5250999813989,0.8430545458066819,0.6739752853610851,0.04536022507175333,1.0,Ensemble,selected_news,Все категории
selected_news,test,6,6,28,1097.7129757106673,0.8373328184180667,0.7018620517885119,0.044516218405155156,1.0,Ensemble,selected_news,Все категории
selected_news,test,12,6,28,1188.6597493489583,0.8473982918747944,-0.09500102369124153,0.048204437938048336,1.0,Ensemble,selected_news,Все категории
selected_news,test,1,6,28,107.81332760765439,0.6504830948735244,-0.3632904337266354,0.10259677038940274,1.0,Ensemble,selected_news,Здоровье
selected_news,test,3,6,28,122.72575305757069,0.5168849178426332,0.25134050585041345,0.11678765683900644,1.0,Ensemble,selected_news,Здоровье
selected_news,test,6,6,28,170.93512406765308,0.26327450638658023,-0.16765807380178988,0.16266441324651199,1.0,Ensemble,selected_news,Здоровье
selected_news,test,12,6,28,133.35857482183548,0.47162521077105146,-0.4359017306775208,0.1269060085989077,1.0,Ensemble,selected_news,Здоровье
selected_news,test,1,6,28,556.003428141276,0.5039580274199931,-0.7684708025895097,0.11088663882615114,1.0,Ensemble,selected_news,Маркетплейсы
selected_news,test,3,6,28,627.4495471772693,0.36152953777327246,-0.2630698351633127,0.12513550780086072,1.0,Ensemble,selected_news,Маркетплейсы
selected_news,test,6,6,28,613.1370080699969,0.3562938749190373,-0.04138664659122071,0.12228108411505924,1.0,Ensemble,selected_news,Маркетплейсы
selected_news,test,12,6,28,1294.9661240350633,-1.1481468442929672,-7.946428008841156,0.25826179052171366,1.0,Ensemble,selected_news,Маркетплейсы
selected_news,test,1,6,28,64.36858672187442,0.9463369832817725,-0.2635952140809046,0.15595953978013358,1.0,Ensemble,selected_news,Общественное питание
selected_news,test,3,6,28,72.07903176262265,0.9266496901454601,0.4346465601491436,0.17464128379994528,1.0,Ensemble,selected_news,Общественное питание
selected_news,test,6,6,28,71.97846254948605,0.9308170391326493,0.5836199811680676,0.1743976132613236,1.0,Ensemble,selected_news,Общественное питание
selected_news,test,12,6,28,72.1930248169672,0.906580812880728,0.10025094127524381,0.174917479149247,1.0,Ensemble,selected_news,Общественное питание
selected_news,test,1,6,28,721.5435442243304,0.5844031184888085,0.46522672202704063,0.060930303436679274,1.0,Ensemble,selected_news,Продовольствие
selected_news,test,3,6,28,878.9823114304315,0.3611338938682319,0.5020972449610619,0.07422512387454605,1.0,Ensemble,selected_news,Продовольствие
selected_news,test,6,6,28,854.7013184021191,0.3066248391512787,0.4879324215054205,0.0721747302637912,1.0,Ensemble,selected_news,Продовольствие
selected_news,test,12,6,28,744.2874639601935,0.39335973451029793,-0.24256258396942165,0.06285089983302755,1.0,Ensemble,selected_news,Продовольствие
selected_news,test,1,6,28,89.74610283261254,0.9082217994947843,0.3816273955564573,0.07416777893263665,1.0,Ensemble,selected_news,Транспорт
selected_news,test,3,6,28,99.52878861200242,0.8845957519282741,0.5873130109500667,0.08225236481829339,1.0,Ensemble,selected_news,Транспорт
selected_news,test,6,6,28,99.50455454972146,0.8889744711791254,0.5694069254106378,0.08223233735729882,1.0,Ensemble,selected_news,Транспорт
selected_news,test,12,6,28,139.22269221714564,0.7719219765217822,-0.47999762333536555,0.11505611422511262,1.0,Ensemble,selected_news,Транспорт
original,test,1,6,28,984.1304408482143,0.8812708777955109,0.6026980310988552,0.039910037153016234,1.0,PastOnlyBlend,original,Все категории
original,test,3,6,28,1184.0559663318452,0.8306996350168593,0.6483102778249021,0.048017737940130326,1.0,PastOnlyBlend,original,Все категории
original,test,6,6,28,1546.530064174107,0.7306235412109112,0.5062842797248339,0.06271736932174096,1.0,PastOnlyBlend,original,Все категории
original,test,12,6,28,1192.1535063244048,0.8406776110842413,-0.14322559755721564,0.04834612237834824,1.0,PastOnlyBlend,original,Все категории
original,test,1,6,28,104.323976789202,0.6626509765447122,-0.3158296201358155,0.09927625211329846,1.0,PastOnlyBlend,original,Здоровье
original,test,3,6,28,147.38997868129186,0.32659780595469556,-0.04353799865217445,0.14025850176420926,1.0,PastOnlyBlend,original,Здоровье
original,test,6,6,28,205.02649252755302,0.027258775224948906,-0.5417264024046806,0.1951062678831604,1.0,PastOnlyBlend,original,Здоровье
original,test,12,6,28,139.77777281261626,0.4396638259878315,-0.5227594094703478,0.13301461313749438,1.0,PastOnlyBlend,original,Здоровье
original,test,1,6,28,616.1777605329241,0.41547852958641784,-1.0839146908004453,0.12288751710279014,1.0,PastOnlyBlend,original,Маркетплейсы
original,test,3,6,28,548.0776730492001,0.45456436509763665,-0.07902140854823281,0.1093059645032291,1.0,PastOnlyBlend,original,Маркетплейсы
original,test,6,6,28,586.4378385997954,0.3891956209786446,0.011841740806368128,0.1169563306834164,1.0,PastOnlyBlend,original,Маркетплейсы
original,test,12,6,28,1342.0971098400298,-1.2589443201265862,-8.407868363228589,0.26766136674005997,1.0,PastOnlyBlend,original,Маркетплейсы
original,test,1,6,28,63.97508380526588,0.9452932889036698,-0.288170933110242,0.15500611611648257,1.0,PastOnlyBlend,original,Общественное питание
original,test,3,6,28,79.3690831774757,0.9123425618592477,0.32437321287851784,0.19230445028434506,1.0,PastOnlyBlend,original,Общественное питание
original,test,6,6,28,81.48393249511719,0.9061634389466935,0.4352414442999285,0.1974285479705167,1.0,PastOnlyBlend,original,Общественное питание
original,test,12,6,28,77.65910303025018,0.8976727750897163,0.014454876626188273,0.18816131571550998,1.0,PastOnlyBlend,original,Общественное питание
original,test,1,6,28,737.8862014043899,0.557947529859506,0.431184739323628,0.06231034913026678,1.0,PastOnlyBlend,original,Продовольствие
original,test,3,6,28,924.3180745442709,0.33822899100439874,0.484246220888344,0.0780534746721811,1.0,PastOnlyBlend,original,Продовольствие
original,test,6,6,28,924.5676560174851,0.28564642614322966,0.47243956027205625,0.07807455042709131,1.0,PastOnlyBlend,original,Продовольствие
original,test,12,6,28,820.7642473493304,0.30509484441718515,-0.42335284163446785,0.06930893504803402,1.0,PastOnlyBlend,original,Продовольствие
original,test,1,6,28,91.93560391380673,0.9034274774244244,0.3493247636801532,0.07597722164978346,1.0,PastOnlyBlend,original,Транспорт
original,test,3,6,28,111.20849137079148,0.8565850387320832,0.48714636125366473,0.09190467934640666,1.0,PastOnlyBlend,original,Транспорт
original,test,6,6,28,113.86815715971447,0.8514325635741273,0.42380720980228825,0.09410267455780268,1.0,PastOnlyBlend,original,Транспорт
original,test,12,6,28,150.69285874139695,0.745774325671094,-0.6496696527780321,0.1245352642744233,1.0,PastOnlyBlend,original,Транспорт
coverage_all,test,1,6,28,984.1304408482143,0.8812708777955109,0.6026980310988552,0.039910037153016234,1.0,PastOnlyBlend,coverage_all,Все категории
coverage_all,test,3,6,28,1311.3875224127707,0.8030636854162584,0.5909017811683934,0.05318149156770954,1.0,PastOnlyBlend,coverage_all,Все категории
coverage_all,test,6,6,28,1546.530064174107,0.7306235412109112,0.5062842797248339,0.06271736932174096,1.0,PastOnlyBlend,coverage_all,Все категории
coverage_all,test,12,6,28,1192.1535063244048,0.8406776110842413,-0.14322559755721564,0.04834612237834824,1.0,PastOnlyBlend,coverage_all,Все категории
coverage_all,test,1,6,28,104.323976789202,0.6626509765447122,-0.3158296201358155,0.09927625211329846,1.0,PastOnlyBlend,coverage_all,Здоровье
coverage_all,test,3,6,28,150.3191469815401,0.27304612606555423,-0.12652438234699326,0.14304594200189608,1.0,PastOnlyBlend,coverage_all,Здоровье
coverage_all,test,6,6,28,205.02649252755302,0.027258775224948906,-0.5417264024046806,0.1951062678831604,1.0,PastOnlyBlend,coverage_all,Здоровье
coverage_all,test,12,6,28,139.77777281261626,0.4396638259878315,-0.5227594094703478,0.13301461313749438,1.0,PastOnlyBlend,coverage_all,Здоровье
coverage_all,test,1,6,28,616.1777605329241,0.41547852958641784,-1.0839146908004453,0.12288751710279014,1.0,PastOnlyBlend,coverage_all,Маркетплейсы
coverage_all,test,3,6,28,516.388518666161,0.5054182424012514,0.02158152020633597,0.10298603257668465,1.0,PastOnlyBlend,coverage_all,Маркетплейсы
coverage_all,test,6,6,28,586.4378385997954,0.3891956209786446,0.011841740806368128,0.1169563306834164,1.0,PastOnlyBlend,coverage_all,Маркетплейсы
coverage_all,test,12,6,28,1342.0971098400298,-1.2589443201265862,-8.407868363228589,0.26766136674005997,1.0,PastOnlyBlend,coverage_all,Маркетплейсы
coverage_all,test,1,6,28,63.97508380526588,0.9452932889036698,-0.288170933110242,0.15500611611648257,1.0,PastOnlyBlend,coverage_all,Общественное питание
coverage_all,test,3,6,28,79.3814982745821,0.9131040710243771,0.3302426062980912,0.19233453099497813,1.0,PastOnlyBlend,coverage_all,Общественное питание
coverage_all,test,6,6,28,81.48393249511719,0.9061634389466935,0.4352414442999285,0.1974285479705167,1.0,PastOnlyBlend,coverage_all,Общественное питание
coverage_all,test,12,6,28,77.65910303025018,0.8976727750897163,0.014454876626188273,0.18816131571550998,1.0,PastOnlyBlend,coverage_all,Общественное питание
coverage_all,test,1,6,28,737.8862014043899,0.557947529859506,0.431184739323628,0.06231034913026678,1.0,PastOnlyBlend,coverage_all,Продовольствие
coverage_all,test,3,6,28,941.0166933782018,0.30712489061927895,0.46000512071709043,0.07946357932999304,1.0,PastOnlyBlend,coverage_all,Продовольствие
coverage_all,test,6,6,28,924.5676560174851,0.28564642614322966,0.47243956027205625,0.07807455042709131,1.0,PastOnlyBlend,coverage_all,Продовольствие
coverage_all,test,12,6,28,820.7642473493304,0.30509484441718515,-0.42335284163446785,0.06930893504803402,1.0,PastOnlyBlend,coverage_all,Продовольствие
coverage_all,test,1,6,28,91.93560391380673,0.9034274774244244,0.3493247636801532,0.07597722164978346,1.0,PastOnlyBlend,coverage_all,Транспорт
coverage_all,test,3,6,28,110.01901877855222,0.8607237670498289,0.5019465038522681,0.09092167799611767,1.0,PastOnlyBlend,coverage_all,Транспорт
coverage_all,test,6,6,28,113.86815715971447,0.8514325635741273,0.42380720980228825,0.09410267455780268,1.0,PastOnlyBlend,coverage_all,Транспорт
coverage_all,test,12,6,28,150.69285874139695,0.745774325671094,-0.6496696527780321,0.1245352642744233,1.0,PastOnlyBlend,coverage_all,Транспорт
economic_windows,test,1,6,28,984.1304408482143,0.8812708777955109,0.6026980310988552,0.039910037153016234,1.0,PastOnlyBlend,economic_windows,Все категории
economic_windows,test,3,6,28,1184.0559663318452,0.8306996350168593,0.6483102778249021,0.048017737940130326,1.0,PastOnlyBlend,economic_windows,Все категории
economic_windows,test,6,6,28,1776.8570868663903,0.6575434882823686,0.372342467839882,0.07205796041764265,1.0,PastOnlyBlend,economic_windows,Все категории
economic_windows,test,12,6,28,1192.1535063244048,0.8406776110842413,-0.14322559755721564,0.04834612237834824,1.0,PastOnlyBlend,economic_windows,Все категории
economic_windows,test,1,6,28,104.323976789202,0.6626509765447122,-0.3158296201358155,0.09927625211329846,1.0,PastOnlyBlend,economic_windows,Здоровье
economic_windows,test,3,6,28,147.38997868129186,0.32659780595469556,-0.04353799865217445,0.14025850176420926,1.0,PastOnlyBlend,economic_windows,Здоровье
economic_windows,test,6,6,28,216.21486977436953,-0.10308648191262249,-0.7483144643054116,0.20575329452534855,1.0,PastOnlyBlend,economic_windows,Здоровье
economic_windows,test,12,6,28,139.77777281261626,0.4396638259878315,-0.5227594094703478,0.13301461313749438,1.0,PastOnlyBlend,economic_windows,Здоровье
economic_windows,test,1,6,28,616.1777605329241,0.41547852958641784,-1.0839146908004453,0.12288751710279014,1.0,PastOnlyBlend,economic_windows,Маркетплейсы
economic_windows,test,3,6,28,548.0776730492001,0.45456436509763665,-0.07902140854823281,0.1093059645032291,1.0,PastOnlyBlend,economic_windows,Маркетплейсы
economic_windows,test,6,6,28,566.4091728133473,0.4365591978777452,0.08846645291597577,0.11296191029529741,1.0,PastOnlyBlend,economic_windows,Маркетплейсы
economic_windows,test,12,6,28,1342.0971098400298,-1.2589443201265862,-8.407868363228589,0.26766136674005997,1.0,PastOnlyBlend,economic_windows,Маркетплейсы
economic_windows,test,1,6,28,63.97508380526588,0.9452932889036698,-0.288170933110242,0.15500611611648257,1.0,PastOnlyBlend,economic_windows,Общественное питание
economic_windows,test,3,6,28,79.3690831774757,0.9123425618592477,0.32437321287851784,0.19230445028434506,1.0,PastOnlyBlend,economic_windows,Общественное питание
economic_windows,test,6,6,28,88.62437957752505,0.8863806078270627,0.3161777978345145,0.21472923604696137,1.0,PastOnlyBlend,economic_windows,Общественное питание
economic_windows,test,12,6,28,77.65910303025018,0.8976727750897163,0.014454876626188273,0.18816131571550998,1.0,PastOnlyBlend,economic_windows,Общественное питание
economic_windows,test,1,6,28,737.8862014043899,0.557947529859506,0.431184739323628,0.06231034913026678,1.0,PastOnlyBlend,economic_windows,Продовольствие
economic_windows,test,3,6,28,924.3180745442709,0.33822899100439874,0.484246220888344,0.0780534746721811,1.0,PastOnlyBlend,economic_windows,Продовольствие
economic_windows,test,6,6,28,909.03372101902,0.25836146728472653,0.45228922377183334,0.07676279678367175,1.0,PastOnlyBlend,economic_windows,Продовольствие
economic_windows,test,12,6,28,820.7642473493304,0.30509484441718515,-0.42335284163446785,0.06930893504803402,1.0,PastOnlyBlend,economic_windows,Продовольствие
economic_windows,test,1,6,28,91.93560391380673,0.9034274774244244,0.3493247636801532,0.07597722164978346,1.0,PastOnlyBlend,economic_windows,Транспорт
economic_windows,test,3,6,28,111.20849137079148,0.8565850387320832,0.48714636125366473,0.09190467934640666,1.0,PastOnlyBlend,economic_windows,Транспорт
economic_windows,test,6,6,28,127.67460977147039,0.8234180862135532,0.3151579642835791,0.10551257306963566,1.0,PastOnlyBlend,economic_windows,Транспорт
economic_windows,test,12,6,28,150.69285874139695,0.745774325671094,-0.6496696527780321,0.1245352642744233,1.0,PastOnlyBlend,economic_windows,Транспорт
financial_only,test,1,6,28,999.489025355788,0.8781921283347691,0.5923956453000336,0.040532883122282974,1.0,PastOnlyBlend,financial_only,Все категории
financial_only,test,3,6,28,1184.0559663318452,0.8306996350168593,0.6483102778249021,0.048017737940130326,1.0,PastOnlyBlend,financial_only,Все категории
financial_only,test,6,6,28,1798.2390782024263,0.6290174332902098,0.320059644573244,0.0729250772481018,1.0,PastOnlyBlend,financial_only,Все категории
financial_only,test,12,6,28,1192.1535063244048,0.8406776110842413,-0.14322559755721564,0.04834612237834824,1.0,PastOnlyBlend,financial_only,Все категории
financial_only,test,1,6,28,103.31447683214553,0.6670704692682108,-0.2985913919886247,0.09831559689932395,1.0,PastOnlyBlend,financial_only,Здоровье
financial_only,test,3,6,28,147.38997868129186,0.32659780595469556,-0.04353799865217445,0.14025850176420926,1.0,PastOnlyBlend,financial_only,Здоровье
financial_only,test,6,6,28,216.84285604404505,-0.1313240771415236,-0.7930690660391673,0.2063508956248347,1.0,PastOnlyBlend,financial_only,Здоровье
financial_only,test,12,6,28,139.77777281261626,0.4396638259878315,-0.5227594094703478,0.13301461313749438,1.0,PastOnlyBlend,financial_only,Здоровье
financial_only,test,1,6,28,591.2899933864238,0.4489243481555103,-0.9646748746604794,0.1179240210035141,1.0,PastOnlyBlend,financial_only,Маркетплейсы
financial_only,test,3,6,28,548.0776730492001,0.45456436509763665,-0.07902140854823281,0.1093059645032291,1.0,PastOnlyBlend,financial_only,Маркетплейсы
financial_only,test,6,6,28,575.7800760294583,0.44125667193793083,0.09606601825857775,0.11483079798160804,1.0,PastOnlyBlend,financial_only,Маркетплейсы
financial_only,test,12,6,28,1342.0971098400298,-1.2589443201265862,-8.407868363228589,0.26766136674005997,1.0,PastOnlyBlend,financial_only,Маркетплейсы
financial_only,test,1,6,28,63.7021332138479,0.9459729563819488,-0.27216690230389906,0.15434478035026172,1.0,PastOnlyBlend,financial_only,Общественное питание
financial_only,test,3,6,28,79.3690831774757,0.9123425618592477,0.32437321287851784,0.19230445028434506,1.0,PastOnlyBlend,financial_only,Общественное питание
financial_only,test,6,6,28,85.16229261356963,0.8961702002432776,0.37509679499099746,0.20634089761861746,1.0,PastOnlyBlend,financial_only,Общественное питание
financial_only,test,12,6,28,77.65910303025018,0.8976727750897163,0.014454876626188273,0.18816131571550998,1.0,PastOnlyBlend,financial_only,Общественное питание
financial_only,test,1,6,28,736.5008505075375,0.5589737651247491,0.43250525740540446,0.06219336402079257,1.0,PastOnlyBlend,financial_only,Продовольствие
financial_only,test,3,6,28,924.3180745442709,0.33822899100439874,0.484246220888344,0.0780534746721811,1.0,PastOnlyBlend,financial_only,Продовольствие
financial_only,test,6,6,28,1042.0890335419556,0.12172729457938891,0.3513829122864448,0.08799857129898518,1.0,PastOnlyBlend,financial_only,Продовольствие
financial_only,test,12,6,28,820.7642473493304,0.30509484441718515,-0.42335284163446785,0.06930893504803402,1.0,PastOnlyBlend,financial_only,Продовольствие
financial_only,test,1,6,28,91.78921131830768,0.9036579446995117,0.35087757958142585,0.07585624019969645,1.0,PastOnlyBlend,financial_only,Транспорт
financial_only,test,3,6,28,111.20849137079148,0.8565850387320832,0.48714636125366473,0.09190467934640666,1.0,PastOnlyBlend,financial_only,Транспорт
financial_only,test,6,6,28,120.96333092864374,0.8361218744787009,0.36442738282287446,0.09996625261827932,1.0,PastOnlyBlend,financial_only,Транспорт
financial_only,test,12,6,28,150.69285874139695,0.745774325671094,-0.6496696527780321,0.1245352642744233,1.0,PastOnlyBlend,financial_only,Транспорт
selected_decay,test,1,6,28,1025.9556253482692,0.8743225479373938,0.5794469105485831,0.041606199163704824,1.0,PastOnlyBlend,selected_decay,Все категории
selected_decay,test,3,6,28,1184.0559663318452,0.8306996350168593,0.6483102778249021,0.048017737940130326,1.0,PastOnlyBlend,selected_decay,Все категории
selected_decay,test,6,6,28,1710.850704576308,0.6690138639939744,0.39336548088170176,0.06938116366368503,1.0,PastOnlyBlend,selected_decay,Все категории
selected_decay,test,12,6,28,1192.1535063244048,0.8406776110842413,-0.14322559755721564,0.04834612237834824,1.0,PastOnlyBlend,selected_decay,Все категории
selected_decay,test,1,6,28,103.04391400205216,0.6684999419143871,-0.2930157349739779,0.09805812527525894,1.0,PastOnlyBlend,selected_decay,Здоровье
selected_decay,test,3,6,28,147.38997868129186,0.32659780595469556,-0.04353799865217445,0.14025850176420926,1.0,PastOnlyBlend,selected_decay,Здоровье
selected_decay,test,6,6,28,210.50438571314285,-0.08075851351600694,-0.7129262053189787,0.2003191127312934,1.0,PastOnlyBlend,selected_decay,Здоровье
selected_decay,test,12,6,28,139.77777281261626,0.4396638259878315,-0.5227594094703478,0.13301461313749438,1.0,PastOnlyBlend,selected_decay,Здоровье
selected_decay,test,1,6,28,592.0597705545895,0.44821117723433856,-0.9672174456949187,0.11807754164475971,1.0,PastOnlyBlend,selected_decay,Маркетплейсы
selected_decay,test,3,6,28,548.0776730492001,0.45456436509763665,-0.07902140854823281,0.1093059645032291,1.0,PastOnlyBlend,selected_decay,Маркетплейсы
selected_decay,test,6,6,28,579.2554394483877,0.4225984960290048,0.06588085381127395,0.11552390767971323,1.0,PastOnlyBlend,selected_decay,Маркетплейсы
selected_decay,test,12,6,28,1342.0971098400298,-1.2589443201265862,-8.407868363228589,0.26766136674005997,1.0,PastOnlyBlend,selected_decay,Маркетплейсы
selected_decay,test,1,6,28,63.84818760059662,0.9459977552628688,-0.27158296667818616,0.1546986575456493,1.0,PastOnlyBlend,selected_decay,Общественное питание
selected_decay,test,3,6,28,79.3690831774757,0.9123425618592477,0.32437321287851784,0.19230445028434506,1.0,PastOnlyBlend,selected_decay,Общественное питание
selected_decay,test,6,6,28,86.36323332186652,0.8942229179375398,0.36337700975820253,0.20925067348457665,1.0,PastOnlyBlend,selected_decay,Общественное питание
selected_decay,test,12,6,28,77.65910303025018,0.8976727750897163,0.014454876626188273,0.18816131571550998,1.0,PastOnlyBlend,selected_decay,Общественное питание
selected_decay,test,1,6,28,732.6690857992215,0.561270241959898,0.4354602710245058,0.06186979299275901,1.0,PastOnlyBlend,selected_decay,Продовольствие
selected_decay,test,3,6,28,924.3180745442709,0.33822899100439874,0.484246220888344,0.0780534746721811,1.0,PastOnlyBlend,selected_decay,Продовольствие
selected_decay,test,6,6,28,938.0617562833189,0.22019653991747312,0.4241038732662723,0.07921405147367902,1.0,PastOnlyBlend,selected_decay,Продовольствие
selected_decay,test,12,6,28,820.7642473493304,0.30509484441718515,-0.42335284163446785,0.06930893504803402,1.0,PastOnlyBlend,selected_decay,Продовольствие
selected_decay,test,1,6,28,90.98592493828954,0.9047589628217477,0.3582958928632156,0.07519239001821387,1.0,PastOnlyBlend,selected_decay,Транспорт
selected_decay,test,3,6,28,111.20849137079148,0.8565850387320832,0.48714636125366473,0.09190467934640666,1.0,PastOnlyBlend,selected_decay,Транспорт
selected_decay,test,6,6,28,125.66129112848735,0.8273548546552366,0.3304260314142097,0.10384873065953984,1.0,PastOnlyBlend,selected_decay,Транспорт
selected_decay,test,12,6,28,150.69285874139695,0.745774325671094,-0.6496696527780321,0.1245352642744233,1.0,PastOnlyBlend,selected_decay,Транспорт
selected_news,test,1,6,28,1025.9556253482692,0.8743225479373938,0.5794469105485831,0.041606199163704824,1.0,PastOnlyBlend,selected_news,Все категории
selected_news,test,3,6,28,1184.0559663318452,0.8306996350168593,0.6483102778249021,0.048017737940130326,1.0,PastOnlyBlend,selected_news,Все категории
selected_news,test,6,6,28,1710.850704576308,0.6690138639939744,0.39336548088170176,0.06938116366368503,1.0,PastOnlyBlend,selected_news,Все категории
selected_news,test,12,6,28,1192.1535063244048,0.8406776110842413,-0.14322559755721564,0.04834612237834824,1.0,PastOnlyBlend,selected_news,Все категории
selected_news,test,1,6,28,103.04391400205216,0.6684999419143871,-0.2930157349739779,0.09805812527525894,1.0,PastOnlyBlend,selected_news,Здоровье
selected_news,test,3,6,28,147.38997868129186,0.32659780595469556,-0.04353799865217445,0.14025850176420926,1.0,PastOnlyBlend,selected_news,Здоровье
selected_news,test,6,6,28,210.50438571314285,-0.08075851351600694,-0.7129262053189787,0.2003191127312934,1.0,PastOnlyBlend,selected_news,Здоровье
selected_news,test,12,6,28,139.77777281261626,0.4396638259878315,-0.5227594094703478,0.13301461313749438,1.0,PastOnlyBlend,selected_news,Здоровье
selected_news,test,1,6,28,592.0597705545895,0.44821117723433856,-0.9672174456949187,0.11807754164475971,1.0,PastOnlyBlend,selected_news,Маркетплейсы
selected_news,test,3,6,28,548.0776730492001,0.45456436509763665,-0.07902140854823281,0.1093059645032291,1.0,PastOnlyBlend,selected_news,Маркетплейсы
selected_news,test,6,6,28,579.2554394483877,0.4225984960290048,0.06588085381127395,0.11552390767971323,1.0,PastOnlyBlend,selected_news,Маркетплейсы
selected_news,test,12,6,28,1342.0971098400298,-1.2589443201265862,-8.407868363228589,0.26766136674005997,1.0,PastOnlyBlend,selected_news,Маркетплейсы
selected_news,test,1,6,28,63.84818760059662,0.9459977552628688,-0.27158296667818616,0.1546986575456493,1.0,PastOnlyBlend,selected_news,Общественное питание
selected_news,test,3,6,28,79.3690831774757,0.9123425618592477,0.32437321287851784,0.19230445028434506,1.0,PastOnlyBlend,selected_news,Общественное питание
selected_news,test,6,6,28,86.36323332186652,0.8942229179375398,0.36337700975820253,0.20925067348457665,1.0,PastOnlyBlend,selected_news,Общественное питание
selected_news,test,12,6,28,77.65910303025018,0.8976727750897163,0.014454876626188273,0.18816131571550998,1.0,PastOnlyBlend,selected_news,Общественное питание
selected_news,test,1,6,28,732.6690857992215,0.561270241959898,0.4354602710245058,0.06186979299275901,1.0,PastOnlyBlend,selected_news,Продовольствие
selected_news,test,3,6,28,924.3180745442709,0.33822899100439874,0.484246220888344,0.0780534746721811,1.0,PastOnlyBlend,selected_news,Продовольствие
selected_news,test,6,6,28,938.0617562833189,0.22019653991747312,0.4241038732662723,0.07921405147367902,1.0,PastOnlyBlend,selected_news,Продовольствие
selected_news,test,12,6,28,820.7642473493304,0.30509484441718515,-0.42335284163446785,0.06930893504803402,1.0,PastOnlyBlend,selected_news,Продовольствие
selected_news,test,1,6,28,90.98592493828954,0.9047589628217477,0.3582958928632156,0.07519239001821387,1.0,PastOnlyBlend,selected_news,Транспорт
selected_news,test,3,6,28,111.20849137079148,0.8565850387320832,0.48714636125366473,0.09190467934640666,1.0,PastOnlyBlend,selected_news,Транспорт
selected_news,test,6,6,28,125.66129112848735,0.8273548546552366,0.3304260314142097,0.10384873065953984,1.0,PastOnlyBlend,selected_news,Транспорт
selected_news,test,12,6,28,150.69285874139695,0.745774325671094,-0.6496696527780321,0.1245352642744233,1.0,PastOnlyBlend,selected_news,Транспорт
original,test,1,6,28,1531.9271182105654,0.7268760134956519,0.08604817775529339,0.06212516721950122,1.0,Prophet,original,Все категории
original,test,3,6,28,1686.9771205357142,0.7012345250740539,0.37937081894253144,0.06841300376689885,1.0,Prophet,original,Все категории
original,test,6,6,28,1715.4337681361608,0.6938821803459887,0.4389443661894875,0.06956702341291778,1.0,Prophet,original,Все категории
original,test,12,6,28,1742.291027250744,0.6789337083997827,-1.303826885650171,0.0706561820900616,1.0,Prophet,original,Все категории
original,test,1,6,28,100.67438325427827,0.6613851655714443,-0.32076691491455533,0.09580324447847396,1.0,Prophet,original,Здоровье
original,test,3,6,28,129.87137240455263,0.47212862649741427,0.18198389978277518,0.12358753477339582,1.0,Prophet,original,Здоровье
original,test,6,6,28,114.01654343377976,0.5455253189998509,0.2796896059541346,0.10849984307912565,1.0,Prophet,original,Здоровье
original,test,12,6,28,282.08977009001234,-1.053785918119008,-4.581331309489043,0.26844083206898117,1.0,Prophet,original,Здоровье
original,test,1,6,28,460.7826668875558,0.5735786173896054,-0.520262006910517,0.09189627001279635,1.0,Prophet,original,Маркетплейсы
original,test,3,6,28,503.83162870861236,0.49423907449759785,-0.0005339426015842363,0.10048174707945814,1.0,Prophet,original,Маркетплейсы
original,test,6,6,28,531.1591535295759,0.446517074471413,0.10457628830358301,0.10593181666799475,1.0,Prophet,original,Маркетплейсы
original,test,12,6,28,816.3258194696335,-0.18357387690415972,-3.929252630470536,0.1628040794831049,1.0,Prophet,original,Маркетплейсы
original,test,1,6,28,76.9173804237729,0.9228297993082936,-0.8171154405224055,0.1863641857451015,1.0,Prophet,original,Общественное питание
original,test,3,6,28,95.5120793751308,0.8805073496834492,0.07900074277360125,0.23141753922844577,1.0,Prophet,original,Общественное питание
original,test,6,6,28,102.25530824207124,0.858687255946423,0.14950441130962744,0.24775580179220585,1.0,Prophet,original,Общественное питание
original,test,12,6,28,117.90146162396385,0.8204410283941683,-0.7293879412766102,0.2856650834005297,1.0,Prophet,original,Общественное питание
original,test,1,6,28,1042.8013450985864,0.22615196401628135,0.0042436089723021375,0.088058722012874,1.0,Prophet,original,Продовольствие
original,test,3,6,28,1149.153076171875,0.049181608997871606,0.25897603288410076,0.09703952891937571,1.0,Prophet,original,Продовольствие
original,test,6,6,28,1016.5750558035714,0.18486604054880773,0.39801178880715804,0.08584405904824137,1.0,Prophet,original,Продовольствие
original,test,12,6,28,1555.3953857421875,-1.0983975707045834,-3.298083157314104,0.13134441237245378,1.0,Prophet,original,Продовольствие
original,test,1,6,28,117.59904189336868,0.8376569701979006,-0.09381619599607305,0.09718594419754306,1.0,Prophet,original,Транспорт
original,test,3,6,28,146.62595004127138,0.7535808429407941,0.11880210936618563,0.1211742984398097,1.0,Prophet,original,Транспорт
original,test,6,6,28,170.56898934500558,0.6878717477675819,-0.2105347772024444,0.14096125285906594,1.0,Prophet,original,Транспорт
original,test,12,6,28,276.7344558352516,0.1062835094740947,-4.799323677672458,0.22869828656196542,1.0,Prophet,original,Транспорт
coverage_all,test,1,6,28,1531.9271182105654,0.7268760134956519,0.08604817775529339,0.06212516721950122,1.0,Prophet,coverage_all,Все категории
coverage_all,test,3,6,28,1691.6860909928826,0.6875648179809537,0.35097456893878154,0.06860396949471036,1.0,Prophet,coverage_all,Все категории
coverage_all,test,6,6,28,1715.4337681361608,0.6938821803459887,0.4389443661894875,0.06956702341291778,1.0,Prophet,coverage_all,Все категории
coverage_all,test,12,6,28,1742.291027250744,0.6789337083997827,-1.303826885650171,0.0706561820900616,1.0,Prophet,coverage_all,Все категории
coverage_all,test,1,6,28,100.67438325427827,0.6613851655714443,-0.32076691491455533,0.09580324447847396,1.0,Prophet,coverage_all,Здоровье
coverage_all,test,3,6,28,136.99229262700268,0.4190219795329144,0.09968716155038793,0.1303639086525385,1.0,Prophet,coverage_all,Здоровье
coverage_all,test,6,6,28,114.01654343377976,0.5455253189998509,0.2796896059541346,0.10849984307912565,1.0,Prophet,coverage_all,Здоровье
coverage_all,test,12,6,28,282.08977009001234,-1.053785918119008,-4.581331309489043,0.26844083206898117,1.0,Prophet,coverage_all,Здоровье
coverage_all,test,1,6,28,460.7826668875558,0.5735786173896054,-0.520262006910517,0.09189627001279635,1.0,Prophet,coverage_all,Маркетплейсы
coverage_all,test,3,6,28,511.43343621830473,0.4884598444116509,-0.011966846116916452,0.10199781486085858,1.0,Prophet,coverage_all,Маркетплейсы
coverage_all,test,6,6,28,531.1591535295759,0.446517074471413,0.10457628830358301,0.10593181666799475,1.0,Prophet,coverage_all,Маркетплейсы
coverage_all,test,12,6,28,816.3258194696335,-0.18357387690415972,-3.929252630470536,0.1628040794831049,1.0,Prophet,coverage_all,Маркетплейсы
coverage_all,test,1,6,28,76.9173804237729,0.9228297993082936,-0.8171154405224055,0.1863641857451015,1.0,Prophet,coverage_all,Общественное питание
coverage_all,test,3,6,28,95.29098481346507,0.8816541359477248,0.08783969056492713,0.23088184615452034,1.0,Prophet,coverage_all,Общественное питание
coverage_all,test,6,6,28,102.25530824207124,0.858687255946423,0.14950441130962744,0.24775580179220585,1.0,Prophet,coverage_all,Общественное питание
coverage_all,test,12,6,28,117.90146162396385,0.8204410283941683,-0.7293879412766102,0.2856650834005297,1.0,Prophet,coverage_all,Общественное питание
coverage_all,test,1,6,28,1042.8013450985864,0.22615196401628135,0.0042436089723021375,0.088058722012874,1.0,Prophet,coverage_all,Продовольствие
coverage_all,test,3,6,28,1179.3843855467007,0.002095522085393875,0.2222793100924081,0.0995923933559586,1.0,Prophet,coverage_all,Продовольствие
coverage_all,test,6,6,28,1016.5750558035714,0.18486604054880773,0.39801178880715804,0.08584405904824137,1.0,Prophet,coverage_all,Продовольствие
coverage_all,test,12,6,28,1555.3953857421875,-1.0983975707045834,-3.298083157314104,0.13134441237245378,1.0,Prophet,coverage_all,Продовольствие
coverage_all,test,1,6,28,117.59904189336868,0.8376569701979006,-0.09381619599607305,0.09718594419754306,1.0,Prophet,coverage_all,Транспорт
coverage_all,test,3,6,28,141.8043171766679,0.7684499445335038,0.1719741967780728,0.11718961510416409,1.0,Prophet,coverage_all,Транспорт
coverage_all,test,6,6,28,170.56898934500558,0.6878717477675819,-0.2105347772024444,0.14096125285906594,1.0,Prophet,coverage_all,Транспорт
coverage_all,test,12,6,28,276.7344558352516,0.1062835094740947,-4.799323677672458,0.22869828656196542,1.0,Prophet,coverage_all,Транспорт
economic_windows,test,1,6,28,1531.9271182105654,0.7268760134956519,0.08604817775529339,0.06212516721950122,1.0,Prophet,economic_windows,Все категории
economic_windows,test,3,6,28,1686.9771205357142,0.7012345250740539,0.37937081894253144,0.06841300376689885,1.0,Prophet,economic_windows,Все категории
economic_windows,test,6,6,28,1715.4337681361608,0.6938821803459887,0.4389443661894875,0.06956702341291778,1.0,Prophet,economic_windows,Все категории
economic_windows,test,12,6,28,1742.291027250744,0.6789337083997827,-1.303826885650171,0.0706561820900616,1.0,Prophet,economic_windows,Все категории
economic_windows,test,1,6,28,100.67438325427827,0.6613851655714443,-0.32076691491455533,0.09580324447847396,1.0,Prophet,economic_windows,Здоровье
economic_windows,test,3,6,28,129.87137240455263,0.47212862649741427,0.18198389978277518,0.12358753477339582,1.0,Prophet,economic_windows,Здоровье
economic_windows,test,6,6,28,114.01654343377976,0.5455253189998509,0.2796896059541346,0.10849984307912565,1.0,Prophet,economic_windows,Здоровье
economic_windows,test,12,6,28,282.08977009001234,-1.053785918119008,-4.581331309489043,0.26844083206898117,1.0,Prophet,economic_windows,Здоровье
economic_windows,test,1,6,28,460.7826668875558,0.5735786173896054,-0.520262006910517,0.09189627001279635,1.0,Prophet,economic_windows,Маркетплейсы
economic_windows,test,3,6,28,503.83162870861236,0.49423907449759785,-0.0005339426015842363,0.10048174707945814,1.0,Prophet,economic_windows,Маркетплейсы
economic_windows,test,6,6,28,531.1591535295759,0.446517074471413,0.10457628830358301,0.10593181666799475,1.0,Prophet,economic_windows,Маркетплейсы
economic_windows,test,12,6,28,816.3258194696335,-0.18357387690415972,-3.929252630470536,0.1628040794831049,1.0,Prophet,economic_windows,Маркетплейсы
economic_windows,test,1,6,28,76.9173804237729,0.9228297993082936,-0.8171154405224055,0.1863641857451015,1.0,Prophet,economic_windows,Общественное питание
economic_windows,test,3,6,28,95.5120793751308,0.8805073496834492,0.07900074277360125,0.23141753922844577,1.0,Prophet,economic_windows,Общественное питание
economic_windows,test,6,6,28,102.25530824207124,0.858687255946423,0.14950441130962744,0.24775580179220585,1.0,Prophet,economic_windows,Общественное питание
economic_windows,test,12,6,28,117.90146162396385,0.8204410283941683,-0.7293879412766102,0.2856650834005297,1.0,Prophet,economic_windows,Общественное питание
economic_windows,test,1,6,28,1042.8013450985864,0.22615196401628135,0.0042436089723021375,0.088058722012874,1.0,Prophet,economic_windows,Продовольствие
economic_windows,test,3,6,28,1149.153076171875,0.049181608997871606,0.25897603288410076,0.09703952891937571,1.0,Prophet,economic_windows,Продовольствие
economic_windows,test,6,6,28,1016.5750558035714,0.18486604054880773,0.39801178880715804,0.08584405904824137,1.0,Prophet,economic_windows,Продовольствие
economic_windows,test,12,6,28,1555.3953857421875,-1.0983975707045834,-3.298083157314104,0.13134441237245378,1.0,Prophet,economic_windows,Продовольствие
economic_windows,test,1,6,28,117.59904189336868,0.8376569701979006,-0.09381619599607305,0.09718594419754306,1.0,Prophet,economic_windows,Транспорт
economic_windows,test,3,6,28,146.62595004127138,0.7535808429407941,0.11880210936618563,0.1211742984398097,1.0,Prophet,economic_windows,Транспорт
economic_windows,test,6,6,28,170.56898934500558,0.6878717477675819,-0.2105347772024444,0.14096125285906594,1.0,Prophet,economic_windows,Транспорт
economic_windows,test,12,6,28,276.7344558352516,0.1062835094740947,-4.799323677672458,0.22869828656196542,1.0,Prophet,economic_windows,Транспорт
financial_only,test,1,6,28,1531.9271182105654,0.7268760134956519,0.08604817775529339,0.06212516721950122,1.0,Prophet,financial_only,Все категории
financial_only,test,3,6,28,1686.9771205357142,0.7012345250740539,0.37937081894253144,0.06841300376689885,1.0,Prophet,financial_only,Все категории
financial_only,test,6,6,28,1715.4337681361608,0.6938821803459887,0.4389443661894875,0.06956702341291778,1.0,Prophet,financial_only,Все категории
financial_only,test,12,6,28,1742.291027250744,0.6789337083997827,-1.303826885650171,0.0706561820900616,1.0,Prophet,financial_only,Все категории
financial_only,test,1,6,28,100.67438325427827,0.6613851655714443,-0.32076691491455533,0.09580324447847396,1.0,Prophet,financial_only,Здоровье
financial_only,test,3,6,28,129.87137240455263,0.47212862649741427,0.18198389978277518,0.12358753477339582,1.0,Prophet,financial_only,Здоровье
financial_only,test,6,6,28,114.01654343377976,0.5455253189998509,0.2796896059541346,0.10849984307912565,1.0,Prophet,financial_only,Здоровье
financial_only,test,12,6,28,282.08977009001234,-1.053785918119008,-4.581331309489043,0.26844083206898117,1.0,Prophet,financial_only,Здоровье
financial_only,test,1,6,28,460.7826668875558,0.5735786173896054,-0.520262006910517,0.09189627001279635,1.0,Prophet,financial_only,Маркетплейсы
financial_only,test,3,6,28,503.83162870861236,0.49423907449759785,-0.0005339426015842363,0.10048174707945814,1.0,Prophet,financial_only,Маркетплейсы
financial_only,test,6,6,28,531.1591535295759,0.446517074471413,0.10457628830358301,0.10593181666799475,1.0,Prophet,financial_only,Маркетплейсы
financial_only,test,12,6,28,816.3258194696335,-0.18357387690415972,-3.929252630470536,0.1628040794831049,1.0,Prophet,financial_only,Маркетплейсы
financial_only,test,1,6,28,76.9173804237729,0.9228297993082936,-0.8171154405224055,0.1863641857451015,1.0,Prophet,financial_only,Общественное питание
financial_only,test,3,6,28,95.5120793751308,0.8805073496834492,0.07900074277360125,0.23141753922844577,1.0,Prophet,financial_only,Общественное питание
financial_only,test,6,6,28,102.25530824207124,0.858687255946423,0.14950441130962744,0.24775580179220585,1.0,Prophet,financial_only,Общественное питание
financial_only,test,12,6,28,117.90146162396385,0.8204410283941683,-0.7293879412766102,0.2856650834005297,1.0,Prophet,financial_only,Общественное питание
financial_only,test,1,6,28,1042.8013450985864,0.22615196401628135,0.0042436089723021375,0.088058722012874,1.0,Prophet,financial_only,Продовольствие
financial_only,test,3,6,28,1149.153076171875,0.049181608997871606,0.25897603288410076,0.09703952891937571,1.0,Prophet,financial_only,Продовольствие
financial_only,test,6,6,28,1016.5750558035714,0.18486604054880773,0.39801178880715804,0.08584405904824137,1.0,Prophet,financial_only,Продовольствие
financial_only,test,12,6,28,1555.3953857421875,-1.0983975707045834,-3.298083157314104,0.13134441237245378,1.0,Prophet,financial_only,Продовольствие
financial_only,test,1,6,28,117.59904189336868,0.8376569701979006,-0.09381619599607305,0.09718594419754306,1.0,Prophet,financial_only,Транспорт
financial_only,test,3,6,28,146.62595004127138,0.7535808429407941,0.11880210936618563,0.1211742984398097,1.0,Prophet,financial_only,Транспорт
financial_only,test,6,6,28,170.56898934500558,0.6878717477675819,-0.2105347772024444,0.14096125285906594,1.0,Prophet,financial_only,Транспорт
financial_only,test,12,6,28,276.7344558352516,0.1062835094740947,-4.799323677672458,0.22869828656196542,1.0,Prophet,financial_only,Транспорт
selected_decay,test,1,6,28,1531.9271182105654,0.7268760134956519,0.08604817775529339,0.06212516721950122,1.0,Prophet,selected_decay,Все категории
selected_decay,test,3,6,28,1686.9771205357142,0.7012345250740539,0.37937081894253144,0.06841300376689885,1.0,Prophet,selected_decay,Все категории
selected_decay,test,6,6,28,1715.4337681361608,0.6938821803459887,0.4389443661894875,0.06956702341291778,1.0,Prophet,selected_decay,Все категории
selected_decay,test,12,6,28,1742.291027250744,0.6789337083997827,-1.303826885650171,0.0706561820900616,1.0,Prophet,selected_decay,Все категории
selected_decay,test,1,6,28,100.67438325427827,0.6613851655714443,-0.32076691491455533,0.09580324447847396,1.0,Prophet,selected_decay,Здоровье
selected_decay,test,3,6,28,129.87137240455263,0.47212862649741427,0.18198389978277518,0.12358753477339582,1.0,Prophet,selected_decay,Здоровье
selected_decay,test,6,6,28,114.01654343377976,0.5455253189998509,0.2796896059541346,0.10849984307912565,1.0,Prophet,selected_decay,Здоровье
selected_decay,test,12,6,28,282.08977009001234,-1.053785918119008,-4.581331309489043,0.26844083206898117,1.0,Prophet,selected_decay,Здоровье
selected_decay,test,1,6,28,460.7826668875558,0.5735786173896054,-0.520262006910517,0.09189627001279635,1.0,Prophet,selected_decay,Маркетплейсы
selected_decay,test,3,6,28,503.83162870861236,0.49423907449759785,-0.0005339426015842363,0.10048174707945814,1.0,Prophet,selected_decay,Маркетплейсы
selected_decay,test,6,6,28,531.1591535295759,0.446517074471413,0.10457628830358301,0.10593181666799475,1.0,Prophet,selected_decay,Маркетплейсы
selected_decay,test,12,6,28,816.3258194696335,-0.18357387690415972,-3.929252630470536,0.1628040794831049,1.0,Prophet,selected_decay,Маркетплейсы
selected_decay,test,1,6,28,76.9173804237729,0.9228297993082936,-0.8171154405224055,0.1863641857451015,1.0,Prophet,selected_decay,Общественное питание
selected_decay,test,3,6,28,95.5120793751308,0.8805073496834492,0.07900074277360125,0.23141753922844577,1.0,Prophet,selected_decay,Общественное питание
selected_decay,test,6,6,28,102.25530824207124,0.858687255946423,0.14950441130962744,0.24775580179220585,1.0,Prophet,selected_decay,Общественное питание
selected_decay,test,12,6,28,117.90146162396385,0.8204410283941683,-0.7293879412766102,0.2856650834005297,1.0,Prophet,selected_decay,Общественное питание
selected_decay,test,1,6,28,1042.8013450985864,0.22615196401628135,0.0042436089723021375,0.088058722012874,1.0,Prophet,selected_decay,Продовольствие
selected_decay,test,3,6,28,1149.153076171875,0.049181608997871606,0.25897603288410076,0.09703952891937571,1.0,Prophet,selected_decay,Продовольствие
selected_decay,test,6,6,28,1016.5750558035714,0.18486604054880773,0.39801178880715804,0.08584405904824137,1.0,Prophet,selected_decay,Продовольствие
selected_decay,test,12,6,28,1555.3953857421875,-1.0983975707045834,-3.298083157314104,0.13134441237245378,1.0,Prophet,selected_decay,Продовольствие
selected_decay,test,1,6,28,117.59904189336868,0.8376569701979006,-0.09381619599607305,0.09718594419754306,1.0,Prophet,selected_decay,Транспорт
selected_decay,test,3,6,28,146.62595004127138,0.7535808429407941,0.11880210936618563,0.1211742984398097,1.0,Prophet,selected_decay,Транспорт
selected_decay,test,6,6,28,170.56898934500558,0.6878717477675819,-0.2105347772024444,0.14096125285906594,1.0,Prophet,selected_decay,Транспорт
selected_decay,test,12,6,28,276.7344558352516,0.1062835094740947,-4.799323677672458,0.22869828656196542,1.0,Prophet,selected_decay,Транспорт
selected_news,test,1,6,28,1531.9271182105654,0.7268760134956519,0.08604817775529339,0.06212516721950122,1.0,Prophet,selected_news,Все категории
selected_news,test,3,6,28,1686.9771205357142,0.7012345250740539,0.37937081894253144,0.06841300376689885,1.0,Prophet,selected_news,Все категории
selected_news,test,6,6,28,1715.4337681361608,0.6938821803459887,0.4389443661894875,0.06956702341291778,1.0,Prophet,selected_news,Все категории
selected_news,test,12,6,28,1742.291027250744,0.6789337083997827,-1.303826885650171,0.0706561820900616,1.0,Prophet,selected_news,Все категории
selected_news,test,1,6,28,100.67438325427827,0.6613851655714443,-0.32076691491455533,0.09580324447847396,1.0,Prophet,selected_news,Здоровье
selected_news,test,3,6,28,129.87137240455263,0.47212862649741427,0.18198389978277518,0.12358753477339582,1.0,Prophet,selected_news,Здоровье
selected_news,test,6,6,28,114.01654343377976,0.5455253189998509,0.2796896059541346,0.10849984307912565,1.0,Prophet,selected_news,Здоровье
selected_news,test,12,6,28,282.08977009001234,-1.053785918119008,-4.581331309489043,0.26844083206898117,1.0,Prophet,selected_news,Здоровье
selected_news,test,1,6,28,460.7826668875558,0.5735786173896054,-0.520262006910517,0.09189627001279635,1.0,Prophet,selected_news,Маркетплейсы
selected_news,test,3,6,28,503.83162870861236,0.49423907449759785,-0.0005339426015842363,0.10048174707945814,1.0,Prophet,selected_news,Маркетплейсы
selected_news,test,6,6,28,531.1591535295759,0.446517074471413,0.10457628830358301,0.10593181666799475,1.0,Prophet,selected_news,Маркетплейсы
selected_news,test,12,6,28,816.3258194696335,-0.18357387690415972,-3.929252630470536,0.1628040794831049,1.0,Prophet,selected_news,Маркетплейсы
selected_news,test,1,6,28,76.9173804237729,0.9228297993082936,-0.8171154405224055,0.1863641857451015,1.0,Prophet,selected_news,Общественное питание
selected_news,test,3,6,28,95.5120793751308,0.8805073496834492,0.07900074277360125,0.23141753922844577,1.0,Prophet,selected_news,Общественное питание
selected_news,test,6,6,28,102.25530824207124,0.858687255946423,0.14950441130962744,0.24775580179220585,1.0,Prophet,selected_news,Общественное питание
selected_news,test,12,6,28,117.90146162396385,0.8204410283941683,-0.7293879412766102,0.2856650834005297,1.0,Prophet,selected_news,Общественное питание
selected_news,test,1,6,28,1042.8013450985864,0.22615196401628135,0.0042436089723021375,0.088058722012874,1.0,Prophet,selected_news,Продовольствие
selected_news,test,3,6,28,1149.153076171875,0.049181608997871606,0.25897603288410076,0.09703952891937571,1.0,Prophet,selected_news,Продовольствие
selected_news,test,6,6,28,1016.5750558035714,0.18486604054880773,0.39801178880715804,0.08584405904824137,1.0,Prophet,selected_news,Продовольствие
selected_news,test,12,6,28,1555.3953857421875,-1.0983975707045834,-3.298083157314104,0.13134441237245378,1.0,Prophet,selected_news,Продовольствие
selected_news,test,1,6,28,117.59904189336868,0.8376569701979006,-0.09381619599607305,0.09718594419754306,1.0,Prophet,selected_news,Транспорт
selected_news,test,3,6,28,146.62595004127138,0.7535808429407941,0.11880210936618563,0.1211742984398097,1.0,Prophet,selected_news,Транспорт
selected_news,test,6,6,28,170.56898934500558,0.6878717477675819,-0.2105347772024444,0.14096125285906594,1.0,Prophet,selected_news,Транспорт
selected_news,test,12,6,28,276.7344558352516,0.1062835094740947,-4.799323677672458,0.22869828656196542,1.0,Prophet,selected_news,Транспорт
original,test,1,6,28,1001.4066336495536,0.8571435868120338,0.5219611399806298,0.04061064905154653,1.0,SeasonalNaive_NatGrowth,original,Все категории
original,test,3,6,28,1012.1398111979166,0.8517264144417601,0.691989464310512,0.04104591809408919,1.0,SeasonalNaive_NatGrowth,original,Все категории
original,test,6,6,28,1053.9183291480654,0.8494449066076176,0.7240612015264722,0.04274018760794682,1.0,SeasonalNaive_NatGrowth,original,Все категории
original,test,12,6,28,1440.267566499256,0.7926382992511983,-0.4879340302534305,0.05840804196619205,1.0,SeasonalNaive_NatGrowth,original,Все категории
original,test,1,6,28,157.50154985700334,0.30275256209363355,-1.7196131234172811,0.1498808236905471,1.0,SeasonalNaive_NatGrowth,original,Здоровье
original,test,3,6,28,172.36031777518136,0.21161605559223895,-0.22171951738760254,0.164020648832745,1.0,SeasonalNaive_NatGrowth,original,Здоровье
original,test,6,6,28,173.803959437779,0.19375676190092717,-0.27783880777236747,0.16539443976813945,1.0,SeasonalNaive_NatGrowth,original,Здоровье
original,test,12,6,28,119.11326199486142,0.5412743484846452,-0.246624499019499,0.11334995647005652,1.0,SeasonalNaive_NatGrowth,original,Здоровье
original,test,1,6,28,1244.2225923084077,-0.9738602867904416,-6.037134917079689,0.2481417455893517,1.0,SeasonalNaive_NatGrowth,original,Маркетплейсы
original,test,3,6,28,1188.811019897461,-0.839434027313585,-2.6389054327899637,0.23709072916439444,1.0,SeasonalNaive_NatGrowth,original,Маркетплейсы
original,test,6,6,28,1184.2832089378721,-0.8542676613633065,-1.9998309888799093,0.23618772441093913,1.0,SeasonalNaive_NatGrowth,original,Маркетплейсы
original,test,12,6,28,1511.0349854968842,-1.7834350196589561,-10.592224752615694,0.3013535208777481,1.0,SeasonalNaive_NatGrowth,original,Маркетплейсы
original,test,1,6,28,68.09619612920852,0.9169357456530582,-0.9559018607752536,0.16499121621199098,1.0,SeasonalNaive_NatGrowth,original,Общественное питание
original,test,3,6,28,68.32343074253627,0.9175310170820725,0.36436365073151666,0.165541786102081,1.0,SeasonalNaive_NatGrowth,original,Общественное питание
original,test,6,6,28,68.50062547411237,0.9169922690468996,0.5004151290414194,0.16597111367000605,1.0,SeasonalNaive_NatGrowth,original,Общественное питание
original,test,12,6,28,68.25932143983387,0.9121852050787629,0.15422857435471227,0.16538645478514075,1.0,SeasonalNaive_NatGrowth,original,Общественное питание
original,test,1,6,28,952.151384626116,0.16421361615594277,-0.07545615488795865,0.08040384152461705,1.0,SeasonalNaive_NatGrowth,original,Продовольствие
original,test,3,6,28,919.5184733072916,0.20609400328791594,0.38126631040377745,0.07764817528022468,1.0,SeasonalNaive_NatGrowth,original,Продовольствие
original,test,6,6,28,834.1775309244791,0.31590524191663805,0.4947861330887646,0.07044161157858857,1.0,SeasonalNaive_NatGrowth,original,Продовольствие
original,test,12,6,28,694.1973876953125,0.4750109247616644,-0.0753189641265859,0.05862107396816371,1.0,SeasonalNaive_NatGrowth,original,Продовольствие
original,test,1,6,28,111.58318038213821,0.8472534545989758,-0.029158107038909087,0.09221432902349495,1.0,SeasonalNaive_NatGrowth,original,Транспорт
original,test,3,6,28,112.03210957845052,0.8458106318811734,0.44861695183939976,0.0925853321126274,1.0,SeasonalNaive_NatGrowth,original,Транспорт
original,test,6,6,28,114.3886958530971,0.8394286649109355,0.3772521905437707,0.09453285701161566,1.0,SeasonalNaive_NatGrowth,original,Транспорт
original,test,12,6,28,113.35949380057198,0.8427468085054368,-0.02041549696295708,0.09368230609186073,1.0,SeasonalNaive_NatGrowth,original,Транспорт
coverage_all,test,1,6,28,939.0108715968652,0.8754514179415667,0.5832244359523239,0.038080275964451224,1.0,SeasonalNaive_NatGrowth,coverage_all,Все категории
coverage_all,test,3,6,28,984.9056317687559,0.8541322118678819,0.6969870567757532,0.03994147393939674,1.0,SeasonalNaive_NatGrowth,coverage_all,Все категории
coverage_all,test,6,6,28,1093.422766711334,0.8290803053019639,0.686736767732465,0.044342234964088116,1.0,SeasonalNaive_NatGrowth,coverage_all,Все категории
coverage_all,test,12,6,28,1440.267566499256,0.7926382992511983,-0.4879340302534305,0.05840804196619205,1.0,SeasonalNaive_NatGrowth,coverage_all,Все категории
coverage_all,test,1,6,28,139.57948222955406,0.44240767583175766,-1.174888454058883,0.13282591686151216,1.0,SeasonalNaive_NatGrowth,coverage_all,Здоровье
coverage_all,test,3,6,28,167.5795337531471,0.2572121578258495,-0.1510614980167886,0.1594711834607556,1.0,SeasonalNaive_NatGrowth,coverage_all,Здоровье
coverage_all,test,6,6,28,181.71572765573842,0.17915752724161527,-0.30097756755338523,0.1729233963938556,1.0,SeasonalNaive_NatGrowth,coverage_all,Здоровье
coverage_all,test,12,6,28,119.11326199486142,0.5412743484846452,-0.246624499019499,0.11334995647005652,1.0,SeasonalNaive_NatGrowth,coverage_all,Здоровье
coverage_all,test,1,6,28,1000.6101158719049,-0.3589030017507493,-3.844711566741121,0.19955684966799983,1.0,SeasonalNaive_NatGrowth,coverage_all,Маркетплейсы
coverage_all,test,3,6,28,1001.9272926219277,-0.3773019541908391,-1.724681336365677,0.19981954103851574,1.0,SeasonalNaive_NatGrowth,coverage_all,Маркетплейсы
coverage_all,test,6,6,28,813.333005921693,-0.03617259578130794,-0.6763182184645169,0.16220720720108697,1.0,SeasonalNaive_NatGrowth,coverage_all,Маркетплейсы
coverage_all,test,12,6,28,1511.0349854968842,-1.7834350196589561,-10.592224752615694,0.3013535208777481,1.0,SeasonalNaive_NatGrowth,coverage_all,Маркетплейсы
coverage_all,test,1,6,28,62.69924771037521,0.932203738518657,-0.5963886635412448,0.1519148751816181,1.0,SeasonalNaive_NatGrowth,coverage_all,Общественное питание
coverage_all,test,3,6,28,65.41373593409182,0.9256977382302486,0.42730931384568993,0.15849184627372329,1.0,SeasonalNaive_NatGrowth,coverage_all,Общественное питание
coverage_all,test,6,6,28,66.14150480907593,0.9292538350189087,0.574211783684796,0.1602551675549447,1.0,SeasonalNaive_NatGrowth,coverage_all,Общественное питание
coverage_all,test,12,6,28,68.25932143983387,0.9121852050787629,0.15422857435471227,0.16538645478514075,1.0,SeasonalNaive_NatGrowth,coverage_all,Общественное питание
coverage_all,test,1,6,28,857.6654342123809,0.33563722616119207,0.14512482134825688,0.07242503321111347,1.0,SeasonalNaive_NatGrowth,coverage_all,Продовольствие
coverage_all,test,3,6,28,898.0487870154832,0.2571937713199207,0.4210911110009439,0.07583518074798687,1.0,SeasonalNaive_NatGrowth,coverage_all,Продовольствие
coverage_all,test,6,6,28,858.8843054866777,0.28821237048225745,0.47433454725519175,0.07252796005064746,1.0,SeasonalNaive_NatGrowth,coverage_all,Продовольствие
coverage_all,test,12,6,28,694.1973876953125,0.4750109247616644,-0.0753189641265859,0.05862107396816371,1.0,SeasonalNaive_NatGrowth,coverage_all,Продовольствие
coverage_all,test,1,6,28,104.86459209110576,0.8653147699127458,0.09253334614683184,0.08666196791386448,1.0,SeasonalNaive_NatGrowth,coverage_all,Транспорт
coverage_all,test,3,6,28,106.65910141465139,0.8621134577716664,0.5069160547075304,0.08814498240252172,1.0,SeasonalNaive_NatGrowth,coverage_all,Транспорт
coverage_all,test,6,6,28,99.57872549022808,0.8807118405277706,0.5373617590948503,0.08229363354448793,1.0,SeasonalNaive_NatGrowth,coverage_all,Транспорт
coverage_all,test,12,6,28,113.35949380057198,0.8427468085054368,-0.02041549696295708,0.09368230609186073,1.0,SeasonalNaive_NatGrowth,coverage_all,Транспорт
economic_windows,test,1,6,28,994.0278927964127,0.85916801167253,0.5287354508492158,0.040311414509693,1.0,SeasonalNaive_NatGrowth,economic_windows,Все категории
economic_windows,test,3,6,28,1012.1398111979166,0.8517264144417601,0.691989464310512,0.04104591809408919,1.0,SeasonalNaive_NatGrowth,economic_windows,Все категории
economic_windows,test,6,6,28,1053.9183291480654,0.8494449066076176,0.7240612015264722,0.04274018760794682,1.0,SeasonalNaive_NatGrowth,economic_windows,Все категории
economic_windows,test,12,6,28,1440.267566499256,0.7926382992511983,-0.4879340302534305,0.05840804196619205,1.0,SeasonalNaive_NatGrowth,economic_windows,Все категории
economic_windows,test,1,6,28,154.10683062748328,0.33190448314552745,-1.6059060765995596,0.1466503582457273,1.0,SeasonalNaive_NatGrowth,economic_windows,Здоровье
economic_windows,test,3,6,28,172.36031777518136,0.21161605559223895,-0.22171951738760254,0.164020648832745,1.0,SeasonalNaive_NatGrowth,economic_windows,Здоровье
economic_windows,test,6,6,28,173.803959437779,0.19375676190092717,-0.27783880777236747,0.16539443976813945,1.0,SeasonalNaive_NatGrowth,economic_windows,Здоровье
economic_windows,test,12,6,28,119.11326199486142,0.5412743484846452,-0.246624499019499,0.11334995647005652,1.0,SeasonalNaive_NatGrowth,economic_windows,Здоровье
economic_windows,test,1,6,28,1196.4688410871822,-0.8423098571328764,-5.568136108959705,0.23861796804365568,1.0,SeasonalNaive_NatGrowth,economic_windows,Маркетплейсы
economic_windows,test,3,6,28,1188.811019897461,-0.839434027313585,-2.6389054327899637,0.23709072916439444,1.0,SeasonalNaive_NatGrowth,economic_windows,Маркетплейсы
economic_windows,test,6,6,28,1184.2832089378721,-0.8542676613633065,-1.9998309888799093,0.23618772441093913,1.0,SeasonalNaive_NatGrowth,economic_windows,Маркетплейсы
economic_windows,test,12,6,28,1511.0349854968842,-1.7834350196589561,-10.592224752615694,0.3013535208777481,1.0,SeasonalNaive_NatGrowth,economic_windows,Маркетплейсы
economic_windows,test,1,6,28,66.91198485990321,0.9204287353911312,-0.8736529417657553,0.16212197433533906,1.0,SeasonalNaive_NatGrowth,economic_windows,Общественное питание
economic_windows,test,3,6,28,68.32343074253627,0.9175310170820725,0.36436365073151666,0.165541786102081,1.0,SeasonalNaive_NatGrowth,economic_windows,Общественное питание
economic_windows,test,6,6,28,68.50062547411237,0.9169922690468996,0.5004151290414194,0.16597111367000605,1.0,SeasonalNaive_NatGrowth,economic_windows,Общественное питание
economic_windows,test,12,6,28,68.25932143983387,0.9121852050787629,0.15422857435471227,0.16538645478514075,1.0,SeasonalNaive_NatGrowth,economic_windows,Общественное питание
economic_windows,test,1,6,28,981.285472268694,0.13773758488083843,-0.10952444236215331,0.08286405174286712,1.0,SeasonalNaive_NatGrowth,economic_windows,Продовольствие
economic_windows,test,3,6,28,919.5184733072916,0.20609400328791594,0.38126631040377745,0.07764817528022468,1.0,SeasonalNaive_NatGrowth,economic_windows,Продовольствие
economic_windows,test,6,6,28,834.1775309244791,0.31590524191663805,0.4947861330887646,0.07044161157858857,1.0,SeasonalNaive_NatGrowth,economic_windows,Продовольствие
economic_windows,test,12,6,28,694.1973876953125,0.4750109247616644,-0.0753189641265859,0.05862107396816371,1.0,SeasonalNaive_NatGrowth,economic_windows,Продовольствие
economic_windows,test,1,6,28,110.69027246891147,0.8500139649566367,-0.010558657822608675,0.09147641400963724,1.0,SeasonalNaive_NatGrowth,economic_windows,Транспорт
economic_windows,test,3,6,28,112.03210957845052,0.8458106318811734,0.44861695183939976,0.0925853321126274,1.0,SeasonalNaive_NatGrowth,economic_windows,Транспорт
economic_windows,test,6,6,28,114.3886958530971,0.8394286649109355,0.3772521905437707,0.09453285701161566,1.0,SeasonalNaive_NatGrowth,economic_windows,Транспорт
economic_windows,test,12,6,28,113.35949380057198,0.8427468085054368,-0.02041549696295708,0.09368230609186073,1.0,SeasonalNaive_NatGrowth,economic_windows,Транспорт
financial_only,test,1,6,28,942.9712015201859,0.8733818017923365,0.5762989019662936,0.03824088161977646,1.0,SeasonalNaive_NatGrowth,financial_only,Все категории
financial_only,test,3,6,28,992.0931725567851,0.8532596270817936,0.6951744257101076,0.040232954629336404,1.0,SeasonalNaive_NatGrowth,financial_only,Все категории
financial_only,test,6,6,28,1368.1924595206215,0.7707963394664126,0.5799133641494421,0.05548513654844513,1.0,SeasonalNaive_NatGrowth,financial_only,Все категории
financial_only,test,12,6,28,1440.267566499256,0.7926382992511983,-0.4879340302534305,0.05840804196619205,1.0,SeasonalNaive_NatGrowth,financial_only,Все категории
financial_only,test,1,6,28,140.98242993932905,0.43420462678353533,-1.206884440893297,0.13416098282452493,1.0,SeasonalNaive_NatGrowth,financial_only,Здоровье
financial_only,test,3,6,28,168.0945869155897,0.255065543969757,-0.15438799909901557,0.15996131573120884,1.0,SeasonalNaive_NatGrowth,financial_only,Здоровье
financial_only,test,6,6,28,189.36859077081112,0.1258046965960845,-0.3855380503973831,0.18020597506257022,1.0,SeasonalNaive_NatGrowth,financial_only,Здоровье
financial_only,test,12,6,28,119.11326199486142,0.5412743484846452,-0.246624499019499,0.11334995647005652,1.0,SeasonalNaive_NatGrowth,financial_only,Здоровье
financial_only,test,1,6,28,995.5147005685931,-0.34890682617555435,-3.809073565081011,0.19854064464513438,1.0,SeasonalNaive_NatGrowth,financial_only,Маркетплейсы
financial_only,test,3,6,28,999.7480792477179,-0.37274702753052047,-1.7156704410989407,0.1993849292463566,1.0,SeasonalNaive_NatGrowth,financial_only,Маркетплейсы
financial_only,test,6,6,28,830.7862051618837,-0.0959989506029364,-0.773105190963242,0.16568798897787868,1.0,SeasonalNaive_NatGrowth,financial_only,Маркетплейсы
financial_only,test,12,6,28,1511.0349854968842,-1.7834350196589561,-10.592224752615694,0.3013535208777481,1.0,SeasonalNaive_NatGrowth,financial_only,Маркетплейсы
financial_only,test,1,6,28,62.66300015039494,0.9318470043672401,-0.6047886304830292,0.15182705046679093,1.0,SeasonalNaive_NatGrowth,financial_only,Общественное питание
financial_only,test,3,6,28,65.4290643178801,0.9256364800566245,0.4268371615228701,0.1585289856269846,1.0,SeasonalNaive_NatGrowth,financial_only,Общественное питание
financial_only,test,6,6,28,66.62211743261042,0.9297021457795985,0.5769099573483445,0.1614196505333086,1.0,SeasonalNaive_NatGrowth,financial_only,Общественное питание
financial_only,test,12,6,28,68.25932143983387,0.9121852050787629,0.15422857435471227,0.16538645478514075,1.0,SeasonalNaive_NatGrowth,financial_only,Общественное питание
financial_only,test,1,6,28,873.0347915373429,0.31899292385352773,0.12370760553018567,0.07372288919351769,1.0,SeasonalNaive_NatGrowth,financial_only,Продовольствие
financial_only,test,3,6,28,905.2576534703334,0.24775946476072574,0.41373844792706926,0.07644392906822955,1.0,SeasonalNaive_NatGrowth,financial_only,Продовольствие
financial_only,test,6,6,28,1015.1297623112512,0.13252677053366635,0.35935848137684634,0.08572201212294209,1.0,SeasonalNaive_NatGrowth,financial_only,Продовольствие
financial_only,test,12,6,28,694.1973876953125,0.4750109247616644,-0.0753189641265859,0.05862107396816371,1.0,SeasonalNaive_NatGrowth,financial_only,Продовольствие
financial_only,test,1,6,28,104.89195372950256,0.8651143737396441,0.09118313985820026,0.0866845800595042,1.0,SeasonalNaive_NatGrowth,financial_only,Транспорт
financial_only,test,3,6,28,106.95413148312957,0.8612824490683884,0.5039443575182126,0.08838880050945593,1.0,SeasonalNaive_NatGrowth,financial_only,Транспорт
financial_only,test,6,6,28,100.33285335865172,0.8770911890682509,0.5233196963320925,0.08291685825583282,1.0,SeasonalNaive_NatGrowth,financial_only,Транспорт
financial_only,test,12,6,28,113.35949380057198,0.8427468085054368,-0.02041549696295708,0.09368230609186073,1.0,SeasonalNaive_NatGrowth,financial_only,Транспорт
selected_decay,test,1,6,28,1146.8708325946757,0.8241391079198486,0.41151861161899317,0.04650974671519553,1.0,SeasonalNaive_NatGrowth,selected_decay,Все категории
selected_decay,test,3,6,28,1023.1647793430982,0.847161599745941,0.6825069188221234,0.0414930202972339,1.0,SeasonalNaive_NatGrowth,selected_decay,Все категории
selected_decay,test,6,6,28,1096.402196147542,0.835998108791711,0.6994157833673715,0.044463061568528243,1.0,SeasonalNaive_NatGrowth,selected_decay,Все категории
selected_decay,test,12,6,28,1440.267566499256,0.7926382992511983,-0.4879340302534305,0.05840804196619205,1.0,SeasonalNaive_NatGrowth,selected_decay,Все категории
selected_decay,test,1,6,28,138.73018729060135,0.4473282709888976,-1.1556956762344655,0.1320177151319291,1.0,SeasonalNaive_NatGrowth,selected_decay,Здоровье
selected_decay,test,3,6,28,164.78061545001395,0.27490229627550666,-0.12364796738550399,0.1568076910627632,1.0,SeasonalNaive_NatGrowth,selected_decay,Здоровье
selected_decay,test,6,6,28,171.18345844814317,0.25270447093911086,-0.18441083631320243,0.16290073194643795,1.0,SeasonalNaive_NatGrowth,selected_decay,Здоровье
selected_decay,test,12,6,28,119.11326199486142,0.5412743484846452,-0.246624499019499,0.11334995647005652,1.0,SeasonalNaive_NatGrowth,selected_decay,Здоровье
selected_decay,test,1,6,28,983.0338799167959,-0.32359866663559567,-3.718845834994168,0.1960515300429162,1.0,SeasonalNaive_NatGrowth,selected_decay,Маркетплейсы
selected_decay,test,3,6,28,996.1635611719477,-0.3660146747724826,-1.702351999304939,0.19867005027058748,1.0,SeasonalNaive_NatGrowth,selected_decay,Маркетплейсы
selected_decay,test,6,6,28,838.0569117789173,-0.09648744306564305,-0.7738954732175227,0.16713802359609878,1.0,SeasonalNaive_NatGrowth,selected_decay,Маркетплейсы
selected_decay,test,12,6,28,1511.0349854968842,-1.7834350196589561,-10.592224752615694,0.3013535208777481,1.0,SeasonalNaive_NatGrowth,selected_decay,Маркетплейсы
selected_decay,test,1,6,28,61.830745976844874,0.9324959228507844,-0.5895086417630384,0.1498105703093533,1.0,SeasonalNaive_NatGrowth,selected_decay,Общественное питание
selected_decay,test,3,6,28,64.85945690977124,0.9266584587586761,0.43471414494400396,0.1571488759531796,1.0,SeasonalNaive_NatGrowth,selected_decay,Общественное питание
selected_decay,test,6,6,28,66.89471318133967,0.9294137110750024,0.5751740032026149,0.16208012654626705,1.0,SeasonalNaive_NatGrowth,selected_decay,Общественное питание
selected_decay,test,12,6,28,68.25932143983387,0.9121852050787629,0.15422857435471227,0.16538645478514075,1.0,SeasonalNaive_NatGrowth,selected_decay,Общественное питание
selected_decay,test,1,6,28,866.9664434098637,0.3254595537012528,0.13202860358130442,0.07321045124611121,1.0,SeasonalNaive_NatGrowth,selected_decay,Продовольствие
selected_decay,test,3,6,28,898.174717739548,0.258288882359088,0.42194458999793816,0.07584581489098585,1.0,SeasonalNaive_NatGrowth,selected_decay,Продовольствие
selected_decay,test,6,6,28,888.0650602823329,0.2770100731827576,0.4660614887788689,0.07499211104810663,1.0,SeasonalNaive_NatGrowth,selected_decay,Продовольствие
selected_decay,test,12,6,28,694.1973876953125,0.4750109247616644,-0.0753189641265859,0.05862107396816371,1.0,SeasonalNaive_NatGrowth,selected_decay,Продовольствие
selected_decay,test,1,6,28,105.16592708734376,0.8640584273065125,0.08406850541980404,0.08691099652547263,1.0,SeasonalNaive_NatGrowth,selected_decay,Транспорт
selected_decay,test,3,6,28,105.60746926444423,0.8657210952976427,0.5198170102014168,0.08727589485026899,1.0,SeasonalNaive_NatGrowth,selected_decay,Транспорт
selected_decay,test,6,6,28,100.03348752193332,0.8797734126065305,0.5337222307072916,0.08266945699274818,1.0,SeasonalNaive_NatGrowth,selected_decay,Транспорт
selected_decay,test,12,6,28,113.35949380057198,0.8427468085054368,-0.02041549696295708,0.09368230609186073,1.0,SeasonalNaive_NatGrowth,selected_decay,Транспорт
selected_news,test,1,6,28,1146.8708325946757,0.8241391079198486,0.41151861161899317,0.04650974671519553,1.0,SeasonalNaive_NatGrowth,selected_news,Все категории
selected_news,test,3,6,28,1023.1647793430982,0.847161599745941,0.6825069188221234,0.0414930202972339,1.0,SeasonalNaive_NatGrowth,selected_news,Все категории
selected_news,test,6,6,28,1096.402196147542,0.835998108791711,0.6994157833673715,0.044463061568528243,1.0,SeasonalNaive_NatGrowth,selected_news,Все категории
selected_news,test,12,6,28,1440.267566499256,0.7926382992511983,-0.4879340302534305,0.05840804196619205,1.0,SeasonalNaive_NatGrowth,selected_news,Все категории
selected_news,test,1,6,28,138.73018729060135,0.4473282709888976,-1.1556956762344655,0.1320177151319291,1.0,SeasonalNaive_NatGrowth,selected_news,Здоровье
selected_news,test,3,6,28,164.78061545001395,0.27490229627550666,-0.12364796738550399,0.1568076910627632,1.0,SeasonalNaive_NatGrowth,selected_news,Здоровье
selected_news,test,6,6,28,171.18345844814317,0.25270447093911086,-0.18441083631320243,0.16290073194643795,1.0,SeasonalNaive_NatGrowth,selected_news,Здоровье
selected_news,test,12,6,28,119.11326199486142,0.5412743484846452,-0.246624499019499,0.11334995647005652,1.0,SeasonalNaive_NatGrowth,selected_news,Здоровье
selected_news,test,1,6,28,983.0338799167959,-0.32359866663559567,-3.718845834994168,0.1960515300429162,1.0,SeasonalNaive_NatGrowth,selected_news,Маркетплейсы
selected_news,test,3,6,28,996.1635611719477,-0.3660146747724826,-1.702351999304939,0.19867005027058748,1.0,SeasonalNaive_NatGrowth,selected_news,Маркетплейсы
selected_news,test,6,6,28,838.0569117789173,-0.09648744306564305,-0.7738954732175227,0.16713802359609878,1.0,SeasonalNaive_NatGrowth,selected_news,Маркетплейсы
selected_news,test,12,6,28,1511.0349854968842,-1.7834350196589561,-10.592224752615694,0.3013535208777481,1.0,SeasonalNaive_NatGrowth,selected_news,Маркетплейсы
selected_news,test,1,6,28,61.830745976844874,0.9324959228507844,-0.5895086417630384,0.1498105703093533,1.0,SeasonalNaive_NatGrowth,selected_news,Общественное питание
selected_news,test,3,6,28,64.85945690977124,0.9266584587586761,0.43471414494400396,0.1571488759531796,1.0,SeasonalNaive_NatGrowth,selected_news,Общественное питание
selected_news,test,6,6,28,66.89471318133967,0.9294137110750024,0.5751740032026149,0.16208012654626705,1.0,SeasonalNaive_NatGrowth,selected_news,Общественное питание
selected_news,test,12,6,28,68.25932143983387,0.9121852050787629,0.15422857435471227,0.16538645478514075,1.0,SeasonalNaive_NatGrowth,selected_news,Общественное питание
selected_news,test,1,6,28,866.9664434098637,0.3254595537012528,0.13202860358130442,0.07321045124611121,1.0,SeasonalNaive_NatGrowth,selected_news,Продовольствие
selected_news,test,3,6,28,898.174717739548,0.258288882359088,0.42194458999793816,0.07584581489098585,1.0,SeasonalNaive_NatGrowth,selected_news,Продовольствие
selected_news,test,6,6,28,888.0650602823329,0.2770100731827576,0.4660614887788689,0.07499211104810663,1.0,SeasonalNaive_NatGrowth,selected_news,Продовольствие
selected_news,test,12,6,28,694.1973876953125,0.4750109247616644,-0.0753189641265859,0.05862107396816371,1.0,SeasonalNaive_NatGrowth,selected_news,Продовольствие
selected_news,test,1,6,28,105.16592708734376,0.8640584273065125,0.08406850541980404,0.08691099652547263,1.0,SeasonalNaive_NatGrowth,selected_news,Транспорт
selected_news,test,3,6,28,105.60746926444423,0.8657210952976427,0.5198170102014168,0.08727589485026899,1.0,SeasonalNaive_NatGrowth,selected_news,Транспорт
selected_news,test,6,6,28,100.03348752193332,0.8797734126065305,0.5337222307072916,0.08266945699274818,1.0,SeasonalNaive_NatGrowth,selected_news,Транспорт
selected_news,test,12,6,28,113.35949380057198,0.8427468085054368,-0.02041549696295708,0.09368230609186073,1.0,SeasonalNaive_NatGrowth,selected_news,Транспорт
original,test,1,6,28,1352.4524507068452,0.8110104025164211,0.3675861676738498,0.05484682244853253,1.0,NatPath_K3,original,Все категории
original,test,3,6,28,1931.852294921875,0.6075435146352501,0.1847453352065197,0.07834357485987281,1.0,NatPath_K3,original,Все категории
original,test,6,6,28,1990.5418061755952,0.596084969361196,0.2597007133502327,0.08072364611608711,1.0,NatPath_K3,original,Все категории
original,test,12,6,28,1392.0157877604167,0.7924001484023004,-0.4896428933227883,0.05645125839133746,1.0,NatPath_K3,original,Все категории
original,test,1,6,28,135.79507954915366,0.49503634877733504,-0.9696103535891196,0.129224622833421,1.0,NatPath_K3,original,Здоровье
original,test,3,6,28,210.8975626627604,-0.2732905593387607,-0.9731552610677792,0.20069326578006225,1.0,NatPath_K3,original,Здоровье
original,test,6,6,28,264.5929074968611,-0.4977154066766565,-1.3737735452670288,0.2517905566917371,1.0,NatPath_K3,original,Здоровье
original,test,12,6,28,119.4293950398763,0.5565092137284748,-0.20522250593391478,0.113650793390237,1.0,NatPath_K3,original,Здоровье
original,test,1,6,28,427.85906691778274,0.6830796707585741,-0.12987283333189814,0.0853301462194422,1.0,NatPath_K3,original,Маркетплейсы
original,test,3,6,28,567.9771626790365,0.46730461770380094,-0.053817691679193924,0.11327462262245157,1.0,NatPath_K3,original,Маркетплейсы
original,test,6,6,28,493.56584094819567,0.5435355412965088,0.2615325947418675,0.098434387940935,1.0,NatPath_K3,original,Маркетплейсы
original,test,12,6,28,1769.7820754278273,-2.6234806848220247,-14.090778907554794,0.35295679103096705,1.0,NatPath_K3,original,Маркетплейсы
original,test,1,6,28,85.76100026993524,0.9162624686592623,-0.9717554157771704,0.20779151468673918,1.0,NatPath_K3,original,Общественное питание
original,test,3,6,28,112.79936272757394,0.8363174975863575,-0.26159611276981254,0.2733031373594915,1.0,NatPath_K3,original,Общественное питание
original,test,6,6,28,109.0364464351109,0.8256465255214983,-0.04935235608038302,0.2641859153869254,1.0,NatPath_K3,original,Общественное питание
original,test,12,6,28,84.2740825471424,0.8854090538441035,-0.10366081231804447,0.20418884115376737,1.0,NatPath_K3,original,Общественное питание
original,test,1,6,28,726.0277913411459,0.6114138659494206,0.4999830606874459,0.06130897294276756,1.0,NatPath_K3,original,Продовольствие
original,test,3,6,28,1197.9753011067708,0.029260899306308485,0.2434507512287386,0.10116229185384963,1.0,NatPath_K3,original,Продовольствие
original,test,6,6,28,1315.1607666015625,-0.28705043997699686,0.049494646746950366,0.11105794683977557,1.0,NatPath_K3,original,Продовольствие
original,test,12,6,28,758.0526529947916,0.4004323142700247,-0.22807603653511688,0.06401329280494854,1.0,NatPath_K3,original,Продовольствие
original,test,1,6,28,110.93189929780506,0.8719715334601865,0.13738452201796703,0.09167609872756866,1.0,NatPath_K3,original,Транспорт
original,test,3,6,28,151.1359365554083,0.7539060694702211,0.1199651233750374,0.12490143167693259,1.0,NatPath_K3,original,Транспорт
original,test,6,6,28,140.64033871605284,0.7652823236833641,0.08968858802995683,0.11622768255863324,1.0,NatPath_K3,original,Транспорт
original,test,12,6,28,123.87776547386532,0.8305701618259083,-0.0994297214422295,0.10237479327064385,1.0,NatPath_K3,original,Транспорт
coverage_all,test,1,6,28,1375.3676094974455,0.8053988005867632,0.3488081252361849,0.055776114746321714,1.0,NatPath_K3,coverage_all,Все категории
coverage_all,test,3,6,28,1914.0525702573677,0.6180158801901181,0.20649970846421672,0.07762173185696594,1.0,NatPath_K3,coverage_all,Все категории
coverage_all,test,6,6,28,3467.1465101150943,-0.1763722161324388,-1.1560661188075785,0.14060529000035868,1.0,NatPath_K3,coverage_all,Все категории
coverage_all,test,12,6,28,1392.0157877604167,0.7924001484023004,-0.4896428933227883,0.05645125839133746,1.0,NatPath_K3,coverage_all,Все категории
coverage_all,test,1,6,28,129.5094723632358,0.5388379516264099,-0.798762233597816,0.12324314529700363,1.0,NatPath_K3,coverage_all,Здоровье
coverage_all,test,3,6,28,208.27807380719202,-0.2698881907479498,-0.9678827791226241,0.19820052112023348,1.0,NatPath_K3,coverage_all,Здоровье
coverage_all,test,6,6,28,343.29309771946436,-2.0385368690082615,-3.81586715594727,0.3266828313764997,1.0,NatPath_K3,coverage_all,Здоровье
coverage_all,test,12,6,28,119.4293950398763,0.5565092137284748,-0.20522250593391478,0.113650793390237,1.0,NatPath_K3,coverage_all,Здоровье
coverage_all,test,1,6,28,420.06891333681517,0.6935445059666604,-0.09256398339092597,0.0837765156070901,1.0,NatPath_K3,coverage_all,Маркетплейсы
coverage_all,test,3,6,28,586.0209506063429,0.4360589084631046,-0.11563028154054367,0.11687318855511072,1.0,NatPath_K3,coverage_all,Маркетплейсы
coverage_all,test,6,6,28,786.5462989657863,0.028748722846404506,-0.571288622405461,0.15686499571600443,1.0,NatPath_K3,coverage_all,Маркетплейсы
coverage_all,test,12,6,28,1769.7820754278273,-2.6234806848220247,-14.090778907554794,0.35295679103096705,1.0,NatPath_K3,coverage_all,Маркетплейсы
coverage_all,test,1,6,28,84.32292488958826,0.9198798805859695,-0.8865767456709521,0.20430718194137165,1.0,NatPath_K3,coverage_all,Общественное питание
coverage_all,test,3,6,28,111.7819718867327,0.8410850813058748,-0.22484957603464228,0.2708380870081499,1.0,NatPath_K3,coverage_all,Общественное питание
coverage_all,test,6,6,28,102.70749389205746,0.8407850360511305,0.041759287890761,0.24885140866286382,1.0,NatPath_K3,coverage_all,Общественное питание
coverage_all,test,12,6,28,84.2740825471424,0.8854090538441035,-0.10366081231804447,0.20418884115376737,1.0,NatPath_K3,coverage_all,Общественное питание
coverage_all,test,1,6,28,735.3726687625048,0.5933727071156449,0.4767684263213572,0.06209809540310926,1.0,NatPath_K3,coverage_all,Продовольствие
coverage_all,test,3,6,28,1155.0209134484412,0.07044275114573773,0.275545985725696,0.09753503485057018,1.0,NatPath_K3,coverage_all,Продовольствие
coverage_all,test,6,6,28,1767.1186675543106,-1.1958015570987266,-0.6216311885500185,0.1492232554564014,1.0,NatPath_K3,coverage_all,Продовольствие
coverage_all,test,12,6,28,758.0526529947916,0.4004323142700247,-0.22807603653511688,0.06401329280494854,1.0,NatPath_K3,coverage_all,Продовольствие
coverage_all,test,1,6,28,111.23832438585553,0.8715701388553446,0.1346800516117126,0.09192933388177173,1.0,NatPath_K3,coverage_all,Транспорт
coverage_all,test,3,6,28,148.93937935305036,0.7616542487265581,0.14767270625300477,0.12308615765549426,1.0,NatPath_K3,coverage_all,Транспорт
coverage_all,test,6,6,28,136.69830636826322,0.7536595273220629,0.04461160732389613,0.112969916767271,1.0,NatPath_K3,coverage_all,Транспорт
coverage_all,test,12,6,28,123.87776547386532,0.8305701618259083,-0.0994297214422295,0.10237479327064385,1.0,NatPath_K3,coverage_all,Транспорт
economic_windows,test,1,6,28,1352.4524507068452,0.8110104025164211,0.3675861676738498,0.05484682244853253,1.0,NatPath_K3,economic_windows,Все категории
economic_windows,test,3,6,28,1906.4875440189326,0.6300822860448201,0.2315654011643753,0.07731494277118248,1.0,NatPath_K3,economic_windows,Все категории
economic_windows,test,6,6,28,2831.3981734394247,0.06836091277257617,-0.7075169265148007,0.11482340308420386,1.0,NatPath_K3,economic_windows,Все категории
economic_windows,test,12,6,28,1392.0157877604167,0.7924001484023004,-0.4896428933227883,0.05645125839133746,1.0,NatPath_K3,economic_windows,Все категории
economic_windows,test,1,6,28,135.79507954915366,0.49503634877733504,-0.9696103535891196,0.129224622833421,1.0,NatPath_K3,economic_windows,Здоровье
economic_windows,test,3,6,28,218.30893563759375,-0.3931492819074969,-1.158894381873154,0.20774603882994272,1.0,NatPath_K3,economic_windows,Здоровье
economic_windows,test,6,6,28,319.13265564686344,-1.8447999723866566,-3.5088078054909895,0.3036913943915502,1.0,NatPath_K3,economic_windows,Здоровье
economic_windows,test,12,6,28,119.4293950398763,0.5565092137284748,-0.20522250593391478,0.113650793390237,1.0,NatPath_K3,economic_windows,Здоровье
economic_windows,test,1,6,28,427.85906691778274,0.6830796707585741,-0.12987283333189814,0.0853301462194422,1.0,NatPath_K3,economic_windows,Маркетплейсы
economic_windows,test,3,6,28,644.1655436249026,0.344785788707624,-0.29619356699361066,0.12846926541257989,1.0,NatPath_K3,economic_windows,Маркетплейсы
economic_windows,test,6,6,28,791.7575354327158,-0.00399212698118756,-0.624256712159484,0.15790429955245355,1.0,NatPath_K3,economic_windows,Маркетплейсы
economic_windows,test,12,6,28,1769.7820754278273,-2.6234806848220247,-14.090778907554794,0.35295679103096705,1.0,NatPath_K3,economic_windows,Маркетплейсы
economic_windows,test,1,6,28,85.76100026993524,0.9162624686592623,-0.9717554157771704,0.20779151468673918,1.0,NatPath_K3,economic_windows,Общественное питание
economic_windows,test,3,6,28,112.51880221820836,0.8413218634174584,-0.22302455877780392,0.27262336341773635,1.0,NatPath_K3,economic_windows,Общественное питание
economic_windows,test,6,6,28,107.2390594001248,0.8313543440214681,-0.014999655000365486,0.2598310014598195,1.0,NatPath_K3,economic_windows,Общественное питание
economic_windows,test,12,6,28,84.2740825471424,0.8854090538441035,-0.10366081231804447,0.20418884115376737,1.0,NatPath_K3,economic_windows,Общественное питание
economic_windows,test,1,6,28,726.0277913411459,0.6114138659494206,0.4999830606874459,0.06130897294276756,1.0,NatPath_K3,economic_windows,Продовольствие
economic_windows,test,3,6,28,1142.5650118030192,0.05783225462828223,0.26571794680144134,0.0964832038517233,1.0,NatPath_K3,economic_windows,Продовольствие
economic_windows,test,6,6,28,1204.282832433694,-0.37409476569147704,-0.014788845952367735,0.10169492748029536,1.0,NatPath_K3,economic_windows,Продовольствие
economic_windows,test,12,6,28,758.0526529947916,0.4004323142700247,-0.22807603653511688,0.06401329280494854,1.0,NatPath_K3,economic_windows,Продовольствие
economic_windows,test,1,6,28,110.93189929780506,0.8719715334601865,0.13738452201796703,0.09167609872756866,1.0,NatPath_K3,economic_windows,Транспорт
economic_windows,test,3,6,28,153.81647266137597,0.7427535410545887,0.0800835466649612,0.1271166744903076,1.0,NatPath_K3,economic_windows,Транспорт
economic_windows,test,6,6,28,131.2714912382258,0.8043040911373593,0.24102768096087746,0.10848510002126026,1.0,NatPath_K3,economic_windows,Транспорт
economic_windows,test,12,6,28,123.87776547386532,0.8305701618259083,-0.0994297214422295,0.10237479327064385,1.0,NatPath_K3,economic_windows,Транспорт
financial_only,test,1,6,28,1371.3232951931861,0.8078491853749032,0.35700782117276153,0.05561210322158689,1.0,NatPath_K3,financial_only,Все категории
financial_only,test,3,6,28,1877.9927569665867,0.635925829199897,0.24370426494610353,0.07615937643289683,1.0,NatPath_K3,financial_only,Все категории
financial_only,test,6,6,28,2756.863502551552,0.11591401983779392,-0.6203611423324562,0.11180075348324345,1.0,NatPath_K3,financial_only,Все категории
financial_only,test,12,6,28,1392.0157877604167,0.7924001484023004,-0.4896428933227883,0.05645125839133746,1.0,NatPath_K3,financial_only,Все категории
financial_only,test,1,6,28,130.78324488841156,0.5314816435701258,-0.827455507810259,0.12445528622794089,1.0,NatPath_K3,financial_only,Здоровье
financial_only,test,3,6,28,209.2680501443306,-0.27482419604291497,-0.9755318618437565,0.19914259736633516,1.0,NatPath_K3,financial_only,Здоровье
financial_only,test,6,6,28,301.96223831588304,-1.6406463675055218,-3.185238705328585,0.2873517691941201,1.0,NatPath_K3,financial_only,Здоровье
financial_only,test,12,6,28,119.4293950398763,0.5565092137284748,-0.20522250593391478,0.113650793390237,1.0,NatPath_K3,financial_only,Здоровье
financial_only,test,1,6,28,423.5706702443953,0.6894030472989646,-0.10732896123313851,0.08447488909512038,1.0,NatPath_K3,financial_only,Маркетплейсы
financial_only,test,3,6,28,626.2326593010692,0.3542260488142045,-0.27751814114049855,0.12489281755905553,1.0,NatPath_K3,financial_only,Маркетплейсы
financial_only,test,6,6,28,797.4512499147595,-0.04246441609018414,-0.686497114387856,0.15903982647440118,1.0,NatPath_K3,financial_only,Маркетплейсы
financial_only,test,12,6,28,1769.7820754278273,-2.6234806848220247,-14.090778907554794,0.35295679103096705,1.0,NatPath_K3,financial_only,Маркетплейсы
financial_only,test,1,6,28,84.05416811596821,0.9204147973674539,-0.8739811383728318,0.20365600743434564,1.0,NatPath_K3,financial_only,Общественное питание
financial_only,test,3,6,28,110.34962870681883,0.8463342141156348,-0.18439146077763957,0.26736764289055875,1.0,NatPath_K3,financial_only,Общественное питание
financial_only,test,6,6,28,109.98928163575268,0.8119963305707756,-0.13150652177935052,0.2664945529840268,1.0,NatPath_K3,financial_only,Общественное питание
financial_only,test,12,6,28,84.2740825471424,0.8854090538441035,-0.10366081231804447,0.20418884115376737,1.0,NatPath_K3,financial_only,Общественное питание
financial_only,test,1,6,28,726.0955396283106,0.6023367055511066,0.4883029373832435,0.06131469390545555,1.0,NatPath_K3,financial_only,Продовольствие
financial_only,test,3,6,28,1097.2328311114288,0.1281212845078803,0.32049797236574606,0.09265515556954475,1.0,NatPath_K3,financial_only,Продовольствие
financial_only,test,6,6,28,1156.3327125519263,-0.3231398385838582,0.02284210423112021,0.09764580892382342,1.0,NatPath_K3,financial_only,Продовольствие
financial_only,test,12,6,28,758.0526529947916,0.4004323142700247,-0.22807603653511688,0.06401329280494854,1.0,NatPath_K3,financial_only,Продовольствие
financial_only,test,1,6,28,110.12700831349026,0.8737297989213868,0.149231160833726,0.09101092247249634,1.0,NatPath_K3,financial_only,Транспорт
financial_only,test,3,6,28,146.36562230329673,0.7654983994534115,0.1614194358182215,0.12095915895730593,1.0,NatPath_K3,financial_only,Транспорт
financial_only,test,6,6,28,188.57434724122615,0.6399631756731923,-0.3963397859819273,0.15584120153539574,1.0,NatPath_K3,financial_only,Транспорт
financial_only,test,12,6,28,123.87776547386532,0.8305701618259083,-0.0994297214422295,0.10237479327064385,1.0,NatPath_K3,financial_only,Транспорт
selected_decay,test,1,6,28,1474.1309284482882,0.7803362731262188,0.2649416624776756,0.05978132337017654,1.0,NatPath_K3,selected_decay,Все категории
selected_decay,test,3,6,28,1880.503933408473,0.6301235051894214,0.23165102619840627,0.07626121369037164,1.0,NatPath_K3,selected_decay,Все категории
selected_decay,test,6,6,28,2681.018510817782,0.15339162674565732,-0.5516718300893522,0.1087249656482934,1.0,NatPath_K3,selected_decay,Все категории
selected_decay,test,12,6,28,1392.0157877604167,0.7924001484023004,-0.4896428933227883,0.05645125839133746,1.0,NatPath_K3,selected_decay,Все категории
selected_decay,test,1,6,28,130.47177467711364,0.5339214998736422,-0.8179388500764995,0.1241588865298631,1.0,NatPath_K3,selected_decay,Здоровье
selected_decay,test,3,6,28,211.74679348719786,-0.29965460470877403,-1.0140103152762125,0.20150140649731643,1.0,NatPath_K3,selected_decay,Здоровье
selected_decay,test,6,6,28,319.07359952933814,-1.8321152832931884,-3.4887034657307234,0.30363519570939945,1.0,NatPath_K3,selected_decay,Здоровье
selected_decay,test,12,6,28,119.4293950398763,0.5565092137284748,-0.20522250593391478,0.113650793390237,1.0,NatPath_K3,selected_decay,Здоровье
selected_decay,test,1,6,28,422.4800630324457,0.6906477076364543,-0.10289154345870455,0.08425738365919719,1.0,NatPath_K3,selected_decay,Маркетплейсы
selected_decay,test,3,6,28,590.412915342901,0.4245964639877009,-0.1383061431671313,0.11774910079383195,1.0,NatPath_K3,selected_decay,Маркетплейсы
selected_decay,test,6,6,28,786.1740635529326,-0.012562130394700777,-0.6381212487365617,0.1567907588827507,1.0,NatPath_K3,selected_decay,Маркетплейсы
selected_decay,test,12,6,28,1769.7820754278273,-2.6234806848220247,-14.090778907554794,0.35295679103096705,1.0,NatPath_K3,selected_decay,Маркетплейсы
selected_decay,test,1,6,28,84.58612363493765,0.9190332630610538,-0.9065119248327507,0.20494488982476458,1.0,NatPath_K3,selected_decay,Общественное питание
selected_decay,test,3,6,28,112.59145653220908,0.8385920369249168,-0.24406491703688848,0.27279939856083424,1.0,NatPath_K3,selected_decay,Общественное питание
selected_decay,test,6,6,28,105.09781623786259,0.8466352116529159,0.07696877006241931,0.2546429537621638,1.0,NatPath_K3,selected_decay,Общественное питание
selected_decay,test,12,6,28,84.2740825471424,0.8854090538441035,-0.10366081231804447,0.20418884115376737,1.0,NatPath_K3,selected_decay,Общественное питание
selected_decay,test,1,6,28,717.9118644399829,0.5950868168432062,0.4789740734727028,0.060623628457717293,1.0,NatPath_K3,selected_decay,Продовольствие
selected_decay,test,3,6,28,1158.3314065713964,0.0714814471908739,0.27635549748028376,0.09781458741828604,1.0,NatPath_K3,selected_decay,Продовольствие
selected_decay,test,6,6,28,1224.625481318968,-0.3880725626495152,-0.02511165104424662,0.10341275002781468,1.0,NatPath_K3,selected_decay,Продовольствие
selected_decay,test,12,6,28,758.0526529947916,0.4004323142700247,-0.22807603653511688,0.06401329280494854,1.0,NatPath_K3,selected_decay,Продовольствие
selected_decay,test,1,6,28,105.79256611858133,0.8815508586939826,0.20192699791122248,0.0874288621895235,1.0,NatPath_K3,selected_decay,Транспорт
selected_decay,test,3,6,28,150.08325978071466,0.7559346672168592,0.12721941349036503,0.1240314808283858,1.0,NatPath_K3,selected_decay,Транспорт
selected_decay,test,6,6,28,166.88659731864695,0.7062180098134624,-0.13938201201901435,0.1379180584569239,1.0,NatPath_K3,selected_decay,Транспорт
selected_decay,test,12,6,28,123.87776547386532,0.8305701618259083,-0.0994297214422295,0.10237479327064385,1.0,NatPath_K3,selected_decay,Транспорт
selected_news,test,1,6,28,1474.1309284482882,0.7803362731262188,0.2649416624776756,0.05978132337017654,1.0,NatPath_K3,selected_news,Все категории
selected_news,test,3,6,28,1880.503933408473,0.6301235051894214,0.23165102619840627,0.07626121369037164,1.0,NatPath_K3,selected_news,Все категории
selected_news,test,6,6,28,2831.3981734394247,0.06836091277257617,-0.7075169265148007,0.11482340308420386,1.0,NatPath_K3,selected_news,Все категории
selected_news,test,12,6,28,1392.0157877604167,0.7924001484023004,-0.4896428933227883,0.05645125839133746,1.0,NatPath_K3,selected_news,Все категории
selected_news,test,1,6,28,130.47177467711364,0.5339214998736422,-0.8179388500764995,0.1241588865298631,1.0,NatPath_K3,selected_news,Здоровье
selected_news,test,3,6,28,211.74679348719786,-0.29965460470877403,-1.0140103152762125,0.20150140649731643,1.0,NatPath_K3,selected_news,Здоровье
selected_news,test,6,6,28,319.13265564686344,-1.8447999723866566,-3.5088078054909895,0.3036913943915502,1.0,NatPath_K3,selected_news,Здоровье
selected_news,test,12,6,28,119.4293950398763,0.5565092137284748,-0.20522250593391478,0.113650793390237,1.0,NatPath_K3,selected_news,Здоровье
selected_news,test,1,6,28,422.4800630324457,0.6906477076364543,-0.10289154345870455,0.08425738365919719,1.0,NatPath_K3,selected_news,Маркетплейсы
selected_news,test,3,6,28,590.412915342901,0.4245964639877009,-0.1383061431671313,0.11774910079383195,1.0,NatPath_K3,selected_news,Маркетплейсы
selected_news,test,6,6,28,791.7575354327158,-0.00399212698118756,-0.624256712159484,0.15790429955245355,1.0,NatPath_K3,selected_news,Маркетплейсы
selected_news,test,12,6,28,1769.7820754278273,-2.6234806848220247,-14.090778907554794,0.35295679103096705,1.0,NatPath_K3,selected_news,Маркетплейсы
selected_news,test,1,6,28,84.58612363493765,0.9190332630610538,-0.9065119248327507,0.20494488982476458,1.0,NatPath_K3,selected_news,Общественное питание
selected_news,test,3,6,28,112.59145653220908,0.8385920369249168,-0.24406491703688848,0.27279939856083424,1.0,NatPath_K3,selected_news,Общественное питание
selected_news,test,6,6,28,107.2390594001248,0.8313543440214681,-0.014999655000365486,0.2598310014598195,1.0,NatPath_K3,selected_news,Общественное питание
selected_news,test,12,6,28,84.2740825471424,0.8854090538441035,-0.10366081231804447,0.20418884115376737,1.0,NatPath_K3,selected_news,Общественное питание
selected_news,test,1,6,28,717.9118644399829,0.5950868168432062,0.4789740734727028,0.060623628457717293,1.0,NatPath_K3,selected_news,Продовольствие
selected_news,test,3,6,28,1158.3314065713964,0.0714814471908739,0.27635549748028376,0.09781458741828604,1.0,NatPath_K3,selected_news,Продовольствие
selected_news,test,6,6,28,1204.282832433694,-0.37409476569147704,-0.014788845952367735,0.10169492748029536,1.0,NatPath_K3,selected_news,Продовольствие
selected_news,test,12,6,28,758.0526529947916,0.4004323142700247,-0.22807603653511688,0.06401329280494854,1.0,NatPath_K3,selected_news,Продовольствие
selected_news,test,1,6,28,105.79256611858133,0.8815508586939826,0.20192699791122248,0.0874288621895235,1.0,NatPath_K3,selected_news,Транспорт
selected_news,test,3,6,28,150.08325978071466,0.7559346672168592,0.12721941349036503,0.1240314808283858,1.0,NatPath_K3,selected_news,Транспорт
selected_news,test,6,6,28,131.2714912382258,0.8043040911373593,0.24102768096087746,0.10848510002126026,1.0,NatPath_K3,selected_news,Транспорт
selected_news,test,12,6,28,123.87776547386532,0.8305701618259083,-0.0994297214422295,0.10237479327064385,1.0,NatPath_K3,selected_news,Транспорт
original,test,1,6,28,1062.6192103794642,0.880113117376476,0.5988238300144224,0.043093039708436476,1.0,NatPath_K1,original,Все категории
original,test,3,6,28,1917.579078311012,0.636724964867897,0.24536431925896396,0.07776474447155395,1.0,NatPath_K1,original,Все категории
original,test,6,6,28,2405.6414504278273,0.44248361479623555,-0.021821301398861515,0.09755743311898862,1.0,NatPath_K1,original,Все категории
original,test,12,6,28,1440.267566499256,0.7926382992511983,-0.4879340302534305,0.05840804196619205,1.0,NatPath_K1,original,Все категории
original,test,1,6,28,110.78770156133743,0.5987635828286628,-0.5650223527657305,0.10542722900105747,1.0,NatPath_K1,original,Здоровье
original,test,3,6,28,192.92369515555245,-0.07828174597108561,-0.6709597698431868,0.18358906541294884,1.0,NatPath_K1,original,Здоровье
original,test,6,6,28,258.82081131708054,-0.6981784957370931,-1.691493437506146,0.24629774388683448,1.0,NatPath_K1,original,Здоровье
original,test,12,6,28,119.11326199486142,0.5412743484846452,-0.246624499019499,0.11334995647005652,1.0,NatPath_K1,original,Здоровье
original,test,1,6,28,357.1826825823103,0.7667579083771132,0.16845377655324678,0.07123478941643621,1.0,NatPath_K1,original,Маркетплейсы
original,test,3,6,28,577.694825671968,0.4336048121102253,-0.1204851577788204,0.11521266640418461,1.0,NatPath_K1,original,Маркетплейсы
original,test,6,6,28,638.43115960984,0.29346751036318686,-0.14302702960622726,0.12732562755535587,1.0,NatPath_K1,original,Маркетплейсы
original,test,12,6,28,1511.0349854968842,-1.7834350196589561,-10.592224752615694,0.3013535208777481,1.0,NatPath_K1,original,Маркетплейсы
original,test,1,6,28,62.2095517658052,0.9488232380694186,-0.2050517358573225,0.15072838409898287,1.0,NatPath_K1,original,Общественное питание
original,test,3,6,28,114.51109236762638,0.8466578871425023,-0.18189672477053342,0.27745051079871397,1.0,NatPath_K1,original,Общественное питание
original,test,6,6,28,111.88801470256988,0.8125703383700074,-0.1280518361854206,0.27109501961452215,1.0,NatPath_K1,original,Общественное питание
original,test,12,6,28,68.25932143983387,0.9121852050787629,0.15422857435471227,0.16538645478514075,1.0,NatPath_K1,original,Общественное питание
original,test,1,6,28,517.2460210890997,0.785325788375553,0.72376589682477,0.04367852400405572,1.0,NatPath_K1,original,Продовольствие
original,test,3,6,28,992.4600655691964,0.2778455387608618,0.4371861453228104,0.08380768344192563,1.0,NatPath_K1,original,Продовольствие
original,test,6,6,28,1427.582728794643,-0.45086705608499256,-0.07148629209273705,0.12055135070181831,1.0,NatPath_K1,original,Продовольствие
original,test,12,6,28,694.1973876953125,0.4750109247616644,-0.0753189641265859,0.05862107396816371,1.0,NatPath_K1,original,Продовольствие
original,test,1,6,28,103.07572537376767,0.8755967098626372,0.1618098186702296,0.08518361657554575,1.0,NatPath_K1,original,Транспорт
original,test,3,6,28,151.2891108194987,0.7628034709224729,0.15178233874666014,0.1250280176188137,1.0,NatPath_K1,original,Транспорт
original,test,6,6,28,161.35494922456286,0.709067125499292,-0.12833221566991115,0.13334660588097894,1.0,NatPath_K1,original,Транспорт
original,test,12,6,28,113.35949380057198,0.8427468085054368,-0.02041549696295708,0.09368230609186073,1.0,NatPath_K1,original,Транспорт
coverage_all,test,1,6,28,1093.4019290092533,0.8723354619326377,0.5727975462864114,0.04434138992014912,1.0,NatPath_K1,coverage_all,Все категории
coverage_all,test,3,6,28,1950.2607202256927,0.6280023232067998,0.22724466888059836,0.0790901028680611,1.0,NatPath_K1,coverage_all,Все категории
coverage_all,test,6,6,28,2977.847370364494,0.012271689015563414,-0.8103177860678263,0.12076244596684381,1.0,NatPath_K1,coverage_all,Все категории
coverage_all,test,12,6,28,1440.267566499256,0.7926382992511983,-0.4879340302534305,0.05840804196619205,1.0,NatPath_K1,coverage_all,Все категории
coverage_all,test,1,6,28,105.88503671138157,0.6348367937611032,-0.424318819813001,0.10076178001558894,1.0,NatPath_K1,coverage_all,Здоровье
coverage_all,test,3,6,28,192.51262895303705,-0.09618715610597373,-0.6987068963337646,0.183197888684337,1.0,NatPath_K1,coverage_all,Здоровье
coverage_all,test,6,6,28,352.32113621701944,-2.377954767181836,-4.353820644228715,0.33527404744740213,1.0,NatPath_K1,coverage_all,Здоровье
coverage_all,test,12,6,28,119.11326199486142,0.5412743484846452,-0.246624499019499,0.11334995647005652,1.0,NatPath_K1,coverage_all,Здоровье
coverage_all,test,1,6,28,351.8353784124809,0.7735216179048953,0.19256750780640164,0.07016834889437747,1.0,NatPath_K1,coverage_all,Маркетплейсы
coverage_all,test,3,6,28,591.0582146343381,0.4072059275062039,-0.17270939804986996,0.11787779616843345,1.0,NatPath_K1,coverage_all,Маркетплейсы
coverage_all,test,6,6,28,910.6023412300822,-0.3381987039703025,-1.1649355295866917,0.18160613373155526,1.0,NatPath_K1,coverage_all,Маркетплейсы
coverage_all,test,12,6,28,1511.0349854968842,-1.7834350196589561,-10.592224752615694,0.3013535208777481,1.0,NatPath_K1,coverage_all,Маркетплейсы
coverage_all,test,1,6,28,62.600225276390034,0.9485218531249253,-0.21214840311062644,0.15167495235561346,1.0,NatPath_K1,coverage_all,Общественное питание
coverage_all,test,3,6,28,114.40462636300381,0.84635768552696,-0.18421055297837885,0.2771925528423756,1.0,NatPath_K1,coverage_all,Общественное питание
coverage_all,test,6,6,28,104.51262117984714,0.8453417615448727,0.06918409629892108,0.2532250765556307,1.0,NatPath_K1,coverage_all,Общественное питание
coverage_all,test,12,6,28,68.25932143983387,0.9121852050787629,0.15422857435471227,0.16538645478514075,1.0,NatPath_K1,coverage_all,Общественное питание
coverage_all,test,1,6,28,543.2155089955738,0.7638785728207184,0.6961684862668598,0.04587150153244268,1.0,NatPath_K1,coverage_all,Продовольствие
coverage_all,test,3,6,28,1002.500595731316,0.24938821693976077,0.41500782219725474,0.08465554987263528,1.0,NatPath_K1,coverage_all,Продовольствие
coverage_all,test,6,6,28,1426.7150087145758,-0.7571715264626537,-0.29769657086356016,0.12047807661018547,1.0,NatPath_K1,coverage_all,Продовольствие
coverage_all,test,12,6,28,694.1973876953125,0.4750109247616644,-0.0753189641265859,0.05862107396816371,1.0,NatPath_K1,coverage_all,Продовольствие
coverage_all,test,1,6,28,104.51278473677188,0.8729734929907607,0.14413540971305683,0.08637122804595314,1.0,NatPath_K1,coverage_all,Транспорт
coverage_all,test,3,6,28,152.17194259093918,0.7598668274346931,0.1412808660614283,0.12575760552951137,1.0,NatPath_K1,coverage_all,Транспорт
coverage_all,test,6,6,28,148.27579325034554,0.723766571541286,-0.07132298785353752,0.1225377582730723,1.0,NatPath_K1,coverage_all,Транспорт
coverage_all,test,12,6,28,113.35949380057198,0.8427468085054368,-0.02041549696295708,0.09368230609186073,1.0,NatPath_K1,coverage_all,Транспорт
economic_windows,test,1,6,28,1068.435192937804,0.8783769691776394,0.5930141761999692,0.0433288987677138,1.0,NatPath_K1,economic_windows,Все категории
economic_windows,test,3,6,28,1890.8849671141163,0.6477223141820061,0.26820924771098875,0.07668220203061835,1.0,NatPath_K1,economic_windows,Все категории
economic_windows,test,6,6,28,3037.2517815355627,-0.05858459798631155,-0.9401838587395468,0.12317150899191089,1.0,NatPath_K1,economic_windows,Все категории
economic_windows,test,12,6,28,1440.267566499256,0.7926382992511983,-0.4879340302534305,0.05840804196619205,1.0,NatPath_K1,economic_windows,Все категории
economic_windows,test,1,6,28,108.35770626036053,0.6162842474674084,-0.4966830131109259,0.10311480923372664,1.0,NatPath_K1,economic_windows,Здоровье
economic_windows,test,3,6,28,200.96304486710704,-0.1954000964918301,-0.8524522719297472,0.19123943049061404,1.0,NatPath_K1,economic_windows,Здоровье
economic_windows,test,6,6,28,353.918129274692,-2.4844811960905053,-4.522657539200818,0.3367937698573045,1.0,NatPath_K1,economic_windows,Здоровье
economic_windows,test,12,6,28,119.11326199486142,0.5412743484846452,-0.246624499019499,0.11334995647005652,1.0,NatPath_K1,economic_windows,Здоровье
economic_windows,test,1,6,28,352.39732003883245,0.7720968318139552,0.18748791224585326,0.07028041981877972,1.0,NatPath_K1,economic_windows,Маркетплейсы
economic_windows,test,3,6,28,624.5364406800572,0.35407512134438346,-0.2778167171055692,0.12455453190814304,1.0,NatPath_K1,economic_windows,Маркетплейсы
economic_windows,test,6,6,28,865.3437828573776,-0.22217086247868734,-0.9772258899635275,0.17257998539854322,1.0,NatPath_K1,economic_windows,Маркетплейсы
economic_windows,test,12,6,28,1511.0349854968842,-1.7834350196589561,-10.592224752615694,0.3013535208777481,1.0,NatPath_K1,economic_windows,Маркетплейсы
economic_windows,test,1,6,28,62.36442537785214,0.9488713519004403,-0.20391880650805883,0.1511036295174242,1.0,NatPath_K1,economic_windows,Общественное питание
economic_windows,test,3,6,28,114.47131582674365,0.8445623321049547,-0.19804838454162033,0.27735413566720896,1.0,NatPath_K1,economic_windows,Общественное питание
economic_windows,test,6,6,28,103.80613643368848,0.8477229806343551,0.08351554492284907,0.2515133248847625,1.0,NatPath_K1,economic_windows,Общественное питание
economic_windows,test,12,6,28,68.25932143983387,0.9121852050787629,0.15422857435471227,0.16538645478514075,1.0,NatPath_K1,economic_windows,Общественное питание
economic_windows,test,1,6,28,565.4150163262798,0.7505818763697234,0.6790588344295936,0.047746125356093946,1.0,NatPath_K1,economic_windows,Продовольствие
economic_windows,test,3,6,28,1012.5976208480273,0.2103898333192492,0.3846142820479935,0.08550818698524415,1.0,NatPath_K1,economic_windows,Продовольствие
economic_windows,test,6,6,28,1386.208764677997,-0.8229543941418171,-0.34627816948567736,0.11705755159823746,1.0,NatPath_K1,economic_windows,Продовольствие
economic_windows,test,12,6,28,694.1973876953125,0.4750109247616644,-0.0753189641265859,0.05862107396816371,1.0,NatPath_K1,economic_windows,Продовольствие
economic_windows,test,1,6,28,104.94538840937548,0.8723120007036399,0.1396784830555885,0.08672873943132163,1.0,NatPath_K1,economic_windows,Транспорт
economic_windows,test,3,6,28,155.63643729085123,0.7447309915987794,0.08715493376476757,0.128620725697477,1.0,NatPath_K1,economic_windows,Транспорт
economic_windows,test,6,6,28,124.34258857567238,0.8214496426604467,0.3075237006084637,0.10275893136655546,1.0,NatPath_K1,economic_windows,Транспорт
economic_windows,test,12,6,28,113.35949380057198,0.8427468085054368,-0.02041549696295708,0.09368230609186073,1.0,NatPath_K1,economic_windows,Транспорт
financial_only,test,1,6,28,1068.1944525039858,0.8786570327943202,0.5939513500311143,0.043319135875256536,1.0,NatPath_K1,financial_only,Все категории
financial_only,test,3,6,28,1923.161379889257,0.6354445479064627,0.2427044934193684,0.07799112692467172,1.0,NatPath_K1,financial_only,Все категории
financial_only,test,6,6,28,2704.1785047368776,0.16634746448636584,-0.527926248197468,0.10966418689317031,1.0,NatPath_K1,financial_only,Все категории
financial_only,test,12,6,28,1440.267566499256,0.7926382992511983,-0.4879340302534305,0.05840804196619205,1.0,NatPath_K1,financial_only,Все категории
financial_only,test,1,6,28,108.80245584855922,0.6137110913005456,-0.5067196068645226,0.10353803957448057,1.0,NatPath_K1,financial_only,Здоровье
financial_only,test,3,6,28,193.677797914161,-0.10528581910629531,-0.712806643352301,0.18430668084409968,1.0,NatPath_K1,financial_only,Здоровье
financial_only,test,6,6,28,342.2293173153921,-2.2702805489578135,-4.1831645839464455,0.32567052207965175,1.0,NatPath_K1,financial_only,Здоровье
financial_only,test,12,6,28,119.11326199486142,0.5412743484846452,-0.246624499019499,0.11334995647005652,1.0,NatPath_K1,financial_only,Здоровье
financial_only,test,1,6,28,355.2866609830096,0.769458270908942,0.1780810108558355,0.0708566560243615,1.0,NatPath_K1,financial_only,Маркетплейсы
financial_only,test,3,6,28,597.3572271106079,0.3969533996315969,-0.19299171251657832,0.11913404079942891,1.0,NatPath_K1,financial_only,Маркетплейсы
financial_only,test,6,6,28,898.2519729382425,-0.3130556981062331,-1.124259218546909,0.17914303591806627,1.0,NatPath_K1,financial_only,Маркетплейсы
financial_only,test,12,6,28,1511.0349854968842,-1.7834350196589561,-10.592224752615694,0.3013535208777481,1.0,NatPath_K1,financial_only,Маркетплейсы
financial_only,test,1,6,28,62.22849695874356,0.9489674206970445,-0.20165668859081376,0.15077428666919898,1.0,NatPath_K1,financial_only,Общественное питание
financial_only,test,3,6,28,113.69215840484992,0.8482410352144012,-0.16969448308926172,0.2754663043643426,1.0,NatPath_K1,financial_only,Общественное питание
financial_only,test,6,6,28,106.5561929574398,0.8285476720992205,-0.03189170606596248,0.25817647490337026,1.0,NatPath_K1,financial_only,Общественное питание
financial_only,test,12,6,28,68.25932143983387,0.9121852050787629,0.15422857435471227,0.16538645478514075,1.0,NatPath_K1,financial_only,Общественное питание
financial_only,test,1,6,28,523.5923079102637,0.7803603900815277,0.7173766228906591,0.0442144323145173,1.0,NatPath_K1,financial_only,Продовольствие
financial_only,test,3,6,28,984.3509782953988,0.2725229067456446,0.43303793160635373,0.08312291652502646,1.0,NatPath_K1,financial_only,Продовольствие
financial_only,test,6,6,28,1175.8977548968505,-0.26691415490603787,0.06436558432645823,0.09929796696247548,1.0,NatPath_K1,financial_only,Продовольствие
financial_only,test,12,6,28,694.1973876953125,0.4750109247616644,-0.0753189641265859,0.05862107396816371,1.0,NatPath_K1,financial_only,Продовольствие
financial_only,test,1,6,28,103.25484962665632,0.8754795867741813,0.16102068019453186,0.08533164805067842,1.0,NatPath_K1,financial_only,Транспорт
financial_only,test,3,6,28,150.71326947720212,0.7644260900206761,0.15758484429737607,0.12455213207027482,1.0,NatPath_K1,financial_only,Транспорт
financial_only,test,6,6,28,150.73652620799945,0.7468602951846353,0.018241975924749743,0.12457135184711224,1.0,NatPath_K1,financial_only,Транспорт
financial_only,test,12,6,28,113.35949380057198,0.8427468085054368,-0.02041549696295708,0.09368230609186073,1.0,NatPath_K1,financial_only,Транспорт
selected_decay,test,1,6,28,1103.067837274408,0.8704505056466569,0.5664899375901822,0.044733377345766684,1.0,NatPath_K1,selected_decay,Все категории
selected_decay,test,3,6,28,1948.4461694418237,0.6287619629166987,0.22882267775585474,0.07901651629234475,1.0,NatPath_K1,selected_decay,Все категории
selected_decay,test,6,6,28,2813.665682083375,0.11534404428296974,-0.6214057989177206,0.11410428663433009,1.0,NatPath_K1,selected_decay,Все категории
selected_decay,test,12,6,28,1440.267566499256,0.7926382992511983,-0.4879340302534305,0.05840804196619205,1.0,NatPath_K1,selected_decay,Все категории
selected_decay,test,1,6,28,108.94022325603763,0.6130180061259247,-0.5094229850830283,0.10366914109398513,1.0,NatPath_K1,selected_decay,Здоровье
selected_decay,test,3,6,28,195.58328524472677,-0.12856064862457206,-0.7488744928919164,0.1861199710047133,1.0,NatPath_K1,selected_decay,Здоровье
selected_decay,test,6,6,28,354.0675898602716,-2.4611309505830725,-4.485649042917784,0.33693599877947245,1.0,NatPath_K1,selected_decay,Здоровье
selected_decay,test,12,6,28,119.11326199486142,0.5412743484846452,-0.246624499019499,0.11334995647005652,1.0,NatPath_K1,selected_decay,Здоровье
selected_decay,test,1,6,28,353.26808794461414,0.7712983127452258,0.18464106109933787,0.07045408156506178,1.0,NatPath_K1,selected_decay,Маркетплейсы
selected_decay,test,3,6,28,595.9201890582228,0.39923856744601494,-0.18847102329845655,0.11884744486956753,1.0,NatPath_K1,selected_decay,Маркетплейсы
selected_decay,test,6,6,28,916.4048753154136,-0.3474543760146338,-1.179909339678963,0.18276336310970417,1.0,NatPath_K1,selected_decay,Маркетплейсы
selected_decay,test,12,6,28,1511.0349854968842,-1.7834350196589561,-10.592224752615694,0.3013535208777481,1.0,NatPath_K1,selected_decay,Маркетплейсы
selected_decay,test,1,6,28,62.43963110158358,0.948581646454858,-0.2107404583069712,0.1512858465064761,1.0,NatPath_K1,selected_decay,Общественное питание
selected_decay,test,3,6,28,114.4203030282141,0.8458159959177389,-0.18838566940954204,0.27723053605151526,1.0,NatPath_K1,selected_decay,Общественное питание
selected_decay,test,6,6,28,101.23516096998802,0.8619396647366276,0.16907914497722965,0.2452840728454525,1.0,NatPath_K1,selected_decay,Общественное питание
selected_decay,test,12,6,28,68.25932143983387,0.9121852050787629,0.15422857435471227,0.16538645478514075,1.0,NatPath_K1,selected_decay,Общественное питание
selected_decay,test,1,6,28,519.4578313385084,0.781713590579991,0.7191178666259019,0.043865298968255154,1.0,NatPath_K1,selected_decay,Продовольствие
selected_decay,test,3,6,28,1004.7847211355388,0.24252252435703836,0.40965701829737966,0.08484843144586915,1.0,NatPath_K1,selected_decay,Продовольствие
selected_decay,test,6,6,28,1333.7638844920464,-0.6814823049991536,-0.24179898678294065,0.11262887575599782,1.0,NatPath_K1,selected_decay,Продовольствие
selected_decay,test,12,6,28,694.1973876953125,0.4750109247616644,-0.0753189641265859,0.05862107396816371,1.0,NatPath_K1,selected_decay,Продовольствие
selected_decay,test,1,6,28,102.65866629915647,0.876501388145438,0.1679052559618689,0.08483895152301074,1.0,NatPath_K1,selected_decay,Транспорт
selected_decay,test,3,6,28,151.7460517193835,0.7616573541803032,0.14768381139321496,0.12540564172257168,1.0,NatPath_K1,selected_decay,Транспорт
selected_decay,test,6,6,28,137.0619942188617,0.7877842081771073,0.17695820728885536,0.11327047488904242,1.0,NatPath_K1,selected_decay,Транспорт
selected_decay,test,12,6,28,113.35949380057198,0.8427468085054368,-0.02041549696295708,0.09368230609186073,1.0,NatPath_K1,selected_decay,Транспорт
selected_news,test,1,6,28,1103.067837274408,0.8704505056466569,0.5664899375901822,0.044733377345766684,1.0,NatPath_K1,selected_news,Все категории
selected_news,test,3,6,28,1890.8849671141163,0.6477223141820061,0.26820924771098875,0.07668220203061835,1.0,NatPath_K1,selected_news,Все категории
selected_news,test,6,6,28,3037.2517815355627,-0.05858459798631155,-0.9401838587395468,0.12317150899191089,1.0,NatPath_K1,selected_news,Все категории
selected_news,test,12,6,28,1440.267566499256,0.7926382992511983,-0.4879340302534305,0.05840804196619205,1.0,NatPath_K1,selected_news,Все категории
selected_news,test,1,6,28,108.94022325603763,0.6130180061259247,-0.5094229850830283,0.10366914109398513,1.0,NatPath_K1,selected_news,Здоровье
selected_news,test,3,6,28,200.96304486710704,-0.1954000964918301,-0.8524522719297472,0.19123943049061404,1.0,NatPath_K1,selected_news,Здоровье
selected_news,test,6,6,28,353.918129274692,-2.4844811960905053,-4.522657539200818,0.3367937698573045,1.0,NatPath_K1,selected_news,Здоровье
selected_news,test,12,6,28,119.11326199486142,0.5412743484846452,-0.246624499019499,0.11334995647005652,1.0,NatPath_K1,selected_news,Здоровье
selected_news,test,1,6,28,353.26808794461414,0.7712983127452258,0.18464106109933787,0.07045408156506178,1.0,NatPath_K1,selected_news,Маркетплейсы
selected_news,test,3,6,28,624.5364406800572,0.35407512134438346,-0.2778167171055692,0.12455453190814304,1.0,NatPath_K1,selected_news,Маркетплейсы
selected_news,test,6,6,28,865.3437828573776,-0.22217086247868734,-0.9772258899635275,0.17257998539854322,1.0,NatPath_K1,selected_news,Маркетплейсы
selected_news,test,12,6,28,1511.0349854968842,-1.7834350196589561,-10.592224752615694,0.3013535208777481,1.0,NatPath_K1,selected_news,Маркетплейсы
selected_news,test,1,6,28,62.43963110158358,0.948581646454858,-0.2107404583069712,0.1512858465064761,1.0,NatPath_K1,selected_news,Общественное питание
selected_news,test,3,6,28,114.47131582674365,0.8445623321049547,-0.19804838454162033,0.27735413566720896,1.0,NatPath_K1,selected_news,Общественное питание
selected_news,test,6,6,28,103.80613643368848,0.8477229806343551,0.08351554492284907,0.2515133248847625,1.0,NatPath_K1,selected_news,Общественное питание
selected_news,test,12,6,28,68.25932143983387,0.9121852050787629,0.15422857435471227,0.16538645478514075,1.0,NatPath_K1,selected_news,Общественное питание
selected_news,test,1,6,28,519.4578313385084,0.781713590579991,0.7191178666259019,0.043865298968255154,1.0,NatPath_K1,selected_news,Продовольствие
selected_news,test,3,6,28,1012.5976208480273,0.2103898333192492,0.3846142820479935,0.08550818698524415,1.0,NatPath_K1,selected_news,Продовольствие
selected_news,test,6,6,28,1386.208764677997,-0.8229543941418171,-0.34627816948567736,0.11705755159823746,1.0,NatPath_K1,selected_news,Продовольствие
selected_news,test,12,6,28,694.1973876953125,0.4750109247616644,-0.0753189641265859,0.05862107396816371,1.0,NatPath_K1,selected_news,Продовольствие
selected_news,test,1,6,28,102.65866629915647,0.876501388145438,0.1679052559618689,0.08483895152301074,1.0,NatPath_K1,selected_news,Транспорт
selected_news,test,3,6,28,155.63643729085123,0.7447309915987794,0.08715493376476757,0.128620725697477,1.0,NatPath_K1,selected_news,Транспорт
selected_news,test,6,6,28,124.34258857567238,0.8214496426604467,0.3075237006084637,0.10275893136655546,1.0,NatPath_K1,selected_news,Транспорт
selected_news,test,12,6,28,113.35949380057198,0.8427468085054368,-0.02041549696295708,0.09368230609186073,1.0,NatPath_K1,selected_news,Транспорт
original,test,1,6,28,1286.9684593563989,0.8272133346343552,0.42180586300133194,0.052191210530389255,1.0,StructHGB,original,Все категории
original,test,3,6,28,1862.8424711681548,0.6355785840512189,0.2429829283448658,0.07554497772719976,1.0,StructHGB,original,Все категории
original,test,6,6,28,2194.1576799665177,0.5156426042725057,0.11226518613700875,0.08898100383071646,1.0,StructHGB,original,Все категории
original,test,12,6,28,1320.326160249256,0.8139889512266011,-0.3347313822833329,0.053543985555644734,1.0,StructHGB,original,Все категории
original,test,1,6,28,131.70175170898438,0.5227645162348037,-0.8614566566288584,0.12532935101624187,1.0,StructHGB,original,Здоровье
original,test,3,6,28,208.70233408610025,-0.3136630390128239,-1.0357184915001163,0.19860425352870617,1.0,StructHGB,original,Здоровье
original,test,6,6,28,342.2029600597563,-1.581479531582071,-3.091463433173316,0.3256454401221186,1.0,StructHGB,original,Здоровье
original,test,12,6,28,126.27112978980655,0.5012089837644591,-0.35550540650165563,0.12016149021019078,1.0,StructHGB,original,Здоровье
original,test,1,6,28,419.12462942940846,0.6946068828999661,-0.08877643578054184,0.08358819218444503,1.0,StructHGB,original,Маркетплейсы
original,test,3,6,28,580.9038318452381,0.45104450223285275,-0.08598466350119471,0.11585265509942674,1.0,StructHGB,original,Маркетплейсы
original,test,6,6,28,531.7693205333892,0.5433179955716179,0.26118064964751864,0.10605350542880268,1.0,StructHGB,original,Маркетплейсы
original,test,12,6,28,1498.5176762172155,-1.809296208556833,-10.699929337761988,0.29885712915978696,1.0,StructHGB,original,Маркетплейсы
original,test,1,6,28,82.72872266315278,0.9228996987285129,-0.8154695290873504,0.2004445672994558,1.0,StructHGB,original,Общественное питание
original,test,3,6,28,108.93860303787957,0.8505427410104406,-0.15195389969028095,0.26394884926539225,1.0,StructHGB,original,Общественное питание
original,test,6,6,28,105.57253796713692,0.8478585634629707,0.08433155481928112,0.255793163611281,1.0,StructHGB,original,Общественное питание
original,test,12,6,28,72.57715583982922,0.9100784164777995,0.1339374423174714,0.17584819552181066,1.0,StructHGB,original,Общественное питание
original,test,1,6,28,694.0332786923364,0.6406136353295219,0.5375561443224124,0.05860721588374446,1.0,StructHGB,original,Продовольствие
original,test,3,6,28,1114.043677920387,0.13738263063977374,0.32771583806589943,0.0940747372500911,1.0,StructHGB,original,Продовольствие
original,test,6,6,28,1456.090587797619,-0.5489248644404827,-0.14390340091391174,0.12295867942547657,1.0,StructHGB,original,Продовольствие
original,test,12,6,28,735.3421282087054,0.42332726013753996,-0.18118102360020205,0.06209551642471632,1.0,StructHGB,original,Продовольствие
original,test,1,6,28,104.83109029134114,0.8841004101166133,0.21910507227633624,0.08663428142943382,1.0,StructHGB,original,Транспорт
original,test,3,6,28,139.77606564476378,0.7857947106940312,0.2339992906733549,0.11551343188851383,1.0,StructHGB,original,Транспорт
original,test,6,6,28,136.47965640113466,0.7870327455238788,0.1740437909584025,0.11278922053742062,1.0,StructHGB,original,Транспорт
original,test,12,6,28,98.62235986618768,0.8856080262575196,0.25771081893086767,0.0815032759474021,1.0,StructHGB,original,Транспорт
coverage_all,test,1,6,28,1293.3296632470228,0.8254258132146567,0.4158242995372645,0.05244918028020606,1.0,StructHGB,coverage_all,Все категории
coverage_all,test,3,6,28,1885.7074073405615,0.6399511596686778,0.25206613324077254,0.07647223331676936,1.0,StructHGB,coverage_all,Все категории
coverage_all,test,6,6,28,2194.1576799665177,0.5156426042725057,0.11226518613700875,0.08898100383071646,1.0,StructHGB,coverage_all,Все категории
coverage_all,test,12,6,28,1320.326160249256,0.8139889512266011,-0.3347313822833329,0.053543985555644734,1.0,StructHGB,coverage_all,Все категории
coverage_all,test,1,6,28,128.90233247041374,0.5420746865982058,-0.7861373511991783,0.12266538192061668,1.0,StructHGB,coverage_all,Здоровье
coverage_all,test,3,6,28,204.74773471112877,-0.29195230493032165,-1.0020744431229884,0.19484099778788974,1.0,StructHGB,coverage_all,Здоровье
coverage_all,test,6,6,28,342.2029600597563,-1.581479531582071,-3.091463433173316,0.3256454401221186,1.0,StructHGB,coverage_all,Здоровье
coverage_all,test,12,6,28,126.27112978980655,0.5012089837644591,-0.35550540650165563,0.12016149021019078,1.0,StructHGB,coverage_all,Здоровье
coverage_all,test,1,6,28,415.28510498756833,0.6997400771698243,-0.07047575823293761,0.08282245597042599,1.0,StructHGB,coverage_all,Маркетплейсы
coverage_all,test,3,6,28,592.9271238880906,0.4222786743906787,-0.14289136722596107,0.11825052240523472,1.0,StructHGB,coverage_all,Маркетплейсы
coverage_all,test,6,6,28,531.7693205333892,0.5433179955716179,0.26118064964751864,0.10605350542880268,1.0,StructHGB,coverage_all,Маркетплейсы
coverage_all,test,12,6,28,1498.5176762172155,-1.809296208556833,-10.699929337761988,0.29885712915978696,1.0,StructHGB,coverage_all,Маркетплейсы
coverage_all,test,1,6,28,82.16714311992821,0.9241845772472057,-0.7852146823384116,0.1990839084506034,1.0,StructHGB,coverage_all,Общественное питание
coverage_all,test,3,6,28,108.1194194184482,0.8542969790285868,-0.12301780682595798,0.26196403793445583,1.0,StructHGB,coverage_all,Общественное питание
coverage_all,test,6,6,28,105.57253796713692,0.8478585634629707,0.08433155481928112,0.255793163611281,1.0,StructHGB,coverage_all,Общественное питание
coverage_all,test,12,6,28,72.57715583982922,0.9100784164777995,0.1339374423174714,0.17584819552181066,1.0,StructHGB,coverage_all,Общественное питание
coverage_all,test,1,6,28,695.2297129337348,0.636457700223859,0.5322084549186401,0.05870824804175345,1.0,StructHGB,coverage_all,Продовольствие
coverage_all,test,3,6,28,1089.868663602948,0.15889123393793603,0.3444786507059955,0.09203329294678006,1.0,StructHGB,coverage_all,Продовольствие
coverage_all,test,6,6,28,1456.090587797619,-0.5489248644404827,-0.14390340091391174,0.12295867942547657,1.0,StructHGB,coverage_all,Продовольствие
coverage_all,test,12,6,28,735.3421282087054,0.42332726013753996,-0.18118102360020205,0.06209551642471632,1.0,StructHGB,coverage_all,Продовольствие
coverage_all,test,1,6,28,105.18904801028341,0.8834172846821735,0.2145023882867737,0.08693010406827595,1.0,StructHGB,coverage_all,Транспорт
coverage_all,test,3,6,28,137.9077670508022,0.791327677851364,0.25378524825138693,0.11396943663163295,1.0,StructHGB,coverage_all,Транспорт
coverage_all,test,6,6,28,136.47965640113466,0.7870327455238788,0.1740437909584025,0.11278922053742062,1.0,StructHGB,coverage_all,Транспорт
coverage_all,test,12,6,28,98.62235986618768,0.8856080262575196,0.25771081893086767,0.0815032759474021,1.0,StructHGB,coverage_all,Транспорт
economic_windows,test,1,6,28,1286.9684593563989,0.8272133346343552,0.42180586300133194,0.052191210530389255,1.0,StructHGB,economic_windows,Все категории
economic_windows,test,3,6,28,1842.7267697502975,0.651439849007592,0.27593172834543245,0.0747292135178804,1.0,StructHGB,economic_windows,Все категории
economic_windows,test,6,6,28,2269.18201916774,0.4408137315599201,-0.024881879180969735,0.09202351124703066,1.0,StructHGB,economic_windows,Все категории
economic_windows,test,12,6,28,1320.326160249256,0.8139889512266011,-0.3347313822833329,0.053543985555644734,1.0,StructHGB,economic_windows,Все категории
economic_windows,test,1,6,28,131.70175170898438,0.5227645162348037,-0.8614566566288584,0.12532935101624187,1.0,StructHGB,economic_windows,Здоровье
economic_windows,test,3,6,28,207.87444483678476,-0.315624295860512,-1.0387577540148172,0.19781642177260844,1.0,StructHGB,economic_windows,Здоровье
economic_windows,test,6,6,28,353.74813509394386,-2.028173084794123,-3.7994412871295307,0.3366320008597533,1.0,StructHGB,economic_windows,Здоровье
economic_windows,test,12,6,28,126.27112978980655,0.5012089837644591,-0.35550540650165563,0.12016149021019078,1.0,StructHGB,economic_windows,Здоровье
economic_windows,test,1,6,28,419.12462942940846,0.6946068828999661,-0.08877643578054184,0.08358819218444503,1.0,StructHGB,economic_windows,Маркетплейсы
economic_windows,test,3,6,28,600.0349759107921,0.4141309461250271,-0.1590098102962334,0.11966807808956904,1.0,StructHGB,economic_windows,Маркетплейсы
economic_windows,test,6,6,28,679.6547743102825,0.2964487454027276,-0.13820399275826012,0.13554706620669255,1.0,StructHGB,economic_windows,Маркетплейсы
economic_windows,test,12,6,28,1498.5176762172155,-1.809296208556833,-10.699929337761988,0.29885712915978696,1.0,StructHGB,economic_windows,Маркетплейсы
economic_windows,test,1,6,28,82.72872266315278,0.9228996987285129,-0.8154695290873504,0.2004445672994558,1.0,StructHGB,economic_windows,Общественное питание
economic_windows,test,3,6,28,109.06345939286413,0.8517605531441454,-0.1425675142714946,0.26425136545618816,1.0,StructHGB,economic_windows,Общественное питание
economic_windows,test,6,6,28,103.17817600895255,0.8592156594527397,0.1526846259051382,0.2499918308792297,1.0,StructHGB,economic_windows,Общественное питание
economic_windows,test,12,6,28,72.57715583982922,0.9100784164777995,0.1339374423174714,0.17584819552181066,1.0,StructHGB,economic_windows,Общественное питание
economic_windows,test,1,6,28,694.0332786923364,0.6406136353295219,0.5375561443224124,0.05860721588374446,1.0,StructHGB,economic_windows,Продовольствие
economic_windows,test,3,6,28,1089.379021752574,0.15744773984830573,0.3433536580397527,0.09199194544009472,1.0,StructHGB,economic_windows,Продовольствие
economic_windows,test,6,6,28,1404.7177767012467,-0.37230436355584695,-0.013466608096311061,0.11862053380203796,1.0,StructHGB,economic_windows,Продовольствие
economic_windows,test,12,6,28,735.3421282087054,0.42332726013753996,-0.18118102360020205,0.06209551642471632,1.0,StructHGB,economic_windows,Продовольствие
economic_windows,test,1,6,28,104.83109029134114,0.8841004101166133,0.21910507227633624,0.08663428142943382,1.0,StructHGB,economic_windows,Транспорт
economic_windows,test,3,6,28,141.05889120825825,0.7791036377187027,0.21007193266149493,0.11657358179808539,1.0,StructHGB,economic_windows,Транспорт
economic_windows,test,6,6,28,128.98798284779608,0.8105702893044446,0.26533003343248496,0.10659796798826161,1.0,StructHGB,economic_windows,Транспорт
economic_windows,test,12,6,28,98.62235986618768,0.8856080262575196,0.25771081893086767,0.0815032759474021,1.0,StructHGB,economic_windows,Транспорт
financial_only,test,1,6,28,1286.9684593563989,0.8272133346343552,0.42180586300133194,0.052191210530389255,1.0,StructHGB,financial_only,Все категории
financial_only,test,3,6,28,1866.8421397849645,0.6415841664673394,0.25545839826860384,0.07570717870836141,1.0,StructHGB,financial_only,Все категории
financial_only,test,6,6,28,2194.1576799665177,0.5156426042725057,0.11226518613700875,0.08898100383071646,1.0,StructHGB,financial_only,Все категории
financial_only,test,12,6,28,1320.326160249256,0.8139889512266011,-0.3347313822833329,0.053543985555644734,1.0,StructHGB,financial_only,Все категории
financial_only,test,1,6,28,131.70175170898438,0.5227645162348037,-0.8614566566288584,0.12532935101624187,1.0,StructHGB,financial_only,Здоровье
financial_only,test,3,6,28,206.53279614796415,-0.29824439597973407,-1.011824984714778,0.1965396888720983,1.0,StructHGB,financial_only,Здоровье
financial_only,test,6,6,28,342.2029600597563,-1.581479531582071,-3.091463433173316,0.3256454401221186,1.0,StructHGB,financial_only,Здоровье
financial_only,test,12,6,28,126.27112978980655,0.5012089837644591,-0.35550540650165563,0.12016149021019078,1.0,StructHGB,financial_only,Здоровье
financial_only,test,1,6,28,419.12462942940846,0.6946068828999661,-0.08877643578054184,0.08358819218444503,1.0,StructHGB,financial_only,Маркетплейсы
financial_only,test,3,6,28,598.2571490369521,0.4171512271696445,-0.1530348653193474,0.11931351688279024,1.0,StructHGB,financial_only,Маркетплейсы
financial_only,test,6,6,28,531.7693205333892,0.5433179955716179,0.26118064964751864,0.10605350542880268,1.0,StructHGB,financial_only,Маркетплейсы
financial_only,test,12,6,28,1498.5176762172155,-1.809296208556833,-10.699929337761988,0.29885712915978696,1.0,StructHGB,financial_only,Маркетплейсы
financial_only,test,1,6,28,82.72872266315278,0.9228996987285129,-0.8154695290873504,0.2004445672994558,1.0,StructHGB,financial_only,Общественное питание
financial_only,test,3,6,28,108.34503352979783,0.853300876743307,-0.13069534567402874,0.2625106814878715,1.0,StructHGB,financial_only,Общественное питание
financial_only,test,6,6,28,105.57253796713692,0.8478585634629707,0.08433155481928112,0.255793163611281,1.0,StructHGB,financial_only,Общественное питание
financial_only,test,12,6,28,72.57715583982922,0.9100784164777995,0.1339374423174714,0.17584819552181066,1.0,StructHGB,financial_only,Общественное питание
financial_only,test,1,6,28,694.0332786923364,0.6406136353295219,0.5375561443224124,0.05860721588374446,1.0,StructHGB,financial_only,Продовольствие
financial_only,test,3,6,28,1081.9258145309498,0.17058140482573303,0.35358943031387413,0.09136256391319296,1.0,StructHGB,financial_only,Продовольствие
financial_only,test,6,6,28,1456.090587797619,-0.5489248644404827,-0.14390340091391174,0.12295867942547657,1.0,StructHGB,financial_only,Продовольствие
financial_only,test,12,6,28,735.3421282087054,0.42332726013753996,-0.18118102360020205,0.06209551642471632,1.0,StructHGB,financial_only,Продовольствие
financial_only,test,1,6,28,104.83109029134114,0.8841004101166133,0.21910507227633624,0.08663428142943382,1.0,StructHGB,financial_only,Транспорт
financial_only,test,3,6,28,138.62941287126043,0.7879964065057063,0.2418725815660726,0.11456581759960918,1.0,StructHGB,financial_only,Транспорт
financial_only,test,6,6,28,136.47965640113466,0.7870327455238788,0.1740437909584025,0.11278922053742062,1.0,StructHGB,financial_only,Транспорт
financial_only,test,12,6,28,98.62235986618768,0.8856080262575196,0.25771081893086767,0.0815032759474021,1.0,StructHGB,financial_only,Транспорт
selected_decay,test,1,6,28,1335.955017039804,0.8156419184295548,0.3830845589456704,0.05417779204031392,1.0,StructHGB,selected_decay,Все категории
selected_decay,test,3,6,28,1917.7069828691533,0.6280227202989939,0.22728704001008548,0.07776993146248073,1.0,StructHGB,selected_decay,Все категории
selected_decay,test,6,6,28,2194.1576799665177,0.5156426042725057,0.11226518613700875,0.08898100383071646,1.0,StructHGB,selected_decay,Все категории
selected_decay,test,12,6,28,1320.326160249256,0.8139889512266011,-0.3347313822833329,0.053543985555644734,1.0,StructHGB,selected_decay,Все категории
selected_decay,test,1,6,28,129.25335849255367,0.5403197007583469,-0.792982672188558,0.12299942351819408,1.0,StructHGB,selected_decay,Здоровье
selected_decay,test,3,6,28,201.7509132976635,-0.24130271879143117,-0.9235852902522113,0.19198917783874356,1.0,StructHGB,selected_decay,Здоровье
selected_decay,test,6,6,28,342.2029600597563,-1.581479531582071,-3.091463433173316,0.3256454401221186,1.0,StructHGB,selected_decay,Здоровье
selected_decay,test,12,6,28,126.27112978980655,0.5012089837644591,-0.35550540650165563,0.12016149021019078,1.0,StructHGB,selected_decay,Здоровье
selected_decay,test,1,6,28,416.53613688162125,0.6981326788106765,-0.07620639641159466,0.08307195573027386,1.0,StructHGB,selected_decay,Маркетплейсы
selected_decay,test,3,6,28,579.640784378853,0.43182793941526565,-0.12400029972305626,0.11560075901185488,1.0,StructHGB,selected_decay,Маркетплейсы
selected_decay,test,6,6,28,531.7693205333892,0.5433179955716179,0.26118064964751864,0.10605350542880268,1.0,StructHGB,selected_decay,Маркетплейсы
selected_decay,test,12,6,28,1498.5176762172155,-1.809296208556833,-10.699929337761988,0.29885712915978696,1.0,StructHGB,selected_decay,Маркетплейсы
selected_decay,test,1,6,28,82.25584393988483,0.9239256679715154,-0.7913111812244373,0.19929882289510298,1.0,StructHGB,selected_decay,Общественное питание
selected_decay,test,3,6,28,109.55458341278288,0.8506229693168907,-0.1513355335359332,0.26544131664235376,1.0,StructHGB,selected_decay,Общественное питание
selected_decay,test,6,6,28,105.57253796713692,0.8478585634629707,0.08433155481928112,0.255793163611281,1.0,StructHGB,selected_decay,Общественное питание
selected_decay,test,12,6,28,72.57715583982922,0.9100784164777995,0.1339374423174714,0.17584819552181066,1.0,StructHGB,selected_decay,Общественное питание
selected_decay,test,1,6,28,688.0935352988448,0.6377409263747018,0.5338596584901671,0.05810563788446999,1.0,StructHGB,selected_decay,Продовольствие
selected_decay,test,3,6,28,1089.7248395205602,0.159792573682926,0.3451811133001905,0.0920211478100776,1.0,StructHGB,selected_decay,Продовольствие
selected_decay,test,6,6,28,1456.090587797619,-0.5489248644404827,-0.14390340091391174,0.12295867942547657,1.0,StructHGB,selected_decay,Продовольствие
selected_decay,test,12,6,28,735.3421282087054,0.42332726013753996,-0.18118102360020205,0.06209551642471632,1.0,StructHGB,selected_decay,Продовольствие
selected_decay,test,1,6,28,103.28058286597728,0.886999132067032,0.23863574766734197,0.08535291445829878,1.0,StructHGB,selected_decay,Транспорт
selected_decay,test,3,6,28,141.75579927699587,0.7781559824548114,0.2066831059584301,0.11714951904713684,1.0,StructHGB,selected_decay,Транспорт
selected_decay,test,6,6,28,136.47965640113466,0.7870327455238788,0.1740437909584025,0.11278922053742062,1.0,StructHGB,selected_decay,Транспорт
selected_decay,test,12,6,28,98.62235986618768,0.8856080262575196,0.25771081893086767,0.0815032759474021,1.0,StructHGB,selected_decay,Транспорт
selected_news,test,1,6,28,1335.955017039804,0.8156419184295548,0.3830845589456704,0.05417779204031392,1.0,StructHGB,selected_news,Все категории
selected_news,test,3,6,28,1842.7267697502975,0.651439849007592,0.27593172834543245,0.0747292135178804,1.0,StructHGB,selected_news,Все категории
selected_news,test,6,6,28,2269.18201916774,0.4408137315599201,-0.024881879180969735,0.09202351124703066,1.0,StructHGB,selected_news,Все категории
selected_news,test,12,6,28,1320.326160249256,0.8139889512266011,-0.3347313822833329,0.053543985555644734,1.0,StructHGB,selected_news,Все категории
selected_news,test,1,6,28,129.25335849255367,0.5403197007583469,-0.792982672188558,0.12299942351819408,1.0,StructHGB,selected_news,Здоровье
selected_news,test,3,6,28,207.87444483678476,-0.315624295860512,-1.0387577540148172,0.19781642177260844,1.0,StructHGB,selected_news,Здоровье
selected_news,test,6,6,28,353.74813509394386,-2.028173084794123,-3.7994412871295307,0.3366320008597533,1.0,StructHGB,selected_news,Здоровье
selected_news,test,12,6,28,126.27112978980655,0.5012089837644591,-0.35550540650165563,0.12016149021019078,1.0,StructHGB,selected_news,Здоровье
selected_news,test,1,6,28,416.53613688162125,0.6981326788106765,-0.07620639641159466,0.08307195573027386,1.0,StructHGB,selected_news,Маркетплейсы
selected_news,test,3,6,28,600.0349759107921,0.4141309461250271,-0.1590098102962334,0.11966807808956904,1.0,StructHGB,selected_news,Маркетплейсы
selected_news,test,6,6,28,679.6547743102825,0.2964487454027276,-0.13820399275826012,0.13554706620669255,1.0,StructHGB,selected_news,Маркетплейсы
selected_news,test,12,6,28,1498.5176762172155,-1.809296208556833,-10.699929337761988,0.29885712915978696,1.0,StructHGB,selected_news,Маркетплейсы
selected_news,test,1,6,28,82.25584393988483,0.9239256679715154,-0.7913111812244373,0.19929882289510298,1.0,StructHGB,selected_news,Общественное питание
selected_news,test,3,6,28,109.06345939286413,0.8517605531441454,-0.1425675142714946,0.26425136545618816,1.0,StructHGB,selected_news,Общественное питание
selected_news,test,6,6,28,103.17817600895255,0.8592156594527397,0.1526846259051382,0.2499918308792297,1.0,StructHGB,selected_news,Общественное питание
selected_news,test,12,6,28,72.57715583982922,0.9100784164777995,0.1339374423174714,0.17584819552181066,1.0,StructHGB,selected_news,Общественное питание
selected_news,test,1,6,28,688.0935352988448,0.6377409263747018,0.5338596584901671,0.05810563788446999,1.0,StructHGB,selected_news,Продовольствие
selected_news,test,3,6,28,1089.379021752574,0.15744773984830573,0.3433536580397527,0.09199194544009472,1.0,StructHGB,selected_news,Продовольствие
selected_news,test,6,6,28,1404.7177767012467,-0.37230436355584695,-0.013466608096311061,0.11862053380203796,1.0,StructHGB,selected_news,Продовольствие
selected_news,test,12,6,28,735.3421282087054,0.42332726013753996,-0.18118102360020205,0.06209551642471632,1.0,StructHGB,selected_news,Продовольствие
selected_news,test,1,6,28,103.28058286597728,0.886999132067032,0.23863574766734197,0.08535291445829878,1.0,StructHGB,selected_news,Транспорт
selected_news,test,3,6,28,141.05889120825825,0.7791036377187027,0.21007193266149493,0.11657358179808539,1.0,StructHGB,selected_news,Транспорт
selected_news,test,6,6,28,128.98798284779608,0.8105702893044446,0.26533003343248496,0.10659796798826161,1.0,StructHGB,selected_news,Транспорт
selected_news,test,12,6,28,98.62235986618768,0.8856080262575196,0.25771081893086767,0.0815032759474021,1.0,StructHGB,selected_news,Транспорт
original,test,1,6,28,1325.4841889880952,0.7602473462804245,0.19771830530336165,0.0537531622156269,1.0,Chronos2_NatCov,original,Все категории
original,test,3,6,28,1717.304896763393,0.6642294074735988,0.3024996348239568,0.06964290442414485,1.0,Chronos2_NatCov,original,Все категории
original,test,6,6,28,2134.7942940848216,0.4871748087147909,0.06008914131258769,0.08657360452902901,1.0,Chronos2_NatCov,original,Все категории
original,test,12,6,28,4160.505905877976,-0.3694063441852349,-8.826242229882597,0.16872351304957076,1.0,Chronos2_NatCov,original,Все категории
original,test,1,6,28,91.69891720726376,0.7279444372626731,-0.061152524189651114,0.0872620571355276,1.0,Chronos2_NatCov,original,Здоровье
original,test,3,6,28,137.9660401117234,0.42528638894929627,0.10939480628768616,0.13129054128065576,1.0,Chronos2_NatCov,original,Здоровье
original,test,6,6,28,119.73169453938802,0.5142092774396452,0.23005588337458982,0.1139384661022147,1.0,Chronos2_NatCov,original,Здоровье
original,test,12,6,28,137.58463868640717,0.40998577861564645,-0.6034119319857334,0.13092759399642243,1.0,Chronos2_NatCov,original,Здоровье
original,test,1,6,28,449.58874075753346,0.5945418214962573,-0.4455247539346936,0.08966380743972205,1.0,Chronos2_NatCov,original,Маркетплейсы
original,test,3,6,28,694.6964169456845,0.1705396861058891,-0.6409001886961327,0.1385468987793796,1.0,Chronos2_NatCov,original,Маркетплейсы
original,test,6,6,28,1351.0515768868584,-1.4780461804538376,-3.0089787892517377,0.2694472024076956,1.0,Chronos2_NatCov,original,Маркетплейсы
original,test,12,6,28,2107.006554013207,-4.20646335707773,-20.68345694267297,0.420211212618333,1.0,Chronos2_NatCov,original,Маркетплейсы
original,test,1,6,28,55.92163680848621,0.9563627170887854,-0.027520724964686716,0.13549330790945346,1.0,Chronos2_NatCov,original,Общественное питание
original,test,3,6,28,92.89970951988583,0.8783310794529926,0.06222696413144413,0.22508799214486747,1.0,Chronos2_NatCov,original,Общественное питание
original,test,6,6,28,116.83630262102399,0.7972451175846262,-0.22028720222382292,0.28308429490801623,1.0,Chronos2_NatCov,original,Общественное питание
original,test,12,6,28,113.94179659798031,0.8127606986125231,-0.803359570711881,0.27607115619805433,1.0,Chronos2_NatCov,original,Общественное питание
original,test,1,6,28,732.1323271251861,0.5274049350150616,0.391883762128197,0.06182446673470702,1.0,Chronos2_NatCov,original,Продовольствие
original,test,3,6,28,985.5866263253348,0.24748727577750873,0.41352631639695014,0.08322726006743299,1.0,Chronos2_NatCov,original,Продовольствие
original,test,6,6,28,975.5189092726935,0.14969744407800512,0.3720392719782981,0.08237709785637543,1.0,Chronos2_NatCov,original,Продовольствие
original,test,12,6,28,1481.8006824311756,-0.5575035922420155,-2.190186669451713,0.12512975264752635,1.0,Chronos2_NatCov,original,Продовольствие
original,test,1,6,28,110.97822752453033,0.8669548839890987,0.10358391814972512,0.091714385199846,1.0,Chronos2_NatCov,original,Транспорт
original,test,3,6,28,157.8254096621559,0.7308124309232396,0.03738199218702476,0.13042973147934786,1.0,Chronos2_NatCov,original,Транспорт
original,test,6,6,28,225.25999523344495,0.45469593493639215,-1.1148663416018763,0.18615887488732064,1.0,Chronos2_NatCov,original,Транспорт
original,test,12,6,28,194.90373193650018,0.5664528202569519,-1.8132863738392633,0.16107191785668554,1.0,Chronos2_NatCov,original,Транспорт
coverage_all,test,1,6,28,1325.4841889880952,0.7602473462804245,0.19771830530336165,0.0537531622156269,1.0,Chronos2_NatCov,coverage_all,Все категории
coverage_all,test,3,6,28,1729.9286409129584,0.6547525023363789,0.28281314368661925,0.07015484275783271,1.0,Chronos2_NatCov,coverage_all,Все категории
coverage_all,test,6,6,28,2247.4450210100144,0.47857889542548804,0.04433447017269465,0.09114199761015733,1.0,Chronos2_NatCov,coverage_all,Все категории
coverage_all,test,12,6,28,4160.505905877976,-0.3694063441852349,-8.826242229882597,0.16872351304957076,1.0,Chronos2_NatCov,coverage_all,Все категории
coverage_all,test,1,6,28,91.69891720726376,0.7279444372626731,-0.061152524189651114,0.0872620571355276,1.0,Chronos2_NatCov,coverage_all,Здоровье
coverage_all,test,3,6,28,139.41902510145678,0.4193181308875503,0.10014609262404295,0.13267322346549115,1.0,Chronos2_NatCov,coverage_all,Здоровье
coverage_all,test,6,6,28,159.70594002757585,0.29873332149720533,-0.11145834661671183,0.1519785542512985,1.0,Chronos2_NatCov,coverage_all,Здоровье
coverage_all,test,12,6,28,137.58463868640717,0.40998577861564645,-0.6034119319857334,0.13092759399642243,1.0,Chronos2_NatCov,coverage_all,Здоровье
coverage_all,test,1,6,28,449.58874075753346,0.5945418214962573,-0.4455247539346936,0.08966380743972205,1.0,Chronos2_NatCov,coverage_all,Маркетплейсы
coverage_all,test,3,6,28,640.7408071216383,0.25093441375512027,-0.48185734896041676,0.12778625250206288,1.0,Chronos2_NatCov,coverage_all,Маркетплейсы
coverage_all,test,6,6,28,877.390907722682,-0.3193836910777219,-1.1344966345407408,0.1749826058073748,1.0,Chronos2_NatCov,coverage_all,Маркетплейсы
coverage_all,test,12,6,28,2107.006554013207,-4.20646335707773,-20.68345694267297,0.420211212618333,1.0,Chronos2_NatCov,coverage_all,Маркетплейсы
coverage_all,test,1,6,28,55.92163680848621,0.9563627170887854,-0.027520724964686716,0.13549330790945346,1.0,Chronos2_NatCov,coverage_all,Общественное питание
coverage_all,test,3,6,28,92.51172621068766,0.8805378171990278,0.0792355736116741,0.22414794201441526,1.0,Chronos2_NatCov,coverage_all,Общественное питание
coverage_all,test,6,6,28,96.21139991794816,0.869762863615048,0.21616333529640808,0.23311193265186897,1.0,Chronos2_NatCov,coverage_all,Общественное питание
coverage_all,test,12,6,28,113.94179659798031,0.8127606986125231,-0.803359570711881,0.27607115619805433,1.0,Chronos2_NatCov,coverage_all,Общественное питание
coverage_all,test,1,6,28,732.1323271251861,0.5274049350150616,0.391883762128197,0.06182446673470702,1.0,Chronos2_NatCov,coverage_all,Продовольствие
coverage_all,test,3,6,28,1039.9076673334116,0.18483843174548165,0.36470069903493385,0.08781436716320293,1.0,Chronos2_NatCov,coverage_all,Продовольствие
coverage_all,test,6,6,28,1417.300764738704,-0.6005167575309969,-0.1820047596826242,0.11968309653355898,1.0,Chronos2_NatCov,coverage_all,Продовольствие
coverage_all,test,12,6,28,1481.8006824311756,-0.5575035922420155,-2.190186669451713,0.12512975264752635,1.0,Chronos2_NatCov,coverage_all,Продовольствие
coverage_all,test,1,6,28,110.97822752453033,0.8669548839890987,0.10358391814972512,0.091714385199846,1.0,Chronos2_NatCov,coverage_all,Транспорт
coverage_all,test,3,6,28,152.14800743188658,0.750546709029428,0.10795200974526242,0.12573782508747214,1.0,Chronos2_NatCov,coverage_all,Транспорт
coverage_all,test,6,6,28,138.06281191362646,0.7761065262183651,0.13166836240278312,0.11409756846964755,1.0,Chronos2_NatCov,coverage_all,Транспорт
coverage_all,test,12,6,28,194.90373193650018,0.5664528202569519,-1.8132863738392633,0.16107191785668554,1.0,Chronos2_NatCov,coverage_all,Транспорт
economic_windows,test,1,6,28,1325.4841889880952,0.7602473462804245,0.19771830530336165,0.0537531622156269,1.0,Chronos2_NatCov,economic_windows,Все категории
economic_windows,test,3,6,28,1719.38205518422,0.6666121796775857,0.30744939671318916,0.06972714068623675,1.0,Chronos2_NatCov,economic_windows,Все категории
economic_windows,test,6,6,28,2824.898874276423,0.0896242748407835,-0.668545235498563,0.1145598330732606,1.0,Chronos2_NatCov,economic_windows,Все категории
economic_windows,test,12,6,28,4160.505905877976,-0.3694063441852349,-8.826242229882597,0.16872351304957076,1.0,Chronos2_NatCov,economic_windows,Все категории
economic_windows,test,1,6,28,91.69891720726376,0.7279444372626731,-0.061152524189651114,0.0872620571355276,1.0,Chronos2_NatCov,economic_windows,Здоровье
economic_windows,test,3,6,28,138.96408225362205,0.42229125574361537,0.10475339683165652,0.1322402930668538,1.0,Chronos2_NatCov,economic_windows,Здоровье
economic_windows,test,6,6,28,157.82147775006814,0.3147096696403987,-0.08613695885290418,0.15018527184472505,1.0,Chronos2_NatCov,economic_windows,Здоровье
economic_windows,test,12,6,28,137.58463868640717,0.40998577861564645,-0.6034119319857334,0.13092759399642243,1.0,Chronos2_NatCov,economic_windows,Здоровье
economic_windows,test,1,6,28,449.58874075753346,0.5945418214962573,-0.4455247539346936,0.08966380743972205,1.0,Chronos2_NatCov,economic_windows,Маркетплейсы
economic_windows,test,3,6,28,660.6277442664485,0.21594891249637194,-0.5510682740106991,0.13175240721428638,1.0,Chronos2_NatCov,economic_windows,Маркетплейсы
economic_windows,test,6,6,28,927.5877960833895,-0.47067275030544997,-1.3792518107250413,0.18499363082651568,1.0,Chronos2_NatCov,economic_windows,Маркетплейсы
economic_windows,test,12,6,28,2107.006554013207,-4.20646335707773,-20.68345694267297,0.420211212618333,1.0,Chronos2_NatCov,economic_windows,Маркетплейсы
economic_windows,test,1,6,28,55.92163680848621,0.9563627170887854,-0.027520724964686716,0.13549330790945346,1.0,Chronos2_NatCov,economic_windows,Общественное питание
economic_windows,test,3,6,28,93.20622861462112,0.878188877832735,0.06113093365353073,0.22583066150244235,1.0,Chronos2_NatCov,economic_windows,Общественное питание
economic_windows,test,6,6,28,127.36651025804639,0.7688820665125012,-0.3909911962634278,0.3085980807544462,1.0,Chronos2_NatCov,economic_windows,Общественное питание
economic_windows,test,12,6,28,113.94179659798031,0.8127606986125231,-0.803359570711881,0.27607115619805433,1.0,Chronos2_NatCov,economic_windows,Общественное питание
economic_windows,test,1,6,28,732.1323271251861,0.5274049350150616,0.391883762128197,0.06182446673470702,1.0,Chronos2_NatCov,economic_windows,Продовольствие
economic_windows,test,3,6,28,1019.7260996341164,0.2047609595440255,0.3802273976389585,0.08611014701794772,1.0,Chronos2_NatCov,economic_windows,Продовольствие
economic_windows,test,6,6,28,1110.5875069990288,-0.08646977579139858,0.19762636648815257,0.09378288300975728,1.0,Chronos2_NatCov,economic_windows,Продовольствие
economic_windows,test,12,6,28,1481.8006824311756,-0.5575035922420155,-2.190186669451713,0.12512975264752635,1.0,Chronos2_NatCov,economic_windows,Продовольствие
economic_windows,test,1,6,28,110.97822752453033,0.8669548839890987,0.10358391814972512,0.091714385199846,1.0,Chronos2_NatCov,economic_windows,Транспорт
economic_windows,test,3,6,28,159.790407673303,0.724291362403096,0.014062572166248954,0.1320536408580721,1.0,Chronos2_NatCov,economic_windows,Транспорт
economic_windows,test,6,6,28,197.83410671118432,0.5901824954941497,-0.5894054381890574,0.16349363179878185,1.0,Chronos2_NatCov,economic_windows,Транспорт
economic_windows,test,12,6,28,194.90373193650018,0.5664528202569519,-1.8132863738392633,0.16107191785668554,1.0,Chronos2_NatCov,economic_windows,Транспорт
financial_only,test,1,6,28,1325.4841889880952,0.7602473462804245,0.19771830530336165,0.0537531622156269,1.0,Chronos2_NatCov,financial_only,Все категории
financial_only,test,3,6,28,1716.9452092414815,0.659204142990895,0.29206059135258267,0.0696283177984628,1.0,Chronos2_NatCov,financial_only,Все категории
financial_only,test,6,6,28,2101.997768082401,0.5292814712381275,0.1372626304494734,0.08524358716860846,1.0,Chronos2_NatCov,financial_only,Все категории
financial_only,test,12,6,28,4160.505905877976,-0.3694063441852349,-8.826242229882597,0.16872351304957076,1.0,Chronos2_NatCov,financial_only,Все категории
financial_only,test,1,6,28,91.69891720726376,0.7279444372626731,-0.061152524189651114,0.0872620571355276,1.0,Chronos2_NatCov,financial_only,Здоровье
financial_only,test,3,6,28,139.69552881064564,0.4172080728600033,0.09687624029719077,0.13293634851870076,1.0,Chronos2_NatCov,financial_only,Здоровье
financial_only,test,6,6,28,142.8970900833545,0.41315037454395587,0.06988463245596521,0.13598300197122246,1.0,Chronos2_NatCov,financial_only,Здоровье
financial_only,test,12,6,28,137.58463868640717,0.40998577861564645,-0.6034119319857334,0.13092759399642243,1.0,Chronos2_NatCov,financial_only,Здоровье
financial_only,test,1,6,28,449.58874075753346,0.5945418214962573,-0.4455247539346936,0.08966380743972205,1.0,Chronos2_NatCov,financial_only,Маркетплейсы
financial_only,test,3,6,28,659.7673135576903,0.22294229795351883,-0.5372334378840824,0.13158080706866146,1.0,Chronos2_NatCov,financial_only,Маркетплейсы
financial_only,test,6,6,28,1003.6391798754838,-0.6251029136437605,-1.629088659661643,0.20016095156584066,1.0,Chronos2_NatCov,financial_only,Маркетплейсы
financial_only,test,12,6,28,2107.006554013207,-4.20646335707773,-20.68345694267297,0.420211212618333,1.0,Chronos2_NatCov,financial_only,Маркетплейсы
financial_only,test,1,6,28,55.92163680848621,0.9563627170887854,-0.027520724964686716,0.13549330790945346,1.0,Chronos2_NatCov,financial_only,Общественное питание
financial_only,test,3,6,28,93.0728746286748,0.8782751902096182,0.061796193272329436,0.22550755628396213,1.0,Chronos2_NatCov,financial_only,Общественное питание
financial_only,test,6,6,28,122.37884234535414,0.777232599825068,-0.340733225596201,0.29651339112780145,1.0,Chronos2_NatCov,financial_only,Общественное питание
financial_only,test,12,6,28,113.94179659798031,0.8127606986125231,-0.803359570711881,0.27607115619805433,1.0,Chronos2_NatCov,financial_only,Общественное питание
financial_only,test,1,6,28,732.1323271251861,0.5274049350150616,0.391883762128197,0.06182446673470702,1.0,Chronos2_NatCov,financial_only,Продовольствие
financial_only,test,3,6,28,1003.6767068206103,0.2272480878583618,0.3977528275109775,0.08475486585449052,1.0,Chronos2_NatCov,financial_only,Продовольствие
financial_only,test,6,6,28,960.742287980767,0.17808423914791194,0.39300333044684255,0.08112929510587912,1.0,Chronos2_NatCov,financial_only,Продовольствие
financial_only,test,12,6,28,1481.8006824311756,-0.5575035922420155,-2.190186669451713,0.12512975264752635,1.0,Chronos2_NatCov,financial_only,Продовольствие
financial_only,test,1,6,28,110.97822752453033,0.8669548839890987,0.10358391814972512,0.091714385199846,1.0,Chronos2_NatCov,financial_only,Транспорт
financial_only,test,3,6,28,156.87210203475868,0.7327229011512875,0.04421385686493995,0.12964190106519088,1.0,Chronos2_NatCov,financial_only,Транспорт
financial_only,test,6,6,28,224.77490143863403,0.48970330908047477,-0.9790963702620363,0.1857579847294245,1.0,Chronos2_NatCov,financial_only,Транспорт
financial_only,test,12,6,28,194.90373193650018,0.5664528202569519,-1.8132863738392633,0.16107191785668554,1.0,Chronos2_NatCov,financial_only,Транспорт
selected_decay,test,1,6,28,1325.4841889880952,0.7602473462804245,0.19771830530336165,0.0537531622156269,1.0,Chronos2_NatCov,selected_decay,Все категории
selected_decay,test,3,6,28,1801.5944048702142,0.6448345766909296,0.26221051524486316,0.07306114784038681,1.0,Chronos2_NatCov,selected_decay,Все категории
selected_decay,test,6,6,28,2956.0513925801365,0.1845037569820991,-0.49464922366699104,0.11987854049348981,1.0,Chronos2_NatCov,selected_decay,Все категории
selected_decay,test,12,6,28,4160.505905877976,-0.3694063441852349,-8.826242229882597,0.16872351304957076,1.0,Chronos2_NatCov,selected_decay,Все категории
selected_decay,test,1,6,28,91.69891720726376,0.7279444372626731,-0.061152524189651114,0.0872620571355276,1.0,Chronos2_NatCov,selected_decay,Здоровье
selected_decay,test,3,6,28,140.17578665800613,0.41396553049771945,0.09185143313558108,0.13339336904841356,1.0,Chronos2_NatCov,selected_decay,Здоровье
selected_decay,test,6,6,28,176.1545909020773,0.19187081642156978,-0.2808278986682464,0.16763133572492092,1.0,Chronos2_NatCov,selected_decay,Здоровье
selected_decay,test,12,6,28,137.58463868640717,0.40998577861564645,-0.6034119319857334,0.13092759399642243,1.0,Chronos2_NatCov,selected_decay,Здоровье
selected_decay,test,1,6,28,449.58874075753346,0.5945418214962573,-0.4455247539346936,0.08966380743972205,1.0,Chronos2_NatCov,selected_decay,Маркетплейсы
selected_decay,test,3,6,28,672.8970695601593,0.2024483544916178,-0.5777760836628583,0.1341993422035767,1.0,Chronos2_NatCov,selected_decay,Маркетплейсы
selected_decay,test,6,6,28,1055.002907519113,-0.7519026051572113,-1.834224979465009,0.21040468537702267,1.0,Chronos2_NatCov,selected_decay,Маркетплейсы
selected_decay,test,12,6,28,2107.006554013207,-4.20646335707773,-20.68345694267297,0.420211212618333,1.0,Chronos2_NatCov,selected_decay,Маркетплейсы
selected_decay,test,1,6,28,55.92163680848621,0.9563627170887854,-0.027520724964686716,0.13549330790945346,1.0,Chronos2_NatCov,selected_decay,Общественное питание
selected_decay,test,3,6,28,93.63564994432102,0.8764646693474477,0.04784145743849766,0.22687111238636723,1.0,Chronos2_NatCov,selected_decay,Общественное питание
selected_decay,test,6,6,28,121.85142364463623,0.801545936874284,-0.19440257406727413,0.2952355010571243,1.0,Chronos2_NatCov,selected_decay,Общественное питание
selected_decay,test,12,6,28,113.94179659798031,0.8127606986125231,-0.803359570711881,0.27607115619805433,1.0,Chronos2_NatCov,selected_decay,Общественное питание
selected_decay,test,1,6,28,732.1323271251861,0.5274049350150616,0.391883762128197,0.06182446673470702,1.0,Chronos2_NatCov,selected_decay,Продовольствие
selected_decay,test,3,6,28,1017.2896433856846,0.2131134924612581,0.3867369762676075,0.08590440195971048,1.0,Chronos2_NatCov,selected_decay,Продовольствие
selected_decay,test,6,6,28,1052.626121473478,-0.019237027842117227,0.24727872264666262,0.08888836924693413,1.0,Chronos2_NatCov,selected_decay,Продовольствие
selected_decay,test,12,6,28,1481.8006824311756,-0.5575035922420155,-2.190186669451713,0.12512975264752635,1.0,Chronos2_NatCov,selected_decay,Продовольствие
selected_decay,test,1,6,28,110.97822752453033,0.8669548839890987,0.10358391814972512,0.091714385199846,1.0,Chronos2_NatCov,selected_decay,Транспорт
selected_decay,test,3,6,28,160.98896438103696,0.7180438010232256,-0.00827878300779017,0.1330441494833128,1.0,Chronos2_NatCov,selected_decay,Транспорт
selected_decay,test,6,6,28,216.66141554439162,0.5362993680569708,-0.7983817138084992,0.1790528553791329,1.0,Chronos2_NatCov,selected_decay,Транспорт
selected_decay,test,12,6,28,194.90373193650018,0.5664528202569519,-1.8132863738392633,0.16107191785668554,1.0,Chronos2_NatCov,selected_decay,Транспорт
selected_news,test,1,6,28,1325.4841889880952,0.7602473462804245,0.19771830530336165,0.0537531622156269,1.0,Chronos2_NatCov,selected_news,Все категории
selected_news,test,3,6,28,1801.5944048702142,0.6448345766909296,0.26221051524486316,0.07306114784038681,1.0,Chronos2_NatCov,selected_news,Все категории
selected_news,test,6,6,28,2824.898874276423,0.0896242748407835,-0.668545235498563,0.1145598330732606,1.0,Chronos2_NatCov,selected_news,Все категории
selected_news,test,12,6,28,4160.505905877976,-0.3694063441852349,-8.826242229882597,0.16872351304957076,1.0,Chronos2_NatCov,selected_news,Все категории
selected_news,test,1,6,28,91.69891720726376,0.7279444372626731,-0.061152524189651114,0.0872620571355276,1.0,Chronos2_NatCov,selected_news,Здоровье
selected_news,test,3,6,28,140.17578665800613,0.41396553049771945,0.09185143313558108,0.13339336904841356,1.0,Chronos2_NatCov,selected_news,Здоровье
selected_news,test,6,6,28,157.82147775006814,0.3147096696403987,-0.08613695885290418,0.15018527184472505,1.0,Chronos2_NatCov,selected_news,Здоровье
selected_news,test,12,6,28,137.58463868640717,0.40998577861564645,-0.6034119319857334,0.13092759399642243,1.0,Chronos2_NatCov,selected_news,Здоровье
selected_news,test,1,6,28,449.58874075753346,0.5945418214962573,-0.4455247539346936,0.08966380743972205,1.0,Chronos2_NatCov,selected_news,Маркетплейсы
selected_news,test,3,6,28,672.8970695601593,0.2024483544916178,-0.5777760836628583,0.1341993422035767,1.0,Chronos2_NatCov,selected_news,Маркетплейсы
selected_news,test,6,6,28,927.5877960833895,-0.47067275030544997,-1.3792518107250413,0.18499363082651568,1.0,Chronos2_NatCov,selected_news,Маркетплейсы
selected_news,test,12,6,28,2107.006554013207,-4.20646335707773,-20.68345694267297,0.420211212618333,1.0,Chronos2_NatCov,selected_news,Маркетплейсы
selected_news,test,1,6,28,55.92163680848621,0.9563627170887854,-0.027520724964686716,0.13549330790945346,1.0,Chronos2_NatCov,selected_news,Общественное питание
selected_news,test,3,6,28,93.63564994432102,0.8764646693474477,0.04784145743849766,0.22687111238636723,1.0,Chronos2_NatCov,selected_news,Общественное питание
selected_news,test,6,6,28,127.36651025804639,0.7688820665125012,-0.3909911962634278,0.3085980807544462,1.0,Chronos2_NatCov,selected_news,Общественное питание
selected_news,test,12,6,28,113.94179659798031,0.8127606986125231,-0.803359570711881,0.27607115619805433,1.0,Chronos2_NatCov,selected_news,Общественное питание
selected_news,test,1,6,28,732.1323271251861,0.5274049350150616,0.391883762128197,0.06182446673470702,1.0,Chronos2_NatCov,selected_news,Продовольствие
selected_news,test,3,6,28,1017.2896433856846,0.2131134924612581,0.3867369762676075,0.08590440195971048,1.0,Chronos2_NatCov,selected_news,Продовольствие
selected_news,test,6,6,28,1110.5875069990288,-0.08646977579139858,0.19762636648815257,0.09378288300975728,1.0,Chronos2_NatCov,selected_news,Продовольствие
selected_news,test,12,6,28,1481.8006824311756,-0.5575035922420155,-2.190186669451713,0.12512975264752635,1.0,Chronos2_NatCov,selected_news,Продовольствие
selected_news,test,1,6,28,110.97822752453033,0.8669548839890987,0.10358391814972512,0.091714385199846,1.0,Chronos2_NatCov,selected_news,Транспорт
selected_news,test,3,6,28,160.98896438103696,0.7180438010232256,-0.00827878300779017,0.1330441494833128,1.0,Chronos2_NatCov,selected_news,Транспорт
selected_news,test,6,6,28,197.83410671118432,0.5901824954941497,-0.5894054381890574,0.16349363179878185,1.0,Chronos2_NatCov,selected_news,Транспорт
selected_news,test,12,6,28,194.90373193650018,0.5664528202569519,-1.8132863738392633,0.16107191785668554,1.0,Chronos2_NatCov,selected_news,Транспорт
