model,stage,h,n_target_months,n_series,mae,r2,r2_change,wape,coverage,base_model,variant,category
original,test,1,6,50,879.7681510416667,0.9556403077113564,0.7181425285223297,0.03158916906280995,1.0,Ensemble,original,Все категории
original,test,3,6,50,999.2400260416666,0.9426717179720451,0.7648401001817773,0.03587895524472319,1.0,Ensemble,original,Все категории
original,test,6,6,50,853.9993489583334,0.9611575476976223,0.8359638082383447,0.030663908191985414,1.0,Ensemble,original,Все категории
original,test,12,6,50,1115.1632877604168,0.9385464433664624,-0.11916053266872928,0.04004132405565384,1.0,Ensemble,original,Все категории
original,test,1,6,50,99.18536112467449,0.8756391369291052,-0.5064002773144147,0.07182192566540994,1.0,Ensemble,original,Здоровье
original,test,3,6,50,106.74257568359376,0.8479364789149966,0.35601013850390717,0.07729424230703608,1.0,Ensemble,original,Здоровье
original,test,6,6,50,117.56940856933593,0.8195045693390837,0.36696891998489156,0.08513414910269874,1.0,Ensemble,original,Здоровье
original,test,12,6,50,189.75086018880208,0.5686107280296588,-2.1000293499349336,0.13740205228770816,1.0,Ensemble,original,Здоровье
original,test,1,6,50,417.1457080078125,0.7274190794167341,-0.311180385475172,0.07992588355739705,1.0,Ensemble,original,Маркетплейсы
original,test,3,6,50,440.2503255208333,0.6629184761845723,0.22573357542995565,0.08435277069427564,1.0,Ensemble,original,Маркетплейсы
original,test,6,6,50,517.8278344726563,0.6257955114902491,0.2600920190200029,0.09921676384613662,1.0,Ensemble,original,Маркетплейсы
original,test,12,6,50,897.6612483723958,0.02220105711097775,-6.237669488993934,0.17199354334494574,1.0,Ensemble,original,Маркетплейсы
original,test,1,6,50,71.89500803629558,0.9648016241057654,-0.32796761908513106,0.11396710423609088,1.0,Ensemble,original,Общественное питание
original,test,3,6,50,81.49402308146159,0.9519467429324483,0.5887078442777938,0.1291833477291573,1.0,Ensemble,original,Общественное питание
original,test,6,6,50,63.82054228464762,0.9702970092807948,0.7279293015709026,0.10116755799354452,1.0,Ensemble,original,Общественное питание
original,test,12,6,50,63.273473510742186,0.9715386223927329,0.4861068593888753,0.10030035113617111,1.0,Ensemble,original,Общественное питание
original,test,1,6,50,610.5308138020833,0.8009495473221435,0.5643493933865504,0.05049716983110424,1.0,Ensemble,original,Продовольствие
original,test,3,6,50,765.335615234375,0.7126617493217821,0.6591004483021596,0.06330111710432233,1.0,Ensemble,original,Продовольствие
original,test,6,6,50,597.6665104166667,0.8067087253124668,0.7326096264702815,0.0494331597956946,1.0,Ensemble,original,Продовольствие
original,test,12,6,50,499.75225911458335,0.8382659647299031,-0.1385262838935919,0.04133464541261949,1.0,Ensemble,original,Продовольствие
original,test,1,6,50,82.11425231933593,0.9609673358587787,0.2647715042598465,0.054565073994056655,1.0,Ensemble,original,Транспорт
original,test,3,6,50,98.81389892578125,0.9430062832852479,0.5632997884897974,0.06566202034645881,1.0,Ensemble,original,Транспорт
original,test,6,6,50,83.94850931803386,0.9537819004082295,0.628797619244744,0.05578394119470825,1.0,Ensemble,original,Транспорт
original,test,12,6,50,122.97881856282552,0.9098580578346194,-0.25094002201642374,0.0817196545672269,1.0,Ensemble,original,Транспорт
coverage_all,test,1,6,50,879.7681510416667,0.9556403077113564,0.7181425285223297,0.03158916906280995,1.0,Ensemble,coverage_all,Все категории
coverage_all,test,3,6,50,1019.6330091696475,0.9392713195698308,0.7508917082307183,0.03661119065352046,1.0,Ensemble,coverage_all,Все категории
coverage_all,test,6,6,50,853.9993489583334,0.9611575476976223,0.8359638082383447,0.030663908191985414,1.0,Ensemble,coverage_all,Все категории
coverage_all,test,12,6,50,1115.1632877604168,0.9385464433664624,-0.11916053266872928,0.04004132405565384,1.0,Ensemble,coverage_all,Все категории
coverage_all,test,1,6,50,99.18536112467449,0.8756391369291052,-0.5064002773144147,0.07182192566540994,1.0,Ensemble,coverage_all,Здоровье
coverage_all,test,3,6,50,113.32257859854124,0.8270747166689475,0.26766045882045764,0.08205894220706975,1.0,Ensemble,coverage_all,Здоровье
coverage_all,test,6,6,50,117.56940856933593,0.8195045693390837,0.36696891998489156,0.08513414910269874,1.0,Ensemble,coverage_all,Здоровье
coverage_all,test,12,6,50,189.75086018880208,0.5686107280296588,-2.1000293499349336,0.13740205228770816,1.0,Ensemble,coverage_all,Здоровье
coverage_all,test,1,6,50,417.1457080078125,0.7274190794167341,-0.311180385475172,0.07992588355739705,1.0,Ensemble,coverage_all,Маркетплейсы
coverage_all,test,3,6,50,410.64825263838435,0.6904475417201565,0.2889670357001256,0.07868095917891926,1.0,Ensemble,coverage_all,Маркетплейсы
coverage_all,test,6,6,50,517.8278344726563,0.6257955114902491,0.2600920190200029,0.09921676384613662,1.0,Ensemble,coverage_all,Маркетплейсы
coverage_all,test,12,6,50,897.6612483723958,0.02220105711097775,-6.237669488993934,0.17199354334494574,1.0,Ensemble,coverage_all,Маркетплейсы
coverage_all,test,1,6,50,71.89500803629558,0.9648016241057654,-0.32796761908513106,0.11396710423609088,1.0,Ensemble,coverage_all,Общественное питание
coverage_all,test,3,6,50,82.09686293089585,0.9510390072607948,0.5809384528982358,0.13013896222639,1.0,Ensemble,coverage_all,Общественное питание
coverage_all,test,6,6,50,63.82054228464762,0.9702970092807948,0.7279293015709026,0.10116755799354452,1.0,Ensemble,coverage_all,Общественное питание
coverage_all,test,12,6,50,63.273473510742186,0.9715386223927329,0.4861068593888753,0.10030035113617111,1.0,Ensemble,coverage_all,Общественное питание
coverage_all,test,1,6,50,610.5308138020833,0.8009495473221435,0.5643493933865504,0.05049716983110424,1.0,Ensemble,coverage_all,Продовольствие
coverage_all,test,3,6,50,787.5606849724227,0.6944323275561279,0.637472970258585,0.06513935867329602,1.0,Ensemble,coverage_all,Продовольствие
coverage_all,test,6,6,50,597.6665104166667,0.8067087253124668,0.7326096264702815,0.0494331597956946,1.0,Ensemble,coverage_all,Продовольствие
coverage_all,test,12,6,50,499.75225911458335,0.8382659647299031,-0.1385262838935919,0.04133464541261949,1.0,Ensemble,coverage_all,Продовольствие
coverage_all,test,1,6,50,82.11425231933593,0.9609673358587787,0.2647715042598465,0.054565073994056655,1.0,Ensemble,coverage_all,Транспорт
coverage_all,test,3,6,50,97.81666402169533,0.9441862983269012,0.5723413609293398,0.0649993558906066,1.0,Ensemble,coverage_all,Транспорт
coverage_all,test,6,6,50,83.94850931803386,0.9537819004082295,0.628797619244744,0.05578394119470825,1.0,Ensemble,coverage_all,Транспорт
coverage_all,test,12,6,50,122.97881856282552,0.9098580578346194,-0.25094002201642374,0.0817196545672269,1.0,Ensemble,coverage_all,Транспорт
economic_windows,test,1,6,50,879.7681510416667,0.9556403077113564,0.7181425285223297,0.03158916906280995,1.0,Ensemble,economic_windows,Все категории
economic_windows,test,3,6,50,999.2400260416666,0.9426717179720451,0.7648401001817773,0.03587895524472319,1.0,Ensemble,economic_windows,Все категории
economic_windows,test,6,6,50,853.9993489583334,0.9611575476976223,0.8359638082383447,0.030663908191985414,1.0,Ensemble,economic_windows,Все категории
economic_windows,test,12,6,50,1115.1632877604168,0.9385464433664624,-0.11916053266872928,0.04004132405565384,1.0,Ensemble,economic_windows,Все категории
economic_windows,test,1,6,50,99.18536112467449,0.8756391369291052,-0.5064002773144147,0.07182192566540994,1.0,Ensemble,economic_windows,Здоровье
economic_windows,test,3,6,50,106.74257568359376,0.8479364789149966,0.35601013850390717,0.07729424230703608,1.0,Ensemble,economic_windows,Здоровье
economic_windows,test,6,6,50,117.56940856933593,0.8195045693390837,0.36696891998489156,0.08513414910269874,1.0,Ensemble,economic_windows,Здоровье
economic_windows,test,12,6,50,189.75086018880208,0.5686107280296588,-2.1000293499349336,0.13740205228770816,1.0,Ensemble,economic_windows,Здоровье
economic_windows,test,1,6,50,417.1457080078125,0.7274190794167341,-0.311180385475172,0.07992588355739705,1.0,Ensemble,economic_windows,Маркетплейсы
economic_windows,test,3,6,50,440.2503255208333,0.6629184761845723,0.22573357542995565,0.08435277069427564,1.0,Ensemble,economic_windows,Маркетплейсы
economic_windows,test,6,6,50,517.8278344726563,0.6257955114902491,0.2600920190200029,0.09921676384613662,1.0,Ensemble,economic_windows,Маркетплейсы
economic_windows,test,12,6,50,897.6612483723958,0.02220105711097775,-6.237669488993934,0.17199354334494574,1.0,Ensemble,economic_windows,Маркетплейсы
economic_windows,test,1,6,50,71.89500803629558,0.9648016241057654,-0.32796761908513106,0.11396710423609088,1.0,Ensemble,economic_windows,Общественное питание
economic_windows,test,3,6,50,81.49402308146159,0.9519467429324483,0.5887078442777938,0.1291833477291573,1.0,Ensemble,economic_windows,Общественное питание
economic_windows,test,6,6,50,63.82054228464762,0.9702970092807948,0.7279293015709026,0.10116755799354452,1.0,Ensemble,economic_windows,Общественное питание
economic_windows,test,12,6,50,63.273473510742186,0.9715386223927329,0.4861068593888753,0.10030035113617111,1.0,Ensemble,economic_windows,Общественное питание
economic_windows,test,1,6,50,610.5308138020833,0.8009495473221435,0.5643493933865504,0.05049716983110424,1.0,Ensemble,economic_windows,Продовольствие
economic_windows,test,3,6,50,765.335615234375,0.7126617493217821,0.6591004483021596,0.06330111710432233,1.0,Ensemble,economic_windows,Продовольствие
economic_windows,test,6,6,50,597.6665104166667,0.8067087253124668,0.7326096264702815,0.0494331597956946,1.0,Ensemble,economic_windows,Продовольствие
economic_windows,test,12,6,50,499.75225911458335,0.8382659647299031,-0.1385262838935919,0.04133464541261949,1.0,Ensemble,economic_windows,Продовольствие
economic_windows,test,1,6,50,82.11425231933593,0.9609673358587787,0.2647715042598465,0.054565073994056655,1.0,Ensemble,economic_windows,Транспорт
economic_windows,test,3,6,50,98.81389892578125,0.9430062832852479,0.5632997884897974,0.06566202034645881,1.0,Ensemble,economic_windows,Транспорт
economic_windows,test,6,6,50,83.94850931803386,0.9537819004082295,0.628797619244744,0.05578394119470825,1.0,Ensemble,economic_windows,Транспорт
economic_windows,test,12,6,50,122.97881856282552,0.9098580578346194,-0.25094002201642374,0.0817196545672269,1.0,Ensemble,economic_windows,Транспорт
financial_only,test,1,6,50,879.7681510416667,0.9556403077113564,0.7181425285223297,0.03158916906280995,1.0,Ensemble,financial_only,Все категории
financial_only,test,3,6,50,999.2400260416666,0.9426717179720451,0.7648401001817773,0.03587895524472319,1.0,Ensemble,financial_only,Все категории
financial_only,test,6,6,50,1025.6333647134868,0.9430059632377573,0.7593075568241151,0.036826640878090296,1.0,Ensemble,financial_only,Все категории
financial_only,test,12,6,50,1115.1632877604168,0.9385464433664624,-0.11916053266872928,0.04004132405565384,1.0,Ensemble,financial_only,Все категории
financial_only,test,1,6,50,99.18536112467449,0.8756391369291052,-0.5064002773144147,0.07182192566540994,1.0,Ensemble,financial_only,Здоровье
financial_only,test,3,6,50,106.74257568359376,0.8479364789149966,0.35601013850390717,0.07729424230703608,1.0,Ensemble,financial_only,Здоровье
financial_only,test,6,6,50,143.9095076223228,0.7429957638803386,0.0986382948113288,0.1042074943499394,1.0,Ensemble,financial_only,Здоровье
financial_only,test,12,6,50,189.75086018880208,0.5686107280296588,-2.1000293499349336,0.13740205228770816,1.0,Ensemble,financial_only,Здоровье
financial_only,test,1,6,50,417.1457080078125,0.7274190794167341,-0.311180385475172,0.07992588355739705,1.0,Ensemble,financial_only,Маркетплейсы
financial_only,test,3,6,50,440.2503255208333,0.6629184761845723,0.22573357542995565,0.08435277069427564,1.0,Ensemble,financial_only,Маркетплейсы
financial_only,test,6,6,50,388.7116106035594,0.7562438661320912,0.518025265864777,0.074477858288132,1.0,Ensemble,financial_only,Маркетплейсы
financial_only,test,12,6,50,897.6612483723958,0.02220105711097775,-6.237669488993934,0.17199354334494574,1.0,Ensemble,financial_only,Маркетплейсы
financial_only,test,1,6,50,71.89500803629558,0.9648016241057654,-0.32796761908513106,0.11396710423609088,1.0,Ensemble,financial_only,Общественное питание
financial_only,test,3,6,50,81.49402308146159,0.9519467429324483,0.5887078442777938,0.1291833477291573,1.0,Ensemble,financial_only,Общественное питание
financial_only,test,6,6,50,68.26745309856229,0.9665372818955131,0.6934912995095419,0.1082167476674946,1.0,Ensemble,financial_only,Общественное питание
financial_only,test,12,6,50,63.273473510742186,0.9715386223927329,0.4861068593888753,0.10030035113617111,1.0,Ensemble,financial_only,Общественное питание
financial_only,test,1,6,50,610.5308138020833,0.8009495473221435,0.5643493933865504,0.05049716983110424,1.0,Ensemble,financial_only,Продовольствие
financial_only,test,3,6,50,765.335615234375,0.7126617493217821,0.6591004483021596,0.06330111710432233,1.0,Ensemble,financial_only,Продовольствие
financial_only,test,6,6,50,720.1452863543412,0.7262004069867558,0.6212380741632193,0.05956341269925315,1.0,Ensemble,financial_only,Продовольствие
financial_only,test,12,6,50,499.75225911458335,0.8382659647299031,-0.1385262838935919,0.04133464541261949,1.0,Ensemble,financial_only,Продовольствие
financial_only,test,1,6,50,82.11425231933593,0.9609673358587787,0.2647715042598465,0.054565073994056655,1.0,Ensemble,financial_only,Транспорт
financial_only,test,3,6,50,98.81389892578125,0.9430062832852479,0.5632997884897974,0.06566202034645881,1.0,Ensemble,financial_only,Транспорт
financial_only,test,6,6,50,84.81505887827576,0.9538002686916378,0.6289451447940799,0.05635976499555388,1.0,Ensemble,financial_only,Транспорт
financial_only,test,12,6,50,122.97881856282552,0.9098580578346194,-0.25094002201642374,0.0817196545672269,1.0,Ensemble,financial_only,Транспорт
selected_decay,test,1,6,50,879.7681510416667,0.9556403077113564,0.7181425285223297,0.03158916906280995,1.0,Ensemble,selected_decay,Все категории
selected_decay,test,3,6,50,999.2400260416666,0.9426717179720451,0.7648401001817773,0.03587895524472319,1.0,Ensemble,selected_decay,Все категории
selected_decay,test,6,6,50,1045.5119499910954,0.9394550035094209,0.7443114410690951,0.03754040619264545,1.0,Ensemble,selected_decay,Все категории
selected_decay,test,12,6,50,1115.1632877604168,0.9385464433664624,-0.11916053266872928,0.04004132405565384,1.0,Ensemble,selected_decay,Все категории
selected_decay,test,1,6,50,99.18536112467449,0.8756391369291052,-0.5064002773144147,0.07182192566540994,1.0,Ensemble,selected_decay,Здоровье
selected_decay,test,3,6,50,106.74257568359376,0.8479364789149966,0.35601013850390717,0.07729424230703608,1.0,Ensemble,selected_decay,Здоровье
selected_decay,test,6,6,50,136.68172318811295,0.7616107018095323,0.16392434786310417,0.09897372405890915,1.0,Ensemble,selected_decay,Здоровье
selected_decay,test,12,6,50,189.75086018880208,0.5686107280296588,-2.1000293499349336,0.13740205228770816,1.0,Ensemble,selected_decay,Здоровье
selected_decay,test,1,6,50,417.1457080078125,0.7274190794167341,-0.311180385475172,0.07992588355739705,1.0,Ensemble,selected_decay,Маркетплейсы
selected_decay,test,3,6,50,440.2503255208333,0.6629184761845723,0.22573357542995565,0.08435277069427564,1.0,Ensemble,selected_decay,Маркетплейсы
selected_decay,test,6,6,50,399.48495115695727,0.7445338551266609,0.4948712662032908,0.07654205011862528,1.0,Ensemble,selected_decay,Маркетплейсы
selected_decay,test,12,6,50,897.6612483723958,0.02220105711097775,-6.237669488993934,0.17199354334494574,1.0,Ensemble,selected_decay,Маркетплейсы
selected_decay,test,1,6,50,71.89500803629558,0.9648016241057654,-0.32796761908513106,0.11396710423609088,1.0,Ensemble,selected_decay,Общественное питание
selected_decay,test,3,6,50,81.49402308146159,0.9519467429324483,0.5887078442777938,0.1291833477291573,1.0,Ensemble,selected_decay,Общественное питание
selected_decay,test,6,6,50,67.1713285060761,0.9673468740455464,0.7009069265682617,0.10647918411336646,1.0,Ensemble,selected_decay,Общественное питание
selected_decay,test,12,6,50,63.273473510742186,0.9715386223927329,0.4861068593888753,0.10030035113617111,1.0,Ensemble,selected_decay,Общественное питание
selected_decay,test,1,6,50,610.5308138020833,0.8009495473221435,0.5643493933865504,0.05049716983110424,1.0,Ensemble,selected_decay,Продовольствие
selected_decay,test,3,6,50,765.335615234375,0.7126617493217821,0.6591004483021596,0.06330111710432233,1.0,Ensemble,selected_decay,Продовольствие
selected_decay,test,6,6,50,722.1804737602768,0.7263234453715881,0.6214082798785677,0.059731743603692905,1.0,Ensemble,selected_decay,Продовольствие
selected_decay,test,12,6,50,499.75225911458335,0.8382659647299031,-0.1385262838935919,0.04133464541261949,1.0,Ensemble,selected_decay,Продовольствие
selected_decay,test,1,6,50,82.11425231933593,0.9609673358587787,0.2647715042598465,0.054565073994056655,1.0,Ensemble,selected_decay,Транспорт
selected_decay,test,3,6,50,98.81389892578125,0.9430062832852479,0.5632997884897974,0.06566202034645881,1.0,Ensemble,selected_decay,Транспорт
selected_decay,test,6,6,50,85.88635750258044,0.9528434085591476,0.6212600871571928,0.057071644931786965,1.0,Ensemble,selected_decay,Транспорт
selected_decay,test,12,6,50,122.97881856282552,0.9098580578346194,-0.25094002201642374,0.0817196545672269,1.0,Ensemble,selected_decay,Транспорт
selected_news,test,1,6,50,879.7681510416667,0.9556403077113564,0.7181425285223297,0.03158916906280995,1.0,Ensemble,selected_news,Все категории
selected_news,test,3,6,50,999.2400260416666,0.9426717179720451,0.7648401001817773,0.03587895524472319,1.0,Ensemble,selected_news,Все категории
selected_news,test,6,6,50,1045.5119499910954,0.9394550035094209,0.7443114410690951,0.03754040619264545,1.0,Ensemble,selected_news,Все категории
selected_news,test,12,6,50,1115.1632877604168,0.9385464433664624,-0.11916053266872928,0.04004132405565384,1.0,Ensemble,selected_news,Все категории
selected_news,test,1,6,50,99.18536112467449,0.8756391369291052,-0.5064002773144147,0.07182192566540994,1.0,Ensemble,selected_news,Здоровье
selected_news,test,3,6,50,106.74257568359376,0.8479364789149966,0.35601013850390717,0.07729424230703608,1.0,Ensemble,selected_news,Здоровье
selected_news,test,6,6,50,136.68172318811295,0.7616107018095323,0.16392434786310417,0.09897372405890915,1.0,Ensemble,selected_news,Здоровье
selected_news,test,12,6,50,189.75086018880208,0.5686107280296588,-2.1000293499349336,0.13740205228770816,1.0,Ensemble,selected_news,Здоровье
selected_news,test,1,6,50,417.1457080078125,0.7274190794167341,-0.311180385475172,0.07992588355739705,1.0,Ensemble,selected_news,Маркетплейсы
selected_news,test,3,6,50,440.2503255208333,0.6629184761845723,0.22573357542995565,0.08435277069427564,1.0,Ensemble,selected_news,Маркетплейсы
selected_news,test,6,6,50,399.48495115695727,0.7445338551266609,0.4948712662032908,0.07654205011862528,1.0,Ensemble,selected_news,Маркетплейсы
selected_news,test,12,6,50,897.6612483723958,0.02220105711097775,-6.237669488993934,0.17199354334494574,1.0,Ensemble,selected_news,Маркетплейсы
selected_news,test,1,6,50,71.89500803629558,0.9648016241057654,-0.32796761908513106,0.11396710423609088,1.0,Ensemble,selected_news,Общественное питание
selected_news,test,3,6,50,81.49402308146159,0.9519467429324483,0.5887078442777938,0.1291833477291573,1.0,Ensemble,selected_news,Общественное питание
selected_news,test,6,6,50,67.1713285060761,0.9673468740455464,0.7009069265682617,0.10647918411336646,1.0,Ensemble,selected_news,Общественное питание
selected_news,test,12,6,50,63.273473510742186,0.9715386223927329,0.4861068593888753,0.10030035113617111,1.0,Ensemble,selected_news,Общественное питание
selected_news,test,1,6,50,610.5308138020833,0.8009495473221435,0.5643493933865504,0.05049716983110424,1.0,Ensemble,selected_news,Продовольствие
selected_news,test,3,6,50,765.335615234375,0.7126617493217821,0.6591004483021596,0.06330111710432233,1.0,Ensemble,selected_news,Продовольствие
selected_news,test,6,6,50,722.1804737602768,0.7263234453715881,0.6214082798785677,0.059731743603692905,1.0,Ensemble,selected_news,Продовольствие
selected_news,test,12,6,50,499.75225911458335,0.8382659647299031,-0.1385262838935919,0.04133464541261949,1.0,Ensemble,selected_news,Продовольствие
selected_news,test,1,6,50,82.11425231933593,0.9609673358587787,0.2647715042598465,0.054565073994056655,1.0,Ensemble,selected_news,Транспорт
selected_news,test,3,6,50,98.81389892578125,0.9430062832852479,0.5632997884897974,0.06566202034645881,1.0,Ensemble,selected_news,Транспорт
selected_news,test,6,6,50,85.88635750258044,0.9528434085591476,0.6212600871571928,0.057071644931786965,1.0,Ensemble,selected_news,Транспорт
selected_news,test,12,6,50,122.97881856282552,0.9098580578346194,-0.25094002201642374,0.0817196545672269,1.0,Ensemble,selected_news,Транспорт
original,test,1,6,50,910.8627734375,0.9505874507152635,0.6860371323128611,0.0327056601322391,1.0,PastOnlyBlend,original,Все категории
original,test,3,6,50,985.3319140625,0.9489855092640331,0.790739193529334,0.03537956719557161,1.0,PastOnlyBlend,original,Все категории
original,test,6,6,50,1221.77849609375,0.9304175119610447,0.7061450635928965,0.04386947563936452,1.0,PastOnlyBlend,original,Все категории
original,test,12,6,50,1153.699453125,0.9320870348984884,-0.23679595391621922,0.04142501297561858,1.0,PastOnlyBlend,original,Все категории
original,test,1,6,50,92.59853576660156,0.8894385262002877,-0.3392463728498838,0.0670522855101062,1.0,PastOnlyBlend,original,Здоровье
original,test,3,6,50,137.52358174641927,0.7333789745871322,-0.12914153244944293,0.09958332916706078,1.0,PastOnlyBlend,original,Здоровье
original,test,6,6,50,188.7991103108724,0.5780252316591754,-0.47994407594584576,0.13671287287443964,1.0,PastOnlyBlend,original,Здоровье
original,test,12,6,50,210.27828348795572,0.48917136517462867,-2.6708927728149896,0.15226633320151176,1.0,PastOnlyBlend,original,Здоровье
original,test,1,6,50,455.4786564127604,0.6842470883460228,-0.5188481406969989,0.08727054685324521,1.0,PastOnlyBlend,original,Маркетплейсы
original,test,3,6,50,428.42341959635417,0.6786323980785898,0.26182799550714664,0.08208671380427761,1.0,PastOnlyBlend,original,Маркетплейсы
original,test,6,6,50,390.3760221354167,0.7397888317515198,0.4854890145921851,0.07479676259358951,1.0,PastOnlyBlend,original,Маркетплейсы
original,test,12,6,50,940.3368082682292,-0.02757423966016259,-6.606106322932083,0.18017025897572772,1.0,PastOnlyBlend,original,Маркетплейсы
original,test,1,6,50,71.0296706644694,0.9653947575280702,-0.30558982583169336,0.11259538181546731,1.0,PastOnlyBlend,original,Общественное питание
original,test,3,6,50,94.80092018127442,0.9344493495761356,0.43894607843285605,0.15027728137289076,1.0,PastOnlyBlend,original,Общественное питание
original,test,6,6,50,85.0847029876709,0.9413788007975079,0.4630469786511774,0.13487525044016058,1.0,PastOnlyBlend,original,Общественное питание
original,test,12,6,50,74.05531956990559,0.9600804426135581,0.27922017689380074,0.11739160416255405,1.0,PastOnlyBlend,original,Общественное питание
original,test,1,6,50,637.3030598958334,0.7924899993144275,0.5458344532210962,0.052711509594460505,1.0,PastOnlyBlend,original,Продовольствие
original,test,3,6,50,788.4448697916666,0.6901243080719622,0.6323619141865471,0.06521248984042156,1.0,PastOnlyBlend,original,Продовольствие
original,test,6,6,50,764.1788639322916,0.6980338817460393,0.5822737819709076,0.06320544188919291,1.0,PastOnlyBlend,original,Продовольствие
original,test,12,6,50,564.784658203125,0.7984609100036661,-0.41873385406866714,0.046713492846784874,1.0,PastOnlyBlend,original,Продовольствие
original,test,1,6,50,85.41066650390626,0.9582495271541496,0.2135782165461414,0.056755547374933824,1.0,PastOnlyBlend,original,Транспорт
original,test,3,6,50,110.53331115722656,0.9289783171134115,0.45581397869502616,0.0734495916573296,1.0,PastOnlyBlend,original,Транспорт
original,test,6,6,50,98.44708048502604,0.940581145584629,0.5227752673616428,0.06541826880763515,1.0,PastOnlyBlend,original,Транспорт
original,test,12,6,50,134.68788289388021,0.8927962613002816,-0.4877141986050144,0.089500349678966,1.0,PastOnlyBlend,original,Транспорт
coverage_all,test,1,6,50,910.8627734375,0.9505874507152635,0.6860371323128611,0.0327056601322391,1.0,PastOnlyBlend,coverage_all,Все категории
coverage_all,test,3,6,50,1084.0580427031616,0.9395308296123117,0.7519562151971381,0.0389244515663618,1.0,PastOnlyBlend,coverage_all,Все категории
coverage_all,test,6,6,50,1221.77849609375,0.9304175119610447,0.7061450635928965,0.04386947563936452,1.0,PastOnlyBlend,coverage_all,Все категории
coverage_all,test,12,6,50,1153.699453125,0.9320870348984884,-0.23679595391621922,0.04142501297561858,1.0,PastOnlyBlend,coverage_all,Все категории
coverage_all,test,1,6,50,92.59853576660156,0.8894385262002877,-0.3392463728498838,0.0670522855101062,1.0,PastOnlyBlend,coverage_all,Здоровье
coverage_all,test,3,6,50,143.96596712572102,0.7035582278545394,-0.2554325614944519,0.10424837770419845,1.0,PastOnlyBlend,coverage_all,Здоровье
coverage_all,test,6,6,50,188.7991103108724,0.5780252316591754,-0.47994407594584576,0.13671287287443964,1.0,PastOnlyBlend,coverage_all,Здоровье
coverage_all,test,12,6,50,210.27828348795572,0.48917136517462867,-2.6708927728149896,0.15226633320151176,1.0,PastOnlyBlend,coverage_all,Здоровье
coverage_all,test,1,6,50,455.4786564127604,0.6842470883460228,-0.5188481406969989,0.08727054685324521,1.0,PastOnlyBlend,coverage_all,Маркетплейсы
coverage_all,test,3,6,50,441.83411419146364,0.6713653087090344,0.2451357032702175,0.08465622751149393,1.0,PastOnlyBlend,coverage_all,Маркетплейсы
coverage_all,test,6,6,50,390.3760221354167,0.7397888317515198,0.4854890145921851,0.07479676259358951,1.0,PastOnlyBlend,coverage_all,Маркетплейсы
coverage_all,test,12,6,50,940.3368082682292,-0.02757423966016259,-6.606106322932083,0.18017025897572772,1.0,PastOnlyBlend,coverage_all,Маркетплейсы
coverage_all,test,1,6,50,71.0296706644694,0.9653947575280702,-0.30558982583169336,0.11259538181546731,1.0,PastOnlyBlend,coverage_all,Общественное питание
coverage_all,test,3,6,50,95.64029483824044,0.9338864991907333,0.43412859128446646,0.151607848009385,1.0,PastOnlyBlend,coverage_all,Общественное питание
coverage_all,test,6,6,50,85.0847029876709,0.9413788007975079,0.4630469786511774,0.13487525044016058,1.0,PastOnlyBlend,coverage_all,Общественное питание
coverage_all,test,12,6,50,74.05531956990559,0.9600804426135581,0.27922017689380074,0.11739160416255405,1.0,PastOnlyBlend,coverage_all,Общественное питание
coverage_all,test,1,6,50,637.3030598958334,0.7924899993144275,0.5458344532210962,0.052711509594460505,1.0,PastOnlyBlend,coverage_all,Продовольствие
coverage_all,test,3,6,50,820.0679386382226,0.6614798034240239,0.5983779292139917,0.0678280424743348,1.0,PastOnlyBlend,coverage_all,Продовольствие
coverage_all,test,6,6,50,764.1788639322916,0.6980338817460393,0.5822737819709076,0.06320544188919291,1.0,PastOnlyBlend,coverage_all,Продовольствие
coverage_all,test,12,6,50,564.784658203125,0.7984609100036661,-0.41873385406866714,0.046713492846784874,1.0,PastOnlyBlend,coverage_all,Продовольствие
coverage_all,test,1,6,50,85.41066650390626,0.9582495271541496,0.2135782165461414,0.056755547374933824,1.0,PastOnlyBlend,coverage_all,Транспорт
coverage_all,test,3,6,50,109.10290061092147,0.931165398527634,0.47257194731393903,0.07249908117837543,1.0,PastOnlyBlend,coverage_all,Транспорт
coverage_all,test,6,6,50,98.44708048502604,0.940581145584629,0.5227752673616428,0.06541826880763515,1.0,PastOnlyBlend,coverage_all,Транспорт
coverage_all,test,12,6,50,134.68788289388021,0.8927962613002816,-0.4877141986050144,0.089500349678966,1.0,PastOnlyBlend,coverage_all,Транспорт
economic_windows,test,1,6,50,910.8627734375,0.9505874507152635,0.6860371323128611,0.0327056601322391,1.0,PastOnlyBlend,economic_windows,Все категории
economic_windows,test,3,6,50,985.3319140625,0.9489855092640331,0.790739193529334,0.03537956719557161,1.0,PastOnlyBlend,economic_windows,Все категории
economic_windows,test,6,6,50,1797.0525008945804,0.8526737373673685,0.3778240652623531,0.06452540387861322,1.0,PastOnlyBlend,economic_windows,Все категории
economic_windows,test,12,6,50,1153.699453125,0.9320870348984884,-0.23679595391621922,0.04142501297561858,1.0,PastOnlyBlend,economic_windows,Все категории
economic_windows,test,1,6,50,92.59853576660156,0.8894385262002877,-0.3392463728498838,0.0670522855101062,1.0,PastOnlyBlend,economic_windows,Здоровье
economic_windows,test,3,6,50,137.52358174641927,0.7333789745871322,-0.12914153244944293,0.09958332916706078,1.0,PastOnlyBlend,economic_windows,Здоровье
economic_windows,test,6,6,50,194.94763648303632,0.49232998956505836,-0.7804932447328738,0.14116513260996555,1.0,PastOnlyBlend,economic_windows,Здоровье
economic_windows,test,12,6,50,210.27828348795572,0.48917136517462867,-2.6708927728149896,0.15226633320151176,1.0,PastOnlyBlend,economic_windows,Здоровье
economic_windows,test,1,6,50,455.4786564127604,0.6842470883460228,-0.5188481406969989,0.08727054685324521,1.0,PastOnlyBlend,economic_windows,Маркетплейсы
economic_windows,test,3,6,50,428.42341959635417,0.6786323980785898,0.26182799550714664,0.08208671380427761,1.0,PastOnlyBlend,economic_windows,Маркетплейсы
economic_windows,test,6,6,50,549.8965283562072,0.52884708870151,0.06839760068075873,0.10536118447415972,1.0,PastOnlyBlend,economic_windows,Маркетплейсы
economic_windows,test,12,6,50,940.3368082682292,-0.02757423966016259,-6.606106322932083,0.18017025897572772,1.0,PastOnlyBlend,economic_windows,Маркетплейсы
economic_windows,test,1,6,50,71.0296706644694,0.9653947575280702,-0.30558982583169336,0.11259538181546731,1.0,PastOnlyBlend,economic_windows,Общественное питание
economic_windows,test,3,6,50,94.80092018127442,0.9344493495761356,0.43894607843285605,0.15027728137289076,1.0,PastOnlyBlend,economic_windows,Общественное питание
economic_windows,test,6,6,50,95.3215542022005,0.9278381148918615,0.3390182602509044,0.1511025841769712,1.0,PastOnlyBlend,economic_windows,Общественное питание
economic_windows,test,12,6,50,74.05531956990559,0.9600804426135581,0.27922017689380074,0.11739160416255405,1.0,PastOnlyBlend,economic_windows,Общественное питание
economic_windows,test,1,6,50,637.3030598958334,0.7924899993144275,0.5458344532210962,0.052711509594460505,1.0,PastOnlyBlend,economic_windows,Продовольствие
economic_windows,test,3,6,50,788.4448697916666,0.6901243080719622,0.6323619141865471,0.06521248984042156,1.0,PastOnlyBlend,economic_windows,Продовольствие
economic_windows,test,6,6,50,975.1223127798612,0.5039561134206615,0.31379540885123347,0.08065263197429098,1.0,PastOnlyBlend,economic_windows,Продовольствие
economic_windows,test,12,6,50,564.784658203125,0.7984609100036661,-0.41873385406866714,0.046713492846784874,1.0,PastOnlyBlend,economic_windows,Продовольствие
economic_windows,test,1,6,50,85.41066650390626,0.9582495271541496,0.2135782165461414,0.056755547374933824,1.0,PastOnlyBlend,economic_windows,Транспорт
economic_windows,test,3,6,50,110.53331115722656,0.9289783171134115,0.45581397869502616,0.0734495916573296,1.0,PastOnlyBlend,economic_windows,Транспорт
economic_windows,test,6,6,50,113.87555685112211,0.9152220781676632,0.3191029770239654,0.0756705201617323,1.0,PastOnlyBlend,economic_windows,Транспорт
economic_windows,test,12,6,50,134.68788289388021,0.8927962613002816,-0.4877141986050144,0.089500349678966,1.0,PastOnlyBlend,economic_windows,Транспорт
financial_only,test,1,6,50,929.9886052941152,0.9484428989265989,0.6724108442702665,0.03339239689950005,1.0,PastOnlyBlend,financial_only,Все категории
financial_only,test,3,6,50,985.3319140625,0.9489855092640331,0.790739193529334,0.03537956719557161,1.0,PastOnlyBlend,financial_only,Все категории
financial_only,test,6,6,50,1556.1841965280032,0.8847429760742159,0.5132561885797757,0.055876727997929046,1.0,PastOnlyBlend,financial_only,Все категории
financial_only,test,12,6,50,1153.699453125,0.9320870348984884,-0.23679595391621922,0.04142501297561858,1.0,PastOnlyBlend,financial_only,Все категории
financial_only,test,1,6,50,92.70459016173747,0.8893247119624688,-0.34062502040168696,0.06712908142835029,1.0,PastOnlyBlend,financial_only,Здоровье
financial_only,test,3,6,50,137.52358174641927,0.7333789745871322,-0.12914153244944293,0.09958332916706078,1.0,PastOnlyBlend,financial_only,Здоровье
financial_only,test,6,6,50,212.43928712511726,0.4373696860883459,-0.9732492615496198,0.1538311552763722,1.0,PastOnlyBlend,financial_only,Здоровье
financial_only,test,12,6,50,210.27828348795572,0.48917136517462867,-2.6708927728149896,0.15226633320151176,1.0,PastOnlyBlend,financial_only,Здоровье
financial_only,test,1,6,50,438.76535970699825,0.7001130450316184,-0.4425290382505134,0.08406824851786367,1.0,PastOnlyBlend,financial_only,Маркетплейсы
financial_only,test,3,6,50,428.42341959635417,0.6786323980785898,0.26182799550714664,0.08208671380427761,1.0,PastOnlyBlend,financial_only,Маркетплейсы
financial_only,test,6,6,50,531.2740905872407,0.5624479360469944,0.13483596762185057,0.10179309120577731,1.0,PastOnlyBlend,financial_only,Маркетплейсы
financial_only,test,12,6,50,940.3368082682292,-0.02757423966016259,-6.606106322932083,0.18017025897572772,1.0,PastOnlyBlend,financial_only,Маркетплейсы
financial_only,test,1,6,50,71.05127425261024,0.9654624834879656,-0.3030346544799596,0.11262962756421634,1.0,PastOnlyBlend,financial_only,Общественное питание
financial_only,test,3,6,50,94.80092018127442,0.9344493495761356,0.43894607843285605,0.15027728137289076,1.0,PastOnlyBlend,financial_only,Общественное питание
financial_only,test,6,6,50,90.02016941851375,0.936502554229641,0.41838198777622704,0.14269889261700866,1.0,PastOnlyBlend,financial_only,Общественное питание
financial_only,test,12,6,50,74.05531956990559,0.9600804426135581,0.27922017689380074,0.11739160416255405,1.0,PastOnlyBlend,financial_only,Общественное питание
financial_only,test,1,6,50,645.0384331449568,0.7865511487702075,0.5328364227852485,0.053351304421908136,1.0,PastOnlyBlend,financial_only,Продовольствие
financial_only,test,3,6,50,788.4448697916666,0.6901243080719622,0.6323619141865471,0.06521248984042156,1.0,PastOnlyBlend,financial_only,Продовольствие
financial_only,test,6,6,50,953.702990754452,0.5467309891243287,0.37296822982093536,0.0788810340180004,1.0,PastOnlyBlend,financial_only,Продовольствие
financial_only,test,12,6,50,564.784658203125,0.7984609100036661,-0.41873385406866714,0.046713492846784874,1.0,PastOnlyBlend,financial_only,Продовольствие
financial_only,test,1,6,50,85.19600654789627,0.9584443857206744,0.21724861860298716,0.05661290543334134,1.0,PastOnlyBlend,financial_only,Транспорт
financial_only,test,3,6,50,110.53331115722656,0.9289783171134115,0.45581397869502616,0.0734495916573296,1.0,PastOnlyBlend,financial_only,Транспорт
financial_only,test,6,6,50,97.64276986131885,0.9395986337943192,0.5148841874837484,0.06488380289633253,1.0,PastOnlyBlend,financial_only,Транспорт
financial_only,test,12,6,50,134.68788289388021,0.8927962613002816,-0.4877141986050144,0.089500349678966,1.0,PastOnlyBlend,financial_only,Транспорт
selected_decay,test,1,6,50,924.7157883867375,0.9483613623819961,0.6718927684426603,0.03320306985404247,1.0,PastOnlyBlend,selected_decay,Все категории
selected_decay,test,3,6,50,985.3319140625,0.9489855092640331,0.790739193529334,0.03537956719557161,1.0,PastOnlyBlend,selected_decay,Все категории
selected_decay,test,6,6,50,1563.0956625087126,0.8799908398428482,0.4931873648078421,0.05612489277529452,1.0,PastOnlyBlend,selected_decay,Все категории
selected_decay,test,12,6,50,1153.699453125,0.9320870348984884,-0.23679595391621922,0.04142501297561858,1.0,PastOnlyBlend,selected_decay,Все категории
selected_decay,test,1,6,50,91.18364412081051,0.8932459812952959,-0.2931261444327429,0.06602773671120755,1.0,PastOnlyBlend,selected_decay,Здоровье
selected_decay,test,3,6,50,137.52358174641927,0.7333789745871322,-0.12914153244944293,0.09958332916706078,1.0,PastOnlyBlend,selected_decay,Здоровье
selected_decay,test,6,6,50,205.57386536385377,0.4469450569956881,-0.9396666530324691,0.1488597783936551,1.0,PastOnlyBlend,selected_decay,Здоровье
selected_decay,test,12,6,50,210.27828348795572,0.48917136517462867,-2.6708927728149896,0.15226633320151176,1.0,PastOnlyBlend,selected_decay,Здоровье
selected_decay,test,1,6,50,440.30434283935085,0.6981066989202361,-0.45218005000177475,0.08436312051168245,1.0,PastOnlyBlend,selected_decay,Маркетплейсы
selected_decay,test,3,6,50,428.42341959635417,0.6786323980785898,0.26182799550714664,0.08208671380427761,1.0,PastOnlyBlend,selected_decay,Маркетплейсы
selected_decay,test,6,6,50,546.9832358176567,0.5423759040451901,0.09514789030410897,0.10480299227480366,1.0,PastOnlyBlend,selected_decay,Маркетплейсы
selected_decay,test,12,6,50,940.3368082682292,-0.02757423966016259,-6.606106322932083,0.18017025897572772,1.0,PastOnlyBlend,selected_decay,Маркетплейсы
selected_decay,test,1,6,50,71.05594919986805,0.965548444816625,-0.2997914974292961,0.11263703823452546,1.0,PastOnlyBlend,selected_decay,Общественное питание
selected_decay,test,3,6,50,94.80092018127442,0.9344493495761356,0.43894607843285605,0.15027728137289076,1.0,PastOnlyBlend,selected_decay,Общественное питание
selected_decay,test,6,6,50,89.48378841549302,0.9382345832907063,0.4342468668652829,0.1418486278858237,1.0,PastOnlyBlend,selected_decay,Общественное питание
selected_decay,test,12,6,50,74.05531956990559,0.9600804426135581,0.27922017689380074,0.11739160416255405,1.0,PastOnlyBlend,selected_decay,Общественное питание
selected_decay,test,1,6,50,632.9719497915034,0.7950481570415824,0.551433350137204,0.05235328229855459,1.0,PastOnlyBlend,selected_decay,Продовольствие
selected_decay,test,3,6,50,788.4448697916666,0.6901243080719622,0.6323619141865471,0.06521248984042156,1.0,PastOnlyBlend,selected_decay,Продовольствие
selected_decay,test,6,6,50,960.9776559047597,0.5390104567764957,0.36228799590105176,0.0794827235531638,1.0,PastOnlyBlend,selected_decay,Продовольствие
selected_decay,test,12,6,50,564.784658203125,0.7984609100036661,-0.41873385406866714,0.046713492846784874,1.0,PastOnlyBlend,selected_decay,Продовольствие
selected_decay,test,1,6,50,84.47572124591248,0.9590184318868831,0.2280614879920716,0.0561342745052202,1.0,PastOnlyBlend,selected_decay,Транспорт
selected_decay,test,3,6,50,110.53331115722656,0.9289783171134115,0.45581397869502616,0.0734495916573296,1.0,PastOnlyBlend,selected_decay,Транспорт
selected_decay,test,6,6,50,100.17729788044285,0.9363918784809246,0.489129013269628,0.06656800149763849,1.0,PastOnlyBlend,selected_decay,Транспорт
selected_decay,test,12,6,50,134.68788289388021,0.8927962613002816,-0.4877141986050144,0.089500349678966,1.0,PastOnlyBlend,selected_decay,Транспорт
selected_news,test,1,6,50,924.7157883867375,0.9483613623819961,0.6718927684426603,0.03320306985404247,1.0,PastOnlyBlend,selected_news,Все категории
selected_news,test,3,6,50,985.3319140625,0.9489855092640331,0.790739193529334,0.03537956719557161,1.0,PastOnlyBlend,selected_news,Все категории
selected_news,test,6,6,50,1563.0956625087126,0.8799908398428482,0.4931873648078421,0.05612489277529452,1.0,PastOnlyBlend,selected_news,Все категории
selected_news,test,12,6,50,1153.699453125,0.9320870348984884,-0.23679595391621922,0.04142501297561858,1.0,PastOnlyBlend,selected_news,Все категории
selected_news,test,1,6,50,91.18364412081051,0.8932459812952959,-0.2931261444327429,0.06602773671120755,1.0,PastOnlyBlend,selected_news,Здоровье
selected_news,test,3,6,50,137.52358174641927,0.7333789745871322,-0.12914153244944293,0.09958332916706078,1.0,PastOnlyBlend,selected_news,Здоровье
selected_news,test,6,6,50,205.57386536385377,0.4469450569956881,-0.9396666530324691,0.1488597783936551,1.0,PastOnlyBlend,selected_news,Здоровье
selected_news,test,12,6,50,210.27828348795572,0.48917136517462867,-2.6708927728149896,0.15226633320151176,1.0,PastOnlyBlend,selected_news,Здоровье
selected_news,test,1,6,50,440.30434283935085,0.6981066989202361,-0.45218005000177475,0.08436312051168245,1.0,PastOnlyBlend,selected_news,Маркетплейсы
selected_news,test,3,6,50,428.42341959635417,0.6786323980785898,0.26182799550714664,0.08208671380427761,1.0,PastOnlyBlend,selected_news,Маркетплейсы
selected_news,test,6,6,50,546.9832358176567,0.5423759040451901,0.09514789030410897,0.10480299227480366,1.0,PastOnlyBlend,selected_news,Маркетплейсы
selected_news,test,12,6,50,940.3368082682292,-0.02757423966016259,-6.606106322932083,0.18017025897572772,1.0,PastOnlyBlend,selected_news,Маркетплейсы
selected_news,test,1,6,50,71.05594919986805,0.965548444816625,-0.2997914974292961,0.11263703823452546,1.0,PastOnlyBlend,selected_news,Общественное питание
selected_news,test,3,6,50,94.80092018127442,0.9344493495761356,0.43894607843285605,0.15027728137289076,1.0,PastOnlyBlend,selected_news,Общественное питание
selected_news,test,6,6,50,89.48378841549302,0.9382345832907063,0.4342468668652829,0.1418486278858237,1.0,PastOnlyBlend,selected_news,Общественное питание
selected_news,test,12,6,50,74.05531956990559,0.9600804426135581,0.27922017689380074,0.11739160416255405,1.0,PastOnlyBlend,selected_news,Общественное питание
selected_news,test,1,6,50,632.9719497915034,0.7950481570415824,0.551433350137204,0.05235328229855459,1.0,PastOnlyBlend,selected_news,Продовольствие
selected_news,test,3,6,50,788.4448697916666,0.6901243080719622,0.6323619141865471,0.06521248984042156,1.0,PastOnlyBlend,selected_news,Продовольствие
selected_news,test,6,6,50,960.9776559047597,0.5390104567764957,0.36228799590105176,0.0794827235531638,1.0,PastOnlyBlend,selected_news,Продовольствие
selected_news,test,12,6,50,564.784658203125,0.7984609100036661,-0.41873385406866714,0.046713492846784874,1.0,PastOnlyBlend,selected_news,Продовольствие
selected_news,test,1,6,50,84.47572124591248,0.9590184318868831,0.2280614879920716,0.0561342745052202,1.0,PastOnlyBlend,selected_news,Транспорт
selected_news,test,3,6,50,110.53331115722656,0.9289783171134115,0.45581397869502616,0.0734495916573296,1.0,PastOnlyBlend,selected_news,Транспорт
selected_news,test,6,6,50,100.17729788044285,0.9363918784809246,0.489129013269628,0.06656800149763849,1.0,PastOnlyBlend,selected_news,Транспорт
selected_news,test,12,6,50,134.68788289388021,0.8927962613002816,-0.4877141986050144,0.089500349678966,1.0,PastOnlyBlend,selected_news,Транспорт
original,test,1,6,50,1477.9078515625,0.8505979312259908,0.05071277176203992,0.053066118530188715,1.0,Prophet,original,Все категории
original,test,3,6,50,1608.17978515625,0.8456387043478693,0.3668118852111174,0.05774369424097075,1.0,Prophet,original,Все категории
original,test,6,6,50,1763.0614453125,0.8158267509297996,0.22221495783372192,0.06330491277520789,1.0,Prophet,original,Все категории
original,test,12,6,50,2130.3826236979166,0.7629863193175487,-3.3163711207820903,0.07649403628533817,1.0,Prophet,original,Все категории
original,test,1,6,50,104.57534281412761,0.8691101319803252,-0.585487014271383,0.07572490953166033,1.0,Prophet,original,Здоровье
original,test,3,6,50,134.63868225097656,0.786810587602841,0.09714164723744778,0.09749432092265445,1.0,Prophet,original,Здоровье
original,test,6,6,50,115.45049987792969,0.8292319453046212,0.4010846385414758,0.08359980874440053,1.0,Prophet,original,Здоровье
original,test,12,6,50,473.0560198020935,-1.5020421875992338,-16.980058198726603,0.34254847594992976,1.0,Prophet,original,Здоровье
original,test,1,6,50,434.68072265625,0.6401874189981678,-0.7307858438781791,0.08328562455931578,1.0,Prophet,original,Маркетплейсы
original,test,3,6,50,487.4617594401042,0.5595007368235125,-0.011813954276980398,0.09339856811606936,1.0,Prophet,original,Маркетплейсы
original,test,6,6,50,551.2922843424479,0.496074864490605,0.0035976557504278084,0.10562861388381033,1.0,Prophet,original,Маркетплейсы
original,test,12,6,50,469.5833837890625,0.6683630661158066,-1.454777165850905,0.08997303851562145,1.0,Prophet,original,Маркетплейсы
original,test,1,6,50,95.2848612721761,0.9385630753284983,-1.3178980423721876,0.1510444189844907,1.0,Prophet,original,Общественное питание
original,test,3,6,50,118.27595152537027,0.9025312218962263,0.1657559485394321,0.18748961943657708,1.0,Prophet,original,Общественное питание
original,test,6,6,50,122.27138460795085,0.8959448108787038,0.04688493333777011,0.1938231320270605,1.0,Prophet,original,Общественное питание
original,test,12,6,50,149.50555825074514,0.8343400795771363,-1.9911235483470673,0.23699441736533058,1.0,Prophet,original,Общественное питание
original,test,1,6,50,975.9309602864583,0.5410732180167919,-0.004427411605602893,0.0807195154297219,1.0,Prophet,original,Продовольствие
original,test,3,6,50,1090.4450162760418,0.45578566156390876,0.35434136053065346,0.09019100417791986,1.0,Prophet,original,Продовольствие
original,test,6,6,50,908.8064713541667,0.5943815146210405,0.4388858033485049,0.07516763067499302,1.0,Prophet,original,Продовольствие
original,test,12,6,50,1323.5330208333332,0.019473202178801774,-5.902415620293721,0.10946977649478828,1.0,Prophet,original,Продовольствие
original,test,1,6,50,110.90716186523437,0.9263075572588537,-0.38808828492881653,0.07369801615087362,1.0,Prophet,original,Транспорт
original,test,3,6,50,139.67845845540364,0.8808660920234627,0.08716599284488014,0.09281659645825177,1.0,Prophet,original,Транспорт
original,test,6,6,50,154.934223429362,0.8542426716423455,-0.17065538775464573,0.102954080769778,1.0,Prophet,original,Транспорт
original,test,12,6,50,268.9386371866862,0.5544667864965018,-5.1828635429952055,0.17871022658628968,1.0,Prophet,original,Транспорт
coverage_all,test,1,6,50,1477.9078515625,0.8505979312259908,0.05071277176203992,0.053066118530188715,1.0,Prophet,coverage_all,Все категории
coverage_all,test,3,6,50,1619.096623511192,0.8423438822786107,0.35329656606466375,0.05813567689232874,1.0,Prophet,coverage_all,Все категории
coverage_all,test,6,6,50,1763.0614453125,0.8158267509297996,0.22221495783372192,0.06330491277520789,1.0,Prophet,coverage_all,Все категории
coverage_all,test,12,6,50,2130.3826236979166,0.7629863193175487,-3.3163711207820903,0.07649403628533817,1.0,Prophet,coverage_all,Все категории
coverage_all,test,1,6,50,104.57534281412761,0.8691101319803252,-0.585487014271383,0.07572490953166033,1.0,Prophet,coverage_all,Здоровье
coverage_all,test,3,6,50,137.96312489735928,0.7747034378071715,0.04586780020041148,0.09990161036456403,1.0,Prophet,coverage_all,Здоровье
coverage_all,test,6,6,50,115.45049987792969,0.8292319453046212,0.4010846385414758,0.08359980874440053,1.0,Prophet,coverage_all,Здоровье
coverage_all,test,12,6,50,473.0560198020935,-1.5020421875992338,-16.980058198726603,0.34254847594992976,1.0,Prophet,coverage_all,Здоровье
coverage_all,test,1,6,50,434.68072265625,0.6401874189981678,-0.7307858438781791,0.08328562455931578,1.0,Prophet,coverage_all,Маркетплейсы
coverage_all,test,3,6,50,484.56636250851045,0.5537941164231288,-0.024921894824332824,0.09284380474786356,1.0,Prophet,coverage_all,Маркетплейсы
coverage_all,test,6,6,50,551.2922843424479,0.496074864490605,0.0035976557504278084,0.10562861388381033,1.0,Prophet,coverage_all,Маркетплейсы
coverage_all,test,12,6,50,469.5833837890625,0.6683630661158066,-1.454777165850905,0.08997303851562145,1.0,Prophet,coverage_all,Маркетплейсы
coverage_all,test,1,6,50,95.2848612721761,0.9385630753284983,-1.3178980423721876,0.1510444189844907,1.0,Prophet,coverage_all,Общественное питание
coverage_all,test,3,6,50,119.14966237707559,0.9005067268472666,0.14842811305546022,0.1888746153970509,1.0,Prophet,coverage_all,Общественное питание
coverage_all,test,6,6,50,122.27138460795085,0.8959448108787038,0.04688493333777011,0.1938231320270605,1.0,Prophet,coverage_all,Общественное питание
coverage_all,test,12,6,50,149.50555825074514,0.8343400795771363,-1.9911235483470673,0.23699441736533058,1.0,Prophet,coverage_all,Общественное питание
coverage_all,test,1,6,50,975.9309602864583,0.5410732180167919,-0.004427411605602893,0.0807195154297219,1.0,Prophet,coverage_all,Продовольствие
coverage_all,test,3,6,50,1108.9238025979805,0.43754090407714885,0.3326956881101115,0.0917193896255938,1.0,Prophet,coverage_all,Продовольствие
coverage_all,test,6,6,50,908.8064713541667,0.5943815146210405,0.4388858033485049,0.07516763067499302,1.0,Prophet,coverage_all,Продовольствие
coverage_all,test,12,6,50,1323.5330208333332,0.019473202178801774,-5.902415620293721,0.10946977649478828,1.0,Prophet,coverage_all,Продовольствие
coverage_all,test,1,6,50,110.90716186523437,0.9263075572588537,-0.38808828492881653,0.07369801615087362,1.0,Prophet,coverage_all,Транспорт
coverage_all,test,3,6,50,137.93326581523678,0.8837317554066527,0.10912342741296566,0.0916569126901495,1.0,Prophet,coverage_all,Транспорт
coverage_all,test,6,6,50,154.934223429362,0.8542426716423455,-0.17065538775464573,0.102954080769778,1.0,Prophet,coverage_all,Транспорт
coverage_all,test,12,6,50,268.9386371866862,0.5544667864965018,-5.1828635429952055,0.17871022658628968,1.0,Prophet,coverage_all,Транспорт
economic_windows,test,1,6,50,1477.9078515625,0.8505979312259908,0.05071277176203992,0.053066118530188715,1.0,Prophet,economic_windows,Все категории
economic_windows,test,3,6,50,1608.17978515625,0.8456387043478693,0.3668118852111174,0.05774369424097075,1.0,Prophet,economic_windows,Все категории
economic_windows,test,6,6,50,1763.0614453125,0.8158267509297996,0.22221495783372192,0.06330491277520789,1.0,Prophet,economic_windows,Все категории
economic_windows,test,12,6,50,2130.3826236979166,0.7629863193175487,-3.3163711207820903,0.07649403628533817,1.0,Prophet,economic_windows,Все категории
economic_windows,test,1,6,50,104.57534281412761,0.8691101319803252,-0.585487014271383,0.07572490953166033,1.0,Prophet,economic_windows,Здоровье
economic_windows,test,3,6,50,134.63868225097656,0.786810587602841,0.09714164723744778,0.09749432092265445,1.0,Prophet,economic_windows,Здоровье
economic_windows,test,6,6,50,115.45049987792969,0.8292319453046212,0.4010846385414758,0.08359980874440053,1.0,Prophet,economic_windows,Здоровье
economic_windows,test,12,6,50,473.0560198020935,-1.5020421875992338,-16.980058198726603,0.34254847594992976,1.0,Prophet,economic_windows,Здоровье
economic_windows,test,1,6,50,434.68072265625,0.6401874189981678,-0.7307858438781791,0.08328562455931578,1.0,Prophet,economic_windows,Маркетплейсы
economic_windows,test,3,6,50,487.4617594401042,0.5595007368235125,-0.011813954276980398,0.09339856811606936,1.0,Prophet,economic_windows,Маркетплейсы
economic_windows,test,6,6,50,551.2922843424479,0.496074864490605,0.0035976557504278084,0.10562861388381033,1.0,Prophet,economic_windows,Маркетплейсы
economic_windows,test,12,6,50,469.5833837890625,0.6683630661158066,-1.454777165850905,0.08997303851562145,1.0,Prophet,economic_windows,Маркетплейсы
economic_windows,test,1,6,50,95.2848612721761,0.9385630753284983,-1.3178980423721876,0.1510444189844907,1.0,Prophet,economic_windows,Общественное питание
economic_windows,test,3,6,50,118.27595152537027,0.9025312218962263,0.1657559485394321,0.18748961943657708,1.0,Prophet,economic_windows,Общественное питание
economic_windows,test,6,6,50,122.27138460795085,0.8959448108787038,0.04688493333777011,0.1938231320270605,1.0,Prophet,economic_windows,Общественное питание
economic_windows,test,12,6,50,149.50555825074514,0.8343400795771363,-1.9911235483470673,0.23699441736533058,1.0,Prophet,economic_windows,Общественное питание
economic_windows,test,1,6,50,975.9309602864583,0.5410732180167919,-0.004427411605602893,0.0807195154297219,1.0,Prophet,economic_windows,Продовольствие
economic_windows,test,3,6,50,1090.4450162760418,0.45578566156390876,0.35434136053065346,0.09019100417791986,1.0,Prophet,economic_windows,Продовольствие
economic_windows,test,6,6,50,908.8064713541667,0.5943815146210405,0.4388858033485049,0.07516763067499302,1.0,Prophet,economic_windows,Продовольствие
economic_windows,test,12,6,50,1323.5330208333332,0.019473202178801774,-5.902415620293721,0.10946977649478828,1.0,Prophet,economic_windows,Продовольствие
economic_windows,test,1,6,50,110.90716186523437,0.9263075572588537,-0.38808828492881653,0.07369801615087362,1.0,Prophet,economic_windows,Транспорт
economic_windows,test,3,6,50,139.67845845540364,0.8808660920234627,0.08716599284488014,0.09281659645825177,1.0,Prophet,economic_windows,Транспорт
economic_windows,test,6,6,50,154.934223429362,0.8542426716423455,-0.17065538775464573,0.102954080769778,1.0,Prophet,economic_windows,Транспорт
economic_windows,test,12,6,50,268.9386371866862,0.5544667864965018,-5.1828635429952055,0.17871022658628968,1.0,Prophet,economic_windows,Транспорт
financial_only,test,1,6,50,1477.9078515625,0.8505979312259908,0.05071277176203992,0.053066118530188715,1.0,Prophet,financial_only,Все категории
financial_only,test,3,6,50,1608.17978515625,0.8456387043478693,0.3668118852111174,0.05774369424097075,1.0,Prophet,financial_only,Все категории
financial_only,test,6,6,50,1763.0614453125,0.8158267509297996,0.22221495783372192,0.06330491277520789,1.0,Prophet,financial_only,Все категории
financial_only,test,12,6,50,2130.3826236979166,0.7629863193175487,-3.3163711207820903,0.07649403628533817,1.0,Prophet,financial_only,Все категории
financial_only,test,1,6,50,104.57534281412761,0.8691101319803252,-0.585487014271383,0.07572490953166033,1.0,Prophet,financial_only,Здоровье
financial_only,test,3,6,50,134.63868225097656,0.786810587602841,0.09714164723744778,0.09749432092265445,1.0,Prophet,financial_only,Здоровье
financial_only,test,6,6,50,115.45049987792969,0.8292319453046212,0.4010846385414758,0.08359980874440053,1.0,Prophet,financial_only,Здоровье
financial_only,test,12,6,50,473.0560198020935,-1.5020421875992338,-16.980058198726603,0.34254847594992976,1.0,Prophet,financial_only,Здоровье
financial_only,test,1,6,50,434.68072265625,0.6401874189981678,-0.7307858438781791,0.08328562455931578,1.0,Prophet,financial_only,Маркетплейсы
financial_only,test,3,6,50,487.4617594401042,0.5595007368235125,-0.011813954276980398,0.09339856811606936,1.0,Prophet,financial_only,Маркетплейсы
financial_only,test,6,6,50,551.2922843424479,0.496074864490605,0.0035976557504278084,0.10562861388381033,1.0,Prophet,financial_only,Маркетплейсы
financial_only,test,12,6,50,469.5833837890625,0.6683630661158066,-1.454777165850905,0.08997303851562145,1.0,Prophet,financial_only,Маркетплейсы
financial_only,test,1,6,50,95.2848612721761,0.9385630753284983,-1.3178980423721876,0.1510444189844907,1.0,Prophet,financial_only,Общественное питание
financial_only,test,3,6,50,118.27595152537027,0.9025312218962263,0.1657559485394321,0.18748961943657708,1.0,Prophet,financial_only,Общественное питание
financial_only,test,6,6,50,122.27138460795085,0.8959448108787038,0.04688493333777011,0.1938231320270605,1.0,Prophet,financial_only,Общественное питание
financial_only,test,12,6,50,149.50555825074514,0.8343400795771363,-1.9911235483470673,0.23699441736533058,1.0,Prophet,financial_only,Общественное питание
financial_only,test,1,6,50,975.9309602864583,0.5410732180167919,-0.004427411605602893,0.0807195154297219,1.0,Prophet,financial_only,Продовольствие
financial_only,test,3,6,50,1090.4450162760418,0.45578566156390876,0.35434136053065346,0.09019100417791986,1.0,Prophet,financial_only,Продовольствие
financial_only,test,6,6,50,908.8064713541667,0.5943815146210405,0.4388858033485049,0.07516763067499302,1.0,Prophet,financial_only,Продовольствие
financial_only,test,12,6,50,1323.5330208333332,0.019473202178801774,-5.902415620293721,0.10946977649478828,1.0,Prophet,financial_only,Продовольствие
financial_only,test,1,6,50,110.90716186523437,0.9263075572588537,-0.38808828492881653,0.07369801615087362,1.0,Prophet,financial_only,Транспорт
financial_only,test,3,6,50,139.67845845540364,0.8808660920234627,0.08716599284488014,0.09281659645825177,1.0,Prophet,financial_only,Транспорт
financial_only,test,6,6,50,154.934223429362,0.8542426716423455,-0.17065538775464573,0.102954080769778,1.0,Prophet,financial_only,Транспорт
financial_only,test,12,6,50,268.9386371866862,0.5544667864965018,-5.1828635429952055,0.17871022658628968,1.0,Prophet,financial_only,Транспорт
selected_decay,test,1,6,50,1477.9078515625,0.8505979312259908,0.05071277176203992,0.053066118530188715,1.0,Prophet,selected_decay,Все категории
selected_decay,test,3,6,50,1608.17978515625,0.8456387043478693,0.3668118852111174,0.05774369424097075,1.0,Prophet,selected_decay,Все категории
selected_decay,test,6,6,50,1763.0614453125,0.8158267509297996,0.22221495783372192,0.06330491277520789,1.0,Prophet,selected_decay,Все категории
selected_decay,test,12,6,50,2130.3826236979166,0.7629863193175487,-3.3163711207820903,0.07649403628533817,1.0,Prophet,selected_decay,Все категории
selected_decay,test,1,6,50,104.57534281412761,0.8691101319803252,-0.585487014271383,0.07572490953166033,1.0,Prophet,selected_decay,Здоровье
selected_decay,test,3,6,50,134.63868225097656,0.786810587602841,0.09714164723744778,0.09749432092265445,1.0,Prophet,selected_decay,Здоровье
selected_decay,test,6,6,50,115.45049987792969,0.8292319453046212,0.4010846385414758,0.08359980874440053,1.0,Prophet,selected_decay,Здоровье
selected_decay,test,12,6,50,473.0560198020935,-1.5020421875992338,-16.980058198726603,0.34254847594992976,1.0,Prophet,selected_decay,Здоровье
selected_decay,test,1,6,50,434.68072265625,0.6401874189981678,-0.7307858438781791,0.08328562455931578,1.0,Prophet,selected_decay,Маркетплейсы
selected_decay,test,3,6,50,487.4617594401042,0.5595007368235125,-0.011813954276980398,0.09339856811606936,1.0,Prophet,selected_decay,Маркетплейсы
selected_decay,test,6,6,50,551.2922843424479,0.496074864490605,0.0035976557504278084,0.10562861388381033,1.0,Prophet,selected_decay,Маркетплейсы
selected_decay,test,12,6,50,469.5833837890625,0.6683630661158066,-1.454777165850905,0.08997303851562145,1.0,Prophet,selected_decay,Маркетплейсы
selected_decay,test,1,6,50,95.2848612721761,0.9385630753284983,-1.3178980423721876,0.1510444189844907,1.0,Prophet,selected_decay,Общественное питание
selected_decay,test,3,6,50,118.27595152537027,0.9025312218962263,0.1657559485394321,0.18748961943657708,1.0,Prophet,selected_decay,Общественное питание
selected_decay,test,6,6,50,122.27138460795085,0.8959448108787038,0.04688493333777011,0.1938231320270605,1.0,Prophet,selected_decay,Общественное питание
selected_decay,test,12,6,50,149.50555825074514,0.8343400795771363,-1.9911235483470673,0.23699441736533058,1.0,Prophet,selected_decay,Общественное питание
selected_decay,test,1,6,50,975.9309602864583,0.5410732180167919,-0.004427411605602893,0.0807195154297219,1.0,Prophet,selected_decay,Продовольствие
selected_decay,test,3,6,50,1090.4450162760418,0.45578566156390876,0.35434136053065346,0.09019100417791986,1.0,Prophet,selected_decay,Продовольствие
selected_decay,test,6,6,50,908.8064713541667,0.5943815146210405,0.4388858033485049,0.07516763067499302,1.0,Prophet,selected_decay,Продовольствие
selected_decay,test,12,6,50,1323.5330208333332,0.019473202178801774,-5.902415620293721,0.10946977649478828,1.0,Prophet,selected_decay,Продовольствие
selected_decay,test,1,6,50,110.90716186523437,0.9263075572588537,-0.38808828492881653,0.07369801615087362,1.0,Prophet,selected_decay,Транспорт
selected_decay,test,3,6,50,139.67845845540364,0.8808660920234627,0.08716599284488014,0.09281659645825177,1.0,Prophet,selected_decay,Транспорт
selected_decay,test,6,6,50,154.934223429362,0.8542426716423455,-0.17065538775464573,0.102954080769778,1.0,Prophet,selected_decay,Транспорт
selected_decay,test,12,6,50,268.9386371866862,0.5544667864965018,-5.1828635429952055,0.17871022658628968,1.0,Prophet,selected_decay,Транспорт
selected_news,test,1,6,50,1477.9078515625,0.8505979312259908,0.05071277176203992,0.053066118530188715,1.0,Prophet,selected_news,Все категории
selected_news,test,3,6,50,1608.17978515625,0.8456387043478693,0.3668118852111174,0.05774369424097075,1.0,Prophet,selected_news,Все категории
selected_news,test,6,6,50,1763.0614453125,0.8158267509297996,0.22221495783372192,0.06330491277520789,1.0,Prophet,selected_news,Все категории
selected_news,test,12,6,50,2130.3826236979166,0.7629863193175487,-3.3163711207820903,0.07649403628533817,1.0,Prophet,selected_news,Все категории
selected_news,test,1,6,50,104.57534281412761,0.8691101319803252,-0.585487014271383,0.07572490953166033,1.0,Prophet,selected_news,Здоровье
selected_news,test,3,6,50,134.63868225097656,0.786810587602841,0.09714164723744778,0.09749432092265445,1.0,Prophet,selected_news,Здоровье
selected_news,test,6,6,50,115.45049987792969,0.8292319453046212,0.4010846385414758,0.08359980874440053,1.0,Prophet,selected_news,Здоровье
selected_news,test,12,6,50,473.0560198020935,-1.5020421875992338,-16.980058198726603,0.34254847594992976,1.0,Prophet,selected_news,Здоровье
selected_news,test,1,6,50,434.68072265625,0.6401874189981678,-0.7307858438781791,0.08328562455931578,1.0,Prophet,selected_news,Маркетплейсы
selected_news,test,3,6,50,487.4617594401042,0.5595007368235125,-0.011813954276980398,0.09339856811606936,1.0,Prophet,selected_news,Маркетплейсы
selected_news,test,6,6,50,551.2922843424479,0.496074864490605,0.0035976557504278084,0.10562861388381033,1.0,Prophet,selected_news,Маркетплейсы
selected_news,test,12,6,50,469.5833837890625,0.6683630661158066,-1.454777165850905,0.08997303851562145,1.0,Prophet,selected_news,Маркетплейсы
selected_news,test,1,6,50,95.2848612721761,0.9385630753284983,-1.3178980423721876,0.1510444189844907,1.0,Prophet,selected_news,Общественное питание
selected_news,test,3,6,50,118.27595152537027,0.9025312218962263,0.1657559485394321,0.18748961943657708,1.0,Prophet,selected_news,Общественное питание
selected_news,test,6,6,50,122.27138460795085,0.8959448108787038,0.04688493333777011,0.1938231320270605,1.0,Prophet,selected_news,Общественное питание
selected_news,test,12,6,50,149.50555825074514,0.8343400795771363,-1.9911235483470673,0.23699441736533058,1.0,Prophet,selected_news,Общественное питание
selected_news,test,1,6,50,975.9309602864583,0.5410732180167919,-0.004427411605602893,0.0807195154297219,1.0,Prophet,selected_news,Продовольствие
selected_news,test,3,6,50,1090.4450162760418,0.45578566156390876,0.35434136053065346,0.09019100417791986,1.0,Prophet,selected_news,Продовольствие
selected_news,test,6,6,50,908.8064713541667,0.5943815146210405,0.4388858033485049,0.07516763067499302,1.0,Prophet,selected_news,Продовольствие
selected_news,test,12,6,50,1323.5330208333332,0.019473202178801774,-5.902415620293721,0.10946977649478828,1.0,Prophet,selected_news,Продовольствие
selected_news,test,1,6,50,110.90716186523437,0.9263075572588537,-0.38808828492881653,0.07369801615087362,1.0,Prophet,selected_news,Транспорт
selected_news,test,3,6,50,139.67845845540364,0.8808660920234627,0.08716599284488014,0.09281659645825177,1.0,Prophet,selected_news,Транспорт
selected_news,test,6,6,50,154.934223429362,0.8542426716423455,-0.17065538775464573,0.102954080769778,1.0,Prophet,selected_news,Транспорт
selected_news,test,12,6,50,268.9386371866862,0.5544667864965018,-5.1828635429952055,0.17871022658628968,1.0,Prophet,selected_news,Транспорт
original,test,1,6,50,765.5051627604166,0.964695665064248,0.775679449883395,0.02748641443346292,1.0,SeasonalNaive_NatGrowth,original,Все категории
original,test,3,6,50,773.13056640625,0.9633218552228651,0.8495467063341718,0.027760214030158013,1.0,SeasonalNaive_NatGrowth,original,Все категории
original,test,6,6,50,785.9823958333334,0.9621666157852533,0.8402252200831648,0.028221674941260377,1.0,SeasonalNaive_NatGrowth,original,Все категории
original,test,12,6,50,1347.3876432291668,0.9140954558484857,-0.564449328207071,0.04837962820626293,1.0,SeasonalNaive_NatGrowth,original,Все категории
original,test,1,6,50,116.56652323404948,0.80891674154313,-1.3146178501951753,0.08440794157383434,1.0,SeasonalNaive_NatGrowth,original,Здоровье
original,test,3,6,50,130.4000478108724,0.7698957881509996,0.025507377042320645,0.09442504855999855,1.0,SeasonalNaive_NatGrowth,original,Здоровье
original,test,6,6,50,136.44883463541666,0.747779224038956,0.11541478017348428,0.09880508521815268,1.0,SeasonalNaive_NatGrowth,original,Здоровье
original,test,12,6,50,121.77091084798177,0.8111403850970482,-0.35717410528653937,0.08817653339124959,1.0,SeasonalNaive_NatGrowth,original,Здоровье
original,test,1,6,50,856.551953125,0.13449944085696608,-3.1632677530688795,0.1641169268965548,1.0,SeasonalNaive_NatGrowth,original,Маркетплейсы
original,test,3,6,50,795.6804516601562,0.232323119344499,-0.7633313949763729,0.15245383545237312,1.0,SeasonalNaive_NatGrowth,original,Маркетплейсы
original,test,6,6,50,796.0529654947917,0.20336528260763842,-0.5751718737307276,0.15252520978704573,1.0,SeasonalNaive_NatGrowth,original,Маркетплейсы
original,test,12,6,50,1167.7854386393228,-0.5551987852535603,-10.511584134150217,0.22374983416337177,1.0,SeasonalNaive_NatGrowth,original,Маркетплейсы
original,test,1,6,50,54.77527435302734,0.9791190116026443,0.21220011600811595,0.08682910778173125,1.0,SeasonalNaive_NatGrowth,original,Общественное питание
original,test,3,6,50,55.162796567281084,0.9790518901155039,0.8207032405610242,0.08744340334677746,1.0,SeasonalNaive_NatGrowth,original,Общественное питание
original,test,6,6,50,54.895083351135256,0.9796667018218388,0.813752941951313,0.08701902756821897,1.0,SeasonalNaive_NatGrowth,original,Общественное питание
original,test,12,6,50,52.877985356648765,0.9806944106214861,0.6514220044450636,0.08382154802588417,1.0,SeasonalNaive_NatGrowth,original,Общественное питание
original,test,1,6,50,717.9003450520834,0.7130882446961389,0.3720522683515518,0.0593777329929415,1.0,SeasonalNaive_NatGrowth,original,Продовольствие
original,test,3,6,50,682.1969108072917,0.7380755566876291,0.6892515177038266,0.05642469222603049,1.0,SeasonalNaive_NatGrowth,original,Продовольствие
original,test,6,6,50,572.8521028645833,0.796460388601582,0.7184325427627438,0.047380753391155626,1.0,SeasonalNaive_NatGrowth,original,Продовольствие
original,test,12,6,50,462.388916015625,0.8605512144351877,0.01835066838318966,0.03824431313245788,1.0,SeasonalNaive_NatGrowth,original,Продовольствие
original,test,1,6,50,96.6894394938151,0.9340692624428506,-0.2418869698927255,0.06425031308701991,1.0,SeasonalNaive_NatGrowth,original,Транспорт
original,test,3,6,50,98.19369384765625,0.9325564445133095,0.48323049199536827,0.06524989291396667,1.0,SeasonalNaive_NatGrowth,original,Транспорт
original,test,6,6,50,101.94275105794271,0.9285989034980446,0.42653944571141766,0.06774114843063002,1.0,SeasonalNaive_NatGrowth,original,Транспорт
original,test,12,6,50,104.29960489908854,0.9262763497333616,-0.023096046882144394,0.06930728220890735,1.0,SeasonalNaive_NatGrowth,original,Транспорт
coverage_all,test,1,6,50,831.7949829847689,0.9603247784572934,0.7479072318270666,0.029866632830470072,1.0,SeasonalNaive_NatGrowth,coverage_all,Все категории
coverage_all,test,3,6,50,831.6964038164349,0.9588949314355759,0.8313875200216605,0.02986309322289177,1.0,SeasonalNaive_NatGrowth,coverage_all,Все категории
coverage_all,test,6,6,50,1177.1008238664724,0.9229688021713349,0.6746882961898005,0.04226526828126769,1.0,SeasonalNaive_NatGrowth,coverage_all,Все категории
coverage_all,test,12,6,50,1347.3876432291668,0.9140954558484857,-0.564449328207071,0.04837962820626293,1.0,SeasonalNaive_NatGrowth,coverage_all,Все категории
coverage_all,test,1,6,50,112.88483273914851,0.826005314298101,-1.1076216127830811,0.08174196246109566,1.0,SeasonalNaive_NatGrowth,coverage_all,Здоровье
coverage_all,test,3,6,50,132.53028431529552,0.7709281250962347,0.029879329773887298,0.09596759159392576,1.0,SeasonalNaive_NatGrowth,coverage_all,Здоровье
coverage_all,test,6,6,50,159.0492880891245,0.687450801579953,-0.09616822935197455,0.1151704850064986,1.0,SeasonalNaive_NatGrowth,coverage_all,Здоровье
coverage_all,test,12,6,50,121.77091084798177,0.8111403850970482,-0.35717410528653937,0.08817653339124959,1.0,SeasonalNaive_NatGrowth,coverage_all,Здоровье
coverage_all,test,1,6,50,663.9436374859278,0.44903230827486285,-1.650288321261474,0.12721281998035336,1.0,SeasonalNaive_NatGrowth,coverage_all,Маркетплейсы
coverage_all,test,3,6,50,645.7756218347402,0.46799965707190594,-0.2219892645748165,0.12373179482408209,1.0,SeasonalNaive_NatGrowth,coverage_all,Маркетплейсы
coverage_all,test,6,6,50,492.6039957998922,0.6146434019280761,0.23804114811068688,0.09438383004404138,1.0,SeasonalNaive_NatGrowth,coverage_all,Маркетплейсы
coverage_all,test,12,6,50,1167.7854386393228,-0.5551987852535603,-10.511584134150217,0.22374983416337177,1.0,SeasonalNaive_NatGrowth,coverage_all,Маркетплейсы
coverage_all,test,1,6,50,50.760820735365044,0.9816508014089361,0.3077197187076305,0.08046544406721996,1.0,SeasonalNaive_NatGrowth,coverage_all,Общественное питание
coverage_all,test,3,6,50,53.22403309869666,0.9799986346367109,0.8288065121977007,0.08437009875514656,1.0,SeasonalNaive_NatGrowth,coverage_all,Общественное питание
coverage_all,test,6,6,50,59.057018990547114,0.9738353530790538,0.7603394947926969,0.09361647801430967,1.0,SeasonalNaive_NatGrowth,coverage_all,Общественное питание
coverage_all,test,12,6,50,52.877985356648765,0.9806944106214861,0.6514220044450636,0.08382154802588417,1.0,SeasonalNaive_NatGrowth,coverage_all,Общественное питание
coverage_all,test,1,6,50,702.2953558899476,0.7267008830707705,0.40184548954615784,0.05808704009076743,1.0,SeasonalNaive_NatGrowth,coverage_all,Продовольствие
coverage_all,test,3,6,50,715.2635404613549,0.7232653999076992,0.6716806729070202,0.059159642167352776,1.0,SeasonalNaive_NatGrowth,coverage_all,Продовольствие
coverage_all,test,6,6,50,868.6337120043413,0.6245125700145703,0.4805677373599848,0.07184493081183782,1.0,SeasonalNaive_NatGrowth,coverage_all,Продовольствие
coverage_all,test,12,6,50,462.388916015625,0.8605512144351877,0.01835066838318966,0.03824431313245788,1.0,SeasonalNaive_NatGrowth,coverage_all,Продовольствие
coverage_all,test,1,6,50,91.22426729143993,0.9422300885774526,-0.0881677182108036,0.06061869595369746,1.0,SeasonalNaive_NatGrowth,coverage_all,Транспорт
coverage_all,test,3,6,50,95.18209869091135,0.9369382925813782,0.5168053154747401,0.06324868230890787,1.0,SeasonalNaive_NatGrowth,coverage_all,Транспорт
coverage_all,test,6,6,50,102.29912643337566,0.9317009411456487,0.45145357610954673,0.06797796053304722,1.0,SeasonalNaive_NatGrowth,coverage_all,Транспорт
coverage_all,test,12,6,50,104.29960489908854,0.9262763497333616,-0.023096046882144394,0.06930728220890735,1.0,SeasonalNaive_NatGrowth,coverage_all,Транспорт
economic_windows,test,1,6,50,751.0743098869425,0.9660368709002665,0.7842013504234498,0.02696825672270587,1.0,SeasonalNaive_NatGrowth,economic_windows,Все категории
economic_windows,test,3,6,50,773.13056640625,0.9633218552228651,0.8495467063341718,0.027760214030158013,1.0,SeasonalNaive_NatGrowth,economic_windows,Все категории
economic_windows,test,6,6,50,785.9823958333334,0.9621666157852533,0.8402252200831648,0.028221674941260377,1.0,SeasonalNaive_NatGrowth,economic_windows,Все категории
economic_windows,test,12,6,50,1347.3876432291668,0.9140954558484857,-0.564449328207071,0.04837962820626293,1.0,SeasonalNaive_NatGrowth,economic_windows,Все категории
economic_windows,test,1,6,50,113.39733447912181,0.8186146479109386,-1.1971457735217599,0.0821130743011331,1.0,SeasonalNaive_NatGrowth,economic_windows,Здоровье
economic_windows,test,3,6,50,130.4000478108724,0.7698957881509996,0.025507377042320645,0.09442504855999855,1.0,SeasonalNaive_NatGrowth,economic_windows,Здоровье
economic_windows,test,6,6,50,136.44883463541666,0.747779224038956,0.11541478017348428,0.09880508521815268,1.0,SeasonalNaive_NatGrowth,economic_windows,Здоровье
economic_windows,test,12,6,50,121.77091084798177,0.8111403850970482,-0.35717410528653937,0.08817653339124959,1.0,SeasonalNaive_NatGrowth,economic_windows,Здоровье
economic_windows,test,1,6,50,822.1577251890081,0.19660150404317944,-2.864541756498517,0.15752692967427206,1.0,SeasonalNaive_NatGrowth,economic_windows,Маркетплейсы
economic_windows,test,3,6,50,795.6804516601562,0.232323119344499,-0.7633313949763729,0.15245383545237312,1.0,SeasonalNaive_NatGrowth,economic_windows,Маркетплейсы
economic_windows,test,6,6,50,796.0529654947917,0.20336528260763842,-0.5751718737307276,0.15252520978704573,1.0,SeasonalNaive_NatGrowth,economic_windows,Маркетплейсы
economic_windows,test,12,6,50,1167.7854386393228,-0.5551987852535603,-10.511584134150217,0.22374983416337177,1.0,SeasonalNaive_NatGrowth,economic_windows,Маркетплейсы
economic_windows,test,1,6,50,53.84548138429851,0.9797553780912378,0.2362090104316077,0.08535521112215222,1.0,SeasonalNaive_NatGrowth,economic_windows,Общественное питание
economic_windows,test,3,6,50,55.162796567281084,0.9790518901155039,0.8207032405610242,0.08744340334677746,1.0,SeasonalNaive_NatGrowth,economic_windows,Общественное питание
economic_windows,test,6,6,50,54.895083351135256,0.9796667018218388,0.813752941951313,0.08701902756821897,1.0,SeasonalNaive_NatGrowth,economic_windows,Общественное питание
economic_windows,test,12,6,50,52.877985356648765,0.9806944106214861,0.6514220044450636,0.08382154802588417,1.0,SeasonalNaive_NatGrowth,economic_windows,Общественное питание
economic_windows,test,1,6,50,696.7006505584992,0.7278774263730334,0.4044205241489045,0.057624300489603396,1.0,SeasonalNaive_NatGrowth,economic_windows,Продовольствие
economic_windows,test,3,6,50,682.1969108072917,0.7380755566876291,0.6892515177038266,0.05642469222603049,1.0,SeasonalNaive_NatGrowth,economic_windows,Продовольствие
economic_windows,test,6,6,50,572.8521028645833,0.796460388601582,0.7184325427627438,0.047380753391155626,1.0,SeasonalNaive_NatGrowth,economic_windows,Продовольствие
economic_windows,test,12,6,50,462.388916015625,0.8605512144351877,0.01835066838318966,0.03824431313245788,1.0,SeasonalNaive_NatGrowth,economic_windows,Продовольствие
economic_windows,test,1,6,50,94.78011372140884,0.9365001217896919,-0.19609872816605978,0.06298156254606693,1.0,SeasonalNaive_NatGrowth,economic_windows,Транспорт
economic_windows,test,3,6,50,98.19369384765625,0.9325564445133095,0.48323049199536827,0.06524989291396667,1.0,SeasonalNaive_NatGrowth,economic_windows,Транспорт
economic_windows,test,6,6,50,101.94275105794271,0.9285989034980446,0.42653944571141766,0.06774114843063002,1.0,SeasonalNaive_NatGrowth,economic_windows,Транспорт
economic_windows,test,12,6,50,104.29960489908854,0.9262763497333616,-0.023096046882144394,0.06930728220890735,1.0,SeasonalNaive_NatGrowth,economic_windows,Транспорт
financial_only,test,1,6,50,821.150220315355,0.9610402823215677,0.7524534786473693,0.02948441939480584,1.0,SeasonalNaive_NatGrowth,financial_only,Все категории
financial_only,test,3,6,50,830.4156442803171,0.95903018884296,0.8319423442243915,0.029817105959693703,1.0,SeasonalNaive_NatGrowth,financial_only,Все категории
financial_only,test,6,6,50,1283.2958935946822,0.912385142048391,0.6299922690710098,0.046078334266106274,1.0,SeasonalNaive_NatGrowth,financial_only,Все категории
financial_only,test,12,6,50,1347.3876432291668,0.9140954558484857,-0.564449328207071,0.04837962820626293,1.0,SeasonalNaive_NatGrowth,financial_only,Все категории
financial_only,test,1,6,50,112.54522186097772,0.826725382510519,-1.098899327265864,0.08149604404157722,1.0,SeasonalNaive_NatGrowth,financial_only,Здоровье
financial_only,test,3,6,50,132.3692437289241,0.7713745253296651,0.03176983725686222,0.09585097917358135,1.0,SeasonalNaive_NatGrowth,financial_only,Здоровье
financial_only,test,6,6,50,168.70102013300598,0.650043058227626,-0.22736414987218923,0.12215947988979353,1.0,SeasonalNaive_NatGrowth,financial_only,Здоровье
financial_only,test,12,6,50,121.77091084798177,0.8111403850970482,-0.35717410528653937,0.08817653339124959,1.0,SeasonalNaive_NatGrowth,financial_only,Здоровье
financial_only,test,1,6,50,665.154098358656,0.4473655162378647,-1.658305995502583,0.12744474650604268,1.0,SeasonalNaive_NatGrowth,financial_only,Маркетплейсы
financial_only,test,3,6,50,645.5123737135302,0.4686400827050944,-0.22051822558223355,0.12368135600071983,1.0,SeasonalNaive_NatGrowth,financial_only,Маркетплейсы
financial_only,test,6,6,50,501.5388186284801,0.5939489635892117,0.1971223976440547,0.0960957585028386,1.0,SeasonalNaive_NatGrowth,financial_only,Маркетплейсы
financial_only,test,12,6,50,1167.7854386393228,-0.5551987852535603,-10.511584134150217,0.22374983416337177,1.0,SeasonalNaive_NatGrowth,financial_only,Маркетплейсы
financial_only,test,1,6,50,50.83369434259089,0.9815952482257403,0.3056238030141657,0.08058096243515137,1.0,SeasonalNaive_NatGrowth,financial_only,Общественное питание
financial_only,test,3,6,50,53.148016148858446,0.9800543193651925,0.8292831228046741,0.08424959759821579,1.0,SeasonalNaive_NatGrowth,financial_only,Общественное питание
financial_only,test,6,6,50,58.40573142367078,0.9744294016295562,0.7657808055874193,0.0925840647766007,1.0,SeasonalNaive_NatGrowth,financial_only,Общественное питание
financial_only,test,12,6,50,52.877985356648765,0.9806944106214861,0.6514220044450636,0.08382154802588417,1.0,SeasonalNaive_NatGrowth,financial_only,Общественное питание
financial_only,test,1,6,50,699.1615719621195,0.7290341819964254,0.406952250564266,0.057827843968900894,1.0,SeasonalNaive_NatGrowth,financial_only,Продовольствие
financial_only,test,3,6,50,713.9272081851528,0.7242802301252301,0.6728846726021153,0.05904911376096176,1.0,SeasonalNaive_NatGrowth,financial_only,Продовольствие
financial_only,test,6,6,50,939.1457807008871,0.5821999788145511,0.42203441978383915,0.07767700321116185,1.0,SeasonalNaive_NatGrowth,financial_only,Продовольствие
financial_only,test,12,6,50,462.388916015625,0.8605512144351877,0.01835066838318966,0.03824431313245788,1.0,SeasonalNaive_NatGrowth,financial_only,Продовольствие
financial_only,test,1,6,50,91.09880696442954,0.9423602600274479,-0.08571577798396945,0.06053532733213324,1.0,SeasonalNaive_NatGrowth,financial_only,Транспорт
financial_only,test,3,6,50,95.04661024644852,0.9370700923460332,0.5178151984657007,0.0631586499845715,1.0,SeasonalNaive_NatGrowth,financial_only,Транспорт
financial_only,test,6,6,50,106.61354103662673,0.9269927177599272,0.4136393053943008,0.07084489709299929,1.0,SeasonalNaive_NatGrowth,financial_only,Транспорт
financial_only,test,12,6,50,104.29960489908854,0.9262763497333616,-0.023096046882144394,0.06930728220890735,1.0,SeasonalNaive_NatGrowth,financial_only,Транспорт
selected_decay,test,1,6,50,801.227183216999,0.9633906181911075,0.7673873001220817,0.028769057982370717,1.0,SeasonalNaive_NatGrowth,selected_decay,Все категории
selected_decay,test,3,6,50,797.8938960138103,0.9614895212408835,0.8420304951310139,0.028649372161882947,1.0,SeasonalNaive_NatGrowth,selected_decay,Все категории
selected_decay,test,6,6,50,1121.2129700079765,0.928827751688716,0.6994313211428397,0.04025854541683653,1.0,SeasonalNaive_NatGrowth,selected_decay,Все категории
selected_decay,test,12,6,50,1347.3876432291668,0.9140954558484857,-0.564449328207071,0.04837962820626293,1.0,SeasonalNaive_NatGrowth,selected_decay,Все категории
selected_decay,test,1,6,50,103.88805558885947,0.8495310547572317,-0.8226510756177146,0.07522723233974139,1.0,SeasonalNaive_NatGrowth,selected_decay,Здоровье
selected_decay,test,3,6,50,126.25431803343085,0.7874463454891073,0.09983408543827599,0.09142305015491123,1.0,SeasonalNaive_NatGrowth,selected_decay,Здоровье
selected_decay,test,6,6,50,156.08690319721038,0.700320817563,-0.05103068715643033,0.11302536817588135,1.0,SeasonalNaive_NatGrowth,selected_decay,Здоровье
selected_decay,test,12,6,50,121.77091084798177,0.8111403850970482,-0.35717410528653937,0.08817653339124959,1.0,SeasonalNaive_NatGrowth,selected_decay,Здоровье
selected_decay,test,1,6,50,671.7843123224437,0.43786153674326556,-1.7040224435599591,0.12871510767495203,1.0,SeasonalNaive_NatGrowth,selected_decay,Маркетплейсы
selected_decay,test,3,6,50,652.6567029334656,0.45798041280301927,-0.2450031763109357,0.12505022259665174,1.0,SeasonalNaive_NatGrowth,selected_decay,Маркетплейсы
selected_decay,test,6,6,50,490.86549962341047,0.6195383941599478,0.247719930515518,0.09405073098465024,1.0,SeasonalNaive_NatGrowth,selected_decay,Маркетплейсы
selected_decay,test,12,6,50,1167.7854386393228,-0.5551987852535603,-10.511584134150217,0.22374983416337177,1.0,SeasonalNaive_NatGrowth,selected_decay,Маркетплейсы
selected_decay,test,1,6,50,50.26290979572401,0.981877999053589,0.31629145270291226,0.07967616161899058,1.0,SeasonalNaive_NatGrowth,selected_decay,Общественное питание
selected_decay,test,3,6,50,52.88453060899252,0.9801584953507042,0.8301747744485026,0.08383192348137804,1.0,SeasonalNaive_NatGrowth,selected_decay,Общественное питание
selected_decay,test,6,6,50,58.181254606481176,0.9747748525711741,0.768945035070151,0.09222822681897339,1.0,SeasonalNaive_NatGrowth,selected_decay,Общественное питание
selected_decay,test,12,6,50,52.877985356648765,0.9806944106214861,0.6514220044450636,0.08382154802588417,1.0,SeasonalNaive_NatGrowth,selected_decay,Общественное питание
selected_decay,test,1,6,50,652.2487678079317,0.757858615956547,0.47003867901032026,0.053947673164949785,1.0,SeasonalNaive_NatGrowth,selected_decay,Продовольствие
selected_decay,test,3,6,50,690.4724481868866,0.7369844767910334,0.6879570550044191,0.05710916417577311,1.0,SeasonalNaive_NatGrowth,selected_decay,Продовольствие
selected_decay,test,6,6,50,863.0874958456095,0.6346800673909808,0.4946329916025044,0.07138620176335071,1.0,SeasonalNaive_NatGrowth,selected_decay,Продовольствие
selected_decay,test,12,6,50,462.388916015625,0.8605512144351877,0.01835066838318966,0.03824431313245788,1.0,SeasonalNaive_NatGrowth,selected_decay,Продовольствие
selected_decay,test,1,6,50,89.89799427182183,0.9440955508253264,-0.053029429996553024,0.05973738505567761,1.0,SeasonalNaive_NatGrowth,selected_decay,Транспорт
selected_decay,test,3,6,50,96.28672357695615,0.9360378840523856,0.5099061585549592,0.06398270760829575,1.0,SeasonalNaive_NatGrowth,selected_decay,Транспорт
selected_decay,test,6,6,50,100.40302140700949,0.934235428558348,0.47180940574983965,0.06671799520252432,1.0,SeasonalNaive_NatGrowth,selected_decay,Транспорт
selected_decay,test,12,6,50,104.29960489908854,0.9262763497333616,-0.023096046882144394,0.06930728220890735,1.0,SeasonalNaive_NatGrowth,selected_decay,Транспорт
selected_news,test,1,6,50,801.227183216999,0.9633906181911075,0.7673873001220817,0.028769057982370717,1.0,SeasonalNaive_NatGrowth,selected_news,Все категории
selected_news,test,3,6,50,797.8938960138103,0.9614895212408835,0.8420304951310139,0.028649372161882947,1.0,SeasonalNaive_NatGrowth,selected_news,Все категории
selected_news,test,6,6,50,1121.2129700079765,0.928827751688716,0.6994313211428397,0.04025854541683653,1.0,SeasonalNaive_NatGrowth,selected_news,Все категории
selected_news,test,12,6,50,1347.3876432291668,0.9140954558484857,-0.564449328207071,0.04837962820626293,1.0,SeasonalNaive_NatGrowth,selected_news,Все категории
selected_news,test,1,6,50,103.88805558885947,0.8495310547572317,-0.8226510756177146,0.07522723233974139,1.0,SeasonalNaive_NatGrowth,selected_news,Здоровье
selected_news,test,3,6,50,126.25431803343085,0.7874463454891073,0.09983408543827599,0.09142305015491123,1.0,SeasonalNaive_NatGrowth,selected_news,Здоровье
selected_news,test,6,6,50,156.08690319721038,0.700320817563,-0.05103068715643033,0.11302536817588135,1.0,SeasonalNaive_NatGrowth,selected_news,Здоровье
selected_news,test,12,6,50,121.77091084798177,0.8111403850970482,-0.35717410528653937,0.08817653339124959,1.0,SeasonalNaive_NatGrowth,selected_news,Здоровье
selected_news,test,1,6,50,671.7843123224437,0.43786153674326556,-1.7040224435599591,0.12871510767495203,1.0,SeasonalNaive_NatGrowth,selected_news,Маркетплейсы
selected_news,test,3,6,50,652.6567029334656,0.45798041280301927,-0.2450031763109357,0.12505022259665174,1.0,SeasonalNaive_NatGrowth,selected_news,Маркетплейсы
selected_news,test,6,6,50,490.86549962341047,0.6195383941599478,0.247719930515518,0.09405073098465024,1.0,SeasonalNaive_NatGrowth,selected_news,Маркетплейсы
selected_news,test,12,6,50,1167.7854386393228,-0.5551987852535603,-10.511584134150217,0.22374983416337177,1.0,SeasonalNaive_NatGrowth,selected_news,Маркетплейсы
selected_news,test,1,6,50,50.26290979572401,0.981877999053589,0.31629145270291226,0.07967616161899058,1.0,SeasonalNaive_NatGrowth,selected_news,Общественное питание
selected_news,test,3,6,50,52.88453060899252,0.9801584953507042,0.8301747744485026,0.08383192348137804,1.0,SeasonalNaive_NatGrowth,selected_news,Общественное питание
selected_news,test,6,6,50,58.181254606481176,0.9747748525711741,0.768945035070151,0.09222822681897339,1.0,SeasonalNaive_NatGrowth,selected_news,Общественное питание
selected_news,test,12,6,50,52.877985356648765,0.9806944106214861,0.6514220044450636,0.08382154802588417,1.0,SeasonalNaive_NatGrowth,selected_news,Общественное питание
selected_news,test,1,6,50,652.2487678079317,0.757858615956547,0.47003867901032026,0.053947673164949785,1.0,SeasonalNaive_NatGrowth,selected_news,Продовольствие
selected_news,test,3,6,50,690.4724481868866,0.7369844767910334,0.6879570550044191,0.05710916417577311,1.0,SeasonalNaive_NatGrowth,selected_news,Продовольствие
selected_news,test,6,6,50,863.0874958456095,0.6346800673909808,0.4946329916025044,0.07138620176335071,1.0,SeasonalNaive_NatGrowth,selected_news,Продовольствие
selected_news,test,12,6,50,462.388916015625,0.8605512144351877,0.01835066838318966,0.03824431313245788,1.0,SeasonalNaive_NatGrowth,selected_news,Продовольствие
selected_news,test,1,6,50,89.89799427182183,0.9440955508253264,-0.053029429996553024,0.05973738505567761,1.0,SeasonalNaive_NatGrowth,selected_news,Транспорт
selected_news,test,3,6,50,96.28672357695615,0.9360378840523856,0.5099061585549592,0.06398270760829575,1.0,SeasonalNaive_NatGrowth,selected_news,Транспорт
selected_news,test,6,6,50,100.40302140700949,0.934235428558348,0.47180940574983965,0.06671799520252432,1.0,SeasonalNaive_NatGrowth,selected_news,Транспорт
selected_news,test,12,6,50,104.29960489908854,0.9262763497333616,-0.023096046882144394,0.06930728220890735,1.0,SeasonalNaive_NatGrowth,selected_news,Транспорт
original,test,1,6,50,1236.7581380208333,0.9265819802943418,0.5335085450889772,0.04440733830326604,1.0,NatPath_K3,original,Все категории
original,test,3,6,50,1578.9369661458334,0.8816240085506972,0.5144231554588259,0.056693694473987304,1.0,NatPath_K3,original,Все категории
original,test,6,6,50,1417.45966796875,0.90711854207437,0.607750805104082,0.05089565135787537,1.0,NatPath_K3,original,Все категории
original,test,12,6,50,1334.5724934895834,0.9156449733436736,-0.5362303133885289,0.047919484324935105,1.0,NatPath_K3,original,Все категории
original,test,1,6,50,145.81838236490884,0.7450768291215686,-2.087919509582542,0.10558974530221714,1.0,NatPath_K3,original,Здоровье
original,test,3,6,50,215.68826436360678,0.3522446347676078,-1.7432475912889966,0.15618379884257436,1.0,NatPath_K3,original,Здоровье
original,test,6,6,50,272.25372131347655,0.21666636523557825,-1.747296898383238,0.19714387599727481,1.0,NatPath_K3,original,Здоровье
original,test,12,6,50,124.81734802246093,0.8031953844459654,-0.4142680962685463,0.09038251400984869,1.0,NatPath_K3,original,Здоровье
original,test,1,6,50,418.3207047526042,0.7524719249235529,-0.190670118070575,0.08015101509105957,1.0,NatPath_K3,original,Маркетплейсы
original,test,3,6,50,560.3061783854166,0.5296914278353511,-0.08028506722295536,0.10735569253246215,1.0,NatPath_K3,original,Маркетплейсы
original,test,6,6,50,415.53518961588543,0.6988413168376753,0.4045242105442466,0.079617305276501,1.0,NatPath_K3,original,Маркетплейсы
original,test,12,6,50,1441.27173828125,-1.1983942873344477,-15.272518367843013,0.2761503113110707,1.0,NatPath_K3,original,Маркетплейсы
original,test,1,6,50,109.31375559488933,0.924812068240614,-1.8366973244013192,0.17328285396437976,1.0,NatPath_K3,original,Общественное питание
original,test,3,6,50,142.16566513061522,0.8605150440986835,-0.19386430191031145,0.22535930684581706,1.0,NatPath_K3,original,Общественное питание
original,test,6,6,50,119.57745978037516,0.8808768916685853,-0.09113279498207527,0.18955275470860308,1.0,NatPath_K3,original,Общественное питание
original,test,12,6,50,79.14115450541179,0.9550075714532732,0.1876253943626568,0.1254536086890682,1.0,NatPath_K3,original,Общественное питание
original,test,1,6,50,628.93705078125,0.7807019960404129,0.5200347089452215,0.052019554702885405,1.0,NatPath_K3,original,Продовольствие
original,test,3,6,50,1081.0908951822917,0.4670431582004435,0.36769731139196893,0.08941732227552708,1.0,NatPath_K3,original,Продовольствие
original,test,6,6,50,1215.5964583333334,0.2784740712036792,0.0018737890569215931,0.10054231402388507,1.0,NatPath_K3,original,Продовольствие
original,test,12,6,50,479.7493033854167,0.8520771250958966,-0.041302659555689125,0.039680195498307334,1.0,NatPath_K3,original,Продовольствие
original,test,1,6,50,96.91605021158854,0.9468326845166194,-0.001472132262325454,0.06440089633211928,1.0,NatPath_K3,original,Транспорт
original,test,3,6,50,142.77442443847656,0.8867008872612931,0.13187366346815355,0.09487387163494697,1.0,NatPath_K3,original,Транспорт
original,test,6,6,50,118.14598286946615,0.9164793135864894,0.32920050991173533,0.07850822622487595,1.0,NatPath_K3,original,Транспорт
original,test,12,6,50,126.15501525878906,0.9042738133506171,-0.3284350787009884,0.08383024320244874,1.0,NatPath_K3,original,Транспорт
coverage_all,test,1,6,50,1272.4793056676342,0.9231516161571742,0.5117123217144242,0.045689951230978555,1.0,NatPath_K3,coverage_all,Все категории
coverage_all,test,3,6,50,1581.9034540925647,0.8853765422734398,0.5298160021147631,0.056800209911220555,1.0,NatPath_K3,coverage_all,Все категории
coverage_all,test,6,6,50,2663.59355614685,0.6332654012100987,-0.5487628459815717,0.09563963762510543,1.0,NatPath_K3,coverage_all,Все категории
coverage_all,test,12,6,50,1334.5724934895834,0.9156449733436736,-0.5362303133885289,0.047919484324935105,1.0,NatPath_K3,coverage_all,Все категории
coverage_all,test,1,6,50,140.38208941832838,0.7696610122147209,-1.7901279108867265,0.10165322661158181,1.0,NatPath_K3,coverage_all,Здоровье
coverage_all,test,3,6,50,215.5664220600308,0.3531593516094067,-1.73937376035272,0.15609557061240906,1.0,NatPath_K3,coverage_all,Здоровье
coverage_all,test,6,6,50,319.13541583338565,-0.4351834528738656,-4.033455572065522,0.2310917644830054,1.0,NatPath_K3,coverage_all,Здоровье
coverage_all,test,12,6,50,124.81734802246093,0.8031953844459654,-0.4142680962685463,0.09038251400984869,1.0,NatPath_K3,coverage_all,Здоровье
coverage_all,test,1,6,50,410.69902209763706,0.759846073101697,-0.1551986755716619,0.07869068670052769,1.0,NatPath_K3,coverage_all,Маркетплейсы
coverage_all,test,3,6,50,574.9535625405002,0.4985673284711929,-0.15177621529859064,0.11016215823000144,1.0,NatPath_K3,coverage_all,Маркетплейсы
coverage_all,test,6,6,50,828.4886866063814,-0.05276554254659538,-1.0816148682050484,0.1587399535058438,1.0,NatPath_K3,coverage_all,Маркетплейсы
coverage_all,test,12,6,50,1441.27173828125,-1.1983942873344477,-15.272518367843013,0.2761503113110707,1.0,NatPath_K3,coverage_all,Маркетплейсы
coverage_all,test,1,6,50,107.63062888243559,0.9272494022892482,-1.7447413573644988,0.17061478169176905,1.0,NatPath_K3,coverage_all,Общественное питание
coverage_all,test,3,6,50,143.15910071306635,0.8594350980290859,-0.20310765759802596,0.2269340890131671,1.0,NatPath_K3,coverage_all,Общественное питание
coverage_all,test,6,6,50,146.67579517768095,0.817810795466997,-0.6687997714481373,0.23250871088973582,1.0,NatPath_K3,coverage_all,Общественное питание
coverage_all,test,12,6,50,79.14115450541179,0.9550075714532732,0.1876253943626568,0.1254536086890682,1.0,NatPath_K3,coverage_all,Общественное питание
coverage_all,test,1,6,50,626.3158491279469,0.7690318033260216,0.49449281006017565,0.05180275440049915,1.0,NatPath_K3,coverage_all,Продовольствие
coverage_all,test,3,6,50,1033.4007989904837,0.4857930741848334,0.3899423064052111,0.0854728614355209,1.0,NatPath_K3,coverage_all,Продовольствие
coverage_all,test,6,6,50,1243.663269722668,0.02132997471429554,-0.35384767908699466,0.10286372763529412,1.0,NatPath_K3,coverage_all,Продовольствие
coverage_all,test,12,6,50,479.7493033854167,0.8520771250958966,-0.041302659555689125,0.039680195498307334,1.0,NatPath_K3,coverage_all,Продовольствие
coverage_all,test,1,6,50,96.86550065351277,0.9469362973599287,0.0004795437659896873,0.06436730605638925,1.0,NatPath_K3,coverage_all,Транспорт
coverage_all,test,3,6,50,142.04473725104043,0.8878793865812744,0.14090362206650653,0.09438899313638707,1.0,NatPath_K3,coverage_all,Транспорт
coverage_all,test,6,6,50,202.3490263772181,0.7630320841270158,-0.9032166037031397,0.1344613058639309,1.0,NatPath_K3,coverage_all,Транспорт
coverage_all,test,12,6,50,126.15501525878906,0.9042738133506171,-0.3284350787009884,0.08383024320244874,1.0,NatPath_K3,coverage_all,Транспорт
economic_windows,test,1,6,50,1236.7581380208333,0.9265819802943418,0.5335085450889772,0.04440733830326604,1.0,NatPath_K3,economic_windows,Все категории
economic_windows,test,3,6,50,1272.1692884071492,0.9136161239184027,0.6456544147729302,0.04567881967587253,1.0,NatPath_K3,economic_windows,Все категории
economic_windows,test,6,6,50,3212.78564551635,0.5543729334338787,-0.8819349091650805,0.11535906226955284,1.0,NatPath_K3,economic_windows,Все категории
economic_windows,test,12,6,50,1334.5724934895834,0.9156449733436736,-0.5362303133885289,0.047919484324935105,1.0,NatPath_K3,economic_windows,Все категории
economic_windows,test,1,6,50,145.81838236490884,0.7450768291215686,-2.087919509582542,0.10558974530221714,1.0,NatPath_K3,economic_windows,Здоровье
economic_windows,test,3,6,50,242.39686209861742,0.24516600087368678,-2.1967262041641367,0.17552398069400751,1.0,NatPath_K3,economic_windows,Здоровье
economic_windows,test,6,6,50,339.62176168661233,-0.5953689803641331,-4.5952560403579925,0.24592630047039613,1.0,NatPath_K3,economic_windows,Здоровье
economic_windows,test,12,6,50,124.81734802246093,0.8031953844459654,-0.4142680962685463,0.09038251400984869,1.0,NatPath_K3,economic_windows,Здоровье
economic_windows,test,1,6,50,418.3207047526042,0.7524719249235529,-0.190670118070575,0.08015101509105957,1.0,NatPath_K3,economic_windows,Маркетплейсы
economic_windows,test,3,6,50,580.1421996041718,0.483529001453891,-0.18631881365701353,0.11115631061803186,1.0,NatPath_K3,economic_windows,Маркетплейсы
economic_windows,test,6,6,50,950.6397420255091,-0.24055220744455075,-1.4529221516450566,0.18214432000039132,1.0,NatPath_K3,economic_windows,Маркетплейсы
economic_windows,test,12,6,50,1441.27173828125,-1.1983942873344477,-15.272518367843013,0.2761503113110707,1.0,NatPath_K3,economic_windows,Маркетплейсы
economic_windows,test,1,6,50,109.31375559488933,0.924812068240614,-1.8366973244013192,0.17328285396437976,1.0,NatPath_K3,economic_windows,Общественное питание
economic_windows,test,3,6,50,148.27373463871544,0.8493872904242552,-0.28910774796158445,0.2350417453533629,1.0,NatPath_K3,economic_windows,Общественное питание
economic_windows,test,6,6,50,138.69074846787169,0.8520144121215039,-0.35550465716269564,0.21985091063957846,1.0,NatPath_K3,economic_windows,Общественное питание
economic_windows,test,12,6,50,79.14115450541179,0.9550075714532732,0.1876253943626568,0.1254536086890682,1.0,NatPath_K3,economic_windows,Общественное питание
economic_windows,test,1,6,50,628.93705078125,0.7807019960404129,0.5200347089452215,0.052019554702885405,1.0,NatPath_K3,economic_windows,Продовольствие
economic_windows,test,3,6,50,1026.7326577365886,0.44811600332608426,0.3452420392645891,0.08492133765696042,1.0,NatPath_K3,economic_windows,Продовольствие
economic_windows,test,6,6,50,1189.5307322651165,0.14844662525243713,-0.1780002761238404,0.09838641072419597,1.0,NatPath_K3,economic_windows,Продовольствие
economic_windows,test,12,6,50,479.7493033854167,0.8520771250958966,-0.041302659555689125,0.039680195498307334,1.0,NatPath_K3,economic_windows,Продовольствие
economic_windows,test,1,6,50,96.91605021158854,0.9468326845166194,-0.001472132262325454,0.06440089633211928,1.0,NatPath_K3,economic_windows,Транспорт
economic_windows,test,3,6,50,159.23365684323713,0.8642103767661549,-0.04045429224941177,0.10581106230141614,1.0,NatPath_K3,economic_windows,Транспорт
economic_windows,test,6,6,50,191.67479678391481,0.7941622997001219,-0.653193122940662,0.12736826036772303,1.0,NatPath_K3,economic_windows,Транспорт
economic_windows,test,12,6,50,126.15501525878906,0.9042738133506171,-0.3284350787009884,0.08383024320244874,1.0,NatPath_K3,economic_windows,Транспорт
financial_only,test,1,6,50,1268.834857384153,0.9234625534025374,0.5136879888402466,0.045559092785112734,1.0,NatPath_K3,financial_only,Все категории
financial_only,test,3,6,50,1557.8692207746817,0.8873726979220721,0.5380042077568763,0.05593723088808281,1.0,NatPath_K3,financial_only,Все категории
financial_only,test,6,6,50,2823.7329827207072,0.6341466722923239,-0.5450411357478164,0.10138964279825637,1.0,NatPath_K3,financial_only,Все категории
financial_only,test,12,6,50,1334.5724934895834,0.9156449733436736,-0.5362303133885289,0.047919484324935105,1.0,NatPath_K3,financial_only,Все категории
financial_only,test,1,6,50,140.22963540351577,0.7699038072923485,-1.7871869006425287,0.10154283188402216,1.0,NatPath_K3,financial_only,Здоровье
financial_only,test,3,6,50,218.643249866694,0.3586350843608238,-1.7161840015531489,0.15832355764103578,1.0,NatPath_K3,financial_only,Здоровье
financial_only,test,6,6,50,339.0066494739955,-0.6298502582254943,-4.716188301551267,0.24548088651908812,1.0,NatPath_K3,financial_only,Здоровье
financial_only,test,12,6,50,124.81734802246093,0.8031953844459654,-0.4142680962685463,0.09038251400984869,1.0,NatPath_K3,financial_only,Здоровье
financial_only,test,1,6,50,409.69259784148005,0.7612402905649844,-0.14849215118603132,0.07849785396519618,1.0,NatPath_K3,financial_only,Маркетплейсы
financial_only,test,3,6,50,593.3140339091411,0.45274744008821954,-0.2570231619449721,0.11368005825509635,1.0,NatPath_K3,financial_only,Маркетплейсы
financial_only,test,6,6,50,955.398741058138,-0.2197956017149516,-1.4118804786855796,0.18305615295283426,1.0,NatPath_K3,financial_only,Маркетплейсы
financial_only,test,12,6,50,1441.27173828125,-1.1983942873344477,-15.272518367843013,0.2761503113110707,1.0,NatPath_K3,financial_only,Маркетплейсы
financial_only,test,1,6,50,107.94264591552187,0.9268532994659553,-1.7596855617431837,0.17110938734944178,1.0,NatPath_K3,financial_only,Общественное питание
financial_only,test,3,6,50,145.8783884465455,0.8546342310185732,-0.24419871078748234,0.2312446713057915,1.0,NatPath_K3,financial_only,Общественное питание
financial_only,test,6,6,50,132.92742460589312,0.863122565563974,-0.25375722391866407,0.21071495879445362,1.0,NatPath_K3,financial_only,Общественное питание
financial_only,test,12,6,50,79.14115450541179,0.9550075714532732,0.1876253943626568,0.1254536086890682,1.0,NatPath_K3,financial_only,Общественное питание
financial_only,test,1,6,50,629.2111084304321,0.7684482267127888,0.4932155685259815,0.05204222208566348,1.0,NatPath_K3,financial_only,Продовольствие
financial_only,test,3,6,50,999.6802593323752,0.4885038955391967,0.3931584385500061,0.08268382641973217,1.0,NatPath_K3,financial_only,Продовольствие
financial_only,test,6,6,50,1148.9778829501765,0.17516439097140846,-0.14104013207686217,0.09503227351654384,1.0,NatPath_K3,financial_only,Продовольствие
financial_only,test,12,6,50,479.7493033854167,0.8520771250958966,-0.041302659555689125,0.039680195498307334,1.0,NatPath_K3,financial_only,Продовольствие
financial_only,test,1,6,50,97.47719184364331,0.9463859626096135,-0.009886691783904888,0.06477377599441152,1.0,NatPath_K3,financial_only,Транспорт
financial_only,test,3,6,50,143.85797198910893,0.8842137117846085,0.1128162985630492,0.0955938910055966,1.0,NatPath_K3,financial_only,Транспорт
financial_only,test,6,6,50,173.05108257791235,0.8417023129685033,-0.2713737434718049,0.11499276750269945,1.0,NatPath_K3,financial_only,Транспорт
financial_only,test,12,6,50,126.15501525878906,0.9042738133506171,-0.3284350787009884,0.08383024320244874,1.0,NatPath_K3,financial_only,Транспорт
selected_decay,test,1,6,50,1250.9403258549885,0.9258089248644799,0.5285966208277546,0.04491656738668217,1.0,NatPath_K3,selected_decay,Все категории
selected_decay,test,3,6,50,1544.7262363148748,0.8888390468069478,0.5440191526439007,0.05546531569360897,1.0,NatPath_K3,selected_decay,Все категории
selected_decay,test,6,6,50,2483.9246298632847,0.695976473191999,-0.2839266984303972,0.08918840148864716,1.0,NatPath_K3,selected_decay,Все категории
selected_decay,test,12,6,50,1334.5724934895834,0.9156449733436736,-0.5362303133885289,0.047919484324935105,1.0,NatPath_K3,selected_decay,Все категории
selected_decay,test,1,6,50,137.90077430656387,0.7810285569198239,-1.6524312748768173,0.0998564611666731,1.0,NatPath_K3,selected_decay,Здоровье
selected_decay,test,3,6,50,223.26327831705373,0.3424891851528129,-1.7845619749191903,0.16166900434981696,1.0,NatPath_K3,selected_decay,Здоровье
selected_decay,test,6,6,50,356.524609132427,-0.665056397829648,-4.839662787831466,0.2581659600231913,1.0,NatPath_K3,selected_decay,Здоровье
selected_decay,test,12,6,50,124.81734802246093,0.8031953844459654,-0.4142680962685463,0.09038251400984869,1.0,NatPath_K3,selected_decay,Здоровье
selected_decay,test,1,6,50,414.993848967949,0.75528609518782,-0.1771332760788502,0.07951358341442437,1.0,NatPath_K3,selected_decay,Маркетплейсы
selected_decay,test,3,6,50,569.5997932348291,0.49048224128517937,-0.1703474246517307,0.10913636620121178,1.0,NatPath_K3,selected_decay,Маркетплейсы
selected_decay,test,6,6,50,937.1435649665212,-0.1934309052460943,-1.3597500261324584,0.17955842769614527,1.0,NatPath_K3,selected_decay,Маркетплейсы
selected_decay,test,12,6,50,1441.27173828125,-1.1983942873344477,-15.272518367843013,0.2761503113110707,1.0,NatPath_K3,selected_decay,Маркетплейсы
selected_decay,test,1,6,50,108.40970718352403,0.9263429658833691,-1.7789394748965237,0.1718497672682836,1.0,NatPath_K3,selected_decay,Общественное питание
selected_decay,test,3,6,50,145.590914754453,0.8543512354266949,-0.24662089554969002,0.2307889714578229,1.0,NatPath_K3,selected_decay,Общественное питание
selected_decay,test,6,6,50,135.94868158108972,0.8554549003220029,-0.3239907925658354,0.21550421910641324,1.0,NatPath_K3,selected_decay,Общественное питание
selected_decay,test,12,6,50,79.14115450541179,0.9550075714532732,0.1876253943626568,0.1254536086890682,1.0,NatPath_K3,selected_decay,Общественное питание
selected_decay,test,1,6,50,610.8824895572151,0.7831047761336226,0.5252935395134677,0.05052625702855752,1.0,NatPath_K3,selected_decay,Продовольствие
selected_decay,test,3,6,50,1035.4466202610902,0.48128471378160254,0.38459356485504825,0.08564207186980274,1.0,NatPath_K3,selected_decay,Продовольствие
selected_decay,test,6,6,50,1066.9746659361595,0.39305380984230387,0.1603781973032159,0.08824976511133156,1.0,NatPath_K3,selected_decay,Продовольствие
selected_decay,test,12,6,50,479.7493033854167,0.8520771250958966,-0.041302659555689125,0.039680195498307334,1.0,NatPath_K3,selected_decay,Продовольствие
selected_decay,test,1,6,50,96.58657457010413,0.9472308475927286,0.0060277616328975325,0.06418195915313941,1.0,NatPath_K3,selected_decay,Транспорт
selected_decay,test,3,6,50,144.9460575017901,0.8824592225805769,0.09937296040829002,0.0963169258605012,1.0,NatPath_K3,selected_decay,Транспорт
selected_decay,test,6,6,50,178.65016615482816,0.824710553384403,-0.40784369066889936,0.11871336899445019,1.0,NatPath_K3,selected_decay,Транспорт
selected_decay,test,12,6,50,126.15501525878906,0.9042738133506171,-0.3284350787009884,0.08383024320244874,1.0,NatPath_K3,selected_decay,Транспорт
selected_news,test,1,6,50,1250.9403258549885,0.9258089248644799,0.5285966208277546,0.04491656738668217,1.0,NatPath_K3,selected_news,Все категории
selected_news,test,3,6,50,1544.7262363148748,0.8888390468069478,0.5440191526439007,0.05546531569360897,1.0,NatPath_K3,selected_news,Все категории
selected_news,test,6,6,50,3212.78564551635,0.5543729334338787,-0.8819349091650805,0.11535906226955284,1.0,NatPath_K3,selected_news,Все категории
selected_news,test,12,6,50,1334.5724934895834,0.9156449733436736,-0.5362303133885289,0.047919484324935105,1.0,NatPath_K3,selected_news,Все категории
selected_news,test,1,6,50,137.90077430656387,0.7810285569198239,-1.6524312748768173,0.0998564611666731,1.0,NatPath_K3,selected_news,Здоровье
selected_news,test,3,6,50,223.26327831705373,0.3424891851528129,-1.7845619749191903,0.16166900434981696,1.0,NatPath_K3,selected_news,Здоровье
selected_news,test,6,6,50,339.62176168661233,-0.5953689803641331,-4.5952560403579925,0.24592630047039613,1.0,NatPath_K3,selected_news,Здоровье
selected_news,test,12,6,50,124.81734802246093,0.8031953844459654,-0.4142680962685463,0.09038251400984869,1.0,NatPath_K3,selected_news,Здоровье
selected_news,test,1,6,50,414.993848967949,0.75528609518782,-0.1771332760788502,0.07951358341442437,1.0,NatPath_K3,selected_news,Маркетплейсы
selected_news,test,3,6,50,569.5997932348291,0.49048224128517937,-0.1703474246517307,0.10913636620121178,1.0,NatPath_K3,selected_news,Маркетплейсы
selected_news,test,6,6,50,950.6397420255091,-0.24055220744455075,-1.4529221516450566,0.18214432000039132,1.0,NatPath_K3,selected_news,Маркетплейсы
selected_news,test,12,6,50,1441.27173828125,-1.1983942873344477,-15.272518367843013,0.2761503113110707,1.0,NatPath_K3,selected_news,Маркетплейсы
selected_news,test,1,6,50,108.40970718352403,0.9263429658833691,-1.7789394748965237,0.1718497672682836,1.0,NatPath_K3,selected_news,Общественное питание
selected_news,test,3,6,50,145.590914754453,0.8543512354266949,-0.24662089554969002,0.2307889714578229,1.0,NatPath_K3,selected_news,Общественное питание
selected_news,test,6,6,50,138.69074846787169,0.8520144121215039,-0.35550465716269564,0.21985091063957846,1.0,NatPath_K3,selected_news,Общественное питание
selected_news,test,12,6,50,79.14115450541179,0.9550075714532732,0.1876253943626568,0.1254536086890682,1.0,NatPath_K3,selected_news,Общественное питание
selected_news,test,1,6,50,610.8824895572151,0.7831047761336226,0.5252935395134677,0.05052625702855752,1.0,NatPath_K3,selected_news,Продовольствие
selected_news,test,3,6,50,1035.4466202610902,0.48128471378160254,0.38459356485504825,0.08564207186980274,1.0,NatPath_K3,selected_news,Продовольствие
selected_news,test,6,6,50,1189.5307322651165,0.14844662525243713,-0.1780002761238404,0.09838641072419597,1.0,NatPath_K3,selected_news,Продовольствие
selected_news,test,12,6,50,479.7493033854167,0.8520771250958966,-0.041302659555689125,0.039680195498307334,1.0,NatPath_K3,selected_news,Продовольствие
selected_news,test,1,6,50,96.58657457010413,0.9472308475927286,0.0060277616328975325,0.06418195915313941,1.0,NatPath_K3,selected_news,Транспорт
selected_news,test,3,6,50,144.9460575017901,0.8824592225805769,0.09937296040829002,0.0963169258605012,1.0,NatPath_K3,selected_news,Транспорт
selected_news,test,6,6,50,191.67479678391481,0.7941622997001219,-0.653193122940662,0.12736826036772303,1.0,NatPath_K3,selected_news,Транспорт
selected_news,test,12,6,50,126.15501525878906,0.9042738133506171,-0.3284350787009884,0.08383024320244874,1.0,NatPath_K3,selected_news,Транспорт
original,test,1,6,50,914.3969661458333,0.9545939211529973,0.7114938829995379,0.03283255971462556,1.0,NatPath_K1,original,Все категории
original,test,3,6,50,1660.1556119791667,0.8686529585338297,0.46121606962610695,0.059609950911827074,1.0,NatPath_K1,original,Все категории
original,test,6,6,50,1945.18064453125,0.8307184979491209,0.2851045367591474,0.06984412900722649,1.0,NatPath_K1,original,Все категории
original,test,12,6,50,1347.3876432291668,0.9140954558484857,-0.564449328207071,0.04837962820626293,1.0,NatPath_K1,original,Все категории
original,test,1,6,50,123.18323364257813,0.7986095742475906,-1.4394699884717892,0.08919922203823208,1.0,NatPath_K1,original,Здоровье
original,test,3,6,50,198.62888529459636,0.48713985930220016,-1.1719655616169655,0.14383079189175618,1.0,NatPath_K1,original,Здоровье
original,test,6,6,50,263.76795064290366,0.09016441462422842,-2.190962791344044,0.19099917497078447,1.0,NatPath_K1,original,Здоровье
original,test,12,6,50,121.77091084798177,0.8111403850970482,-0.35717410528653937,0.08817653339124959,1.0,NatPath_K1,original,Здоровье
original,test,1,6,50,317.85894775390625,0.8589968587638434,0.3217406681156244,0.060902357996644334,1.0,NatPath_K1,original,Маркетплейсы
original,test,3,6,50,548.9332071940104,0.5217039212011811,-0.09863213689579409,0.10517661037077071,1.0,NatPath_K1,original,Маркетплейсы
original,test,6,6,50,586.8943831380209,0.5210730365686658,0.05302610356015136,0.112450041380508,1.0,NatPath_K1,original,Маркетплейсы
original,test,12,6,50,1167.7854386393228,-0.5551987852535603,-10.511584134150217,0.22374983416337177,1.0,NatPath_K1,original,Маркетплейсы
original,test,1,6,50,70.40048942565917,0.9639722050686178,-0.3592600181234993,0.11159801126380568,1.0,NatPath_K1,original,Общественное питание
original,test,3,6,50,147.67345700581868,0.8596218814891183,-0.20150896113876215,0.2340901924510473,1.0,NatPath_K1,original,Общественное питание
original,test,6,6,50,125.65145056406656,0.8726123318201455,-0.1668337434633409,0.1991811720310484,1.0,NatPath_K1,original,Общественное питание
original,test,12,6,50,52.877985356648765,0.9806944106214861,0.6514220044450636,0.08382154802588417,1.0,NatPath_K1,original,Общественное питание
original,test,1,6,50,397.8103352864583,0.900495582854963,0.7822202406135219,0.03290300113835182,1.0,NatPath_K1,original,Продовольствие
original,test,3,6,50,867.13205078125,0.596089076360415,0.520798040394581,0.07172072800323756,1.0,NatPath_K1,original,Продовольствие
original,test,6,6,50,1342.8049153645834,0.16102192824418948,-0.16060417291302675,0.11106376013838394,1.0,NatPath_K1,original,Продовольствие
original,test,12,6,50,462.388916015625,0.8605512144351877,0.01835066838318966,0.03824431313245788,1.0,NatPath_K1,original,Продовольствие
original,test,1,6,50,80.47308471679688,0.9618161762042131,0.2807604618170183,0.05347451505769884,1.0,NatPath_K1,original,Транспорт
original,test,3,6,50,136.4447918701172,0.8962795456997621,0.20526775683811027,0.0906678189742642,1.0,NatPath_K1,original,Транспорт
original,test,6,6,50,141.40450541178384,0.8810916888761456,0.044983489788041564,0.09396355788372802,1.0,NatPath_K1,original,Транспорт
original,test,12,6,50,104.29960489908854,0.9262763497333616,-0.023096046882144394,0.06930728220890735,1.0,NatPath_K1,original,Транспорт
coverage_all,test,1,6,50,948.3541036236791,0.9520722378338614,0.6954713353322934,0.03405183294633629,1.0,NatPath_K1,coverage_all,Все категории
coverage_all,test,3,6,50,1647.2746031430036,0.8689036690449192,0.462244481024209,0.05914744227777011,1.0,NatPath_K1,coverage_all,Все категории
coverage_all,test,6,6,50,3092.354910118832,0.5398699882882338,-0.9431825325772141,0.11103484701315108,1.0,NatPath_K1,coverage_all,Все категории
coverage_all,test,12,6,50,1347.3876432291668,0.9140954558484857,-0.564449328207071,0.04837962820626293,1.0,NatPath_K1,coverage_all,Все категории
coverage_all,test,1,6,50,116.45047770637476,0.8244695529998636,-1.1262245010907517,0.08432391089462976,1.0,NatPath_K1,coverage_all,Здоровье
coverage_all,test,3,6,50,198.741345681462,0.4873471312666875,-1.1710877636891666,0.1439122265052332,1.0,NatPath_K1,coverage_all,Здоровье
coverage_all,test,6,6,50,220.79059795436692,0.3716645530457833,-1.203689396129028,0.15987849148391148,1.0,NatPath_K1,coverage_all,Здоровье
coverage_all,test,12,6,50,121.77091084798177,0.8111403850970482,-0.35717410528653937,0.08817653339124959,1.0,NatPath_K1,coverage_all,Здоровье
coverage_all,test,1,6,50,309.6191063266689,0.8663653459898594,0.3571848800608447,0.05932358925037102,1.0,NatPath_K1,coverage_all,Маркетплейсы
coverage_all,test,3,6,50,558.2676264320016,0.49308056764691677,-0.16437914481486238,0.1069651022352912,1.0,NatPath_K1,coverage_all,Маркетплейсы
coverage_all,test,6,6,50,1024.6656096583108,-0.3825356240994484,-1.7336634745729071,0.19632781215451361,1.0,NatPath_K1,coverage_all,Маркетплейсы
coverage_all,test,12,6,50,1167.7854386393228,-0.5551987852535603,-10.511584134150217,0.22374983416337177,1.0,NatPath_K1,coverage_all,Маркетплейсы
coverage_all,test,1,6,50,71.4485894164477,0.9627236481162607,-0.4063656916436633,0.11325944679545956,1.0,NatPath_K1,coverage_all,Общественное питание
coverage_all,test,3,6,50,149.11198247799592,0.8558326789416633,-0.23394108706146488,0.2363705257719801,1.0,NatPath_K1,coverage_all,Общественное питание
coverage_all,test,6,6,50,150.5104631507643,0.8148248372888768,-0.6961502741191008,0.23858738055729553,1.0,NatPath_K1,coverage_all,Общественное питание
coverage_all,test,12,6,50,52.877985356648765,0.9806944106214861,0.6514220044450636,0.08382154802588417,1.0,NatPath_K1,coverage_all,Общественное питание
coverage_all,test,1,6,50,413.6683516931995,0.8893730261899777,0.7578769221582993,0.03421462199281575,1.0,NatPath_K1,coverage_all,Продовольствие
coverage_all,test,3,6,50,874.7978980553451,0.5793682165582814,0.500960327882949,0.07235477231836163,1.0,NatPath_K1,coverage_all,Продовольствие
coverage_all,test,6,6,50,1228.884796070535,0.054406112715814525,-0.30809165150921625,0.10164139605597734,1.0,NatPath_K1,coverage_all,Продовольствие
coverage_all,test,12,6,50,462.388916015625,0.8605512144351877,0.01835066838318966,0.03824431313245788,1.0,NatPath_K1,coverage_all,Продовольствие
coverage_all,test,1,6,50,81.91063638453922,0.9600587631260539,0.24765741332475466,0.054429770825182335,1.0,NatPath_K1,coverage_all,Транспорт
coverage_all,test,3,6,50,137.93854774975364,0.894027256395788,0.18801014894511492,0.09166042254549864,1.0,NatPath_K1,coverage_all,Транспорт
coverage_all,test,6,6,50,221.91739498834883,0.7013262053990887,-1.3988096569164332,0.1474645233450684,1.0,NatPath_K1,coverage_all,Транспорт
coverage_all,test,12,6,50,104.29960489908854,0.9262763497333616,-0.023096046882144394,0.06930728220890735,1.0,NatPath_K1,coverage_all,Транспорт
economic_windows,test,1,6,50,907.4597065070411,0.955801003700105,0.7191635762962987,0.0325834687839037,1.0,NatPath_K1,economic_windows,Все категории
economic_windows,test,3,6,50,1515.2481487648217,0.8736653461164791,0.4817768211450716,0.054406868317258286,1.0,NatPath_K1,economic_windows,Все категории
economic_windows,test,6,6,50,2402.277976483264,0.7122846103138512,-0.21505553943738565,0.08625677690780692,1.0,NatPath_K1,economic_windows,Все категории
economic_windows,test,12,6,50,1347.3876432291668,0.9140954558484857,-0.564449328207071,0.04837962820626293,1.0,NatPath_K1,economic_windows,Все категории
economic_windows,test,1,6,50,120.53564354378318,0.8104393257568623,-1.2961745777285514,0.0872820538481692,1.0,NatPath_K1,economic_windows,Здоровье
economic_windows,test,3,6,50,216.1833150400708,0.40835821700984043,-1.5056062569414599,0.15654227404982715,1.0,NatPath_K1,economic_windows,Здоровье
economic_windows,test,6,6,50,372.3524815089664,-0.9131027563218146,-5.7096075484004745,0.2696272105583432,1.0,NatPath_K1,economic_windows,Здоровье
economic_windows,test,12,6,50,121.77091084798177,0.8111403850970482,-0.35717410528653937,0.08817653339124959,1.0,NatPath_K1,economic_windows,Здоровье
economic_windows,test,1,6,50,318.7293177835554,0.8588162419555782,0.32087185743079116,0.06106912249237369,1.0,NatPath_K1,economic_windows,Маркетплейсы
economic_windows,test,3,6,50,570.7953510362717,0.464271912530527,-0.23055178501525564,0.10936543727107986,1.0,NatPath_K1,economic_windows,Маркетплейсы
economic_windows,test,6,6,50,983.7787268120734,-0.3803801531675086,-1.7294014996520177,0.18849381033054638,1.0,NatPath_K1,economic_windows,Маркетплейсы
economic_windows,test,12,6,50,1167.7854386393228,-0.5551987852535603,-10.511584134150217,0.22374983416337177,1.0,NatPath_K1,economic_windows,Маркетплейсы
economic_windows,test,1,6,50,70.5818584432204,0.9635750956474965,-0.3742421995192302,0.11188551525461353,1.0,NatPath_K1,economic_windows,Общественное питание
economic_windows,test,3,6,50,153.85375076967404,0.8456826013320566,-0.32081651560805113,0.24388711998236326,1.0,NatPath_K1,economic_windows,Общественное питание
economic_windows,test,6,6,50,138.0654081417472,0.8590057324643913,-0.29146620976820325,0.21885962865662803,1.0,NatPath_K1,economic_windows,Общественное питание
economic_windows,test,12,6,50,52.877985356648765,0.9806944106214861,0.6514220044450636,0.08382154802588417,1.0,NatPath_K1,economic_windows,Общественное питание
economic_windows,test,1,6,50,395.3975321067874,0.8984697962993119,0.7777865147416845,0.03270343753045771,1.0,NatPath_K1,economic_windows,Продовольствие
economic_windows,test,3,6,50,973.0561989643984,0.48182992863108687,0.385240410505878,0.08048174313809928,1.0,NatPath_K1,economic_windows,Продовольствие
economic_windows,test,6,6,50,853.7659787553755,0.6122715154998714,0.4636340183166693,0.07061521654696543,1.0,NatPath_K1,economic_windows,Продовольствие
economic_windows,test,12,6,50,462.388916015625,0.8605512144351877,0.01835066838318966,0.03824431313245788,1.0,NatPath_K1,economic_windows,Продовольствие
economic_windows,test,1,6,50,80.97660517185264,0.9610262457078781,0.26588114411381336,0.05380910534028209,1.0,NatPath_K1,economic_windows,Транспорт
economic_windows,test,3,6,50,150.71422464852597,0.8765912823698854,0.05441132465529297,0.10014988370011871,1.0,NatPath_K1,economic_windows,Транспорт
economic_windows,test,6,6,50,164.93619868751853,0.8421894637558809,-0.26746117385819934,0.1096004120050138,1.0,NatPath_K1,economic_windows,Транспорт
economic_windows,test,12,6,50,104.29960489908854,0.9262763497333616,-0.023096046882144394,0.06930728220890735,1.0,NatPath_K1,economic_windows,Транспорт
financial_only,test,1,6,50,925.0348591489118,0.9537614818261918,0.7062046388297343,0.033214526486380645,1.0,NatPath_K1,financial_only,Все категории
financial_only,test,3,6,50,1645.8503726921956,0.8686273590476542,0.4611110608522262,0.05909630351303794,1.0,NatPath_K1,financial_only,Все категории
financial_only,test,6,6,50,2549.8850520375686,0.6899241214633647,-0.30948648340582907,0.0915567924392069,1.0,NatPath_K1,financial_only,Все категории
financial_only,test,12,6,50,1347.3876432291668,0.9140954558484857,-0.564449328207071,0.04837962820626293,1.0,NatPath_K1,financial_only,Все категории
financial_only,test,1,6,50,120.6284869245933,0.8088359624131457,-1.3155963389319418,0.08734928343043274,1.0,NatPath_K1,financial_only,Здоровье
financial_only,test,3,6,50,198.9620246394107,0.4857910261119399,-1.177677877714733,0.1440720241561566,1.0,NatPath_K1,financial_only,Здоровье
financial_only,test,6,6,50,375.357886563309,-0.9847178902968841,-5.960775156575729,0.27180347907175945,1.0,NatPath_K1,financial_only,Здоровье
financial_only,test,12,6,50,121.77091084798177,0.8111403850970482,-0.35717410528653937,0.08817653339124959,1.0,NatPath_K1,financial_only,Здоровье
financial_only,test,1,6,50,314.9880361295506,0.8615568025189815,0.3340546188957245,0.06035228605826176,1.0,NatPath_K1,financial_only,Маркетплейсы
financial_only,test,3,6,50,558.5972580191225,0.49439243690514045,-0.16136581940749184,0.10702826025260578,1.0,NatPath_K1,financial_only,Маркетплейсы
financial_only,test,6,6,50,990.7298313915671,-0.3824687141734344,-1.7335311747481197,0.18982565473059831,1.0,NatPath_K1,financial_only,Маркетплейсы
financial_only,test,12,6,50,1167.7854386393228,-0.5551987852535603,-10.511584134150217,0.22374983416337177,1.0,NatPath_K1,financial_only,Маркетплейсы
financial_only,test,1,6,50,70.84893584257678,0.9635406753796553,-0.3755408106048903,0.11230888314402508,1.0,NatPath_K1,financial_only,Общественное питание
financial_only,test,3,6,50,148.85404929303502,0.856293814162534,-0.2299941891684718,0.23596165318152781,1.0,NatPath_K1,financial_only,Общественное питание
financial_only,test,6,6,50,124.32906029981478,0.891540665930539,0.006544255075516925,0.19708493484847947,1.0,NatPath_K1,financial_only,Общественное питание
financial_only,test,12,6,50,52.877985356648765,0.9806944106214861,0.6514220044450636,0.08382154802588417,1.0,NatPath_K1,financial_only,Общественное питание
financial_only,test,1,6,50,401.70671762745263,0.8974313981048572,0.7755138306194703,0.033225271982594395,1.0,NatPath_K1,financial_only,Продовольствие
financial_only,test,3,6,50,876.4185233541532,0.5798764012980266,0.5015632408245775,0.07248881467805328,1.0,NatPath_K1,financial_only,Продовольствие
financial_only,test,6,6,50,968.0263198981194,0.4218276373764617,0.20018260391533893,0.08006572047110552,1.0,NatPath_K1,financial_only,Продовольствие
financial_only,test,12,6,50,462.388916015625,0.8605512144351877,0.01835066838318966,0.03824431313245788,1.0,NatPath_K1,financial_only,Продовольствие
financial_only,test,1,6,50,80.91111139740143,0.9612805609286004,0.27067148577481204,0.05376558460486599,1.0,NatPath_K1,financial_only,Транспорт
financial_only,test,3,6,50,137.77080910086966,0.8942978551804013,0.19008354498395352,0.09154895990010521,1.0,NatPath_K1,financial_only,Транспорт
financial_only,test,6,6,50,134.8868832426349,0.8979833177817648,0.1806492337278155,0.08963258578229694,1.0,NatPath_K1,financial_only,Транспорт
financial_only,test,12,6,50,104.29960489908854,0.9262763497333616,-0.023096046882144394,0.06930728220890735,1.0,NatPath_K1,financial_only,Транспорт
selected_decay,test,1,6,50,923.9790056646045,0.9540949046575513,0.708323177334655,0.03317661475454329,1.0,NatPath_K1,selected_decay,Все категории
selected_decay,test,3,6,50,1694.509260359407,0.8592591158055423,0.42268264359713503,0.0608434613603729,1.0,NatPath_K1,selected_decay,Все категории
selected_decay,test,6,6,50,2171.009844787196,0.7679674272664259,0.020099470044406376,0.07795280716039413,1.0,NatPath_K1,selected_decay,Все категории
selected_decay,test,12,6,50,1347.3876432291668,0.9140954558484857,-0.564449328207071,0.04837962820626293,1.0,NatPath_K1,selected_decay,Все категории
selected_decay,test,1,6,50,121.26421135126763,0.8067284155709218,-1.3411253443536015,0.08780962306118628,1.0,NatPath_K1,selected_decay,Здоровье
selected_decay,test,3,6,50,201.22724110776525,0.4828240617922772,-1.1902429881873187,0.1457123086392843,1.0,NatPath_K1,selected_decay,Здоровье
selected_decay,test,6,6,50,387.17873869842293,-0.9263000302268025,-5.755892845057232,0.280363173302068,1.0,NatPath_K1,selected_decay,Здоровье
selected_decay,test,12,6,50,121.77091084798177,0.8111403850970482,-0.35717410528653937,0.08817653339124959,1.0,NatPath_K1,selected_decay,Здоровье
selected_decay,test,1,6,50,316.55493723553985,0.8603435780312956,0.32821871465111363,0.060652507187088305,1.0,NatPath_K1,selected_decay,Маркетплейсы
selected_decay,test,3,6,50,561.2169096875429,0.47724442842982095,-0.20075429451701,0.10753019032210367,1.0,NatPath_K1,selected_decay,Маркетплейсы
selected_decay,test,6,6,50,955.9883515312557,-0.3375670569249485,-1.6447479143182613,0.18316912340204178,1.0,NatPath_K1,selected_decay,Маркетплейсы
selected_decay,test,12,6,50,1167.7854386393228,-0.5551987852535603,-10.511584134150217,0.22374983416337177,1.0,NatPath_K1,selected_decay,Маркетплейсы
selected_decay,test,1,6,50,70.95407329240889,0.9633987079345829,-0.38089697165580993,0.1124755457681962,1.0,NatPath_K1,selected_decay,Общественное питание
selected_decay,test,3,6,50,150.35344049179986,0.8532869406741903,-0.2557302902045857,0.23833847012205922,1.0,NatPath_K1,selected_decay,Общественное питание
selected_decay,test,6,6,50,131.58909031676222,0.8735552306645259,-0.1581970661144616,0.20859344733492205,1.0,NatPath_K1,selected_decay,Общественное питание
selected_decay,test,12,6,50,52.877985356648765,0.9806944106214861,0.6514220044450636,0.08382154802588417,1.0,NatPath_K1,selected_decay,Общественное питание
selected_decay,test,1,6,50,398.2746679370185,0.899041483852773,0.7790377353548916,0.03294140621829765,1.0,NatPath_K1,selected_decay,Продовольствие
selected_decay,test,3,6,50,879.6246877298621,0.5694581107485917,0.4892029283030902,0.07275399740647015,1.0,NatPath_K1,selected_decay,Продовольствие
selected_decay,test,6,6,50,823.6801499027044,0.6423932430807617,0.5053030486556481,0.06812680945147136,1.0,NatPath_K1,selected_decay,Продовольствие
selected_decay,test,12,6,50,462.388916015625,0.8605512144351877,0.01835066838318966,0.03824431313245788,1.0,NatPath_K1,selected_decay,Продовольствие
selected_decay,test,1,6,50,81.09415615532751,0.9609567635875766,0.26457236245839677,0.05388721818829824,1.0,NatPath_K1,selected_decay,Транспорт
selected_decay,test,3,6,50,139.1459892128859,0.8921334637722514,0.17349943290611713,0.09246276965234539,1.0,NatPath_K1,selected_decay,Транспорт
selected_decay,test,6,6,50,153.36292200030482,0.8683909130718372,-0.05702326206112995,0.10190994803615654,1.0,NatPath_K1,selected_decay,Транспорт
selected_decay,test,12,6,50,104.29960489908854,0.9262763497333616,-0.023096046882144394,0.06930728220890735,1.0,NatPath_K1,selected_decay,Транспорт
selected_news,test,1,6,50,923.9790056646045,0.9540949046575513,0.708323177334655,0.03317661475454329,1.0,NatPath_K1,selected_news,Все категории
selected_news,test,3,6,50,1515.2481487648217,0.8736653461164791,0.4817768211450716,0.054406868317258286,1.0,NatPath_K1,selected_news,Все категории
selected_news,test,6,6,50,2402.277976483264,0.7122846103138512,-0.21505553943738565,0.08625677690780692,1.0,NatPath_K1,selected_news,Все категории
selected_news,test,12,6,50,1347.3876432291668,0.9140954558484857,-0.564449328207071,0.04837962820626293,1.0,NatPath_K1,selected_news,Все категории
selected_news,test,1,6,50,121.26421135126763,0.8067284155709218,-1.3411253443536015,0.08780962306118628,1.0,NatPath_K1,selected_news,Здоровье
selected_news,test,3,6,50,216.1833150400708,0.40835821700984043,-1.5056062569414599,0.15654227404982715,1.0,NatPath_K1,selected_news,Здоровье
selected_news,test,6,6,50,372.3524815089664,-0.9131027563218146,-5.7096075484004745,0.2696272105583432,1.0,NatPath_K1,selected_news,Здоровье
selected_news,test,12,6,50,121.77091084798177,0.8111403850970482,-0.35717410528653937,0.08817653339124959,1.0,NatPath_K1,selected_news,Здоровье
selected_news,test,1,6,50,316.55493723553985,0.8603435780312956,0.32821871465111363,0.060652507187088305,1.0,NatPath_K1,selected_news,Маркетплейсы
selected_news,test,3,6,50,570.7953510362717,0.464271912530527,-0.23055178501525564,0.10936543727107986,1.0,NatPath_K1,selected_news,Маркетплейсы
selected_news,test,6,6,50,983.7787268120734,-0.3803801531675086,-1.7294014996520177,0.18849381033054638,1.0,NatPath_K1,selected_news,Маркетплейсы
selected_news,test,12,6,50,1167.7854386393228,-0.5551987852535603,-10.511584134150217,0.22374983416337177,1.0,NatPath_K1,selected_news,Маркетплейсы
selected_news,test,1,6,50,70.95407329240889,0.9633987079345829,-0.38089697165580993,0.1124755457681962,1.0,NatPath_K1,selected_news,Общественное питание
selected_news,test,3,6,50,153.85375076967404,0.8456826013320566,-0.32081651560805113,0.24388711998236326,1.0,NatPath_K1,selected_news,Общественное питание
selected_news,test,6,6,50,138.0654081417472,0.8590057324643913,-0.29146620976820325,0.21885962865662803,1.0,NatPath_K1,selected_news,Общественное питание
selected_news,test,12,6,50,52.877985356648765,0.9806944106214861,0.6514220044450636,0.08382154802588417,1.0,NatPath_K1,selected_news,Общественное питание
selected_news,test,1,6,50,398.2746679370185,0.899041483852773,0.7790377353548916,0.03294140621829765,1.0,NatPath_K1,selected_news,Продовольствие
selected_news,test,3,6,50,973.0561989643984,0.48182992863108687,0.385240410505878,0.08048174313809928,1.0,NatPath_K1,selected_news,Продовольствие
selected_news,test,6,6,50,853.7659787553755,0.6122715154998714,0.4636340183166693,0.07061521654696543,1.0,NatPath_K1,selected_news,Продовольствие
selected_news,test,12,6,50,462.388916015625,0.8605512144351877,0.01835066838318966,0.03824431313245788,1.0,NatPath_K1,selected_news,Продовольствие
selected_news,test,1,6,50,81.09415615532751,0.9609567635875766,0.26457236245839677,0.05388721818829824,1.0,NatPath_K1,selected_news,Транспорт
selected_news,test,3,6,50,150.71422464852597,0.8765912823698854,0.05441132465529297,0.10014988370011871,1.0,NatPath_K1,selected_news,Транспорт
selected_news,test,6,6,50,164.93619868751853,0.8421894637558809,-0.26746117385819934,0.1096004120050138,1.0,NatPath_K1,selected_news,Транспорт
selected_news,test,12,6,50,104.29960489908854,0.9262763497333616,-0.023096046882144394,0.06930728220890735,1.0,NatPath_K1,selected_news,Транспорт
original,test,1,6,50,1161.2530794270833,0.9343153286052769,0.5826455406026794,0.04169623531756319,1.0,StructHGB,original,Все категории
original,test,3,6,50,1610.2465625,0.8859166442576629,0.5320314937361519,0.05781790445061473,1.0,StructHGB,original,Все категории
original,test,6,6,50,1686.7527669270833,0.8716981427126598,0.45816634074686546,0.06056495482194214,1.0,StructHGB,original,Все категории
original,test,12,6,50,1113.1464778645834,0.9397976597523522,-0.09637402406570983,0.03996890798933955,1.0,StructHGB,original,Все категории
original,test,1,6,50,138.93047932942707,0.7693950011834896,-1.7933501391772069,0.10060208931956574,1.0,StructHGB,original,Здоровье
original,test,3,6,50,214.09601440429688,0.32179796860398113,-1.8721893926219488,0.15503082166003873,1.0,StructHGB,original,Здоровье
original,test,6,6,50,375.3219897460938,-0.5572584896659278,-4.461595454058094,0.27177748553291026,1.0,StructHGB,original,Здоровье
original,test,12,6,50,117.00194010416666,0.808010515324604,-0.3796658286243384,0.0847232348562746,1.0,StructHGB,original,Здоровье
original,test,1,6,50,410.1957722981771,0.7644276067213314,-0.13316038688804666,0.07859426311495607,1.0,StructHGB,original,Маркетплейсы
original,test,3,6,50,569.5119287109375,0.5215730967964645,-0.0989326367361294,0.1091195311971099,1.0,StructHGB,original,Маркетплейсы
original,test,6,6,50,616.3346240234375,0.49190007034692873,-0.004657091588804452,0.11809084558810028,1.0,StructHGB,original,Маркетплейсы
original,test,12,6,50,1142.8225927734375,-0.5279875542913859,-10.310166554876714,0.21896690706227204,1.0,StructHGB,original,Маркетплейсы
original,test,1,6,50,103.48773877461751,0.9325806677442303,-1.543602875457351,0.16404752199387723,1.0,StructHGB,original,Общественное питание
original,test,3,6,50,134.60306963602702,0.8769643850968594,-0.053072910603813916,0.21337117119400642,1.0,StructHGB,original,Общественное питание
original,test,6,6,50,110.62434206644694,0.9066491003123344,0.14493309050572933,0.17536037991637649,1.0,StructHGB,original,Общественное питание
original,test,12,6,50,64.67347849527995,0.9716461198884954,0.4880478134237598,0.10251962224221664,1.0,StructHGB,original,Общественное питание
original,test,1,6,50,591.58828125,0.7984797279731415,0.5589438377440333,0.04893042780647671,1.0,StructHGB,original,Продовольствие
original,test,3,6,50,975.1209537760417,0.5335181285116435,0.44656355187588226,0.08065251957071508,1.0,StructHGB,original,Продовольствие
original,test,6,6,50,1389.3218684895833,0.09694708238094119,-0.24924240553335375,0.11491118999593755,1.0,StructHGB,original,Продовольствие
original,test,12,6,50,482.0382421875,0.8562880564574059,-0.011659820145024868,0.03986951424980818,1.0,StructHGB,original,Продовольствие
original,test,1,6,50,89.96347839355468,0.953634931790534,0.12665660660003686,0.05978089937684434,1.0,StructHGB,original,Транспорт
original,test,3,6,50,129.82123107910155,0.9052513511125957,0.27401198948785943,0.08626645046078878,1.0,StructHGB,original,Транспорт
original,test,6,6,50,108.91028198242188,0.9295228747285064,0.4339603549120601,0.07237108574007027,1.0,StructHGB,original,Транспорт
original,test,12,6,50,93.654267578125,0.9437639443823677,0.21958712046194062,0.06223343568161833,1.0,StructHGB,original,Транспорт
coverage_all,test,1,6,50,1166.4818393789312,0.9337225976551441,0.5788793817712812,0.041883980443267285,1.0,StructHGB,coverage_all,Все категории
coverage_all,test,3,6,50,1570.322370332575,0.8904042460316832,0.5504395803955097,0.056384376702901154,1.0,StructHGB,coverage_all,Все категории
coverage_all,test,6,6,50,1686.7527669270833,0.8716981427126598,0.45816634074686546,0.06056495482194214,1.0,StructHGB,coverage_all,Все категории
coverage_all,test,12,6,50,1113.1464778645834,0.9397976597523522,-0.09637402406570983,0.03996890798933955,1.0,StructHGB,coverage_all,Все категории
coverage_all,test,1,6,50,136.48498225776066,0.7801670696718355,-1.662866588666276,0.09883126036956144,1.0,StructHGB,coverage_all,Здоровье
coverage_all,test,3,6,50,211.37206733663308,0.35446030323951316,-1.733864222929757,0.15305836199873504,1.0,StructHGB,coverage_all,Здоровье
coverage_all,test,6,6,50,375.3219897460938,-0.5572584896659278,-4.461595454058094,0.27177748553291026,1.0,StructHGB,coverage_all,Здоровье
coverage_all,test,12,6,50,117.00194010416666,0.808010515324604,-0.3796658286243384,0.0847232348562746,1.0,StructHGB,coverage_all,Здоровье
coverage_all,test,1,6,50,406.2723784359572,0.7680460762345196,-0.11575467029944564,0.07784253364738183,1.0,StructHGB,coverage_all,Маркетплейсы
coverage_all,test,3,6,50,572.9154954511658,0.5012323153264882,-0.14565481825309323,0.10977166083367859,1.0,StructHGB,coverage_all,Маркетплейсы
coverage_all,test,6,6,50,616.3346240234375,0.49190007034692873,-0.004657091588804452,0.11809084558810028,1.0,StructHGB,coverage_all,Маркетплейсы
coverage_all,test,12,6,50,1142.8225927734375,-0.5279875542913859,-10.310166554876714,0.21896690706227204,1.0,StructHGB,coverage_all,Маркетплейсы
coverage_all,test,1,6,50,102.7273391193826,0.9335622829279654,-1.5065684059602544,0.16284214558268753,1.0,StructHGB,coverage_all,Общественное питание
coverage_all,test,3,6,50,135.8926090087268,0.8751307849753717,-0.06876685920835901,0.2154153335373895,1.0,StructHGB,coverage_all,Общественное питание
coverage_all,test,6,6,50,110.62434206644694,0.9066491003123344,0.14493309050572933,0.17536037991637649,1.0,StructHGB,coverage_all,Общественное питание
coverage_all,test,12,6,50,64.67347849527995,0.9716461198884954,0.4880478134237598,0.10251962224221664,1.0,StructHGB,coverage_all,Общественное питание
coverage_all,test,1,6,50,583.5428096149844,0.7983810149174502,0.5587277899932542,0.04826498465710536,1.0,StructHGB,coverage_all,Продовольствие
coverage_all,test,3,6,50,931.1543602542386,0.5533443773321933,0.4700855136015566,0.07701603065029616,1.0,StructHGB,coverage_all,Продовольствие
coverage_all,test,6,6,50,1389.3218684895833,0.09694708238094119,-0.24924240553335375,0.11491118999593755,1.0,StructHGB,coverage_all,Продовольствие
coverage_all,test,12,6,50,482.0382421875,0.8562880564574059,-0.011659820145024868,0.03986951424980818,1.0,StructHGB,coverage_all,Продовольствие
coverage_all,test,1,6,50,89.90386067862121,0.9536529519805463,0.12699603916215296,0.05974128329394986,1.0,StructHGB,coverage_all,Транспорт
coverage_all,test,3,6,50,129.75805646157582,0.9048581667384076,0.27099931178814407,0.0862244708094801,1.0,StructHGB,coverage_all,Транспорт
coverage_all,test,6,6,50,108.91028198242188,0.9295228747285064,0.4339603549120601,0.07237108574007027,1.0,StructHGB,coverage_all,Транспорт
coverage_all,test,12,6,50,93.654267578125,0.9437639443823677,0.21958712046194062,0.06223343568161833,1.0,StructHGB,coverage_all,Транспорт
economic_windows,test,1,6,50,1161.2530794270833,0.9343153286052769,0.5826455406026794,0.04169623531756319,1.0,StructHGB,economic_windows,Все категории
economic_windows,test,3,6,50,1460.58631719985,0.8998618442912598,0.5892345308208251,0.0524441673072885,1.0,StructHGB,economic_windows,Все категории
economic_windows,test,6,6,50,1642.481366336529,0.8712747349064144,0.4563782403571687,0.05897533515197959,1.0,StructHGB,economic_windows,Все категории
economic_windows,test,12,6,50,1113.1464778645834,0.9397976597523522,-0.09637402406570983,0.03996890798933955,1.0,StructHGB,economic_windows,Все категории
economic_windows,test,1,6,50,138.93047932942707,0.7693950011834896,-1.7933501391772069,0.10060208931956574,1.0,StructHGB,economic_windows,Здоровье
economic_windows,test,3,6,50,220.48532795613613,0.3167682813232634,-1.8934901463606937,0.15965743992073522,1.0,StructHGB,economic_windows,Здоровье
economic_windows,test,6,6,50,367.9068188450051,-0.645512859745349,-4.771119961148712,0.266408025289832,1.0,StructHGB,economic_windows,Здоровье
economic_windows,test,12,6,50,117.00194010416666,0.808010515324604,-0.3796658286243384,0.0847232348562746,1.0,StructHGB,economic_windows,Здоровье
economic_windows,test,1,6,50,410.1957722981771,0.7644276067213314,-0.13316038688804666,0.07859426311495607,1.0,StructHGB,economic_windows,Маркетплейсы
economic_windows,test,3,6,50,566.1502844890089,0.5147248454061373,-0.1146628703559609,0.10847543399201957,1.0,StructHGB,economic_windows,Маркетплейсы
economic_windows,test,6,6,50,765.3856767655444,0.22228817763955655,-0.5377559648165346,0.14664930095964632,1.0,StructHGB,economic_windows,Маркетплейсы
economic_windows,test,12,6,50,1142.8225927734375,-0.5279875542913859,-10.310166554876714,0.21896690706227204,1.0,StructHGB,economic_windows,Маркетплейсы
economic_windows,test,1,6,50,103.48773877461751,0.9325806677442303,-1.543602875457351,0.16404752199387723,1.0,StructHGB,economic_windows,Общественное питание
economic_windows,test,3,6,50,137.41510449783183,0.8719504883652538,-0.09598730436512848,0.21782877512179288,1.0,StructHGB,economic_windows,Общественное питание
economic_windows,test,6,6,50,110.82594185310913,0.904464522615143,0.12492299840873455,0.17567995347966067,1.0,StructHGB,economic_windows,Общественное питание
economic_windows,test,12,6,50,64.67347849527995,0.9716461198884954,0.4880478134237598,0.10251962224221664,1.0,StructHGB,economic_windows,Общественное питание
economic_windows,test,1,6,50,591.58828125,0.7984797279731415,0.5589438377440333,0.04893042780647671,1.0,StructHGB,economic_windows,Продовольствие
economic_windows,test,3,6,50,960.3486898954228,0.5241313125290812,0.43542698598960516,0.0794307016032909,1.0,StructHGB,economic_windows,Продовольствие
economic_windows,test,6,6,50,1349.7116074451353,0.20900372970191072,-0.09422832726169506,0.11163501452076445,1.0,StructHGB,economic_windows,Продовольствие
economic_windows,test,12,6,50,482.0382421875,0.8562880564574059,-0.011659820145024868,0.03986951424980818,1.0,StructHGB,economic_windows,Продовольствие
economic_windows,test,1,6,50,89.96347839355468,0.953634931790534,0.12665660660003686,0.05978089937684434,1.0,StructHGB,economic_windows,Транспорт
economic_windows,test,3,6,50,136.01814531374245,0.8974743043803749,0.214422298752592,0.0903843115408973,1.0,StructHGB,economic_windows,Транспорт
economic_windows,test,6,6,50,111.8065537574561,0.9247164006510976,0.39535698012314435,0.0742956637426447,1.0,StructHGB,economic_windows,Транспорт
economic_windows,test,12,6,50,93.654267578125,0.9437639443823677,0.21958712046194062,0.06223343568161833,1.0,StructHGB,economic_windows,Транспорт
financial_only,test,1,6,50,1161.2530794270833,0.9343153286052769,0.5826455406026794,0.04169623531756319,1.0,StructHGB,financial_only,Все категории
financial_only,test,3,6,50,1584.3899892732954,0.8889487928436883,0.5444693295215675,0.056889492047783145,1.0,StructHGB,financial_only,Все категории
financial_only,test,6,6,50,1686.7527669270833,0.8716981427126598,0.45816634074686546,0.06056495482194214,1.0,StructHGB,financial_only,Все категории
financial_only,test,12,6,50,1113.1464778645834,0.9397976597523522,-0.09637402406570983,0.03996890798933955,1.0,StructHGB,financial_only,Все категории
financial_only,test,1,6,50,138.93047932942707,0.7693950011834896,-1.7933501391772069,0.10060208931956574,1.0,StructHGB,financial_only,Здоровье
financial_only,test,3,6,50,212.59912172850403,0.3434478344771087,-1.7805020896740533,0.15394689442248244,1.0,StructHGB,financial_only,Здоровье
financial_only,test,6,6,50,375.3219897460938,-0.5572584896659278,-4.461595454058094,0.27177748553291026,1.0,StructHGB,financial_only,Здоровье
financial_only,test,12,6,50,117.00194010416666,0.808010515324604,-0.3796658286243384,0.0847232348562746,1.0,StructHGB,financial_only,Здоровье
financial_only,test,1,6,50,410.1957722981771,0.7644276067213314,-0.13316038688804666,0.07859426311495607,1.0,StructHGB,financial_only,Маркетплейсы
financial_only,test,3,6,50,575.3690859595393,0.5020919976257242,-0.1436801530962446,0.11024177328001382,1.0,StructHGB,financial_only,Маркетплейсы
financial_only,test,6,6,50,616.3346240234375,0.49190007034692873,-0.004657091588804452,0.11809084558810028,1.0,StructHGB,financial_only,Маркетплейсы
financial_only,test,12,6,50,1142.8225927734375,-0.5279875542913859,-10.310166554876714,0.21896690706227204,1.0,StructHGB,financial_only,Маркетплейсы
financial_only,test,1,6,50,103.48773877461751,0.9325806677442303,-1.543602875457351,0.16404752199387723,1.0,StructHGB,financial_only,Общественное питание
financial_only,test,3,6,50,136.15327350972652,0.874391077552265,-0.07509808167316678,0.21582853577725972,1.0,StructHGB,financial_only,Общественное питание
financial_only,test,6,6,50,110.62434206644694,0.9066491003123344,0.14493309050572933,0.17536037991637649,1.0,StructHGB,financial_only,Общественное питание
financial_only,test,12,6,50,64.67347849527995,0.9716461198884954,0.4880478134237598,0.10251962224221664,1.0,StructHGB,financial_only,Общественное питание
financial_only,test,1,6,50,591.58828125,0.7984797279731415,0.5589438377440333,0.04893042780647671,1.0,StructHGB,financial_only,Продовольствие
financial_only,test,3,6,50,944.2253175112892,0.5432683980025703,0.45813132083996766,0.0780971330836917,1.0,StructHGB,financial_only,Продовольствие
financial_only,test,6,6,50,1389.3218684895833,0.09694708238094119,-0.24924240553335375,0.11491118999593755,1.0,StructHGB,financial_only,Продовольствие
financial_only,test,12,6,50,482.0382421875,0.8562880564574059,-0.011659820145024868,0.03986951424980818,1.0,StructHGB,financial_only,Продовольствие
financial_only,test,1,6,50,89.96347839355468,0.953634931790534,0.12665660660003686,0.05978089937684434,1.0,StructHGB,financial_only,Транспорт
financial_only,test,3,6,50,130.45618123025608,0.9039402943395171,0.26396634229887517,0.08668837602184178,1.0,StructHGB,financial_only,Транспорт
financial_only,test,6,6,50,108.91028198242188,0.9295228747285064,0.4339603549120601,0.07237108574007027,1.0,StructHGB,financial_only,Транспорт
financial_only,test,12,6,50,93.654267578125,0.9437639443823677,0.21958712046194062,0.06223343568161833,1.0,StructHGB,financial_only,Транспорт
selected_decay,test,1,6,50,1163.5944209572806,0.9342313369220494,0.5821118650463746,0.04178030409561978,1.0,StructHGB,selected_decay,Все категории
selected_decay,test,3,6,50,1533.5827332921826,0.8937731016853343,0.564258584384297,0.055065194365598896,1.0,StructHGB,selected_decay,Все категории
selected_decay,test,6,6,50,1686.7527669270833,0.8716981427126598,0.45816634074686546,0.06056495482194214,1.0,StructHGB,selected_decay,Все категории
selected_decay,test,12,6,50,1113.1464778645834,0.9397976597523522,-0.09637402406570983,0.03996890798933955,1.0,StructHGB,selected_decay,Все категории
selected_decay,test,1,6,50,135.8315158379466,0.7834674236476501,-1.622888946008966,0.09835807343858145,1.0,StructHGB,selected_decay,Здоровье
selected_decay,test,3,6,50,219.88764752513364,0.31578315405813184,-1.8976621658332236,0.15922464863984073,1.0,StructHGB,selected_decay,Здоровье
selected_decay,test,6,6,50,375.3219897460938,-0.5572584896659278,-4.461595454058094,0.27177748553291026,1.0,StructHGB,selected_decay,Здоровье
selected_decay,test,12,6,50,117.00194010416666,0.808010515324604,-0.3796658286243384,0.0847232348562746,1.0,StructHGB,selected_decay,Здоровье
selected_decay,test,1,6,50,408.3138161106824,0.7660020156974663,-0.12558709759176412,0.07823367685405415,1.0,StructHGB,selected_decay,Маркетплейсы
selected_decay,test,3,6,50,571.9131685693471,0.5045605928194467,-0.138009861966907,0.10957961316279333,1.0,StructHGB,selected_decay,Маркетплейсы
selected_decay,test,6,6,50,616.3346240234375,0.49190007034692873,-0.004657091588804452,0.11809084558810028,1.0,StructHGB,selected_decay,Маркетплейсы
selected_decay,test,12,6,50,1142.8225927734375,-0.5279875542913859,-10.310166554876714,0.21896690706227204,1.0,StructHGB,selected_decay,Маркетплейсы
selected_decay,test,1,6,50,103.09212065798701,0.9331538530388926,-1.5219776870300659,0.16342039290150753,1.0,StructHGB,selected_decay,Общественное питание
selected_decay,test,3,6,50,136.63075587061277,0.8735783949165887,-0.08205390555572789,0.21658543508752262,1.0,StructHGB,selected_decay,Общественное питание
selected_decay,test,6,6,50,110.62434206644694,0.9066491003123344,0.14493309050572933,0.17536037991637649,1.0,StructHGB,selected_decay,Общественное питание
selected_decay,test,12,6,50,64.67347849527995,0.9716461198884954,0.4880478134237598,0.10251962224221664,1.0,StructHGB,selected_decay,Общественное питание
selected_decay,test,1,6,50,582.3553343278105,0.80055523591338,0.5634863860328296,0.04816676825280427,1.0,StructHGB,selected_decay,Продовольствие
selected_decay,test,3,6,50,934.6725497904312,0.5474628755713262,0.46310767021016297,0.0773070210646878,1.0,StructHGB,selected_decay,Продовольствие
selected_decay,test,6,6,50,1389.3218684895833,0.09694708238094119,-0.24924240553335375,0.11491118999593755,1.0,StructHGB,selected_decay,Продовольствие
selected_decay,test,12,6,50,482.0382421875,0.8562880564574059,-0.011659820145024868,0.03986951424980818,1.0,StructHGB,selected_decay,Продовольствие
selected_decay,test,1,6,50,89.85884133810565,0.9537815248822636,0.1294178687554549,0.059711367858114886,1.0,StructHGB,selected_decay,Транспорт
selected_decay,test,3,6,50,133.44015404434774,0.9006804668292747,0.23898872291787587,0.08867123152862966,1.0,StructHGB,selected_decay,Транспорт
selected_decay,test,6,6,50,108.91028198242188,0.9295228747285064,0.4339603549120601,0.07237108574007027,1.0,StructHGB,selected_decay,Транспорт
selected_decay,test,12,6,50,93.654267578125,0.9437639443823677,0.21958712046194062,0.06223343568161833,1.0,StructHGB,selected_decay,Транспорт
selected_news,test,1,6,50,1163.5944209572806,0.9342313369220494,0.5821118650463746,0.04178030409561978,1.0,StructHGB,selected_news,Все категории
selected_news,test,3,6,50,1460.58631719985,0.8998618442912598,0.5892345308208251,0.0524441673072885,1.0,StructHGB,selected_news,Все категории
selected_news,test,6,6,50,1642.481366336529,0.8712747349064144,0.4563782403571687,0.05897533515197959,1.0,StructHGB,selected_news,Все категории
selected_news,test,12,6,50,1113.1464778645834,0.9397976597523522,-0.09637402406570983,0.03996890798933955,1.0,StructHGB,selected_news,Все категории
selected_news,test,1,6,50,135.8315158379466,0.7834674236476501,-1.622888946008966,0.09835807343858145,1.0,StructHGB,selected_news,Здоровье
selected_news,test,3,6,50,220.48532795613613,0.3167682813232634,-1.8934901463606937,0.15965743992073522,1.0,StructHGB,selected_news,Здоровье
selected_news,test,6,6,50,367.9068188450051,-0.645512859745349,-4.771119961148712,0.266408025289832,1.0,StructHGB,selected_news,Здоровье
selected_news,test,12,6,50,117.00194010416666,0.808010515324604,-0.3796658286243384,0.0847232348562746,1.0,StructHGB,selected_news,Здоровье
selected_news,test,1,6,50,408.3138161106824,0.7660020156974663,-0.12558709759176412,0.07823367685405415,1.0,StructHGB,selected_news,Маркетплейсы
selected_news,test,3,6,50,566.1502844890089,0.5147248454061373,-0.1146628703559609,0.10847543399201957,1.0,StructHGB,selected_news,Маркетплейсы
selected_news,test,6,6,50,765.3856767655444,0.22228817763955655,-0.5377559648165346,0.14664930095964632,1.0,StructHGB,selected_news,Маркетплейсы
selected_news,test,12,6,50,1142.8225927734375,-0.5279875542913859,-10.310166554876714,0.21896690706227204,1.0,StructHGB,selected_news,Маркетплейсы
selected_news,test,1,6,50,103.09212065798701,0.9331538530388926,-1.5219776870300659,0.16342039290150753,1.0,StructHGB,selected_news,Общественное питание
selected_news,test,3,6,50,137.41510449783183,0.8719504883652538,-0.09598730436512848,0.21782877512179288,1.0,StructHGB,selected_news,Общественное питание
selected_news,test,6,6,50,110.82594185310913,0.904464522615143,0.12492299840873455,0.17567995347966067,1.0,StructHGB,selected_news,Общественное питание
selected_news,test,12,6,50,64.67347849527995,0.9716461198884954,0.4880478134237598,0.10251962224221664,1.0,StructHGB,selected_news,Общественное питание
selected_news,test,1,6,50,582.3553343278105,0.80055523591338,0.5634863860328296,0.04816676825280427,1.0,StructHGB,selected_news,Продовольствие
selected_news,test,3,6,50,960.3486898954228,0.5241313125290812,0.43542698598960516,0.0794307016032909,1.0,StructHGB,selected_news,Продовольствие
selected_news,test,6,6,50,1349.7116074451353,0.20900372970191072,-0.09422832726169506,0.11163501452076445,1.0,StructHGB,selected_news,Продовольствие
selected_news,test,12,6,50,482.0382421875,0.8562880564574059,-0.011659820145024868,0.03986951424980818,1.0,StructHGB,selected_news,Продовольствие
selected_news,test,1,6,50,89.85884133810565,0.9537815248822636,0.1294178687554549,0.059711367858114886,1.0,StructHGB,selected_news,Транспорт
selected_news,test,3,6,50,136.01814531374245,0.8974743043803749,0.214422298752592,0.0903843115408973,1.0,StructHGB,selected_news,Транспорт
selected_news,test,6,6,50,111.8065537574561,0.9247164006510976,0.39535698012314435,0.0742956637426447,1.0,StructHGB,selected_news,Транспорт
selected_news,test,12,6,50,93.654267578125,0.9437639443823677,0.21958712046194062,0.06223343568161833,1.0,StructHGB,selected_news,Транспорт
original,test,1,6,50,1266.1162760416667,0.8745402777802516,0.20284027564812301,0.045461478742666296,1.0,Chronos2_NatCov,original,Все категории
original,test,3,6,50,1722.8283333333334,0.839462924887593,0.34147891468062386,0.061860292877649596,1.0,Chronos2_NatCov,original,Все категории
original,test,6,6,50,2431.50740234375,0.6901043441966213,-0.30872538185121723,0.08730629577709369,1.0,Chronos2_NatCov,original,Все категории
original,test,12,6,50,4506.588209635417,0.23399707601716524,-12.950050857798232,0.1618146516012,1.0,Chronos2_NatCov,original,Все категории
original,test,1,6,50,91.16832784016927,0.8961484104187127,-0.2579686203658016,0.06601664591356148,1.0,Chronos2_NatCov,original,Здоровье
original,test,3,6,50,146.47404134114583,0.7156401591304968,-0.20426551502931178,0.10606451990321858,1.0,Chronos2_NatCov,original,Здоровье
original,test,6,6,50,148.8064569091797,0.6787816496984047,-0.12657255902556686,0.10775346447778744,1.0,Chronos2_NatCov,original,Здоровье
original,test,12,6,50,206.40832946777343,0.498490040843948,-2.6039273428554788,0.1494640290427689,1.0,Chronos2_NatCov,original,Здоровье
original,test,1,6,50,414.00255289713544,0.705196978764111,-0.4180740830877079,0.07932364926718086,1.0,Chronos2_NatCov,original,Маркетплейсы
original,test,3,6,50,619.6908911132813,0.34268116441534424,-0.5098421855638442,0.11873391252481044,1.0,Chronos2_NatCov,original,Маркетплейсы
original,test,6,6,50,1243.6189583333332,-0.958437109174874,-2.8723833941615693,0.23827967577137302,1.0,Chronos2_NatCov,original,Маркетплейсы
original,test,12,6,50,1683.1259285481772,-2.1490991583097467,-22.309637489045418,0.3224900182241787,1.0,Chronos2_NatCov,original,Маркетплейсы
original,test,1,6,50,59.120129419962566,0.973340620313179,-0.005807571217881113,0.09371651990990199,1.0,Chronos2_NatCov,original,Общественное питание
original,test,3,6,50,119.36390093485514,0.8940071571337647,0.09279771041750651,0.18921422378868674,1.0,Chronos2_NatCov,original,Общественное питание
original,test,6,6,50,151.32037344614665,0.8142829141985896,-0.7011141309597513,0.23987124064128248,1.0,Chronos2_NatCov,original,Общественное питание
original,test,12,6,50,157.61228003184002,0.8043051731616823,-2.5334280214045477,0.2498450954787902,1.0,Chronos2_NatCov,original,Общественное питание
original,test,1,6,50,648.4640494791666,0.7320429982480827,0.4135374786187044,0.05363463808156005,1.0,Chronos2_NatCov,original,Продовольствие
original,test,3,6,50,928.9205729166666,0.5705998702353394,0.4905575175241925,0.07683127349144045,1.0,Chronos2_NatCov,original,Продовольствие
original,test,6,6,50,842.0545279947917,0.5602835369539488,0.3917162091712687,0.06964655926602835,1.0,Chronos2_NatCov,original,Продовольствие
original,test,12,6,50,1451.0465999348958,-0.016092735550760295,-6.152781938359093,0.12001645933879444,1.0,Chronos2_NatCov,original,Продовольствие
original,test,1,6,50,96.39695983886719,0.9475435070625778,0.01191708937297864,0.06405595981017431,1.0,Chronos2_NatCov,original,Транспорт
original,test,3,6,50,154.29810119628905,0.8631220184024906,-0.04879356813818925,0.10253137635810165,1.0,Chronos2_NatCov,original,Транспорт
original,test,6,6,50,218.1106630452474,0.7141496264512426,-1.295817875211196,0.14493494286075634,1.0,Chronos2_NatCov,original,Транспорт
original,test,12,6,50,227.5122255452474,0.6992054244207195,-3.1742607709430546,0.15118229869707622,1.0,Chronos2_NatCov,original,Транспорт
coverage_all,test,1,6,50,1266.1162760416667,0.8745402777802516,0.20284027564812301,0.045461478742666296,1.0,Chronos2_NatCov,coverage_all,Все категории
coverage_all,test,3,6,50,1742.7257709080263,0.8377493501933834,0.3344498525987549,0.062574735107366,1.0,Chronos2_NatCov,coverage_all,Все категории
coverage_all,test,6,6,50,2948.796743237532,0.531337214515538,-0.9792174282099768,0.10588021258066901,1.0,Chronos2_NatCov,coverage_all,Все категории
coverage_all,test,12,6,50,4506.588209635417,0.23399707601716524,-12.950050857798232,0.1618146516012,1.0,Chronos2_NatCov,coverage_all,Все категории
coverage_all,test,1,6,50,91.16832784016927,0.8961484104187127,-0.2579686203658016,0.06601664591356148,1.0,Chronos2_NatCov,coverage_all,Здоровье
coverage_all,test,3,6,50,145.07395584612433,0.726295835434532,-0.1591386663398957,0.10505069250763897,1.0,Chronos2_NatCov,coverage_all,Здоровье
coverage_all,test,6,6,50,137.41084413080466,0.7541262053280867,0.13767482523712948,0.09950169380719967,1.0,Chronos2_NatCov,coverage_all,Здоровье
coverage_all,test,12,6,50,206.40832946777343,0.498490040843948,-2.6039273428554788,0.1494640290427689,1.0,Chronos2_NatCov,coverage_all,Здоровье
coverage_all,test,1,6,50,414.00255289713544,0.705196978764111,-0.4180740830877079,0.07932364926718086,1.0,Chronos2_NatCov,coverage_all,Маркетплейсы
coverage_all,test,3,6,50,590.5393126945261,0.3817216096876481,-0.42016742192666356,0.1131484165758311,1.0,Chronos2_NatCov,coverage_all,Маркетплейсы
coverage_all,test,6,6,50,965.1165889280835,-0.37326493023236695,-1.7153326939647071,0.18491811044723383,1.0,Chronos2_NatCov,coverage_all,Маркетплейсы
coverage_all,test,12,6,50,1683.1259285481772,-2.1490991583097467,-22.309637489045418,0.3224900182241787,1.0,Chronos2_NatCov,coverage_all,Маркетплейсы
coverage_all,test,1,6,50,59.120129419962566,0.973340620313179,-0.005807571217881113,0.09371651990990199,1.0,Chronos2_NatCov,coverage_all,Общественное питание
coverage_all,test,3,6,50,119.6773141710463,0.8932423214468295,0.08625141287911808,0.18971104269077152,1.0,Chronos2_NatCov,coverage_all,Общественное питание
coverage_all,test,6,6,50,163.47657894989433,0.7920995087435502,-0.9043076299829336,0.2591411117714386,1.0,Chronos2_NatCov,coverage_all,Общественное питание
coverage_all,test,12,6,50,157.61228003184002,0.8043051731616823,-2.5334280214045477,0.2498450954787902,1.0,Chronos2_NatCov,coverage_all,Общественное питание
coverage_all,test,1,6,50,648.4640494791666,0.7320429982480827,0.4135374786187044,0.05363463808156005,1.0,Chronos2_NatCov,coverage_all,Продовольствие
coverage_all,test,3,6,50,961.7115077579022,0.5473143109493104,0.46293141239233393,0.07954342063973381,1.0,Chronos2_NatCov,coverage_all,Продовольствие
coverage_all,test,6,6,50,1050.1969947244284,0.15542417696165556,-0.1683478478863687,0.08686207935756408,1.0,Chronos2_NatCov,coverage_all,Продовольствие
coverage_all,test,12,6,50,1451.0465999348958,-0.016092735550760295,-6.152781938359093,0.12001645933879444,1.0,Chronos2_NatCov,coverage_all,Продовольствие
coverage_all,test,1,6,50,96.39695983886719,0.9475435070625778,0.01191708937297864,0.06405595981017431,1.0,Chronos2_NatCov,coverage_all,Транспорт
coverage_all,test,3,6,50,153.11203463484154,0.8647607268630499,-0.03623737119964798,0.1017432329133367,1.0,Chronos2_NatCov,coverage_all,Транспорт
coverage_all,test,6,6,50,235.71227873208196,0.6801424308586679,-1.568947927685727,0.15663124935127914,1.0,Chronos2_NatCov,coverage_all,Транспорт
coverage_all,test,12,6,50,227.5122255452474,0.6992054244207195,-3.1742607709430546,0.15118229869707622,1.0,Chronos2_NatCov,coverage_all,Транспорт
economic_windows,test,1,6,50,1266.1162760416667,0.8745402777802516,0.20284027564812301,0.045461478742666296,1.0,Chronos2_NatCov,economic_windows,Все категории
economic_windows,test,3,6,50,1794.142634566507,0.8339426620796206,0.31883486530443594,0.06442092151098164,1.0,Chronos2_NatCov,economic_windows,Все категории
economic_windows,test,6,6,50,3149.228738430998,0.5996706163756038,-0.6906375279507484,0.11307697251596115,1.0,Chronos2_NatCov,economic_windows,Все категории
economic_windows,test,12,6,50,4506.588209635417,0.23399707601716524,-12.950050857798232,0.1618146516012,1.0,Chronos2_NatCov,economic_windows,Все категории
economic_windows,test,1,6,50,91.16832784016927,0.8961484104187127,-0.2579686203658016,0.06601664591356148,1.0,Chronos2_NatCov,economic_windows,Здоровье
economic_windows,test,3,6,50,142.33312706142888,0.73675447746847,-0.11484625888533007,0.10306600848770003,1.0,Chronos2_NatCov,economic_windows,Здоровье
economic_windows,test,6,6,50,126.01109376738594,0.787924899219079,0.2562131373626557,0.09124692703595677,1.0,Chronos2_NatCov,economic_windows,Здоровье
economic_windows,test,12,6,50,206.40832946777343,0.498490040843948,-2.6039273428554788,0.1494640290427689,1.0,Chronos2_NatCov,economic_windows,Здоровье
economic_windows,test,1,6,50,414.00255289713544,0.705196978764111,-0.4180740830877079,0.07932364926718086,1.0,Chronos2_NatCov,economic_windows,Маркетплейсы
economic_windows,test,3,6,50,592.6935043524186,0.3813215478085922,-0.42108635238953007,0.11356116365270096,1.0,Chronos2_NatCov,economic_windows,Маркетплейсы
economic_windows,test,6,6,50,902.5045286079496,-0.18021991069386334,-1.3336281579934441,0.17292152473061412,1.0,Chronos2_NatCov,economic_windows,Маркетплейсы
economic_windows,test,12,6,50,1683.1259285481772,-2.1490991583097467,-22.309637489045418,0.3224900182241787,1.0,Chronos2_NatCov,economic_windows,Маркетплейсы
economic_windows,test,1,6,50,59.120129419962566,0.973340620313179,-0.005807571217881113,0.09371651990990199,1.0,Chronos2_NatCov,economic_windows,Общественное питание
economic_windows,test,3,6,50,120.5497652297828,0.8916521633829574,0.07264110677417313,0.19109404164254457,1.0,Chronos2_NatCov,economic_windows,Общественное питание
economic_windows,test,6,6,50,150.24283099845246,0.8168202001596074,-0.6778733344334222,0.23816313328015418,1.0,Chronos2_NatCov,economic_windows,Общественное питание
economic_windows,test,12,6,50,157.61228003184002,0.8043051731616823,-2.5334280214045477,0.2498450954787902,1.0,Chronos2_NatCov,economic_windows,Общественное питание
economic_windows,test,1,6,50,648.4640494791666,0.7320429982480827,0.4135374786187044,0.05363463808156005,1.0,Chronos2_NatCov,economic_windows,Продовольствие
economic_windows,test,3,6,50,978.753179439735,0.5227639375401463,0.4338047253973222,0.08095294194425949,1.0,Chronos2_NatCov,economic_windows,Продовольствие
economic_windows,test,6,6,50,1412.6121419432934,-0.31349826160385197,-0.8170338592295623,0.11683753485424328,1.0,Chronos2_NatCov,economic_windows,Продовольствие
economic_windows,test,12,6,50,1451.0465999348958,-0.016092735550760295,-6.152781938359093,0.12001645933879444,1.0,Chronos2_NatCov,economic_windows,Продовольствие
economic_windows,test,1,6,50,96.39695983886719,0.9475435070625778,0.01191708937297864,0.06405595981017431,1.0,Chronos2_NatCov,economic_windows,Транспорт
economic_windows,test,3,6,50,155.8000499689289,0.8587567769916304,-0.08224114722759257,0.10352942412203503,1.0,Chronos2_NatCov,economic_windows,Транспорт
economic_windows,test,6,6,50,239.64747858373806,0.6390968008883959,-1.8986074268676694,0.15924619700070752,1.0,Chronos2_NatCov,economic_windows,Транспорт
economic_windows,test,12,6,50,227.5122255452474,0.6992054244207195,-3.1742607709430546,0.15118229869707622,1.0,Chronos2_NatCov,economic_windows,Транспорт
financial_only,test,1,6,50,1266.1162760416667,0.8745402777802516,0.20284027564812301,0.045461478742666296,1.0,Chronos2_NatCov,financial_only,Все категории
financial_only,test,3,6,50,1745.9945154142367,0.8370076046407597,0.33140722156786995,0.06269210344208868,1.0,Chronos2_NatCov,financial_only,Все категории
financial_only,test,6,6,50,2548.9123875033165,0.6895074732285822,-0.31124603733939304,0.09152186771002967,1.0,Chronos2_NatCov,financial_only,Все категории
financial_only,test,12,6,50,4506.588209635417,0.23399707601716524,-12.950050857798232,0.1618146516012,1.0,Chronos2_NatCov,financial_only,Все категории
financial_only,test,1,6,50,91.16832784016927,0.8961484104187127,-0.2579686203658016,0.06601664591356148,1.0,Chronos2_NatCov,financial_only,Здоровье
financial_only,test,3,6,50,145.28414333825557,0.7252280919996749,-0.16366056575285648,0.10520289309716621,1.0,Chronos2_NatCov,financial_only,Здоровье
financial_only,test,6,6,50,139.06059623623142,0.7430210175702221,0.09872686420348875,0.10069630934056831,1.0,Chronos2_NatCov,financial_only,Здоровье
financial_only,test,12,6,50,206.40832946777343,0.498490040843948,-2.6039273428554788,0.1494640290427689,1.0,Chronos2_NatCov,financial_only,Здоровье
financial_only,test,1,6,50,414.00255289713544,0.705196978764111,-0.4180740830877079,0.07932364926718086,1.0,Chronos2_NatCov,financial_only,Маркетплейсы
financial_only,test,3,6,50,592.0377468274372,0.37934450484774085,-0.4256275623828665,0.11343551930690667,1.0,Chronos2_NatCov,financial_only,Маркетплейсы
financial_only,test,6,6,50,929.2267621015338,-0.3063373626938706,-1.5829979868998003,0.17804155373151612,1.0,Chronos2_NatCov,financial_only,Маркетплейсы
financial_only,test,12,6,50,1683.1259285481772,-2.1490991583097467,-22.309637489045418,0.3224900182241787,1.0,Chronos2_NatCov,financial_only,Маркетплейсы
financial_only,test,1,6,50,59.120129419962566,0.973340620313179,-0.005807571217881113,0.09371651990990199,1.0,Chronos2_NatCov,financial_only,Общественное питание
financial_only,test,3,6,50,119.89720286333689,0.8926913777200036,0.08153583589399827,0.19005960760785126,1.0,Chronos2_NatCov,financial_only,Общественное питание
financial_only,test,6,6,50,153.6310955451525,0.8243751641809454,-0.6086720759701427,0.24353416959158025,1.0,Chronos2_NatCov,financial_only,Общественное питание
financial_only,test,12,6,50,157.61228003184002,0.8043051731616823,-2.5334280214045477,0.2498450954787902,1.0,Chronos2_NatCov,financial_only,Общественное питание
financial_only,test,1,6,50,648.4640494791666,0.7320429982480827,0.4135374786187044,0.05363463808156005,1.0,Chronos2_NatCov,financial_only,Продовольствие
financial_only,test,3,6,50,957.5151378777224,0.5495816116584749,0.4656213494038317,0.07919633774445137,1.0,Chronos2_NatCov,financial_only,Продовольствие
financial_only,test,6,6,50,869.9293118080572,0.5195161621988318,0.33532047386858344,0.0719520902243398,1.0,Chronos2_NatCov,financial_only,Продовольствие
financial_only,test,12,6,50,1451.0465999348958,-0.016092735550760295,-6.152781938359093,0.12001645933879444,1.0,Chronos2_NatCov,financial_only,Продовольствие
financial_only,test,1,6,50,96.39695983886719,0.9475435070625778,0.01191708937297864,0.06405595981017431,1.0,Chronos2_NatCov,financial_only,Транспорт
financial_only,test,3,6,50,153.68513349895812,0.8636146964012957,-0.04501854522888338,0.10212405817866115,1.0,Chronos2_NatCov,financial_only,Транспорт
financial_only,test,6,6,50,208.20712866687086,0.7592733034847072,-0.9334053898169283,0.1383540257739481,1.0,Chronos2_NatCov,financial_only,Транспорт
financial_only,test,12,6,50,227.5122255452474,0.6992054244207195,-3.1742607709430546,0.15118229869707622,1.0,Chronos2_NatCov,financial_only,Транспорт
selected_decay,test,1,6,50,1266.1162760416667,0.8745402777802516,0.20284027564812301,0.045461478742666296,1.0,Chronos2_NatCov,selected_decay,Все категории
selected_decay,test,3,6,50,1748.3216159052918,0.8356411111836453,0.3258018824035007,0.06277566087793249,1.0,Chronos2_NatCov,selected_decay,Все категории
selected_decay,test,6,6,50,2967.0111082092503,0.6145898195641417,-0.6276319984307621,0.10653422199642482,1.0,Chronos2_NatCov,selected_decay,Все категории
selected_decay,test,12,6,50,4506.588209635417,0.23399707601716524,-12.950050857798232,0.1618146516012,1.0,Chronos2_NatCov,selected_decay,Все категории
selected_decay,test,1,6,50,91.16832784016927,0.8961484104187127,-0.2579686203658016,0.06601664591356148,1.0,Chronos2_NatCov,selected_decay,Здоровье
selected_decay,test,3,6,50,144.61495073269785,0.7263690084580846,-0.15882877817627405,0.10471831854879315,1.0,Chronos2_NatCov,selected_decay,Здоровье
selected_decay,test,6,6,50,162.46233041982376,0.6554313934198195,-0.20846625515148776,0.11764193109278398,1.0,Chronos2_NatCov,selected_decay,Здоровье
selected_decay,test,12,6,50,206.40832946777343,0.498490040843948,-2.6039273428554788,0.1494640290427689,1.0,Chronos2_NatCov,selected_decay,Здоровье
selected_decay,test,1,6,50,414.00255289713544,0.705196978764111,-0.4180740830877079,0.07932364926718086,1.0,Chronos2_NatCov,selected_decay,Маркетплейсы
selected_decay,test,3,6,50,601.5639565571171,0.36523707165780495,-0.45803192478219334,0.11526075858177286,1.0,Chronos2_NatCov,selected_decay,Маркетплейсы
selected_decay,test,6,6,50,906.186701425924,-0.242183551614382,-1.456147779899251,0.17362703580321545,1.0,Chronos2_NatCov,selected_decay,Маркетплейсы
selected_decay,test,12,6,50,1683.1259285481772,-2.1490991583097467,-22.309637489045418,0.3224900182241787,1.0,Chronos2_NatCov,selected_decay,Маркетплейсы
selected_decay,test,1,6,50,59.120129419962566,0.973340620313179,-0.005807571217881113,0.09371651990990199,1.0,Chronos2_NatCov,selected_decay,Общественное питание
selected_decay,test,3,6,50,119.6183084717869,0.8936124754569259,0.08941959439380298,0.18961750756417936,1.0,Chronos2_NatCov,selected_decay,Общественное питание
selected_decay,test,6,6,50,145.28743052308658,0.8448729809534965,-0.4209180757652484,0.230307891895071,1.0,Chronos2_NatCov,selected_decay,Общественное питание
selected_decay,test,12,6,50,157.61228003184002,0.8043051731616823,-2.5334280214045477,0.2498450954787902,1.0,Chronos2_NatCov,selected_decay,Общественное питание
selected_decay,test,1,6,50,648.4640494791666,0.7320429982480827,0.4135374786187044,0.05363463808156005,1.0,Chronos2_NatCov,selected_decay,Продовольствие
selected_decay,test,3,6,50,941.4583570410776,0.5507824410415463,0.4670460194482423,0.07786827702987503,1.0,Chronos2_NatCov,selected_decay,Продовольствие
selected_decay,test,6,6,50,1105.8957965469174,0.16063081441982108,-0.16114522202018144,0.09146894242071331,1.0,Chronos2_NatCov,selected_decay,Продовольствие
selected_decay,test,12,6,50,1451.0465999348958,-0.016092735550760295,-6.152781938359093,0.12001645933879444,1.0,Chronos2_NatCov,selected_decay,Продовольствие
selected_decay,test,1,6,50,96.39695983886719,0.9475435070625778,0.01191708937297864,0.06405595981017431,1.0,Chronos2_NatCov,selected_decay,Транспорт
selected_decay,test,3,6,50,154.17045027853825,0.8623145692533707,-0.05498044687728143,0.10244655208490001,1.0,Chronos2_NatCov,selected_decay,Транспорт
selected_decay,test,6,6,50,218.04284359414325,0.7337736742389527,-1.1382066076949093,0.14488987670886175,1.0,Chronos2_NatCov,selected_decay,Транспорт
selected_decay,test,12,6,50,227.5122255452474,0.6992054244207195,-3.1742607709430546,0.15118229869707622,1.0,Chronos2_NatCov,selected_decay,Транспорт
selected_news,test,1,6,50,1266.1162760416667,0.8745402777802516,0.20284027564812301,0.045461478742666296,1.0,Chronos2_NatCov,selected_news,Все категории
selected_news,test,3,6,50,1748.3216159052918,0.8356411111836453,0.3258018824035007,0.06277566087793249,1.0,Chronos2_NatCov,selected_news,Все категории
selected_news,test,6,6,50,3149.228738430998,0.5996706163756038,-0.6906375279507484,0.11307697251596115,1.0,Chronos2_NatCov,selected_news,Все категории
selected_news,test,12,6,50,4506.588209635417,0.23399707601716524,-12.950050857798232,0.1618146516012,1.0,Chronos2_NatCov,selected_news,Все категории
selected_news,test,1,6,50,91.16832784016927,0.8961484104187127,-0.2579686203658016,0.06601664591356148,1.0,Chronos2_NatCov,selected_news,Здоровье
selected_news,test,3,6,50,144.61495073269785,0.7263690084580846,-0.15882877817627405,0.10471831854879315,1.0,Chronos2_NatCov,selected_news,Здоровье
selected_news,test,6,6,50,126.01109376738594,0.787924899219079,0.2562131373626557,0.09124692703595677,1.0,Chronos2_NatCov,selected_news,Здоровье
selected_news,test,12,6,50,206.40832946777343,0.498490040843948,-2.6039273428554788,0.1494640290427689,1.0,Chronos2_NatCov,selected_news,Здоровье
selected_news,test,1,6,50,414.00255289713544,0.705196978764111,-0.4180740830877079,0.07932364926718086,1.0,Chronos2_NatCov,selected_news,Маркетплейсы
selected_news,test,3,6,50,601.5639565571171,0.36523707165780495,-0.45803192478219334,0.11526075858177286,1.0,Chronos2_NatCov,selected_news,Маркетплейсы
selected_news,test,6,6,50,902.5045286079496,-0.18021991069386334,-1.3336281579934441,0.17292152473061412,1.0,Chronos2_NatCov,selected_news,Маркетплейсы
selected_news,test,12,6,50,1683.1259285481772,-2.1490991583097467,-22.309637489045418,0.3224900182241787,1.0,Chronos2_NatCov,selected_news,Маркетплейсы
selected_news,test,1,6,50,59.120129419962566,0.973340620313179,-0.005807571217881113,0.09371651990990199,1.0,Chronos2_NatCov,selected_news,Общественное питание
selected_news,test,3,6,50,119.6183084717869,0.8936124754569259,0.08941959439380298,0.18961750756417936,1.0,Chronos2_NatCov,selected_news,Общественное питание
selected_news,test,6,6,50,150.24283099845246,0.8168202001596074,-0.6778733344334222,0.23816313328015418,1.0,Chronos2_NatCov,selected_news,Общественное питание
selected_news,test,12,6,50,157.61228003184002,0.8043051731616823,-2.5334280214045477,0.2498450954787902,1.0,Chronos2_NatCov,selected_news,Общественное питание
selected_news,test,1,6,50,648.4640494791666,0.7320429982480827,0.4135374786187044,0.05363463808156005,1.0,Chronos2_NatCov,selected_news,Продовольствие
selected_news,test,3,6,50,941.4583570410776,0.5507824410415463,0.4670460194482423,0.07786827702987503,1.0,Chronos2_NatCov,selected_news,Продовольствие
selected_news,test,6,6,50,1412.6121419432934,-0.31349826160385197,-0.8170338592295623,0.11683753485424328,1.0,Chronos2_NatCov,selected_news,Продовольствие
selected_news,test,12,6,50,1451.0465999348958,-0.016092735550760295,-6.152781938359093,0.12001645933879444,1.0,Chronos2_NatCov,selected_news,Продовольствие
selected_news,test,1,6,50,96.39695983886719,0.9475435070625778,0.01191708937297864,0.06405595981017431,1.0,Chronos2_NatCov,selected_news,Транспорт
selected_news,test,3,6,50,154.17045027853825,0.8623145692533707,-0.05498044687728143,0.10244655208490001,1.0,Chronos2_NatCov,selected_news,Транспорт
selected_news,test,6,6,50,239.64747858373806,0.6390968008883959,-1.8986074268676694,0.15924619700070752,1.0,Chronos2_NatCov,selected_news,Транспорт
selected_news,test,12,6,50,227.5122255452474,0.6992054244207195,-3.1742607709430546,0.15118229869707622,1.0,Chronos2_NatCov,selected_news,Транспорт
