variant,origin,feature_index,standardized_coefficient
coverage_only,6,0,0.0
coverage_only,6,1,0.0
coverage_only,6,2,0.0
coverage_only,6,3,0.0
coverage_only,6,4,0.0
coverage_only,6,5,0.0
coverage_only,6,6,0.0
coverage_only,6,7,0.0
coverage_only,7,0,-0.0002466003136856219
coverage_only,7,1,-0.00024660031368562254
coverage_only,7,2,0.0
coverage_only,7,3,0.0
coverage_only,7,4,0.0002466003136856141
coverage_only,7,5,-0.00024660031368563517
coverage_only,7,6,0.00024660031368562677
coverage_only,7,7,-0.00024660031368562677
coverage_only,8,0,-0.0026863564598251025
coverage_only,8,1,0.00040942479248467416
coverage_only,8,2,0.0
coverage_only,8,3,0.0
coverage_only,8,4,0.0005913547556780387
coverage_only,8,5,-0.002518075897764794
coverage_only,8,6,-0.0049121070303324394
coverage_only,8,7,0.0007610621708014578
coverage_only,9,0,-0.004336347767351186
coverage_only,9,1,0.008314087105577963
coverage_only,9,2,0.0
coverage_only,9,3,0.0
coverage_only,9,4,0.004598953222342991
coverage_only,9,5,-0.004121484670778797
coverage_only,9,6,-0.0065498576827249305
coverage_only,9,7,0.008674515513505905
coverage_only,10,0,-0.004529250382971582
coverage_only,10,1,0.00927317755539939
coverage_only,10,2,0.0
coverage_only,10,3,0.0
coverage_only,10,4,0.0028760612084846996
coverage_only,10,5,-0.003609500043826389
coverage_only,10,6,-0.0069945823934279405
coverage_only,10,7,0.009440673349149942
coverage_only,11,0,-0.0017869703680012527
coverage_only,11,1,0.00907654989071325
coverage_only,11,2,0.0
coverage_only,11,3,0.0
coverage_only,11,4,0.002752998420944762
coverage_only,11,5,-0.000434162321258778
coverage_only,11,6,0.00041272051844902063
coverage_only,11,7,0.009013823073884158
coverage_only,12,0,0.0007770289210089253
coverage_only,12,1,0.0061761180216041295
coverage_only,12,2,0.0
coverage_only,12,3,0.0
coverage_only,12,4,0.002751545221413248
coverage_only,12,5,0.0021965991780164857
coverage_only,12,6,0.004060658363247609
coverage_only,12,7,0.006030021114818258
coverage_only,13,0,-0.0020020972692972525
coverage_only,13,1,0.0017160895010059297
coverage_only,13,2,0.0
coverage_only,13,3,0.0
coverage_only,13,4,-0.0006805870724879221
coverage_only,13,5,-0.00028433649923182526
coverage_only,13,6,0.0013329002228884682
coverage_only,13,7,0.0017523335163574262
coverage_only,14,0,-0.0007271253583050932
coverage_only,14,1,-0.00048551597600294166
coverage_only,14,2,0.0
coverage_only,14,3,0.0
coverage_only,14,4,0.0006558769190441932
coverage_only,14,5,0.0010368213784804343
coverage_only,14,6,-0.0005894418513258595
coverage_only,14,7,-0.0003997754283120232
coverage_only,15,0,-0.00218674464169699
coverage_only,15,1,0.001994877199634792
coverage_only,15,2,0.0
coverage_only,15,3,0.0
coverage_only,15,4,-0.00018269442982123325
coverage_only,15,5,-0.00026627738157193294
coverage_only,15,6,0.0010390890837652952
coverage_only,15,7,0.002055792417619021
coverage_only,16,0,-0.0031636970398095893
coverage_only,16,1,0.002521503289031717
coverage_only,16,2,0.0
coverage_only,16,3,0.0
coverage_only,16,4,-0.0011370856029483927
coverage_only,16,5,-0.0009049731610413142
coverage_only,16,6,0.0008203290469264307
coverage_only,16,7,0.0025870883214727217
coverage_only,17,0,-0.0033103772722246462
coverage_only,17,1,0.0015993962043863651
coverage_only,17,2,0.0
coverage_only,17,3,0.0
coverage_only,17,4,-0.0015724255296760646
coverage_only,17,5,-0.0008373626199931455
coverage_only,17,6,-0.00047083257505178697
coverage_only,17,7,0.001681131473310986
coverage_only,18,0,-0.003115438445179135
coverage_only,18,1,0.000851528156749225
coverage_only,18,2,0.0
coverage_only,18,3,0.0
coverage_only,18,4,-0.0016425172900048576
coverage_only,18,5,-0.0007731426845922822
coverage_only,18,6,-0.0010646401208063237
coverage_only,18,7,0.0009464843910003637
coverage_only,19,0,-0.002729214121840865
coverage_only,19,1,0.0005587690867768857
coverage_only,19,2,0.0
coverage_only,19,3,0.0
coverage_only,19,4,-0.0015283494624498783
coverage_only,19,5,-0.0005461073020998905
coverage_only,19,6,-0.0014830276300270581
coverage_only,19,7,0.0008168107416529378
coverage_only,20,0,-0.0023478575919091845
coverage_only,20,1,0.0009920481106277398
coverage_only,20,2,0.0
coverage_only,20,3,0.0
coverage_only,20,4,-0.0010615753920512937
coverage_only,20,5,-0.00041875028466503434
coverage_only,20,6,-0.001473005696983998
coverage_only,20,7,0.001444851209803545
coverage_only,21,0,-0.00200026827182668
coverage_only,21,1,0.001014843357201061
coverage_only,21,2,0.0
coverage_only,21,3,0.0
coverage_only,21,4,-0.0007394544696673887
coverage_only,21,5,-0.0004094461230824825
coverage_only,21,6,-0.0015138393548230346
coverage_only,21,7,0.00152253434949056
coverage_only,22,0,-0.0018711580312220832
coverage_only,22,1,0.0011092958464519428
coverage_only,22,2,0.0
coverage_only,22,3,0.0
coverage_only,22,4,-0.0006465841749411235
coverage_only,22,5,-0.00043055247643761365
coverage_only,22,6,-0.0012813527326152431
coverage_only,22,7,0.0015929941506698324
with_news,6,0,0.0
with_news,6,1,0.0
with_news,6,2,0.0
with_news,6,3,0.0
with_news,6,4,0.0
with_news,6,5,0.0
with_news,6,6,0.0
with_news,6,7,0.0
with_news,6,8,-0.0005501741932075472
with_news,6,9,8.886188769524958e-05
with_news,6,10,-0.00019276482062235663
with_news,6,11,-2.760529618535861e-05
with_news,6,12,-2.7605296185358504e-05
with_news,6,13,0.00046130572606824786
with_news,6,14,0.0013205709091025075
with_news,6,15,0.00033074712381867677
with_news,6,16,-8.571243377072338e-05
with_news,6,17,1.204699168224868e-05
with_news,6,18,-0.0005501741932075504
with_news,6,19,0.00010487695810643893
with_news,6,20,-0.00023497151951941254
with_news,6,21,-2.7605296185356044e-05
with_news,6,22,-2.7605296185356014e-05
with_news,6,23,0.0004751230426719548
with_news,6,24,0.0013205709091025017
with_news,6,25,0.00034264499019052383
with_news,6,26,8.774419547668213e-07
with_news,6,27,4.081903281405482e-05
with_news,6,28,0.00024153477113646123
with_news,6,29,4.809495128448553e-05
with_news,6,30,0.0003033132503031453
with_news,6,31,8.921780912920203e-05
with_news,6,32,0.00012192688611151471
with_news,6,33,-0.00037293113493310956
with_news,6,34,7.200848888446547e-05
with_news,6,35,7.838525780096057e-05
with_news,6,36,-2.0846474065674317e-05
with_news,6,37,-3.5957195426723007e-06
with_news,6,38,0.00039403172872261744
with_news,6,39,2.3785505989426472e-05
with_news,6,40,0.0007069411209164165
with_news,6,41,0.00010776301093758636
with_news,6,42,0.00013116528940530122
with_news,6,43,-0.0007032424282397707
with_news,6,44,0.00021730428972919583
with_news,6,45,0.0001340588733023461
with_news,6,46,6.31278679519865e-06
with_news,6,47,-0.00019001569471481904
with_news,6,48,0.0
with_news,6,49,-2.7605296185355973e-05
with_news,6,50,0.0
with_news,6,51,-0.0003373870785094174
with_news,6,52,7.823709809947454e-05
with_news,6,53,0.00024329504969160384
with_news,6,54,-2.760529618535831e-05
with_news,6,55,0.0
with_news,6,56,-0.0001917809156570998
with_news,6,57,7.823709809947455e-05
with_news,7,0,-0.00018996214886092593
with_news,7,1,-0.00018996214886092384
with_news,7,2,0.0
with_news,7,3,0.0
with_news,7,4,0.00018996214886092037
with_news,7,5,-0.0001899621488609376
with_news,7,6,0.00018996214886093037
with_news,7,7,-0.00018996214886093037
with_news,7,8,-0.00017030027231090087
with_news,7,9,0.0004741030438050066
with_news,7,10,-0.0003507033617172854
with_news,7,11,-5.9085796000547134e-05
with_news,7,12,-0.0007359360362602246
with_news,7,13,0.0007909411476947638
with_news,7,14,0.000525870060924404
with_news,7,15,0.0004927515480397413
with_news,7,16,-0.0001208854948634338
with_news,7,17,-0.0001842861401520555
with_news,7,18,4.644136303187024e-05
with_news,7,19,0.0009959021535947453
with_news,7,20,-0.0002478794165302305
with_news,7,21,-5.9085796000547785e-05
with_news,7,22,-0.0007359360362602185
with_news,7,23,0.0013114764804320169
with_news,7,24,0.0022756123514677006
with_news,7,25,0.0011096624991257405
with_news,7,26,0.00012676058879526394
with_news,7,27,0.0003106456102991493
with_news,7,28,-8.200511226702727e-05
with_news,7,29,0.00018051633757877917
with_news,7,30,0.0005395033908505517
with_news,7,31,-0.00024454672858162
with_news,7,32,-2.735157361564616e-05
with_news,7,33,-0.0006293202828805181
with_news,7,34,-0.00014448586651974734
with_news,7,35,-9.98901744457609e-05
with_news,7,36,-0.00021145029628478118
with_news,7,37,-0.00044952312066501537
with_news,7,38,0.0012349948355366287
with_news,7,39,0.0010469569557915955
with_news,7,40,0.002182783999652733
with_news,7,41,-0.00018145804563964724
with_news,7,42,-0.0006191107934310517
with_news,7,43,-0.0010369769071110764
with_news,7,44,0.0011203305885042726
with_news,7,45,0.0006297186702613354
with_news,7,46,-0.0004415834553265422
with_news,7,47,0.0002627066068998102
with_news,7,48,-0.0004232666851911135
with_news,7,49,-5.908579600054753e-05
with_news,7,50,0.0
with_news,7,51,0.00011782601042756314
with_news,7,52,-0.00018359778772564426
with_news,7,53,3.6734295005420155e-05
with_news,7,54,-0.0007359360362602268
with_news,7,55,0.0
with_news,7,56,-4.417756917496321e-05
with_news,7,57,0.0001677856103578645
with_news,8,0,-0.0008411204988294348
with_news,8,1,-0.00013996142828875155
with_news,8,2,0.0
with_news,8,3,0.0
with_news,8,4,0.00037675392642861656
with_news,8,5,-0.0008056721982972543
with_news,8,6,-0.001091582793954896
with_news,8,7,-5.463318990072182e-05
with_news,8,8,0.0012439800036191764
with_news,8,9,0.00090352726128463
with_news,8,10,0.0006563956882815002
with_news,8,11,-0.0011033534519235687
with_news,8,12,-0.0014655936494800687
with_news,8,13,0.0002783921115476187
with_news,8,14,8.265252793059255e-05
with_news,8,15,-0.00014765607968196206
with_news,8,16,0.0013940139385220048
with_news,8,17,-0.0020121288838609937
with_news,8,18,0.0009086047965722485
with_news,8,19,0.0012542740499659072
with_news,8,20,-0.0003317016324534343
with_news,8,21,-0.00035401265729141315
with_news,8,22,-0.0016669968395148014
with_news,8,23,0.002837830616738065
with_news,8,24,0.0017797251477032995
with_news,8,25,0.0012646057245896307
with_news,8,26,-3.827849072861e-06
with_news,8,27,-0.001243794812209911
with_news,8,28,0.0014453022638669481
with_news,8,29,0.0011511737733683703
with_news,8,30,0.0003995199029240806
with_news,8,31,0.0008359518966220907
with_news,8,32,-0.0015060332442536676
with_news,8,33,-0.0005096935407202796
with_news,8,34,0.0010464472532030313
with_news,8,35,0.0009742780634562219
with_news,8,36,-0.0010525751351437046
with_news,8,37,-0.0016694477084238399
with_news,8,38,0.0022316247810644225
with_news,8,39,0.0018756608713534524
with_news,8,40,0.0030565284373233865
with_news,8,41,-0.0007049304084861489
with_news,8,42,-0.0012243262800984572
with_news,8,43,-7.382915922709374e-05
with_news,8,44,0.0024673937608811806
with_news,8,45,0.0015475196607041947
with_news,8,46,-0.000561349474531941
with_news,8,47,0.00029425238418729244
with_news,8,48,-0.00022013016121695257
with_news,8,49,-0.0005340644685767278
with_news,8,50,0.00021759572131237003
with_news,8,51,0.000638098736192818
with_news,8,52,0.0009952355282773439
with_news,8,53,-0.0011636834845867735
with_news,8,54,0.0005063292845004271
with_news,8,55,0.00021759572131237006
with_news,8,56,-0.0007836789957974896
with_news,8,57,-0.0005371537515496915
with_news,9,0,-0.0004723643292482515
with_news,9,1,0.001795030482178527
with_news,9,2,0.0
with_news,9,3,0.0
with_news,9,4,0.00022756101610367567
with_news,9,5,-0.00041192763512770355
with_news,9,6,-0.0017068351711891996
with_news,9,7,0.0018902621460363577
with_news,9,8,0.0015521825246954575
with_news,9,9,-0.0009175480275032437
with_news,9,10,0.00024163463014107166
with_news,9,11,-0.0024556449259775875
with_news,9,12,-0.002303632280142712
with_news,9,13,0.0012892606462552839
with_news,9,14,0.0002076374196306724
with_news,9,15,0.0004206095230747129
with_news,9,16,0.00163862745290438
with_news,9,17,-0.002709995157827357
with_news,9,18,-0.0002522728895287253
with_news,9,19,0.0007922961706102499
with_news,9,20,0.00042371231709690854
with_news,9,21,-4.1442716828406373e-05
with_news,9,22,-0.0008567268898002315
with_news,9,23,0.0029543131743568923
with_news,9,24,0.0012718203220058331
with_news,9,25,0.0009177732206829722
with_news,9,26,-0.0009815342380859976
with_news,9,27,-0.0016007949496692165
with_news,9,28,0.0007665097537556957
with_news,9,29,0.0003798154917282005
with_news,9,30,-0.0016522383450148907
with_news,9,31,6.93805993541875e-05
with_news,9,32,-0.0016312652592035135
with_news,9,33,0.0010129883369075355
with_news,9,34,0.0019747581247870766
with_news,9,35,0.0012622344630443996
with_news,9,36,-0.002895631640672326
with_news,9,37,-0.0019716907027220077
with_news,9,38,0.0019099386691732835
with_news,9,39,0.0028784479701233767
with_news,9,40,0.002693408016608904
with_news,9,41,-0.00043364463621398336
with_news,9,42,-0.00125074808168709
with_news,9,43,0.0011389578157325372
with_news,9,44,0.003471992341409874
with_news,9,45,0.002175732534575515
with_news,9,46,-0.0015444956310192881
with_news,9,47,2.1405249997151502e-05
with_news,9,48,-6.345305710203534e-05
with_news,9,49,0.0008006792763950407
with_news,9,50,0.0022052230168237387
with_news,9,51,0.001040146408246801
with_news,9,52,0.001840972232852857
with_news,9,53,-0.0013142011646578768
with_news,9,54,-0.00027409024992055273
with_news,9,55,0.002253254014664985
with_news,9,56,-8.530119904214267e-05
with_news,9,57,-0.0020339927016507784
with_news,10,0,-0.0003448933432726389
with_news,10,1,0.0015074165922138556
with_news,10,2,0.0
with_news,10,3,0.0
with_news,10,4,-0.00013907709538359304
with_news,10,5,-0.000251834538023121
with_news,10,6,-0.002439005986467961
with_news,10,7,0.0015716149416252145
with_news,10,8,0.0024711716233199736
with_news,10,9,-0.0017359555565665224
with_news,10,10,0.00048033082187393675
with_news,10,11,-0.0031918441636008816
with_news,10,12,-0.0025529491899195576
with_news,10,13,0.0019683059133005112
with_news,10,14,0.00029747512318918423
with_news,10,15,0.0009869734829614464
with_news,10,16,0.0022158973222060167
with_news,10,17,-0.0030629799717163952
with_news,10,18,-0.0009950040997644797
with_news,10,19,-9.866721031666078e-05
with_news,10,20,0.0007132735378480455
with_news,10,21,0.0007686339986279486
with_news,10,22,-0.00047632035977263396
with_news,10,23,0.0023572887708357905
with_news,10,24,0.00037627964288392083
with_news,10,25,0.0002759295516842684
with_news,10,26,-0.0015130081655632824
with_news,10,27,-0.0009220841206573586
with_news,10,28,0.0008526245846601376
with_news,10,29,-5.740451213918089e-05
with_news,10,30,-0.0024614826906291997
with_news,10,31,0.00020575804471744495
with_news,10,32,-0.0020515414719943005
with_news,10,33,0.0016425255531278557
with_news,10,34,0.003199668360448093
with_news,10,35,0.0009674401030582787
with_news,10,36,-0.0034875915430636517
with_news,10,37,-0.002278829344483822
with_news,10,38,0.0015610583050984792
with_news,10,39,0.0028145494458926895
with_news,10,40,0.002896958064497857
with_news,10,41,-3.336423550582594e-05
with_news,10,42,-0.0009918920271393165
with_news,10,43,0.0015176920936325134
with_news,10,44,0.003476993205574263
with_news,10,45,0.0014637806076464417
with_news,10,46,-0.0016498585065793964
with_news,10,47,0.00012337860642140183
with_news,10,48,0.0004601289959623969
with_news,10,49,0.0009075602217132622
with_news,10,50,0.0026704208222975458
with_news,10,51,0.0011928168000881814
with_news,10,52,0.0030613813175694366
with_news,10,53,-0.0016592888470569863
with_news,10,54,-0.0007034141893108387
with_news,10,55,0.002153502247803065
with_news,10,56,0.0004184476304366703
with_news,10,57,-0.00256950827142025
with_news,11,0,0.0009809316055910218
with_news,11,1,0.001217406737682186
with_news,11,2,0.0
with_news,11,3,0.0
with_news,11,4,-0.0004987931764054452
with_news,11,5,0.0010483498549238809
with_news,11,6,-0.001288587108971562
with_news,11,7,0.0012421365274371532
with_news,11,8,0.0020867729841701865
with_news,11,9,-0.0020036361293962477
with_news,11,10,-0.00021217025958291088
with_news,11,11,-0.0035686135357084845
with_news,11,12,-0.0017434548779123808
with_news,11,13,0.0022081849876904227
with_news,11,14,-0.0004853628416330639
with_news,11,15,0.0015056806537648761
with_news,11,16,0.002208360070300444
with_news,11,17,-0.002135052483182734
with_news,11,18,-0.0011598884993345242
with_news,11,19,-0.0002444284174400832
with_news,11,20,0.0002118054535013206
with_news,11,21,0.0008783441878535851
with_news,11,22,1.3124453347507428e-05
with_news,11,23,0.0017560659855391388
with_news,11,24,0.00034804499975076025
with_news,11,25,-0.00045274829211682253
with_news,11,26,-0.0011576549284979933
with_news,11,27,-0.00040568258379889804
with_news,11,28,2.4906945535671703e-05
with_news,11,29,-0.0005652064616889146
with_news,11,30,-0.002547534905513849
with_news,11,31,-0.0011832485195328963
with_news,11,32,-0.0015065757280116967
with_news,11,33,0.0016613137825788572
with_news,11,34,0.002098149144965899
with_news,11,35,0.00033386668766262524
with_news,11,36,-0.002567081043079191
with_news,11,37,-0.0019265028115541631
with_news,11,38,0.0011669035434741062
with_news,11,39,0.002600253140572027
with_news,11,40,0.002830273525520198
with_news,11,41,0.00043338182518432364
with_news,11,42,-0.0007442256563112221
with_news,11,43,0.0009207823551005393
with_news,11,44,0.0025263569532994936
with_news,11,45,0.0015029059009221463
with_news,11,46,-0.001388694337174016
with_news,11,47,0.0006767816660087732
with_news,11,48,0.0007299340904917495
with_news,11,49,0.0004439216811920789
with_news,11,50,0.002432487551281344
with_news,11,51,0.0001515017880383228
with_news,11,52,0.0025705285375577087
with_news,11,53,-0.0011910059397945317
with_news,11,54,-0.0020665292335220924
with_news,11,55,0.0010336662561369024
with_news,11,56,0.0006993145523254214
with_news,11,57,-0.0025119663399264455
with_news,12,0,0.0024137974345913335
with_news,12,1,0.0002916598687021219
with_news,12,2,0.0
with_news,12,3,0.0
with_news,12,4,0.00012927539135200905
with_news,12,5,0.0024238763487360805
with_news,12,6,9.837884704189435e-05
with_news,12,7,0.00029294181467154476
with_news,12,8,0.002483813105994726
with_news,12,9,-0.0018421254829693622
with_news,12,10,-3.202715519861593e-05
with_news,12,11,-0.003915063674308517
with_news,12,12,-0.0005494603527325694
with_news,12,13,0.0013089206048563814
with_news,12,14,-0.0022343672904089657
with_news,12,15,0.0012106401966531573
with_news,12,16,0.0039017670926420013
with_news,12,17,-0.0011648633052134924
with_news,12,18,-0.001297290015390916
with_news,12,19,-0.00042854243384643064
with_news,12,20,-0.00018276284995485582
with_news,12,21,0.0006707104016528589
with_news,12,22,6.942504058605664e-05
with_news,12,23,0.0014118327820320208
with_news,12,24,0.0007229511925121023
with_news,12,25,-0.0005631517660687295
with_news,12,26,-0.0011889475090117378
with_news,12,27,-0.0003273941018254286
with_news,12,28,0.0006184054411980214
with_news,12,29,0.0007068616310362876
with_news,12,30,-0.0017111618577507182
with_news,12,31,-0.0018398012326405339
with_news,12,32,-0.0017677831315923989
with_news,12,33,0.000460704536515808
with_news,12,34,0.0008135594416929173
with_news,12,35,-0.000797313085318581
with_news,12,36,-0.0009818454744168039
with_news,12,37,-0.002702238632684509
with_news,12,38,0.000903424358662964
with_news,12,39,0.0027850479998453095
with_news,12,40,0.0027563682544759225
with_news,12,41,0.00019871894340507608
with_news,12,42,-0.0006850041089796197
with_news,12,43,0.0008156726881485095
with_news,12,44,0.0021163300864514576
with_news,12,45,0.0018253856393373236
with_news,12,46,-0.00044335393801002453
with_news,12,47,0.0002997316425487548
with_news,12,48,0.001340633709983607
with_news,12,49,-0.0005803343868888838
with_news,12,50,0.0012984524474339164
with_news,12,51,-0.0010085605891159179
with_news,12,52,0.0027472447829943888
with_news,12,53,-0.0017108933344812107
with_news,12,54,-0.0027440963474990253
with_news,12,55,-0.0009343434100850715
with_news,12,56,0.001235403002596515
with_news,12,57,-0.0016529093975735443
with_news,13,0,0.00043542641418602216
with_news,13,1,-0.0013146105250619721
with_news,13,2,0.0
with_news,13,3,0.0
with_news,13,4,0.000694119210402509
with_news,13,5,0.0005076495250561208
with_news,13,6,0.0011946461395746968
with_news,13,7,-0.0013134856071480257
with_news,13,8,0.0023806542796531867
with_news,13,9,-0.0016310501703547377
with_news,13,10,-0.00025019118735316963
with_news,13,11,-0.0019477299952205837
with_news,13,12,-0.00040528756743162415
with_news,13,13,0.000269943624004727
with_news,13,14,-0.005095631527678886
with_news,13,15,0.0027290198540843953
with_news,13,16,0.0027905525891453844
with_news,13,17,-0.0002748815033349884
with_news,13,18,-0.0016130970997899102
with_news,13,19,-0.0004111454672579802
with_news,13,20,-0.00017369600038127906
with_news,13,21,0.0005938043515174161
with_news,13,22,-0.0002870725068912538
with_news,13,23,0.0011737109243530825
with_news,13,24,0.0011519050126919026
with_news,13,25,-0.001358702263332741
with_news,13,26,-0.0008064400631538149
with_news,13,27,-0.0006779357058698945
with_news,13,28,-0.0005843301053570897
with_news,13,29,0.00043259500169214477
with_news,13,30,-0.001719968295292422
with_news,13,31,0.0018660603926447617
with_news,13,32,0.0005170988004642341
with_news,13,33,0.0007326325692892146
with_news,13,34,0.0014949203798443372
with_news,13,35,0.0004639316712122444
with_news,13,36,-0.002976036315242098
with_news,13,37,-0.002834991786421812
with_news,13,38,0.0007697943792985528
with_news,13,39,0.002130566456512184
with_news,13,40,0.0026558484318884266
with_news,13,41,-0.00026949478831450694
with_news,13,42,-0.0011625538534040458
with_news,13,43,0.0008044706323448722
with_news,13,44,0.0019164148101960125
with_news,13,45,0.0019582456806912524
with_news,13,46,0.0003318394830116772
with_news,13,47,0.00043882444573560775
with_news,13,48,0.0014871376517672258
with_news,13,49,-0.0010618490051919492
with_news,13,50,0.003200858799668389
with_news,13,51,-0.0037348486512876204
with_news,13,52,0.0031787876157258646
with_news,13,53,-0.0011435309278935192
with_news,13,54,-0.0017616416661540828
with_news,13,55,0.00024173689429311357
with_news,13,56,0.002158823021233774
with_news,13,57,-0.0010299935237909979
with_news,14,0,0.0008662909805998314
with_news,14,1,-0.001330743295489059
with_news,14,2,0.0
with_news,14,3,0.0
with_news,14,4,0.0005783053154332851
with_news,14,5,0.0009242500981827483
with_news,14,6,0.0008642369300882575
with_news,14,7,-0.0013252800664389323
with_news,14,8,0.003153927525708362
with_news,14,9,-0.0014624014107725727
with_news,14,10,-0.00033334266605799194
with_news,14,11,-0.0020761447036592015
with_news,14,12,-0.00042841289733402667
with_news,14,13,-0.0003989052260116324
with_news,14,14,-0.003827235840106152
with_news,14,15,0.002301608831853608
with_news,14,16,0.0023252454282433038
with_news,14,17,0.00016307316838536583
with_news,14,18,-0.00192980778039575
with_news,14,19,-0.0002810933463174413
with_news,14,20,-0.00036065287906719235
with_news,14,21,0.0005210615005102204
with_news,14,22,-0.00013066019738735017
with_news,14,23,0.0011860687596852333
with_news,14,24,0.0009371746743256709
with_news,14,25,-0.001227038337257288
with_news,14,26,-0.0006984157059213692
with_news,14,27,-0.0004513477694824255
with_news,14,28,-0.0006114278268263425
with_news,14,29,-0.00024704376220423583
with_news,14,30,-0.0019789349782163125
with_news,14,31,0.0013121961878747542
with_news,14,32,9.073972365606763e-05
with_news,14,33,-0.00019754079901610055
with_news,14,34,0.001165632628244225
with_news,14,35,0.00014584433852313683
with_news,14,36,-0.002867012898399975
with_news,14,37,-0.0027527520007902618
with_news,14,38,0.000273727116931474
with_news,14,39,0.0017360365098271287
with_news,14,40,0.0026363131323632973
with_news,14,41,-0.00011730186082315021
with_news,14,42,-0.0009708191246397956
with_news,14,43,8.239652232231642e-05
with_news,14,44,0.0016508884278968589
with_news,14,45,0.0024458095321891788
with_news,14,46,0.001086439411835384
with_news,14,47,0.0006809675962411318
with_news,14,48,0.0010313322404679173
with_news,14,49,-0.00041520298934939146
with_news,14,50,0.002204909911794854
with_news,14,51,-0.0029413892890631024
with_news,14,52,0.0027050470396012484
with_news,14,53,-0.0014215245432928603
with_news,14,54,-0.000795703719789788
with_news,14,55,0.0002884238268849648
with_news,14,56,0.001464790295822404
with_news,14,57,-0.0011400184486026735
with_news,15,0,0.00016103270664719752
with_news,15,1,0.0007453920405435538
with_news,15,2,0.0
with_news,15,3,0.0
with_news,15,4,0.0009053167289574099
with_news,15,5,0.00023293823151424703
with_news,15,6,0.0012224995430349154
with_news,15,7,0.0007281300628304425
with_news,15,8,0.00013213995901049786
with_news,15,9,-0.001774535539333965
with_news,15,10,0.0005831043631181687
with_news,15,11,-0.0026593248227364326
with_news,15,12,-0.0020278738520156108
with_news,15,13,-0.0031762614157905653
with_news,15,14,-0.0025444852571650163
with_news,15,15,0.0021846057578278648
with_news,15,16,0.0011494931512386214
with_news,15,17,0.0004118399974903827
with_news,15,18,-0.0008943472034895737
with_news,15,19,0.00027929687518276925
with_news,15,20,-0.0007077646683613666
with_news,15,21,0.0002078782572420078
with_news,15,22,-0.0001387414603055075
with_news,15,23,0.001556694218588149
with_news,15,24,0.0005557588344527901
with_news,15,25,-0.001319225745862658
with_news,15,26,-0.0004571129321951043
with_news,15,27,-0.00027275710650041384
with_news,15,28,-0.002142463000569412
with_news,15,29,-0.0009462555033910889
with_news,15,30,-0.002541452606208223
with_news,15,31,-0.00025336086245327096
with_news,15,32,0.0004031547628517433
with_news,15,33,0.00045324456251543674
with_news,15,34,0.002624169930418787
with_news,15,35,0.001231578845524494
with_news,15,36,-0.002085822415554284
with_news,15,37,-0.003359976716270135
with_news,15,38,0.0002399169082006839
with_news,15,39,0.0016280192176642237
with_news,15,40,0.0026538054810753852
with_news,15,41,-0.00021362230628909091
with_news,15,42,-6.105879005572504e-05
with_news,15,43,-0.0005006292531646151
with_news,15,44,0.0009710270070592523
with_news,15,45,0.002347022004844332
with_news,15,46,0.001365701351420779
with_news,15,47,0.0003535101714388955
with_news,15,48,0.0036223738917625123
with_news,15,49,-0.001820541096619714
with_news,15,50,9.983810389310273e-05
with_news,15,51,-0.0031482395227794436
with_news,15,52,0.002974878046365634
with_news,15,53,-0.0017999885596398735
with_news,15,54,-0.00015103269142971928
with_news,15,55,-0.00026870460142048376
with_news,15,56,0.0029961914744100378
with_news,15,57,-0.0014460607777205183
with_news,16,0,8.251245144722604e-05
with_news,16,1,-0.0003238200520852025
with_news,16,2,0.0
with_news,16,3,0.0
with_news,16,4,0.00011067337034926112
with_news,16,5,0.00020981515237802268
with_news,16,6,2.94393632165332e-05
with_news,16,7,-0.00031113826872300715
with_news,16,8,-0.0035350122558641364
with_news,16,9,-0.001307097616857903
with_news,16,10,0.0012545415278783206
with_news,16,11,-0.0034224171941794257
with_news,16,12,-0.0029127475961102205
with_news,16,13,-0.0017808588542628438
with_news,16,14,-0.002700089115175263
with_news,16,15,0.0022551951208382216
with_news,16,16,0.0017920873187387476
with_news,16,17,0.0024395349111856653
with_news,16,18,0.0005656825309356249
with_news,16,19,0.00030015990434097535
with_news,16,20,-0.0009300992841999855
with_news,16,21,-0.00033158081725481937
with_news,16,22,0.0002436594991585615
with_news,16,23,0.0010298612530506028
with_news,16,24,0.0006284034860083922
with_news,16,25,-0.0013461720709774183
with_news,16,26,-0.0005616744797062015
with_news,16,27,-0.0004929880111271729
with_news,16,28,-0.003512542117259056
with_news,16,29,-0.0007380346494569713
with_news,16,30,-0.0023310543947055104
with_news,16,31,0.0008544020793497914
with_news,16,32,0.000230833433363947
with_news,16,33,-0.0001468710245218667
with_news,16,34,0.0024385117400637516
with_news,16,35,0.0012567770171286901
with_news,16,36,-0.0024276079461010387
with_news,16,37,-0.004499552955567414
with_news,16,38,0.0003023846742447831
with_news,16,39,0.0016050088322892059
with_news,16,40,0.002201938186739947
with_news,16,41,-6.28032173767233e-05
with_news,16,42,-0.00020373839094330626
with_news,16,43,-0.0009811648635447124
with_news,16,44,0.0005834855102036878
with_news,16,45,0.0030370313656951455
with_news,16,46,0.0021622271335396785
with_news,16,47,0.00025718714468630447
with_news,16,48,0.0039224786732968385
with_news,16,49,-0.0008385352930777294
with_news,16,50,-0.0006186105324682096
with_news,16,51,-0.0026313229533839635
with_news,16,52,0.0034294801495444453
with_news,16,53,-0.0016543541378416138
with_news,16,54,0.00013994479098351954
with_news,16,55,-7.18201629748048e-05
with_news,16,56,0.002506211278298021
with_news,16,57,-0.002406844450646348
with_news,17,0,-0.0003761530035734018
with_news,17,1,-5.83043193060608e-05
with_news,17,2,0.0
with_news,17,3,0.0
with_news,17,4,-5.362039875413626e-05
with_news,17,5,-0.00025202827722431697
with_news,17,6,0.00012260728539472443
with_news,17,7,-5.147943292161631e-05
with_news,17,8,-0.003006865143879139
with_news,17,9,-0.0006808003692270583
with_news,17,10,0.0012754536985237527
with_news,17,11,-0.002831067583966972
with_news,17,12,-0.0029120736006416005
with_news,17,13,-0.002182953154132759
with_news,17,14,-0.0024664076747773207
with_news,17,15,0.001966975202045726
with_news,17,16,0.0009568442409199248
with_news,17,17,0.002031774809226474
with_news,17,18,0.0006198697548240645
with_news,17,19,4.371851049778792e-05
with_news,17,20,-0.0009355704089442894
with_news,17,21,-0.0003257394519209961
with_news,17,22,0.0005432652565123799
with_news,17,23,0.0008135463712505136
with_news,17,24,0.000505287158420263
with_news,17,25,-0.0011699123975865728
with_news,17,26,-0.0003277725991864127
with_news,17,27,-0.00034579850202432947
with_news,17,28,-0.0034602321828324403
with_news,17,29,-0.0006207385352482242
with_news,17,30,-0.0029578803380296776
with_news,17,31,0.0011627146339585714
with_news,17,32,0.0007597470661824779
with_news,17,33,-0.00015363977001474875
with_news,17,34,0.0026823137568196577
with_news,17,35,0.0013739031472521823
with_news,17,36,-0.0030805657188477304
with_news,17,37,-0.0042231876507517994
with_news,17,38,0.00030770027797545765
with_news,17,39,0.001699371143910026
with_news,17,40,0.002164242781076457
with_news,17,41,-0.00011404403563818684
with_news,17,42,5.116720270476286e-05
with_news,17,43,-0.0009067150481597393
with_news,17,44,0.0001865305185278021
with_news,17,45,0.002991184704114489
with_news,17,46,0.002397491958285306
with_news,17,47,4.109865311412989e-05
with_news,17,48,0.0030658300502693844
with_news,17,49,-0.0010511673960801498
with_news,17,50,-0.0006841811707739515
with_news,17,51,-0.002837692303533146
with_news,17,52,0.002647051487396226
with_news,17,53,-0.0019488154714425684
with_news,17,54,0.0005547895606971869
with_news,17,55,0.000906908307328187
with_news,17,56,0.0019768085011133913
with_news,17,57,-0.002575059958987114
with_news,18,0,-0.0007661743097942071
with_news,18,1,0.00025263533690696085
with_news,18,2,0.0
with_news,18,3,0.0
with_news,18,4,-0.00013873564185048467
with_news,18,5,-0.0006464220761043199
with_news,18,6,0.00032448554963821527
with_news,18,7,0.00025699691485707725
with_news,18,8,-0.002344737922780731
with_news,18,9,0.00032529382806088266
with_news,18,10,0.0016212563013988195
with_news,18,11,-0.002629216662447631
with_news,18,12,-0.003016122316830372
with_news,18,13,-0.002568217064499113
with_news,18,14,-0.0022071510222881315
with_news,18,15,0.0017470421855069005
with_news,18,16,0.0004743200062614601
with_news,18,17,0.0018219510821739003
with_news,18,18,0.0005539265023352293
with_news,18,19,-0.0003609762867834882
with_news,18,20,-0.0008327590167027111
with_news,18,21,-0.00039690879382834064
with_news,18,22,0.0005570691422890477
with_news,18,23,0.0007079025281388899
with_news,18,24,0.00039025584079493384
with_news,18,25,-0.0008495447100662324
with_news,18,26,-0.00020464366731051063
with_news,18,27,-0.0001943139392129772
with_news,18,28,-0.003363292976530886
with_news,18,29,-0.0004417103747408595
with_news,18,30,-0.0032460822759884087
with_news,18,31,0.0008741912810702918
with_news,18,32,0.001037860251515564
with_news,18,33,-0.00028895139464548943
with_news,18,34,0.002298821005168311
with_news,18,35,0.0012993723249676917
with_news,18,36,-0.0033798141870819425
with_news,18,37,-0.004068559408062782
with_news,18,38,0.0002715663683466004
with_news,18,39,0.0017766648411002162
with_news,18,40,0.0020866124112937892
with_news,18,41,0.00023134588080956392
with_news,18,42,-9.181707323696428e-05
with_news,18,43,-0.001174608580133498
with_news,18,44,0.0003300559685622032
with_news,18,45,0.002712377118103923
with_news,18,46,0.0025805876598953047
with_news,18,47,-0.00032072307726843766
with_news,18,48,0.0024012702119726513
with_news,18,49,-0.0013140020914721201
with_news,18,50,-0.0008736945107722411
with_news,18,51,-0.0027848675482633443
with_news,18,52,0.0020886425844785688
with_news,18,53,-0.0021085875095671314
with_news,18,54,0.0010941657971698098
with_news,18,55,0.0018761788255278842
with_news,18,56,0.0016296945965720362
with_news,18,57,-0.0027613339390940034
with_news,19,0,-0.0007394664598808338
with_news,19,1,0.0018438711301803341
with_news,19,2,0.0
with_news,19,3,0.0
with_news,19,4,-0.0004940884843509962
with_news,19,5,-0.0006081505015193922
with_news,19,6,0.0011081808121325128
with_news,19,7,0.0018250266423523568
with_news,19,8,-0.0024457042322672535
with_news,19,9,0.0007166853099893464
with_news,19,10,0.002472815698511634
with_news,19,11,-0.002296165687886149
with_news,19,12,-0.004069087566704301
with_news,19,13,-0.0021184289712679713
with_news,19,14,-0.0023141523433756373
with_news,19,15,0.002812561974983104
with_news,19,16,-5.0816761068808285e-05
with_news,19,17,0.0015252044803610828
with_news,19,18,0.0004179430263649314
with_news,19,19,-0.0005047686332660156
with_news,19,20,-0.0010529882836675356
with_news,19,21,-0.0002936619648434252
with_news,19,22,0.0008661555631440443
with_news,19,23,0.0007383746155308399
with_news,19,24,0.0004437324817600848
with_news,19,25,-0.001061156931264854
with_news,19,26,-0.00015944031974920948
with_news,19,27,-4.384011475367284e-05
with_news,19,28,-0.0029888831589083746
with_news,19,29,-5.459109725966981e-05
with_news,19,30,-0.0023130220747864033
with_news,19,31,0.0007862516705623499
with_news,19,32,0.001783681303999309
with_news,19,33,-0.0013574912136126212
with_news,19,34,0.0006659460357680017
with_news,19,35,0.0016922238226131532
with_news,19,36,-0.004323712203764373
with_news,19,37,-0.0031711438899764462
with_news,19,38,-0.0001680202691615815
with_news,19,39,0.001648737679025302
with_news,19,40,0.002126401354070762
with_news,19,41,0.00045367076074982185
with_news,19,42,-0.0004860194796394677
with_news,19,43,-0.0011839384762303072
with_news,19,44,0.0004433109365691074
with_news,19,45,0.002440769864118703
with_news,19,46,0.002810933553435478
with_news,19,47,-0.0006408631797776512
with_news,19,48,0.0009846087942224206
with_news,19,49,-0.0008800157206751027
with_news,19,50,-0.00024444047977005085
with_news,19,51,-0.001930372180904651
with_news,19,52,0.0018179579117371337
with_news,19,53,-0.0024978451239658947
with_news,19,54,0.0016921013932040653
with_news,19,55,0.0026542983240704222
with_news,19,56,0.0008864757915106926
with_news,19,57,-0.0017378547949367061
with_news,20,0,-0.0006105069356733854
with_news,20,1,0.002319299114411344
with_news,20,2,0.0
with_news,20,3,0.0
with_news,20,4,-0.0015023163603618912
with_news,20,5,-0.0005234775972151224
with_news,20,6,0.002669908309061565
with_news,20,7,0.0022668002477695334
with_news,20,8,-0.0029381548627516792
with_news,20,9,0.0004888601058966625
with_news,20,10,0.0016479240001081562
with_news,20,11,-0.005091902774222966
with_news,20,12,-0.004798302136638457
with_news,20,13,-0.0016904338717457243
with_news,20,14,-0.0020111779599305372
with_news,20,15,0.005606929594411861
with_news,20,16,0.006094865544505037
with_news,20,17,-0.001977495977103709
with_news,20,18,0.0005320791511177283
with_news,20,19,-0.00029247981125226095
with_news,20,20,-0.0007588404659367492
with_news,20,21,-0.0003462520128859463
with_news,20,22,0.0011147789887547377
with_news,20,23,0.0006031013142728111
with_news,20,24,4.7545486828040364e-05
with_news,20,25,-0.0013489024125680176
with_news,20,26,-0.0009592936122377652
with_news,20,27,0.0008063178839799443
with_news,20,28,-0.0024415622407502474
with_news,20,29,-0.0006364960952238018
with_news,20,30,-0.001991004421944027
with_news,20,31,0.0022071304999276443
with_news,20,32,0.0015974243998755733
with_news,20,33,-0.003175580709892109
with_news,20,34,-0.00024237289157664352
with_news,20,35,0.004545588286800405
with_news,20,36,-0.0025983438755947975
with_news,20,37,-0.001027144656109567
with_news,20,38,-0.0003028543094306804
with_news,20,39,0.0018357890071821286
with_news,20,40,0.0019533918119793705
with_news,20,41,0.0005553305298706001
with_news,20,42,-0.0018437423173700985
with_news,20,43,-0.0010280278588013475
with_news,20,44,0.0008350695104143398
with_news,20,45,0.0014082755471094088
with_news,20,46,0.0025064631018005224
with_news,20,47,-0.0009351129608205155
with_news,20,48,0.0026904434418390665
with_news,20,49,-0.0024554562155375773
with_news,20,50,-0.0022178109181008963
with_news,20,51,-0.0013231455206309819
with_news,20,52,-0.0013549332823979032
with_news,20,53,-0.0011780349256605353
with_news,20,54,0.005166977069075719
with_news,20,55,0.0032180984196880803
with_news,20,56,0.0005159863631958889
with_news,20,57,-9.592240112877139e-05
with_news,21,0,-0.0004946147713777458
with_news,21,1,0.0017646316748680957
with_news,21,2,0.0
with_news,21,3,0.0
with_news,21,4,-0.0007291624142098163
with_news,21,5,-0.0004334625081506329
with_news,21,6,0.0018624830293922116
with_news,21,7,0.001730405534195884
with_news,21,8,-0.0022031456706171847
with_news,21,9,0.0008544032822804501
with_news,21,10,0.001427871847936439
with_news,21,11,-0.003660346407812495
with_news,21,12,-0.0032343032524419263
with_news,21,13,-0.0016238664642878864
with_news,21,14,-0.0021139988306917608
with_news,21,15,0.0038524544556354495
with_news,21,16,0.0038171251531897922
with_news,21,17,-0.0006691174947686347
with_news,21,18,0.0005045718159125548
with_news,21,19,-0.00041778504613096884
with_news,21,20,-0.0007066912576138905
with_news,21,21,-0.00028455230499073073
with_news,21,22,0.0008091922805536643
with_news,21,23,0.000731149789067411
with_news,21,24,0.00013074319819507502
with_news,21,25,-0.0010419703008815468
with_news,21,26,-0.0006893838374533146
with_news,21,27,0.0005130770387683425
with_news,21,28,-0.0023396937609601255
with_news,21,29,-0.0010383077910746262
with_news,21,30,-0.0019901094015642067
with_news,21,31,0.0014163510332680096
with_news,21,32,0.0010313828906898222
with_news,21,33,-0.0017561120100280261
with_news,21,34,4.47523599178785e-05
with_news,21,35,0.0030619021694073515
with_news,21,36,-0.0027700307965202726
with_news,21,37,-0.0014374166017379762
with_news,21,38,-0.0005732861271537793
with_news,21,39,0.0018983932021388772
with_news,21,40,0.00199046024811887
with_news,21,41,0.0005271547428510827
with_news,21,42,-0.0013910606725055334
with_news,21,43,-0.001319375755777912
with_news,21,44,0.0006679030733028567
with_news,21,45,0.0018133842577996234
with_news,21,46,0.002410536287158435
with_news,21,47,-0.000701992556689007
with_news,21,48,0.00193527102813175
with_news,21,49,-0.001995091733701241
with_news,21,50,-0.0015340819135733603
with_news,21,51,-0.0011008027354626176
with_news,21,52,-0.0005513973189725588
with_news,21,53,-0.001591671628926929
with_news,21,54,0.003991702054318195
with_news,21,55,0.0024942203088469004
with_news,21,56,0.000474056269719444
with_news,21,57,-0.0005457161067974339
with_news,22,0,-3.354453695096826e-05
with_news,22,1,0.00176586037286837
with_news,22,2,0.0
with_news,22,3,0.0
with_news,22,4,-0.0004457044345408836
with_news,22,5,1.5665185986937124e-05
with_news,22,6,0.001283297969310334
with_news,22,7,0.00173683181569954
with_news,22,8,-0.002308361529468771
with_news,22,9,0.0014187579476822205
with_news,22,10,0.0019227898179756708
with_news,22,11,-0.0037388210375793353
with_news,22,12,-0.003243834771449866
with_news,22,13,-0.0021807632035975547
with_news,22,14,-0.002772237803043802
with_news,22,15,0.0034136678848456265
with_news,22,16,0.0023671155975750193
with_news,22,17,-0.00026582707233961027
with_news,22,18,0.000569062058918337
with_news,22,19,-0.0005635441916603318
with_news,22,20,-0.0007798479720972123
with_news,22,21,-0.0003113391090361013
with_news,22,22,0.0008766740633601396
with_news,22,23,0.0008841275836548162
with_news,22,24,0.0003329431596532456
with_news,22,25,-0.0009302549510489574
with_news,22,26,-0.0006101137473399545
with_news,22,27,0.0004529108239381006
with_news,22,28,-0.0026213910082928575
with_news,22,29,-0.0011287903573259422
with_news,22,30,-0.0026786749190030163
with_news,22,31,0.0014864232390801402
with_news,22,32,0.000498401237238545
with_news,22,33,-0.0010281964641267558
with_news,22,34,0.0003294096417893063
with_news,22,35,0.003311999448764032
with_news,22,36,-0.001606587403520033
with_news,22,37,-0.0014091050539457271
with_news,22,38,-0.0007309274309678588
with_news,22,39,0.002006166803736225
with_news,22,40,0.002109870005243782
with_news,22,41,0.00038923387173057515
with_news,22,42,-0.0011412700826594596
with_news,22,43,-0.0015724773791015879
with_news,22,44,0.0004015579198262791
with_news,22,45,0.0016437103412584905
with_news,22,46,0.0021416414147380786
with_news,22,47,-0.000583722515655491
with_news,22,48,0.0009647753067966787
with_news,22,49,-0.0019070442322206803
with_news,22,50,-0.0010005004250592522
with_news,22,51,-0.0006099341729607061
with_news,22,52,-0.0005610448594316659
with_news,22,53,-0.0018836988840540314
with_news,22,54,0.003524949230817506
with_news,22,55,0.0014276642174341136
with_news,22,56,0.0008094173324622572
with_news,22,57,-0.0005215961008974481
delayed_news_3m,6,0,0.0
delayed_news_3m,6,1,0.0
delayed_news_3m,6,2,0.0
delayed_news_3m,6,3,0.0
delayed_news_3m,6,4,0.0
delayed_news_3m,6,5,0.0
delayed_news_3m,6,6,0.0
delayed_news_3m,6,7,0.0
delayed_news_3m,6,8,8.765651839467937e-05
delayed_news_3m,6,9,-9.792718461087063e-06
delayed_news_3m,6,10,5.654029043310107e-05
delayed_news_3m,6,11,6.797360641583247e-05
delayed_news_3m,6,12,-3.592384429868435e-05
delayed_news_3m,6,13,-0.00013511553457640416
delayed_news_3m,6,14,0.0003927206523085549
delayed_news_3m,6,15,-0.00013656788387915518
delayed_news_3m,6,16,0.00014498277544504998
delayed_news_3m,6,17,0.0003451830373430819
delayed_news_3m,6,18,0.00016262341165715357
delayed_news_3m,6,19,-1.5148167887195028e-05
delayed_news_3m,6,20,0.00013879202865615226
delayed_news_3m,6,21,0.00010065403836174008
delayed_news_3m,6,22,-5.1453345045303725e-06
delayed_news_3m,6,23,-0.00019496250746593686
delayed_news_3m,6,24,0.0005294702971624554
delayed_news_3m,6,25,-0.00013656788387915534
delayed_news_3m,6,26,0.0001449827754450489
delayed_news_3m,6,27,0.0007897238991899685
delayed_news_3m,6,28,9.852298125858666e-05
delayed_news_3m,6,29,-9.613640974892258e-05
delayed_news_3m,6,30,-0.00022773809568423406
delayed_news_3m,6,31,-0.00010215542048265958
delayed_news_3m,6,32,-0.00011186739017912522
delayed_news_3m,6,33,-7.707369066990228e-05
delayed_news_3m,6,34,0.0001351345831817142
delayed_news_3m,6,35,1.6093984110690582e-05
delayed_news_3m,6,36,3.753235533626357e-05
delayed_news_3m,6,37,0.00011371556431954895
delayed_news_3m,6,38,0.00017345482550496145
delayed_news_3m,6,39,-0.00010875403900757194
delayed_news_3m,6,40,-0.00041779780779696964
delayed_news_3m,6,41,-7.522259512992907e-05
delayed_news_3m,6,42,-7.756454030703007e-05
delayed_news_3m,6,43,-0.00010625122367154659
delayed_news_3m,6,44,0.0003840332010048393
delayed_news_3m,6,45,0.00010657723737004359
delayed_news_3m,6,46,0.00014899736433245084
delayed_news_3m,6,47,0.00027395440863719816
delayed_news_3m,6,48,0.0
delayed_news_3m,6,49,-0.00013656788387915512
delayed_news_3m,6,50,0.0
delayed_news_3m,6,51,0.0
delayed_news_3m,6,52,0.0
delayed_news_3m,6,53,-0.0001801226309044624
delayed_news_3m,6,54,-0.00013656788387915507
delayed_news_3m,6,55,0.0
delayed_news_3m,6,56,-0.00013656788387915464
delayed_news_3m,6,57,0.0
delayed_news_3m,7,0,-0.00016301346461700353
delayed_news_3m,7,1,0.00016301346461700334
delayed_news_3m,7,2,0.0
delayed_news_3m,7,3,0.0
delayed_news_3m,7,4,-0.0001630134646169577
delayed_news_3m,7,5,-0.00016301346461696322
delayed_news_3m,7,6,0.00016301346461699225
delayed_news_3m,7,7,0.0001630134646170036
delayed_news_3m,7,8,-6.366252139077241e-05
delayed_news_3m,7,9,-0.00026435948233371743
delayed_news_3m,7,10,3.3871204254020755e-05
delayed_news_3m,7,11,-0.00014949566373619332
delayed_news_3m,7,12,-0.00020604422370209237
delayed_news_3m,7,13,-0.0005560196428951656
delayed_news_3m,7,14,0.0002263300536531349
delayed_news_3m,7,15,-0.0001644661938905367
delayed_news_3m,7,16,9.316841312295915e-05
delayed_news_3m,7,17,7.102066678949564e-05
delayed_news_3m,7,18,0.0007540620585145505
delayed_news_3m,7,19,-0.0001075148996345052
delayed_news_3m,7,20,0.0006951364901558231
delayed_news_3m,7,21,0.0002267377480827682
delayed_news_3m,7,22,-4.086582983289954e-05
delayed_news_3m,7,23,-0.001067406961324871
delayed_news_3m,7,24,0.0008674581490135084
delayed_news_3m,7,25,-0.0003564201380283793
delayed_news_3m,7,26,-5.6046490122168686e-05
delayed_news_3m,7,27,0.0017797557108850466
delayed_news_3m,7,28,0.0004796112603659958
delayed_news_3m,7,29,-0.0002530684510361422
delayed_news_3m,7,30,0.00023367214150896962
delayed_news_3m,7,31,-0.000382055435429726
delayed_news_3m,7,32,-0.0003355480748112527
delayed_news_3m,7,33,-0.0002899836211182319
delayed_news_3m,7,34,0.0005606728298892724
delayed_news_3m,7,35,-4.758027801986308e-05
delayed_news_3m,7,36,0.00012154076576986918
delayed_news_3m,7,37,0.0005156922718415636
delayed_news_3m,7,38,0.0012346582807746032
delayed_news_3m,7,39,-8.228638672080487e-05
delayed_news_3m,7,40,0.00023292124685391798
delayed_news_3m,7,41,-0.000379894456503628
delayed_news_3m,7,42,-0.00020729161457817732
delayed_news_3m,7,43,-0.0007774562311655953
delayed_news_3m,7,44,0.0014453391656088447
delayed_news_3m,7,45,0.0002200927810442524
delayed_news_3m,7,46,0.0003442690359649087
delayed_news_3m,7,47,0.002490597795683398
delayed_news_3m,7,48,0.0
delayed_news_3m,7,49,-0.00027609625940962
delayed_news_3m,7,50,0.0
delayed_news_3m,7,51,-0.00040151229865044164
delayed_news_3m,7,52,0.0
delayed_news_3m,7,53,-0.00023761216529681777
delayed_news_3m,7,54,-0.00046025607018456924
delayed_news_3m,7,55,-0.00016301346461700483
delayed_news_3m,7,56,-0.0004894012553664981
delayed_news_3m,7,57,0.0
delayed_news_3m,8,0,0.0009240878012932444
delayed_news_3m,8,1,-0.0010787679797642008
delayed_news_3m,8,2,0.0
delayed_news_3m,8,3,0.0
delayed_news_3m,8,4,0.0010462435403607116
delayed_news_3m,8,5,0.0009137450714244733
delayed_news_3m,8,6,-0.0002516388689317937
delayed_news_3m,8,7,-0.0010798451640635749
delayed_news_3m,8,8,0.0011236593450926037
delayed_news_3m,8,9,0.0004811519330558266
delayed_news_3m,8,10,-0.0001656186220909948
delayed_news_3m,8,11,0.0010279513480566632
delayed_news_3m,8,12,0.00029804915397718023
delayed_news_3m,8,13,-0.00014509632403051368
delayed_news_3m,8,14,0.0010026158455720986
delayed_news_3m,8,15,-0.0013573538484682336
delayed_news_3m,8,16,-0.0006186574500961384
delayed_news_3m,8,17,0.0009101650332730606
delayed_news_3m,8,18,0.000988036293440407
delayed_news_3m,8,19,-0.00010889061457020553
delayed_news_3m,8,20,0.0018256571607164628
delayed_news_3m,8,21,0.0008274217994893643
delayed_news_3m,8,22,-0.0002492739529165696
delayed_news_3m,8,23,-0.0020579305021668818
delayed_news_3m,8,24,0.001269050441200898
delayed_news_3m,8,25,-0.0006573883074805049
delayed_news_3m,8,26,-0.0006159148945763501
delayed_news_3m,8,27,0.002613743403857835
delayed_news_3m,8,28,-0.0003620321097265959
delayed_news_3m,8,29,-0.0009830341994084692
delayed_news_3m,8,30,-0.00016432693570391876
delayed_news_3m,8,31,0.0007011904785547399
delayed_news_3m,8,32,0.0005827576475190622
delayed_news_3m,8,33,-0.001618515964939949
delayed_news_3m,8,34,0.0010363900345753214
delayed_news_3m,8,35,-0.000863928059150231
delayed_news_3m,8,36,-0.0010590048405490445
delayed_news_3m,8,37,0.001264684869947771
delayed_news_3m,8,38,0.002351510113966461
delayed_news_3m,8,39,-0.00046338307687860845
delayed_news_3m,8,40,0.0003364164179291157
delayed_news_3m,8,41,-0.0008846310834971099
delayed_news_3m,8,42,-0.0009046309961731023
delayed_news_3m,8,43,-0.0021885340048180633
delayed_news_3m,8,44,0.00325892019734146
delayed_news_3m,8,45,0.000916533464359163
delayed_news_3m,8,46,2.473934228538409e-05
delayed_news_3m,8,47,0.005512374070007093
delayed_news_3m,8,48,0.0006813537774911868
delayed_news_3m,8,49,-0.0011688387037470983
delayed_news_3m,8,50,0.0
delayed_news_3m,8,51,0.0005165809756026734
delayed_news_3m,8,52,0.0
delayed_news_3m,8,53,0.0010104643746070353
delayed_news_3m,8,54,-0.001646686666011159
delayed_news_3m,8,55,0.0009290058239158314
delayed_news_3m,8,56,-0.0001697826374696173
delayed_news_3m,8,57,0.0
delayed_news_3m,9,0,0.0008751429636728607
delayed_news_3m,9,1,-0.0019122213972381469
delayed_news_3m,9,2,0.0
delayed_news_3m,9,3,0.0
delayed_news_3m,9,4,0.0014704100128538186
delayed_news_3m,9,5,0.0008496253294130036
delayed_news_3m,9,6,-0.002309825514514153
delayed_news_3m,9,7,-0.0018950506091232266
delayed_news_3m,9,8,0.0003819288902991577
delayed_news_3m,9,9,0.00032217877433671655
delayed_news_3m,9,10,0.0009922717168601713
delayed_news_3m,9,11,0.0009068001243659749
delayed_news_3m,9,12,0.0018482278656248153
delayed_news_3m,9,13,-0.000408706928929499
delayed_news_3m,9,14,9.773665265144274e-05
delayed_news_3m,9,15,-0.002038970854953407
delayed_news_3m,9,16,0.0004247551434271613
delayed_news_3m,9,17,0.000984768113759819
delayed_news_3m,9,18,0.0007348074725598931
delayed_news_3m,9,19,0.0004271520444969921
delayed_news_3m,9,20,0.0012678684897135348
delayed_news_3m,9,21,0.0015136039911080844
delayed_news_3m,9,22,-9.872362882558246e-05
delayed_news_3m,9,23,-0.0023668331839486446
delayed_news_3m,9,24,0.001677807015553121
delayed_news_3m,9,25,-7.213537276535583e-05
delayed_news_3m,9,26,-0.0012431273644506662
delayed_news_3m,9,27,0.002667839999882528
delayed_news_3m,9,28,-0.0021760944358973004
delayed_news_3m,9,29,-0.0011443348969727516
delayed_news_3m,9,30,0.0009246447588859253
delayed_news_3m,9,31,-0.0010839189021742332
delayed_news_3m,9,32,-2.364425811369056e-05
delayed_news_3m,9,33,-0.0023767809116068852
delayed_news_3m,9,34,-0.0012102519247685136
delayed_news_3m,9,35,0.0002997937527927953
delayed_news_3m,9,36,-0.0007015708089216249
delayed_news_3m,9,37,0.00043494541703318127
delayed_news_3m,9,38,0.0022285249237251397
delayed_news_3m,9,39,-0.00036827733174818803
delayed_news_3m,9,40,-0.0010725528456320475
delayed_news_3m,9,41,-0.001329154937812916
delayed_news_3m,9,42,-0.0008692011965812323
delayed_news_3m,9,43,-0.0027161247457304968
delayed_news_3m,9,44,0.0037426077252886406
delayed_news_3m,9,45,0.0022910112010114023
delayed_news_3m,9,46,-0.0006734099592928072
delayed_news_3m,9,47,0.006712068037890955
delayed_news_3m,9,48,0.0020658557038424554
delayed_news_3m,9,49,-0.0014527338594493865
delayed_news_3m,9,50,0.0
delayed_news_3m,9,51,0.0008764051117126632
delayed_news_3m,9,52,0.0017327953340809607
delayed_news_3m,9,53,0.00212200249297338
delayed_news_3m,9,54,-0.0006820940533131746
delayed_news_3m,9,55,0.0014252582483956341
delayed_news_3m,9,56,-0.0010980176826890767
delayed_news_3m,9,57,0.0017327953340809598
delayed_news_3m,10,0,0.0013558508976663829
delayed_news_3m,10,1,-0.0025712926731315386
delayed_news_3m,10,2,0.0
delayed_news_3m,10,3,0.0
delayed_news_3m,10,4,0.0014431367039856292
delayed_news_3m,10,5,0.0013185607373874721
delayed_news_3m,10,6,-0.0025788450696427084
delayed_news_3m,10,7,-0.002525706567443834
delayed_news_3m,10,8,0.00034152160302972453
delayed_news_3m,10,9,0.0006279296536598929
delayed_news_3m,10,10,0.00168605939583654
delayed_news_3m,10,11,0.0013100586256967008
delayed_news_3m,10,12,0.0030351551678869052
delayed_news_3m,10,13,-0.00016287630830321277
delayed_news_3m,10,14,-4.857535071792681e-05
delayed_news_3m,10,15,-0.0022942955911835305
delayed_news_3m,10,16,0.0004469069199445968
delayed_news_3m,10,17,0.001203541209260553
delayed_news_3m,10,18,0.0005381604650933146
delayed_news_3m,10,19,0.0006021934121409248
delayed_news_3m,10,20,0.000719440263937165
delayed_news_3m,10,21,0.0017747485511140494
delayed_news_3m,10,22,-0.00038952834389723934
delayed_news_3m,10,23,-0.0017483451536675822
delayed_news_3m,10,24,0.001777213228579788
delayed_news_3m,10,25,-7.582994660686349e-05
delayed_news_3m,10,26,-0.0009898382298296222
delayed_news_3m,10,27,0.0021583936204563883
delayed_news_3m,10,28,-0.0014886535771881993
delayed_news_3m,10,29,-0.0011702606557745063
delayed_news_3m,10,30,0.0011200200143539828
delayed_news_3m,10,31,-0.0012558233421540714
delayed_news_3m,10,32,-0.00010869576356527632
delayed_news_3m,10,33,-0.0026208670235075937
delayed_news_3m,10,34,-0.000942662601917811
delayed_news_3m,10,35,0.0006807652592975363
delayed_news_3m,10,36,-0.0010900532098547587
delayed_news_3m,10,37,-0.00013193005073704024
delayed_news_3m,10,38,0.0012474919119715047
delayed_news_3m,10,39,-0.0008631695894418608
delayed_news_3m,10,40,-0.0006812518075136639
delayed_news_3m,10,41,-0.0012921752874290972
delayed_news_3m,10,42,-0.0008806853209086944
delayed_news_3m,10,43,-0.002910418556033336
delayed_news_3m,10,44,0.0023871766313208927
delayed_news_3m,10,45,0.0028537973361317612
delayed_news_3m,10,46,-0.0011859052757867542
delayed_news_3m,10,47,0.005915524573722041
delayed_news_3m,10,48,0.0024303063136147086
delayed_news_3m,10,49,-0.0017027408925320753
delayed_news_3m,10,50,0.0
delayed_news_3m,10,51,0.000903140751811687
delayed_news_3m,10,52,0.002103419324718591
delayed_news_3m,10,53,0.0027020587401603547
delayed_news_3m,10,54,-0.0005889575304283883
delayed_news_3m,10,55,0.002264173612161167
delayed_news_3m,10,56,-0.001619230429889955
delayed_news_3m,10,57,0.0014650579683702953
delayed_news_3m,11,0,0.0008259660228713325
delayed_news_3m,11,1,-0.0018749939416670429
delayed_news_3m,11,2,0.0
delayed_news_3m,11,3,0.0
delayed_news_3m,11,4,0.0006142922402721064
delayed_news_3m,11,5,0.0008128291590872877
delayed_news_3m,11,6,-0.002644050641663329
delayed_news_3m,11,7,-0.0018146374063662172
delayed_news_3m,11,8,-0.00024244382181984905
delayed_news_3m,11,9,0.00035064256966888576
delayed_news_3m,11,10,0.0018632841514071058
delayed_news_3m,11,11,0.0006739838187036662
delayed_news_3m,11,12,0.002764104108679858
delayed_news_3m,11,13,-0.00022836050423112974
delayed_news_3m,11,14,-0.0005907788523392564
delayed_news_3m,11,15,-0.001738755961427397
delayed_news_3m,11,16,0.0008701888979225133
delayed_news_3m,11,17,0.0006088279463985747
delayed_news_3m,11,18,0.00023156137398534844
delayed_news_3m,11,19,0.0007553578702837365
delayed_news_3m,11,20,0.0006373902248242797
delayed_news_3m,11,21,0.0016172181824622325
delayed_news_3m,11,22,-0.0003699650858271391
delayed_news_3m,11,23,-0.0014607408069863541
delayed_news_3m,11,24,0.0014106643368883356
delayed_news_3m,11,25,-0.0003833679186223693
delayed_news_3m,11,26,-0.00016281644777795462
delayed_news_3m,11,27,0.0018909623687619682
delayed_news_3m,11,28,-0.0010785902192375929
delayed_news_3m,11,29,-0.0009700459616417709
delayed_news_3m,11,30,0.0009781314884487074
delayed_news_3m,11,31,-0.001449757373544716
delayed_news_3m,11,32,-0.0005972574455187776
delayed_news_3m,11,33,-0.001971602884586996
delayed_news_3m,11,34,-0.0006541472163721833
delayed_news_3m,11,35,0.0011114682408425015
delayed_news_3m,11,36,-0.0009734600055590824
delayed_news_3m,11,37,-0.0006610227678034402
delayed_news_3m,11,38,0.0014043756209399902
delayed_news_3m,11,39,-0.0014909576501688066
delayed_news_3m,11,40,-0.0005231698336617692
delayed_news_3m,11,41,-0.0010377986100859637
delayed_news_3m,11,42,-0.0005529846661032233
delayed_news_3m,11,43,-0.003071578321650934
delayed_news_3m,11,44,0.0023972688929922324
delayed_news_3m,11,45,0.0026578959688552586
delayed_news_3m,11,46,-0.001615373818633097
delayed_news_3m,11,47,0.005227235521180295
delayed_news_3m,11,48,0.0024425827160518615
delayed_news_3m,11,49,-0.0012209630372883404
delayed_news_3m,11,50,-0.0007458047461814633
delayed_news_3m,11,51,0.00038116790706937476
delayed_news_3m,11,52,0.0022756845220066628
delayed_news_3m,11,53,0.0019502909956065986
delayed_news_3m,11,54,-0.00016238856952890984
delayed_news_3m,11,55,0.0016922194718082511
delayed_news_3m,11,56,-0.0026398281873869106
delayed_news_3m,11,57,0.0011034673994350557
delayed_news_3m,12,0,-3.039609657559698e-05
delayed_news_3m,12,1,-0.001787638014434878
delayed_news_3m,12,2,0.0
delayed_news_3m,12,3,0.0
delayed_news_3m,12,4,0.0014902750754803755
delayed_news_3m,12,5,-5.792016369532762e-05
delayed_news_3m,12,6,-0.003744806594427021
delayed_news_3m,12,7,-0.0016890297613228141
delayed_news_3m,12,8,0.0007809666258256394
delayed_news_3m,12,9,0.0006772294033864656
delayed_news_3m,12,10,0.001582052279556316
delayed_news_3m,12,11,0.0009861988547846122
delayed_news_3m,12,12,0.0014630685140053124
delayed_news_3m,12,13,-0.0008261844881517273
delayed_news_3m,12,14,-0.00023123057957606235
delayed_news_3m,12,15,-0.002071100889517386
delayed_news_3m,12,16,0.001007939032062313
delayed_news_3m,12,17,-0.0006348503305279354
delayed_news_3m,12,18,0.00011920481000692483
delayed_news_3m,12,19,0.0004700392153849142
delayed_news_3m,12,20,0.00048147934570118387
delayed_news_3m,12,21,0.0010650575674758008
delayed_news_3m,12,22,-0.00019836176672585114
delayed_news_3m,12,23,-0.0008879770461826854
delayed_news_3m,12,24,0.0009104041705184336
delayed_news_3m,12,25,-3.8433654770780885e-05
delayed_news_3m,12,26,0.0005481031602929915
delayed_news_3m,12,27,0.0013756818156368668
delayed_news_3m,12,28,0.0006955258241381048
delayed_news_3m,12,29,9.186204101346567e-06
delayed_news_3m,12,30,-5.559051165341028e-05
delayed_news_3m,12,31,0.00011143928801735821
delayed_news_3m,12,32,-0.0010184749942584654
delayed_news_3m,12,33,-0.001743713506400195
delayed_news_3m,12,34,0.0009455717216589798
delayed_news_3m,12,35,0.0008712544595930405
delayed_news_3m,12,36,-0.002472264505688186
delayed_news_3m,12,37,-0.0015403771728641923
delayed_news_3m,12,38,0.001019944177419423
delayed_news_3m,12,39,-0.0015646730159832346
delayed_news_3m,12,40,-0.00039486678286951
delayed_news_3m,12,41,-0.0012814525310471602
delayed_news_3m,12,42,-0.0006960011703042126
delayed_news_3m,12,43,-0.0028688705389282245
delayed_news_3m,12,44,0.0025402263445158616
delayed_news_3m,12,45,0.003012613026590236
delayed_news_3m,12,46,-0.0003223791833256083
delayed_news_3m,12,47,0.00530826829923489
delayed_news_3m,12,48,0.0005712657844502091
delayed_news_3m,12,49,-0.00017240691107114786
delayed_news_3m,12,50,-0.001470127983691911
delayed_news_3m,12,51,0.001254639387525814
delayed_news_3m,12,52,0.0016898768735152624
delayed_news_3m,12,53,0.0008043510162841832
delayed_news_3m,12,54,-0.00019443822655766137
delayed_news_3m,12,55,0.0017757395825086111
delayed_news_3m,12,56,-0.0025151689473001575
delayed_news_3m,12,57,-0.0012105295925030032
delayed_news_3m,13,0,0.0005350037100821289
delayed_news_3m,13,1,-0.0005622026469942543
delayed_news_3m,13,2,0.0
delayed_news_3m,13,3,0.0
delayed_news_3m,13,4,0.0016463426364243694
delayed_news_3m,13,5,0.0004813997013606856
delayed_news_3m,13,6,-0.0038137074793751858
delayed_news_3m,13,7,-0.0004735930998348224
delayed_news_3m,13,8,0.0002267858856848806
delayed_news_3m,13,9,-0.0004363482633014075
delayed_news_3m,13,10,0.0009765193819093914
delayed_news_3m,13,11,0.0011584965226121996
delayed_news_3m,13,12,0.0018515061838236247
delayed_news_3m,13,13,-0.00018487940262297293
delayed_news_3m,13,14,-0.0003324908930505666
delayed_news_3m,13,15,-0.002124782798109626
delayed_news_3m,13,16,0.0013830522368717274
delayed_news_3m,13,17,-0.0005825754732820865
delayed_news_3m,13,18,6.698951317743533e-05
delayed_news_3m,13,19,0.0006396352345218546
delayed_news_3m,13,20,0.0004549815665425396
delayed_news_3m,13,21,0.0007554523270704575
delayed_news_3m,13,22,-0.0010884128631158405
delayed_news_3m,13,23,-0.0007335113189209532
delayed_news_3m,13,24,0.0005735405924274958
delayed_news_3m,13,25,4.470184800340128e-05
delayed_news_3m,13,26,0.0004972124934492065
delayed_news_3m,13,27,0.0009599629841249726
delayed_news_3m,13,28,-0.0006107686855469181
delayed_news_3m,13,29,-0.0011110942672493723
delayed_news_3m,13,30,-0.0003482323089480011
delayed_news_3m,13,31,-0.00013718151323934686
delayed_news_3m,13,32,-0.00044837296952884945
delayed_news_3m,13,33,-0.0005144991990588948
delayed_news_3m,13,34,0.0002293561879491797
delayed_news_3m,13,35,0.0011479183422594445
delayed_news_3m,13,36,-0.0022915174711791043
delayed_news_3m,13,37,-0.001821431623818903
delayed_news_3m,13,38,0.0013946833491417126
delayed_news_3m,13,39,-0.001052227250450884
delayed_news_3m,13,40,-0.000757138748012634
delayed_news_3m,13,41,-0.0009382630947133
delayed_news_3m,13,42,-0.0010268107369351084
delayed_news_3m,13,43,-0.0026261776549225476
delayed_news_3m,13,44,0.0020065669860786415
delayed_news_3m,13,45,0.002872281418777006
delayed_news_3m,13,46,-0.00029964365275573796
delayed_news_3m,13,47,0.005430934921287222
delayed_news_3m,13,48,0.0007110113296125346
delayed_news_3m,13,49,0.0006721041806099678
delayed_news_3m,13,50,-0.0005378976248653463
delayed_news_3m,13,51,0.001257562847089861
delayed_news_3m,13,52,0.0010816609302886282
delayed_news_3m,13,53,0.0015262706165502526
delayed_news_3m,13,54,0.0002231999851749366
delayed_news_3m,13,55,0.001986029978931948
delayed_news_3m,13,56,-0.0020416610050490447
delayed_news_3m,13,57,-0.0016078724467405376
delayed_news_3m,14,0,0.0004846972070791387
delayed_news_3m,14,1,-0.0010683533500961326
delayed_news_3m,14,2,0.0
delayed_news_3m,14,3,0.0
delayed_news_3m,14,4,0.0013015441508893195
delayed_news_3m,14,5,0.0004652410457066423
delayed_news_3m,14,6,-0.003112615205278351
delayed_news_3m,14,7,-0.000992558615065188
delayed_news_3m,14,8,0.00036481644184132656
delayed_news_3m,14,9,-0.0006482959464063145
delayed_news_3m,14,10,0.0011635691165152754
delayed_news_3m,14,11,0.0007872994926400963
delayed_news_3m,14,12,0.0016545379605449016
delayed_news_3m,14,13,0.00017604446351567008
delayed_news_3m,14,14,-0.00013107906319197749
delayed_news_3m,14,15,-0.0018510542869699758
delayed_news_3m,14,16,0.0006471416328117594
delayed_news_3m,14,17,-0.0010073871587404925
delayed_news_3m,14,18,5.566323567741053e-05
delayed_news_3m,14,19,0.000453054827804492
delayed_news_3m,14,20,0.0001468790467560791
delayed_news_3m,14,21,0.0006643406683187609
delayed_news_3m,14,22,-0.0010291626890893823
delayed_news_3m,14,23,-0.0007090560290016841
delayed_news_3m,14,24,0.0004047752266249342
delayed_news_3m,14,25,0.00019839238873170428
delayed_news_3m,14,26,0.0007507679654487077
delayed_news_3m,14,27,0.0007273026685549398
delayed_news_3m,14,28,-0.0006615568392286022
delayed_news_3m,14,29,-0.0008939302367158555
delayed_news_3m,14,30,-0.0003481268742530536
delayed_news_3m,14,31,-5.019027706725218e-05
delayed_news_3m,14,32,-0.0004996220602243537
delayed_news_3m,14,33,-0.00046081242557826296
delayed_news_3m,14,34,0.00021829185068048803
delayed_news_3m,14,35,0.0005702838259084254
delayed_news_3m,14,36,-0.002449038954460806
delayed_news_3m,14,37,-0.002557957805210128
delayed_news_3m,14,38,0.0012258354754510078
delayed_news_3m,14,39,-0.0010107343352103355
delayed_news_3m,14,40,-0.0006228541366284615
delayed_news_3m,14,41,-0.0009141947257352015
delayed_news_3m,14,42,-0.0005025353301410513
delayed_news_3m,14,43,-0.0022434443443627027
delayed_news_3m,14,44,0.0016759294949352194
delayed_news_3m,14,45,0.0023515244421667605
delayed_news_3m,14,46,0.0004164308059321908
delayed_news_3m,14,47,0.005341251895365127
delayed_news_3m,14,48,0.0002513842448101702
delayed_news_3m,14,49,0.0003999278090882442
delayed_news_3m,14,50,-0.000632276076396983
delayed_news_3m,14,51,0.0009293679318057219
delayed_news_3m,14,52,0.0013626797890455423
delayed_news_3m,14,53,0.00133916405243887
delayed_news_3m,14,54,-2.0638580119534084e-05
delayed_news_3m,14,55,0.0017485369705575436
delayed_news_3m,14,56,-0.0009552820036437402
delayed_news_3m,14,57,-0.001701703619635118
delayed_news_3m,15,0,0.0012149749969395888
delayed_news_3m,15,1,-0.0018211470130643133
delayed_news_3m,15,2,0.0
delayed_news_3m,15,3,0.0
delayed_news_3m,15,4,0.0004831276471037914
delayed_news_3m,15,5,0.0012120694722409005
delayed_news_3m,15,6,-0.004154732680693044
delayed_news_3m,15,7,-0.0017286080316492787
delayed_news_3m,15,8,0.0006016160119619046
delayed_news_3m,15,9,5.934025312996579e-05
delayed_news_3m,15,10,0.0008735216847744797
delayed_news_3m,15,11,-0.0005557982468374118
delayed_news_3m,15,12,0.0007210722814053314
delayed_news_3m,15,13,0.0008252714681176514
delayed_news_3m,15,14,-0.0016961279201146962
delayed_news_3m,15,15,-0.0031797358745479136
delayed_news_3m,15,16,0.0005865131118854673
delayed_news_3m,15,17,-0.0003741537687157499
delayed_news_3m,15,18,0.00012708598904593451
delayed_news_3m,15,19,8.188654597540796e-06
delayed_news_3m,15,20,0.00016336463822157665
delayed_news_3m,15,21,0.00041886422210381604
delayed_news_3m,15,22,-0.00022848382006390846
delayed_news_3m,15,23,-0.0008622048333836641
delayed_news_3m,15,24,0.0003903444689350595
delayed_news_3m,15,25,0.0008094707405287786
delayed_news_3m,15,26,0.0007081893543176787
delayed_news_3m,15,27,0.00043280914328300486
delayed_news_3m,15,28,-0.0007897694237066377
delayed_news_3m,15,29,-0.0004331903294587554
delayed_news_3m,15,30,-0.0001408100395785609
delayed_news_3m,15,31,-0.0014213035145138571
delayed_news_3m,15,32,-0.0018458392152382063
delayed_news_3m,15,33,-0.00029650587075849555
delayed_news_3m,15,34,-0.0013481293146834837
delayed_news_3m,15,35,0.0005695265952731403
delayed_news_3m,15,36,-0.002587478750616749
delayed_news_3m,15,37,-0.0025031157915306446
delayed_news_3m,15,38,0.0011664225469180452
delayed_news_3m,15,39,-0.0011533666981474418
delayed_news_3m,15,40,-0.00038319554519817303
delayed_news_3m,15,41,-0.0008570826101805923
delayed_news_3m,15,42,0.00045609563912844906
delayed_news_3m,15,43,-0.0021768197448974254
delayed_news_3m,15,44,0.0016481831898609383
delayed_news_3m,15,45,0.0020666050609731905
delayed_news_3m,15,46,0.0010876411824281584
delayed_news_3m,15,47,0.004650892667825371
delayed_news_3m,15,48,-3.093373717786568e-05
delayed_news_3m,15,49,-0.0010352247558372476
delayed_news_3m,15,50,-0.0011784191638715582
delayed_news_3m,15,51,0.00011448681320059633
delayed_news_3m,15,52,-0.00010557097812210474
delayed_news_3m,15,53,0.0006580155709382072
delayed_news_3m,15,54,-0.0011744885278948296
delayed_news_3m,15,55,0.0005741640694450002
delayed_news_3m,15,56,-0.0012839875223728042
delayed_news_3m,15,57,-0.002481451531339604
delayed_news_3m,16,0,0.0020732386425760894
delayed_news_3m,16,1,-0.0011492852296563845
delayed_news_3m,16,2,0.0
delayed_news_3m,16,3,0.0
delayed_news_3m,16,4,0.0004622374604724709
delayed_news_3m,16,5,0.0020577225460969564
delayed_news_3m,16,6,-0.003587319895040616
delayed_news_3m,16,7,-0.0010791430899821763
delayed_news_3m,16,8,0.0006217931227477245
delayed_news_3m,16,9,6.956001434944445e-05
delayed_news_3m,16,10,0.000936594258125511
delayed_news_3m,16,11,-0.0007478495737561271
delayed_news_3m,16,12,0.0011317599285311114
delayed_news_3m,16,13,0.0013190713810098849
delayed_news_3m,16,14,-0.0007030098967846757
delayed_news_3m,16,15,-0.0038881128757994733
delayed_news_3m,16,16,0.0004552745563853186
delayed_news_3m,16,17,-0.0007009989185104706
delayed_news_3m,16,18,4.270205984037208e-05
delayed_news_3m,16,19,-1.403300204687064e-05
delayed_news_3m,16,20,0.00018066035812017346
delayed_news_3m,16,21,0.0004060208753444635
delayed_news_3m,16,22,-0.0005779203003409028
delayed_news_3m,16,23,-0.000824467474564579
delayed_news_3m,16,24,0.00023888937006261637
delayed_news_3m,16,25,0.0010919199081721957
delayed_news_3m,16,26,0.0005547333423318499
delayed_news_3m,16,27,0.00039671764053792293
delayed_news_3m,16,28,-0.0004481274023101997
delayed_news_3m,16,29,0.0003137165449666028
delayed_news_3m,16,30,0.0001534891596053112
delayed_news_3m,16,31,-0.0019297880619387735
delayed_news_3m,16,32,-0.0020382107969642003
delayed_news_3m,16,33,-0.0006336304201020086
delayed_news_3m,16,34,-0.0018564335545198788
delayed_news_3m,16,35,-0.00043770771656011914
delayed_news_3m,16,36,-0.0019806763587123725
delayed_news_3m,16,37,-0.0029999022201630103
delayed_news_3m,16,38,0.001262405496903351
delayed_news_3m,16,39,-0.0007636479650262326
delayed_news_3m,16,40,-0.0004901369704705033
delayed_news_3m,16,41,-0.0011018886299806812
delayed_news_3m,16,42,0.0007292257982979295
delayed_news_3m,16,43,-0.0018101084302519237
delayed_news_3m,16,44,0.00140277064633184
delayed_news_3m,16,45,0.0026379965612471704
delayed_news_3m,16,46,0.0014740996827592888
delayed_news_3m,16,47,0.00413930930357877
delayed_news_3m,16,48,-0.00015678690571595502
delayed_news_3m,16,49,-0.00026457498584712367
delayed_news_3m,16,50,-0.0013396779069158166
delayed_news_3m,16,51,0.0002940381059284304
delayed_news_3m,16,52,-0.00022045649757072071
delayed_news_3m,16,53,0.0008373910299239515
delayed_news_3m,16,54,-0.000577693385690077
delayed_news_3m,16,55,0.0005291070746065706
delayed_news_3m,16,56,-0.0008476011021262717
delayed_news_3m,16,57,-0.0022343454290812367
delayed_news_3m,17,0,0.0013685008894576626
delayed_news_3m,17,1,-0.0007536416624137354
delayed_news_3m,17,2,0.0
delayed_news_3m,17,3,0.0
delayed_news_3m,17,4,-8.022163968174898e-06
delayed_news_3m,17,5,0.0013601419792145049
delayed_news_3m,17,6,-0.003516310586007949
delayed_news_3m,17,7,-0.0006927210416949609
delayed_news_3m,17,8,5.399868822406554e-05
delayed_news_3m,17,9,0.00028046480133852013
delayed_news_3m,17,10,0.0008163901607025825
delayed_news_3m,17,11,0.0008285921408431108
delayed_news_3m,17,12,0.0014687276375837317
delayed_news_3m,17,13,0.001652123668557573
delayed_news_3m,17,14,-0.0006374936229755261
delayed_news_3m,17,15,-0.0037388627696951786
delayed_news_3m,17,16,0.0003682011595399096
delayed_news_3m,17,17,-0.0006386275845490386
delayed_news_3m,17,18,-6.1694721196929265e-06
delayed_news_3m,17,19,-3.800694380053536e-05
delayed_news_3m,17,20,0.00024219053041769057
delayed_news_3m,17,21,0.00036211335240102227
delayed_news_3m,17,22,-0.0009432564504158817
delayed_news_3m,17,23,-0.0008381924965732785
delayed_news_3m,17,24,0.00014959228647047583
delayed_news_3m,17,25,0.0009122519184942229
delayed_news_3m,17,26,0.0004361176779061792
delayed_news_3m,17,27,0.00027966228744618314
delayed_news_3m,17,28,-0.0012021166687228731
delayed_news_3m,17,29,-0.0004981619487152811
delayed_news_3m,17,30,0.00031755904298792857
delayed_news_3m,17,31,-0.001444793562928151
delayed_news_3m,17,32,-0.0011211469116882943
delayed_news_3m,17,33,-0.00026215517735565363
delayed_news_3m,17,34,-0.0022139377005011072
delayed_news_3m,17,35,-0.0008220342468562385
delayed_news_3m,17,36,-0.0014034883738906353
delayed_news_3m,17,37,-0.002781768509059
delayed_news_3m,17,38,0.0012907338544954471
delayed_news_3m,17,39,-0.00010791096291614144
delayed_news_3m,17,40,-0.0004006174964834407
delayed_news_3m,17,41,-0.0014500208477169988
delayed_news_3m,17,42,0.0003838185371208434
delayed_news_3m,17,43,-0.0015509250167958046
delayed_news_3m,17,44,0.0012743281853914042
delayed_news_3m,17,45,0.002994207515257806
delayed_news_3m,17,46,0.0015027182876490778
delayed_news_3m,17,47,0.003548439814927995
delayed_news_3m,17,48,0.00039169581915705844
delayed_news_3m,17,49,8.928729052601694e-06
delayed_news_3m,17,50,-0.0005132651863522819
delayed_news_3m,17,51,-0.00030172553286430225
delayed_news_3m,17,52,-0.0008843440048538224
delayed_news_3m,17,53,0.0013734242878579279
delayed_news_3m,17,54,0.0003715420647082445
delayed_news_3m,17,55,0.000645082053181384
delayed_news_3m,17,56,-0.0009067718808420561
delayed_news_3m,17,57,-0.0013429333333164432
delayed_news_3m,18,0,0.0009384447284164134
delayed_news_3m,18,1,-0.00016303075870142668
delayed_news_3m,18,2,0.0
delayed_news_3m,18,3,0.0
delayed_news_3m,18,4,-0.00020819978180346916
delayed_news_3m,18,5,0.0009400992329853132
delayed_news_3m,18,6,-0.0035266259163943127
delayed_news_3m,18,7,-0.00011087484086725497
delayed_news_3m,18,8,-0.00047720977877858364
delayed_news_3m,18,9,0.0007158888748860505
delayed_news_3m,18,10,0.00042570057053161625
delayed_news_3m,18,11,0.0013807427433231137
delayed_news_3m,18,12,0.0010020562399854953
delayed_news_3m,18,13,0.0003888242219743901
delayed_news_3m,18,14,0.00041955543196827284
delayed_news_3m,18,15,-0.0037370660844046207
delayed_news_3m,18,16,-0.0003430736468504566
delayed_news_3m,18,17,-0.00021213628465673284
delayed_news_3m,18,18,-2.3893099349048092e-05
delayed_news_3m,18,19,-0.00010697292647442767
delayed_news_3m,18,20,0.00033303709261610256
delayed_news_3m,18,21,0.0005978426399389182
delayed_news_3m,18,22,-0.0009761519709781142
delayed_news_3m,18,23,-0.000460875241256568
delayed_news_3m,18,24,-8.05292230108483e-06
delayed_news_3m,18,25,0.0007916606786677279
delayed_news_3m,18,26,0.00027948248678761847
delayed_news_3m,18,27,9.295053867643768e-05
delayed_news_3m,18,28,-0.0020695937780445873
delayed_news_3m,18,29,-0.0011569431122017695
delayed_news_3m,18,30,-0.0002782841888308242
delayed_news_3m,18,31,-0.0011148643586316343
delayed_news_3m,18,32,-0.0002037565633119096
delayed_news_3m,18,33,-0.000168218114539095
delayed_news_3m,18,34,-0.0019062787560375034
delayed_news_3m,18,35,-0.000280902246491077
delayed_news_3m,18,36,-0.001338344896224405
delayed_news_3m,18,37,-0.0032287906923888273
delayed_news_3m,18,38,0.0013284702783023018
delayed_news_3m,18,39,0.0005680117147200869
delayed_news_3m,18,40,-5.459077486028246e-05
delayed_news_3m,18,41,-0.001896904854598793
delayed_news_3m,18,42,0.0003573563290808983
delayed_news_3m,18,43,-0.0014577583098213836
delayed_news_3m,18,44,0.0013063256279859223
delayed_news_3m,18,45,0.0029276332524252294
delayed_news_3m,18,46,0.0016899974975640509
delayed_news_3m,18,47,0.002796239731214745
delayed_news_3m,18,48,0.0013064232384750606
delayed_news_3m,18,49,-0.00040974655887963783
delayed_news_3m,18,50,-0.0014243235547845446
delayed_news_3m,18,51,-0.0008815556172672113
delayed_news_3m,18,52,-0.0011854538356221623
delayed_news_3m,18,53,0.0017852720198732771
delayed_news_3m,18,54,0.0012926794672256418
delayed_news_3m,18,55,0.000502847696364577
delayed_news_3m,18,56,-0.000753353585457267
delayed_news_3m,18,57,-0.0008447599703727455
delayed_news_3m,19,0,0.000869502133356993
delayed_news_3m,19,1,-0.00032773754679975086
delayed_news_3m,19,2,0.0
delayed_news_3m,19,3,0.0
delayed_news_3m,19,4,-0.000692725760541295
delayed_news_3m,19,5,0.000902653032963889
delayed_news_3m,19,6,-0.00345991086194835
delayed_news_3m,19,7,-0.00027312010280529977
delayed_news_3m,19,8,-0.0014128655768912224
delayed_news_3m,19,9,0.000723817405449299
delayed_news_3m,19,10,0.0008692608758483504
delayed_news_3m,19,11,0.0013636058819394064
delayed_news_3m,19,12,0.00030383738839067937
delayed_news_3m,19,13,4.191883386293001e-05
delayed_news_3m,19,14,0.0006646941466635472
delayed_news_3m,19,15,-0.0031463631466161286
delayed_news_3m,19,16,-6.443193598017892e-05
delayed_news_3m,19,17,0.0004552507787032162
delayed_news_3m,19,18,-0.00016935966700667204
delayed_news_3m,19,19,-0.00012084879840128105
delayed_news_3m,19,20,0.0002429620395103258
delayed_news_3m,19,21,0.0006897749119370213
delayed_news_3m,19,22,-0.0008321552829871001
delayed_news_3m,19,23,-0.00012782054880261504
delayed_news_3m,19,24,-6.389538694560735e-05
delayed_news_3m,19,25,0.0003240432423145339
delayed_news_3m,19,26,-3.706807714186164e-06
delayed_news_3m,19,27,-8.54193475624773e-05
delayed_news_3m,19,28,-0.002923157092914689
delayed_news_3m,19,29,-0.0017212748515987644
delayed_news_3m,19,30,-0.00018778053632624242
delayed_news_3m,19,31,-0.00025980076204614307
delayed_news_3m,19,32,-0.00010960160998938883
delayed_news_3m,19,33,5.72350388067826e-05
delayed_news_3m,19,34,-0.0019908074136485575
delayed_news_3m,19,35,0.00018163570271253227
delayed_news_3m,19,36,-0.0015643563559648295
delayed_news_3m,19,37,-0.003221194602919344
delayed_news_3m,19,38,0.0013193104276414533
delayed_news_3m,19,39,0.0008975311200586947
delayed_news_3m,19,40,0.00016866135456871262
delayed_news_3m,19,41,-0.0018439973057619997
delayed_news_3m,19,42,0.00014217859000025681
delayed_news_3m,19,43,-0.00159009249975535
delayed_news_3m,19,44,0.0013017318937620724
delayed_news_3m,19,45,0.002857278275534979
delayed_news_3m,19,46,0.0017748348619152892
delayed_news_3m,19,47,0.002442040353013587
delayed_news_3m,19,48,0.001842221649057454
delayed_news_3m,19,49,0.00016955370864647445
delayed_news_3m,19,50,-0.0012959019944201791
delayed_news_3m,19,51,-0.0005838740602124052
delayed_news_3m,19,52,-0.00140124938995076
delayed_news_3m,19,53,0.0020400889413701205
delayed_news_3m,19,54,0.0012358913083682175
delayed_news_3m,19,55,-0.00015806883844397436
delayed_news_3m,19,56,-0.00017558598367341385
delayed_news_3m,19,57,-0.0010687903318084848
delayed_news_3m,20,0,0.002216022947150265
delayed_news_3m,20,1,-0.0006615794187538406
delayed_news_3m,20,2,0.0
delayed_news_3m,20,3,0.0
delayed_news_3m,20,4,0.00015248945346512185
delayed_news_3m,20,5,0.0021906912852914895
delayed_news_3m,20,6,-0.0053639930191307856
delayed_news_3m,20,7,-0.0005593137782817675
delayed_news_3m,20,8,-0.002650250433479687
delayed_news_3m,20,9,0.0005599312763120574
delayed_news_3m,20,10,0.0009019241246657542
delayed_news_3m,20,11,-0.0010612676679342256
delayed_news_3m,20,12,-0.000101882338584748
delayed_news_3m,20,13,-0.0007748616568656913
delayed_news_3m,20,14,-0.0002282450762877436
delayed_news_3m,20,15,-0.0035201872972654294
delayed_news_3m,20,16,-0.0023706376771959877
delayed_news_3m,20,17,-0.0019497611952864317
delayed_news_3m,20,18,-0.00027082852632975195
delayed_news_3m,20,19,-0.0001245909961429231
delayed_news_3m,20,20,0.0001200138002088308
delayed_news_3m,20,21,0.0008770802070745315
delayed_news_3m,20,22,-0.0008247852029344975
delayed_news_3m,20,23,4.351030381197766e-05
delayed_news_3m,20,24,0.00013656759864519037
delayed_news_3m,20,25,0.0003821400987588269
delayed_news_3m,20,26,0.0003397286207239623
delayed_news_3m,20,27,0.0004721730156230816
delayed_news_3m,20,28,-0.003841569919160912
delayed_news_3m,20,29,-0.0010898980253428985
delayed_news_3m,20,30,0.00031857614594159994
delayed_news_3m,20,31,0.0033804230304005575
delayed_news_3m,20,32,0.0018793137580544674
delayed_news_3m,20,33,0.0009271533221585052
delayed_news_3m,20,34,-0.0035139573785120145
delayed_news_3m,20,35,-0.0002851578516800232
delayed_news_3m,20,36,-0.0009372242465497843
delayed_news_3m,20,37,-0.0018463348086024335
delayed_news_3m,20,38,0.0012711052833712722
delayed_news_3m,20,39,0.0008694690702663998
delayed_news_3m,20,40,0.00017802520265725445
delayed_news_3m,20,41,-0.0018651929654658202
delayed_news_3m,20,42,-0.00048234348374059656
delayed_news_3m,20,43,-0.0017110815158118068
delayed_news_3m,20,44,0.0014274750735924742
delayed_news_3m,20,45,0.002710428872024676
delayed_news_3m,20,46,0.0015946794259629018
delayed_news_3m,20,47,0.001964544284786235
delayed_news_3m,20,48,0.0017801892991363847
delayed_news_3m,20,49,-0.0008683065972309402
delayed_news_3m,20,50,-0.0001538130469995685
delayed_news_3m,20,51,-0.000595823008221278
delayed_news_3m,20,52,-9.22440892765779e-05
delayed_news_3m,20,53,0.00313982633181169
delayed_news_3m,20,54,0.0029792179879259287
delayed_news_3m,20,55,-0.0027790512921193303
delayed_news_3m,20,56,0.0007687272779850463
delayed_news_3m,20,57,-0.0016783629484849283
delayed_news_3m,21,0,0.0014760592298825226
delayed_news_3m,21,1,-0.0005678289221078204
delayed_news_3m,21,2,0.0
delayed_news_3m,21,3,0.0
delayed_news_3m,21,4,-0.0003097115995776437
delayed_news_3m,21,5,0.0014816875888178738
delayed_news_3m,21,6,-0.0034444691736016885
delayed_news_3m,21,7,-0.0005206111084019875
delayed_news_3m,21,8,-0.0018367702454658412
delayed_news_3m,21,9,3.860810064962059e-05
delayed_news_3m,21,10,0.0009726643534318463
delayed_news_3m,21,11,0.0004100902916140028
delayed_news_3m,21,12,6.918321336950829e-05
delayed_news_3m,21,13,-0.0004248594461862945
delayed_news_3m,21,14,0.0005166218665256379
delayed_news_3m,21,15,-0.003301938361049099
delayed_news_3m,21,16,-0.0009478479548191763
delayed_news_3m,21,17,-0.0009409869160725574
delayed_news_3m,21,18,-0.0003002998271953072
delayed_news_3m,21,19,2.0040778248215588e-05
delayed_news_3m,21,20,0.0001893338499003766
delayed_news_3m,21,21,0.0007110987897791859
delayed_news_3m,21,22,-0.0006508865054900128
delayed_news_3m,21,23,-6.323847653730233e-05
delayed_news_3m,21,24,-9.85961924245238e-05
delayed_news_3m,21,25,0.0003834522514419289
delayed_news_3m,21,26,0.00019671010094655142
delayed_news_3m,21,27,9.015825526725118e-05
delayed_news_3m,21,28,-0.0029538297743522575
delayed_news_3m,21,29,-0.002158570873224067
delayed_news_3m,21,30,3.425953496537379e-05
delayed_news_3m,21,31,0.0018522749137634528
delayed_news_3m,21,32,0.000984800494400378
delayed_news_3m,21,33,0.00041555325488412735
delayed_news_3m,21,34,-0.0018887653016093887
delayed_news_3m,21,35,0.00021302146713892892
delayed_news_3m,21,36,-0.001788082243962093
delayed_news_3m,21,37,-0.0027065978296857496
delayed_news_3m,21,38,0.0010955138177115103
delayed_news_3m,21,39,0.0011512054445981118
delayed_news_3m,21,40,0.00036731600771140385
delayed_news_3m,21,41,-0.001415966625872027
delayed_news_3m,21,42,0.00021177431774146633
delayed_news_3m,21,43,-0.00161083192935503
delayed_news_3m,21,44,0.0014497194538123572
delayed_news_3m,21,45,0.002211053596684826
delayed_news_3m,21,46,0.001883959558107588
delayed_news_3m,21,47,0.002015736527683723
delayed_news_3m,21,48,0.0019524107783361396
delayed_news_3m,21,49,-0.0004195489288098274
delayed_news_3m,21,50,-0.0003143196446071207
delayed_news_3m,21,51,-0.0008249869422855402
delayed_news_3m,21,52,-0.0007146764277735375
delayed_news_3m,21,53,0.0018392449876275998
delayed_news_3m,21,54,0.0012265839997799709
delayed_news_3m,21,55,-0.002689378132234649
delayed_news_3m,21,56,0.000253146768195717
delayed_news_3m,21,57,-0.001274981067131543
delayed_news_3m,22,0,0.0011570986148723985
delayed_news_3m,22,1,0.00014533831025708333
delayed_news_3m,22,2,0.0
delayed_news_3m,22,3,0.0
delayed_news_3m,22,4,-0.0011112898687455316
delayed_news_3m,22,5,0.0012044069456765448
delayed_news_3m,22,6,-0.0029224653701518757
delayed_news_3m,22,7,0.00016967868360437817
delayed_news_3m,22,8,-0.0014946317793458782
delayed_news_3m,22,9,0.00016475612898211907
delayed_news_3m,22,10,0.001659182648547308
delayed_news_3m,22,11,0.0008000376474648805
delayed_news_3m,22,12,-0.0008658374835279193
delayed_news_3m,22,13,0.00024807544683774264
delayed_news_3m,22,14,0.0004729911424133769
delayed_news_3m,22,15,-0.0032026826227668117
delayed_news_3m,22,16,-0.0007596239394981093
delayed_news_3m,22,17,-0.0006050628030102787
delayed_news_3m,22,18,-0.0003562539485814817
delayed_news_3m,22,19,-5.0616156451915894e-05
delayed_news_3m,22,20,-1.0622995535149066e-05
delayed_news_3m,22,21,0.0006077103814784563
delayed_news_3m,22,22,-0.000429904160987131
delayed_news_3m,22,23,1.9180715335658813e-05
delayed_news_3m,22,24,-6.528773085219544e-05
delayed_news_3m,22,25,0.0003008261391068824
delayed_news_3m,22,26,0.000258772528810833
delayed_news_3m,22,27,-6.944629531291563e-05
delayed_news_3m,22,28,-0.002581524236296486
delayed_news_3m,22,29,-0.002270967639531553
delayed_news_3m,22,30,-0.0004293215778493082
delayed_news_3m,22,31,0.0013046513942922798
delayed_news_3m,22,32,0.001873320464303473
delayed_news_3m,22,33,-0.0004281692484110389
delayed_news_3m,22,34,-0.002769581021079198
delayed_news_3m,22,35,0.0004614966999549478
delayed_news_3m,22,36,-0.00267332970868396
delayed_news_3m,22,37,-0.0026540030476966793
delayed_news_3m,22,38,0.001079844187408741
delayed_news_3m,22,39,0.001194228873834246
delayed_news_3m,22,40,0.0005719595172512151
delayed_news_3m,22,41,-0.0008525733686453256
delayed_news_3m,22,42,-2.7751236808436883e-05
delayed_news_3m,22,43,-0.0014201789971566643
delayed_news_3m,22,44,0.001666481881001975
delayed_news_3m,22,45,0.0019139340952338182
delayed_news_3m,22,46,0.0019340801331747337
delayed_news_3m,22,47,0.00189248826948134
delayed_news_3m,22,48,0.0015421699816467137
delayed_news_3m,22,49,-0.0003470047930275943
delayed_news_3m,22,50,-0.0004630027908911857
delayed_news_3m,22,51,-0.00037100138686901695
delayed_news_3m,22,52,-0.0003134338903457066
delayed_news_3m,22,53,0.0012276389751583697
delayed_news_3m,22,54,0.0007220804293937804
delayed_news_3m,22,55,-0.002455372617103157
delayed_news_3m,22,56,-0.00036416633001178073
delayed_news_3m,22,57,-4.228379947721425e-05
mchs_only,6,0,0.0
mchs_only,6,1,0.0
mchs_only,6,2,0.0
mchs_only,6,3,0.0
mchs_only,6,4,0.0
mchs_only,6,5,0.0
mchs_only,6,6,0.0
mchs_only,6,7,0.0
mchs_only,6,8,0.0
mchs_only,6,9,0.0
mchs_only,6,10,0.0
mchs_only,6,11,0.0
mchs_only,6,12,0.0
mchs_only,6,13,0.0
mchs_only,6,14,0.0
mchs_only,6,15,0.0
mchs_only,6,16,0.0
mchs_only,6,17,0.0
mchs_only,6,18,0.0
mchs_only,6,19,0.0
mchs_only,6,20,0.0
mchs_only,6,21,0.0
mchs_only,6,22,0.0
mchs_only,6,23,0.0
mchs_only,6,24,0.0
mchs_only,6,25,0.0
mchs_only,6,26,0.0
mchs_only,6,27,0.0
mchs_only,6,28,0.0
mchs_only,6,29,0.0
mchs_only,6,30,0.0
mchs_only,6,31,0.0
mchs_only,6,32,0.0
mchs_only,6,33,0.0
mchs_only,6,34,0.0
mchs_only,6,35,0.0
mchs_only,6,36,0.0
mchs_only,6,37,0.0
mchs_only,6,38,0.0
mchs_only,6,39,0.0
mchs_only,6,40,0.0
mchs_only,6,41,0.0
mchs_only,6,42,0.0
mchs_only,6,43,0.0
mchs_only,6,44,0.0
mchs_only,6,45,0.0
mchs_only,6,46,0.0
mchs_only,6,47,0.0
mchs_only,6,48,0.0
mchs_only,6,49,0.0
mchs_only,6,50,0.0
mchs_only,6,51,0.0
mchs_only,6,52,0.0
mchs_only,6,53,0.0
mchs_only,6,54,0.0
mchs_only,6,55,0.0
mchs_only,7,0,0.00031288905621146046
mchs_only,7,1,0.00031288905621147255
mchs_only,7,2,0.0
mchs_only,7,3,0.0
mchs_only,7,4,0.00031288905621146057
mchs_only,7,5,0.00031288905621147244
mchs_only,7,6,0.0
mchs_only,7,7,0.0
mchs_only,7,8,0.0
mchs_only,7,9,0.0
mchs_only,7,10,0.0
mchs_only,7,11,0.0
mchs_only,7,12,0.0
mchs_only,7,13,0.0
mchs_only,7,14,0.0
mchs_only,7,15,0.0
mchs_only,7,16,0.0
mchs_only,7,17,0.0
mchs_only,7,18,0.0
mchs_only,7,19,0.0
mchs_only,7,20,0.0
mchs_only,7,21,0.0
mchs_only,7,22,0.0
mchs_only,7,23,0.0
mchs_only,7,24,0.0
mchs_only,7,25,0.0
mchs_only,7,26,0.0
mchs_only,7,27,0.0
mchs_only,7,28,0.0
mchs_only,7,29,0.0
mchs_only,7,30,0.0
mchs_only,7,31,0.0
mchs_only,7,32,0.0
mchs_only,7,33,0.0
mchs_only,7,34,0.0
mchs_only,7,35,0.0
mchs_only,7,36,0.0
mchs_only,7,37,0.0
mchs_only,7,38,0.0
mchs_only,7,39,0.0
mchs_only,7,40,0.0
mchs_only,7,41,0.0
mchs_only,7,42,0.0
mchs_only,7,43,0.0
mchs_only,7,44,0.0
mchs_only,7,45,0.0
mchs_only,7,46,0.0
mchs_only,7,47,0.0
mchs_only,7,48,0.0
mchs_only,7,49,0.0
mchs_only,7,50,0.0
mchs_only,7,51,0.0
mchs_only,7,52,0.0
mchs_only,7,53,0.0
mchs_only,7,54,0.0
mchs_only,7,55,0.0
mchs_only,8,0,0.001106133104070375
mchs_only,8,1,-0.0037885832144771902
mchs_only,8,2,0.0034079401770167263
mchs_only,8,3,0.0
mchs_only,8,4,0.0011061331040703743
mchs_only,8,5,-0.0037885832144771894
mchs_only,8,6,0.0
mchs_only,8,7,0.0
mchs_only,8,8,0.0
mchs_only,8,9,0.0
mchs_only,8,10,0.0
mchs_only,8,11,0.0
mchs_only,8,12,0.0
mchs_only,8,13,0.0
mchs_only,8,14,0.0
mchs_only,8,15,0.0
mchs_only,8,16,0.0
mchs_only,8,17,0.0
mchs_only,8,18,0.0
mchs_only,8,19,0.0
mchs_only,8,20,0.0
mchs_only,8,21,0.0
mchs_only,8,22,0.0
mchs_only,8,23,0.0
mchs_only,8,24,0.0
mchs_only,8,25,0.0
mchs_only,8,26,0.0
mchs_only,8,27,0.0
mchs_only,8,28,0.0
mchs_only,8,29,0.0
mchs_only,8,30,0.0
mchs_only,8,31,0.0
mchs_only,8,32,0.0
mchs_only,8,33,0.0
mchs_only,8,34,0.0
mchs_only,8,35,0.0
mchs_only,8,36,0.0
mchs_only,8,37,0.0
mchs_only,8,38,0.0
mchs_only,8,39,0.0
mchs_only,8,40,0.0
mchs_only,8,41,0.0
mchs_only,8,42,0.0
mchs_only,8,43,0.0
mchs_only,8,44,0.0
mchs_only,8,45,0.0
mchs_only,8,46,0.0
mchs_only,8,47,0.0
mchs_only,8,48,0.0
mchs_only,8,49,0.0
mchs_only,8,50,0.0
mchs_only,8,51,0.0
mchs_only,8,52,0.0
mchs_only,8,53,0.0
mchs_only,8,54,0.0
mchs_only,8,55,0.0
mchs_only,9,0,-0.0010194027467886864
mchs_only,9,1,-0.006729563057782622
mchs_only,9,2,0.009702750535383933
mchs_only,9,3,0.0
mchs_only,9,4,-0.0010194027467886886
mchs_only,9,5,-0.006729563057782625
mchs_only,9,6,0.0
mchs_only,9,7,0.0
mchs_only,9,8,0.0
mchs_only,9,9,0.0
mchs_only,9,10,0.0
mchs_only,9,11,0.0
mchs_only,9,12,0.0
mchs_only,9,13,0.0
mchs_only,9,14,0.0
mchs_only,9,15,0.0
mchs_only,9,16,0.0
mchs_only,9,17,0.0
mchs_only,9,18,0.0
mchs_only,9,19,0.0
mchs_only,9,20,0.0
mchs_only,9,21,0.0
mchs_only,9,22,0.0
mchs_only,9,23,0.0
mchs_only,9,24,0.0
mchs_only,9,25,0.0
mchs_only,9,26,0.0
mchs_only,9,27,0.0
mchs_only,9,28,0.0
mchs_only,9,29,0.0
mchs_only,9,30,0.0
mchs_only,9,31,0.0
mchs_only,9,32,0.0
mchs_only,9,33,0.0
mchs_only,9,34,0.0
mchs_only,9,35,0.0
mchs_only,9,36,0.0
mchs_only,9,37,0.0
mchs_only,9,38,0.0
mchs_only,9,39,0.0
mchs_only,9,40,0.0
mchs_only,9,41,0.0
mchs_only,9,42,0.0
mchs_only,9,43,0.0
mchs_only,9,44,0.0
mchs_only,9,45,0.0
mchs_only,9,46,0.0
mchs_only,9,47,0.0
mchs_only,9,48,0.0
mchs_only,9,49,0.0
mchs_only,9,50,0.0
mchs_only,9,51,0.0
mchs_only,9,52,0.0
mchs_only,9,53,0.0
mchs_only,9,54,0.0
mchs_only,9,55,0.0
mchs_only,10,0,-0.003423099771757193
mchs_only,10,1,-0.007040546400069375
mchs_only,10,2,0.016563431298975324
mchs_only,10,3,0.0
mchs_only,10,4,-0.0034230997717571935
mchs_only,10,5,-0.007040546400069382
mchs_only,10,6,0.0
mchs_only,10,7,0.0
mchs_only,10,8,0.0
mchs_only,10,9,0.0
mchs_only,10,10,0.0
mchs_only,10,11,0.0
mchs_only,10,12,0.0
mchs_only,10,13,0.0
mchs_only,10,14,0.0
mchs_only,10,15,0.0
mchs_only,10,16,0.0
mchs_only,10,17,0.0
mchs_only,10,18,0.0
mchs_only,10,19,0.0
mchs_only,10,20,0.0
mchs_only,10,21,0.0
mchs_only,10,22,0.0
mchs_only,10,23,0.0
mchs_only,10,24,0.0
mchs_only,10,25,0.0
mchs_only,10,26,0.0
mchs_only,10,27,0.0
mchs_only,10,28,0.0
mchs_only,10,29,0.0
mchs_only,10,30,0.0
mchs_only,10,31,0.0
mchs_only,10,32,0.0
mchs_only,10,33,0.0
mchs_only,10,34,0.0
mchs_only,10,35,0.0
mchs_only,10,36,0.0
mchs_only,10,37,0.0
mchs_only,10,38,0.0
mchs_only,10,39,0.0
mchs_only,10,40,0.0
mchs_only,10,41,0.0
mchs_only,10,42,0.0
mchs_only,10,43,0.0
mchs_only,10,44,0.0
mchs_only,10,45,0.0
mchs_only,10,46,0.0
mchs_only,10,47,0.0
mchs_only,10,48,0.0
mchs_only,10,49,0.0
mchs_only,10,50,0.0
mchs_only,10,51,0.0
mchs_only,10,52,0.0
mchs_only,10,53,0.0
mchs_only,10,54,0.0
mchs_only,10,55,0.0
mchs_only,11,0,-0.006607411016037843
mchs_only,11,1,-0.0021214736448345096
mchs_only,11,2,0.018936676454332363
mchs_only,11,3,0.0
mchs_only,11,4,-0.0066074110160378235
mchs_only,11,5,-0.0021214736448345105
mchs_only,11,6,0.0
mchs_only,11,7,0.0
mchs_only,11,8,0.0
mchs_only,11,9,0.0
mchs_only,11,10,0.0
mchs_only,11,11,0.0
mchs_only,11,12,0.0
mchs_only,11,13,0.0
mchs_only,11,14,0.0
mchs_only,11,15,0.0
mchs_only,11,16,0.0
mchs_only,11,17,0.0
mchs_only,11,18,0.0
mchs_only,11,19,0.0
mchs_only,11,20,0.0
mchs_only,11,21,0.0
mchs_only,11,22,0.0
mchs_only,11,23,0.0
mchs_only,11,24,0.0
mchs_only,11,25,0.0
mchs_only,11,26,0.0
mchs_only,11,27,0.0
mchs_only,11,28,0.0
mchs_only,11,29,0.0
mchs_only,11,30,0.0
mchs_only,11,31,0.0
mchs_only,11,32,0.0
mchs_only,11,33,0.0
mchs_only,11,34,0.0
mchs_only,11,35,0.0
mchs_only,11,36,0.0
mchs_only,11,37,0.0
mchs_only,11,38,0.0
mchs_only,11,39,0.0
mchs_only,11,40,0.0
mchs_only,11,41,0.0
mchs_only,11,42,0.0
mchs_only,11,43,0.0
mchs_only,11,44,0.0
mchs_only,11,45,0.0
mchs_only,11,46,0.0
mchs_only,11,47,0.0
mchs_only,11,48,0.0
mchs_only,11,49,0.0
mchs_only,11,50,0.0
mchs_only,11,51,0.0
mchs_only,11,52,0.0
mchs_only,11,53,0.0
mchs_only,11,54,0.0
mchs_only,11,55,0.0
mchs_only,12,0,-0.007419196013402158
mchs_only,12,1,0.0014132950809466996
mchs_only,12,2,0.01602249047980196
mchs_only,12,3,0.0
mchs_only,12,4,-0.007419196013402137
mchs_only,12,5,0.001413295080946703
mchs_only,12,6,0.0
mchs_only,12,7,0.0
mchs_only,12,8,-0.0001571163750478963
mchs_only,12,9,0.0
mchs_only,12,10,0.0
mchs_only,12,11,0.0
mchs_only,12,12,0.0
mchs_only,12,13,0.0
mchs_only,12,14,0.0
mchs_only,12,15,0.0
mchs_only,12,16,0.0
mchs_only,12,17,0.0
mchs_only,12,18,-0.00015711637504789544
mchs_only,12,19,0.0
mchs_only,12,20,0.0
mchs_only,12,21,0.0
mchs_only,12,22,0.0
mchs_only,12,23,0.0
mchs_only,12,24,0.0
mchs_only,12,25,0.0
mchs_only,12,26,0.0
mchs_only,12,27,0.0
mchs_only,12,28,-0.00015711637504789653
mchs_only,12,29,0.0
mchs_only,12,30,0.0
mchs_only,12,31,0.0
mchs_only,12,32,0.0
mchs_only,12,33,0.0
mchs_only,12,34,0.0
mchs_only,12,35,0.0
mchs_only,12,36,0.0
mchs_only,12,37,0.0
mchs_only,12,38,-0.00015711637504789693
mchs_only,12,39,0.0
mchs_only,12,40,0.0
mchs_only,12,41,0.0
mchs_only,12,42,0.0
mchs_only,12,43,0.0
mchs_only,12,44,0.0
mchs_only,12,45,0.0
mchs_only,12,46,0.0
mchs_only,12,47,0.0
mchs_only,12,48,0.0
mchs_only,12,49,0.0
mchs_only,12,50,0.0
mchs_only,12,51,0.0
mchs_only,12,52,0.0
mchs_only,12,53,0.0
mchs_only,12,54,0.0
mchs_only,12,55,0.0
mchs_only,13,0,-0.0065761999944407646
mchs_only,13,1,0.000972311598994386
mchs_only,13,2,0.015042765501367489
mchs_only,13,3,0.0
mchs_only,13,4,-0.006576199994440767
mchs_only,13,5,0.0009723115989943896
mchs_only,13,6,0.0
mchs_only,13,7,0.0
mchs_only,13,8,-0.00055488382030075
mchs_only,13,9,0.0
mchs_only,13,10,0.0
mchs_only,13,11,0.0
mchs_only,13,12,0.0
mchs_only,13,13,0.0
mchs_only,13,14,0.0
mchs_only,13,15,0.0
mchs_only,13,16,0.0
mchs_only,13,17,0.0
mchs_only,13,18,-0.0005548838203007492
mchs_only,13,19,0.0
mchs_only,13,20,0.0
mchs_only,13,21,0.0
mchs_only,13,22,0.0
mchs_only,13,23,0.0
mchs_only,13,24,0.0
mchs_only,13,25,0.0
mchs_only,13,26,0.0
mchs_only,13,27,0.0
mchs_only,13,28,0.0008637245633276677
mchs_only,13,29,0.0
mchs_only,13,30,0.0
mchs_only,13,31,0.0
mchs_only,13,32,0.0
mchs_only,13,33,0.0
mchs_only,13,34,0.0
mchs_only,13,35,0.0
mchs_only,13,36,0.0
mchs_only,13,37,0.0
mchs_only,13,38,0.0008637245633276691
mchs_only,13,39,0.0
mchs_only,13,40,0.0
mchs_only,13,41,0.0
mchs_only,13,42,0.0
mchs_only,13,43,0.0
mchs_only,13,44,0.0
mchs_only,13,45,0.0
mchs_only,13,46,0.0
mchs_only,13,47,0.0
mchs_only,13,48,0.0
mchs_only,13,49,0.0
mchs_only,13,50,0.0
mchs_only,13,51,0.0
mchs_only,13,52,0.0
mchs_only,13,53,0.0
mchs_only,13,54,0.0
mchs_only,13,55,0.0
mchs_only,14,0,-0.005240013143915149
mchs_only,14,1,0.00046773646071304276
mchs_only,14,2,0.012360511715158914
mchs_only,14,3,0.0
mchs_only,14,4,-0.0052400131439151645
mchs_only,14,5,0.0004677364607130433
mchs_only,14,6,0.0
mchs_only,14,7,0.0
mchs_only,14,8,-0.00034387899289328543
mchs_only,14,9,0.0
mchs_only,14,10,0.0
mchs_only,14,11,0.0
mchs_only,14,12,0.0
mchs_only,14,13,0.0
mchs_only,14,14,0.0
mchs_only,14,15,0.0
mchs_only,14,16,0.0
mchs_only,14,17,0.0
mchs_only,14,18,-0.0003438789928932921
mchs_only,14,19,0.0
mchs_only,14,20,0.0
mchs_only,14,21,0.0
mchs_only,14,22,0.0
mchs_only,14,23,0.0
mchs_only,14,24,0.0
mchs_only,14,25,0.0
mchs_only,14,26,0.0
mchs_only,14,27,0.0
mchs_only,14,28,0.000922051450424661
mchs_only,14,29,0.0
mchs_only,14,30,0.0
mchs_only,14,31,0.0
mchs_only,14,32,0.0
mchs_only,14,33,0.0
mchs_only,14,34,0.0
mchs_only,14,35,0.0
mchs_only,14,36,0.0
mchs_only,14,37,0.0
mchs_only,14,38,0.0009220514504246627
mchs_only,14,39,0.0
mchs_only,14,40,0.0
mchs_only,14,41,0.0
mchs_only,14,42,0.0
mchs_only,14,43,0.0
mchs_only,14,44,0.0
mchs_only,14,45,0.0
mchs_only,14,46,0.0
mchs_only,14,47,0.0
mchs_only,14,48,0.0
mchs_only,14,49,0.0
mchs_only,14,50,0.0
mchs_only,14,51,0.0
mchs_only,14,52,0.0
mchs_only,14,53,0.0
mchs_only,14,54,0.0
mchs_only,14,55,0.0
mchs_only,15,0,-0.0035571811310010845
mchs_only,15,1,4.208085860751476e-05
mchs_only,15,2,0.008110451845019004
mchs_only,15,3,0.0
mchs_only,15,4,-0.00355718113100111
mchs_only,15,5,4.2080858607509266e-05
mchs_only,15,6,0.0
mchs_only,15,7,0.0
mchs_only,15,8,-0.00023098686292424053
mchs_only,15,9,0.0
mchs_only,15,10,0.0
mchs_only,15,11,0.0
mchs_only,15,12,0.0
mchs_only,15,13,0.0
mchs_only,15,14,0.0
mchs_only,15,15,0.0
mchs_only,15,16,0.0
mchs_only,15,17,0.0
mchs_only,15,18,-0.0002309868629242386
mchs_only,15,19,0.0
mchs_only,15,20,0.0
mchs_only,15,21,0.0
mchs_only,15,22,0.0
mchs_only,15,23,0.0
mchs_only,15,24,0.0
mchs_only,15,25,0.0
mchs_only,15,26,0.0
mchs_only,15,27,0.0
mchs_only,15,28,0.000981861771595574
mchs_only,15,29,0.0
mchs_only,15,30,0.0
mchs_only,15,31,0.0
mchs_only,15,32,0.0
mchs_only,15,33,0.0
mchs_only,15,34,0.0
mchs_only,15,35,0.0
mchs_only,15,36,0.0
mchs_only,15,37,0.0
mchs_only,15,38,0.0009818617715955786
mchs_only,15,39,0.0
mchs_only,15,40,0.0
mchs_only,15,41,0.0
mchs_only,15,42,0.0
mchs_only,15,43,0.0
mchs_only,15,44,0.0
mchs_only,15,45,0.0
mchs_only,15,46,0.0
mchs_only,15,47,0.0
mchs_only,15,48,0.0
mchs_only,15,49,0.0
mchs_only,15,50,0.0
mchs_only,15,51,0.0
mchs_only,15,52,0.0
mchs_only,15,53,0.0
mchs_only,15,54,0.0
mchs_only,15,55,0.0
mchs_only,16,0,-0.003413772317420178
mchs_only,16,1,-0.0003579327745376558
mchs_only,16,2,0.007116159886327835
mchs_only,16,3,0.0
mchs_only,16,4,-0.0034137723174201937
mchs_only,16,5,-0.00035793277453765053
mchs_only,16,6,0.000366615750036518
mchs_only,16,7,0.0
mchs_only,16,8,-9.541945411726644e-05
mchs_only,16,9,0.0
mchs_only,16,10,0.0
mchs_only,16,11,0.0
mchs_only,16,12,0.0
mchs_only,16,13,0.0
mchs_only,16,14,0.0
mchs_only,16,15,0.0
mchs_only,16,16,0.0003666157500365173
mchs_only,16,17,0.0
mchs_only,16,18,-9.541945411727115e-05
mchs_only,16,19,0.0
mchs_only,16,20,0.0
mchs_only,16,21,0.0
mchs_only,16,22,0.0
mchs_only,16,23,0.0
mchs_only,16,24,0.0
mchs_only,16,25,0.0
mchs_only,16,26,0.00036661575003651606
mchs_only,16,27,0.0
mchs_only,16,28,0.0006742891944900206
mchs_only,16,29,0.0
mchs_only,16,30,0.0
mchs_only,16,31,0.0
mchs_only,16,32,0.0
mchs_only,16,33,0.0
mchs_only,16,34,0.0
mchs_only,16,35,0.0
mchs_only,16,36,0.0003666157500365161
mchs_only,16,37,0.0
mchs_only,16,38,0.0006742891944900234
mchs_only,16,39,0.0
mchs_only,16,40,0.0
mchs_only,16,41,0.0
mchs_only,16,42,0.0
mchs_only,16,43,0.0
mchs_only,16,44,0.0
mchs_only,16,45,0.0
mchs_only,16,46,0.0
mchs_only,16,47,0.0
mchs_only,16,48,0.0
mchs_only,16,49,0.0
mchs_only,16,50,0.0
mchs_only,16,51,0.0
mchs_only,16,52,0.0
mchs_only,16,53,0.0
mchs_only,16,54,0.0
mchs_only,16,55,0.0
mchs_only,17,0,-0.003669509042604034
mchs_only,17,1,-0.0006927128971903512
mchs_only,17,2,0.00742380621590952
mchs_only,17,3,0.0
mchs_only,17,4,-0.003669509042604082
mchs_only,17,5,-0.0006927128971903399
mchs_only,17,6,0.0005102768033116629
mchs_only,17,7,0.0
mchs_only,17,8,-0.00016517941204553024
mchs_only,17,9,0.0
mchs_only,17,10,0.0
mchs_only,17,11,0.0
mchs_only,17,12,0.0
mchs_only,17,13,0.0
mchs_only,17,14,0.0
mchs_only,17,15,0.0
mchs_only,17,16,0.0005102768033116669
mchs_only,17,17,0.0
mchs_only,17,18,-0.00016517941204551983
mchs_only,17,19,0.0
mchs_only,17,20,0.0
mchs_only,17,21,0.0
mchs_only,17,22,0.0
mchs_only,17,23,0.0
mchs_only,17,24,0.0
mchs_only,17,25,0.0
mchs_only,17,26,0.00010056030840607024
mchs_only,17,27,0.0
mchs_only,17,28,0.0005534329070708152
mchs_only,17,29,0.0
mchs_only,17,30,0.0
mchs_only,17,31,0.0
mchs_only,17,32,0.0
mchs_only,17,33,0.0
mchs_only,17,34,0.0
mchs_only,17,35,0.0
mchs_only,17,36,0.00010056030840606996
mchs_only,17,37,0.0
mchs_only,17,38,0.0005534329070708094
mchs_only,17,39,0.0
mchs_only,17,40,0.0
mchs_only,17,41,0.0
mchs_only,17,42,0.0
mchs_only,17,43,0.0
mchs_only,17,44,0.0
mchs_only,17,45,0.0
mchs_only,17,46,0.0
mchs_only,17,47,0.0
mchs_only,17,48,0.0
mchs_only,17,49,0.0
mchs_only,17,50,0.0
mchs_only,17,51,0.0
mchs_only,17,52,0.0
mchs_only,17,53,0.0
mchs_only,17,54,0.0
mchs_only,17,55,0.0
mchs_only,18,0,-0.0035820439942756853
mchs_only,18,1,-0.0007509349225432857
mchs_only,18,2,0.007191920847409837
mchs_only,18,3,0.0
mchs_only,18,4,-0.003582043994275584
mchs_only,18,5,-0.0007509349225432532
mchs_only,18,6,0.000482201384395386
mchs_only,18,7,0.0
mchs_only,18,8,-0.0004685987328615738
mchs_only,18,9,0.0
mchs_only,18,10,0.0
mchs_only,18,11,0.0
mchs_only,18,12,0.0
mchs_only,18,13,0.0
mchs_only,18,14,0.0
mchs_only,18,15,0.0
mchs_only,18,16,0.0004822013843953944
mchs_only,18,17,0.0
mchs_only,18,18,-0.00024750130909706973
mchs_only,18,19,0.0
mchs_only,18,20,0.0
mchs_only,18,21,0.0
mchs_only,18,22,0.0
mchs_only,18,23,0.0
mchs_only,18,24,0.0
mchs_only,18,25,0.0
mchs_only,18,26,7.339779559236585e-05
mchs_only,18,27,0.0
mchs_only,18,28,0.00021287301893823906
mchs_only,18,29,0.0
mchs_only,18,30,0.0
mchs_only,18,31,0.0
mchs_only,18,32,0.0
mchs_only,18,33,0.0
mchs_only,18,34,0.0
mchs_only,18,35,0.0
mchs_only,18,36,7.339779559236577e-05
mchs_only,18,37,0.0
mchs_only,18,38,0.0009681994569677621
mchs_only,18,39,0.0
mchs_only,18,40,0.0
mchs_only,18,41,0.0
mchs_only,18,42,0.0
mchs_only,18,43,0.0
mchs_only,18,44,0.0
mchs_only,18,45,0.0
mchs_only,18,46,0.0
mchs_only,18,47,0.0
mchs_only,18,48,0.0
mchs_only,18,49,0.0
mchs_only,18,50,0.0
mchs_only,18,51,0.0
mchs_only,18,52,0.0
mchs_only,18,53,0.0
mchs_only,18,54,0.0
mchs_only,18,55,0.0
mchs_only,19,0,-0.0031903240959502608
mchs_only,19,1,-0.000782185529512408
mchs_only,19,2,0.006254651512146973
mchs_only,19,3,0.0
mchs_only,19,4,-0.0031903240959502742
mchs_only,19,5,-0.0007821855295124068
mchs_only,19,6,0.0004695550774859388
mchs_only,19,7,0.0
mchs_only,19,8,0.0028951309523415148
mchs_only,19,9,0.0
mchs_only,19,10,0.0
mchs_only,19,11,0.0
mchs_only,19,12,0.0
mchs_only,19,13,0.0
mchs_only,19,14,0.0
mchs_only,19,15,0.0
mchs_only,19,16,0.000469555077485942
mchs_only,19,17,0.0
mchs_only,19,18,-0.0014084472404229515
mchs_only,19,19,0.0
mchs_only,19,20,0.0
mchs_only,19,21,0.0
mchs_only,19,22,0.0
mchs_only,19,23,0.0
mchs_only,19,24,0.0
mchs_only,19,25,0.0
mchs_only,19,26,-5.1567198771606924e-05
mchs_only,19,27,0.0
mchs_only,19,28,-0.00546704032099843
mchs_only,19,29,0.0
mchs_only,19,30,0.0
mchs_only,19,31,0.0
mchs_only,19,32,0.0
mchs_only,19,33,0.0
mchs_only,19,34,0.0
mchs_only,19,35,0.0
mchs_only,19,36,-5.156719877160555e-05
mchs_only,19,37,0.0
mchs_only,19,38,0.003497288860001673
mchs_only,19,39,0.0
mchs_only,19,40,0.0
mchs_only,19,41,0.0
mchs_only,19,42,0.0
mchs_only,19,43,0.0
mchs_only,19,44,0.0
mchs_only,19,45,0.0
mchs_only,19,46,0.0
mchs_only,19,47,0.0
mchs_only,19,48,0.0
mchs_only,19,49,0.0
mchs_only,19,50,0.0
mchs_only,19,51,0.0
mchs_only,19,52,0.0
mchs_only,19,53,0.0
mchs_only,19,54,0.0
mchs_only,19,55,0.0
mchs_only,20,0,-0.002264209997558476
mchs_only,20,1,-0.0007235663037590647
mchs_only,20,2,0.004377830009406877
mchs_only,20,3,0.0
mchs_only,20,4,-0.002264209997558542
mchs_only,20,5,-0.0007235663037590663
mchs_only,20,6,0.0004012525716296926
mchs_only,20,7,0.0
mchs_only,20,8,0.005696800778961113
mchs_only,20,9,0.0
mchs_only,20,10,0.0
mchs_only,20,11,0.0
mchs_only,20,12,0.0
mchs_only,20,13,0.0
mchs_only,20,14,0.0
mchs_only,20,15,0.0
mchs_only,20,16,0.00040125257162968635
mchs_only,20,17,0.0
mchs_only,20,18,-0.002058379871254043
mchs_only,20,19,0.0
mchs_only,20,20,0.0
mchs_only,20,21,0.0
mchs_only,20,22,0.0
mchs_only,20,23,0.0
mchs_only,20,24,0.0
mchs_only,20,25,0.0
mchs_only,20,26,-8.001014214859819e-05
mchs_only,20,27,0.0
mchs_only,20,28,-0.011234125154949225
mchs_only,20,29,0.0
mchs_only,20,30,0.0
mchs_only,20,31,0.0
mchs_only,20,32,0.0
mchs_only,20,33,0.0
mchs_only,20,34,0.0
mchs_only,20,35,0.0
mchs_only,20,36,-8.00101421485995e-05
mchs_only,20,37,0.0
mchs_only,20,38,0.005017313856445112
mchs_only,20,39,0.0
mchs_only,20,40,0.0
mchs_only,20,41,0.0
mchs_only,20,42,0.0
mchs_only,20,43,0.0
mchs_only,20,44,0.0
mchs_only,20,45,0.0
mchs_only,20,46,0.0
mchs_only,20,47,0.0
mchs_only,20,48,0.0
mchs_only,20,49,0.0
mchs_only,20,50,0.0
mchs_only,20,51,0.0
mchs_only,20,52,0.0
mchs_only,20,53,0.0
mchs_only,20,54,0.0
mchs_only,20,55,0.0
mchs_only,21,0,-0.0017646076459103873
mchs_only,21,1,-0.0006966724824434904
mchs_only,21,2,0.003398868021042313
mchs_only,21,3,0.0
mchs_only,21,4,-0.0017646076459103314
mchs_only,21,5,-0.0006966724824434969
mchs_only,21,6,0.0003383164121494381
mchs_only,21,7,0.0
mchs_only,21,8,0.004147477194779195
mchs_only,21,9,0.0
mchs_only,21,10,0.0
mchs_only,21,11,0.0
mchs_only,21,12,0.0
mchs_only,21,13,0.0
mchs_only,21,14,0.0
mchs_only,21,15,0.0
mchs_only,21,16,0.0003383164121494498
mchs_only,21,17,0.0
mchs_only,21,18,-0.0014975741680894716
mchs_only,21,19,0.0
mchs_only,21,20,0.0
mchs_only,21,21,0.0
mchs_only,21,22,0.0
mchs_only,21,23,0.0
mchs_only,21,24,0.0
mchs_only,21,25,0.0
mchs_only,21,26,-2.2810670799691418e-05
mchs_only,21,27,0.0
mchs_only,21,28,-0.008748622604116737
mchs_only,21,29,0.0
mchs_only,21,30,0.0
mchs_only,21,31,0.0
mchs_only,21,32,0.0
mchs_only,21,33,0.0
mchs_only,21,34,0.0
mchs_only,21,35,0.0
mchs_only,21,36,-2.2810670799692848e-05
mchs_only,21,37,0.0
mchs_only,21,38,0.004031192503491873
mchs_only,21,39,0.0
mchs_only,21,40,0.0
mchs_only,21,41,0.0
mchs_only,21,42,0.0
mchs_only,21,43,0.0
mchs_only,21,44,0.0
mchs_only,21,45,0.0
mchs_only,21,46,0.0
mchs_only,21,47,0.0
mchs_only,21,48,0.0
mchs_only,21,49,0.0
mchs_only,21,50,0.0
mchs_only,21,51,0.0
mchs_only,21,52,0.0
mchs_only,21,53,0.0
mchs_only,21,54,0.0
mchs_only,21,55,0.0
mchs_only,22,0,-0.0016607959219495784
mchs_only,22,1,-0.0005542842482673041
mchs_only,22,2,0.003111013406089456
mchs_only,22,3,0.0
mchs_only,22,4,-0.001660795921949598
mchs_only,22,5,-0.0005542842482673428
mchs_only,22,6,0.000332083210143355
mchs_only,22,7,0.0
mchs_only,22,8,0.003350651718157563
mchs_only,22,9,0.0
mchs_only,22,10,0.0
mchs_only,22,11,0.0
mchs_only,22,12,0.0
mchs_only,22,13,0.0
mchs_only,22,14,0.0
mchs_only,22,15,0.0
mchs_only,22,16,0.0003320832101433604
mchs_only,22,17,0.0
mchs_only,22,18,-0.0012743387929218814
mchs_only,22,19,0.0
mchs_only,22,20,0.0
mchs_only,22,21,0.0
mchs_only,22,22,0.0
mchs_only,22,23,0.0
mchs_only,22,24,0.0
mchs_only,22,25,0.0
mchs_only,22,26,1.7353742421963924e-05
mchs_only,22,27,0.0
mchs_only,22,28,-0.007069697266133246
mchs_only,22,29,0.0
mchs_only,22,30,0.0
mchs_only,22,31,0.0
mchs_only,22,32,0.0
mchs_only,22,33,0.0
mchs_only,22,34,0.0
mchs_only,22,35,0.0
mchs_only,22,36,1.7353742421964575e-05
mchs_only,22,37,0.0
mchs_only,22,38,0.0033864214965823734
mchs_only,22,39,0.0
mchs_only,22,40,0.0
mchs_only,22,41,0.0
mchs_only,22,42,0.0
mchs_only,22,43,0.0
mchs_only,22,44,0.0
mchs_only,22,45,0.0
mchs_only,22,46,0.0
mchs_only,22,47,0.0
mchs_only,22,48,0.0
mchs_only,22,49,0.0
mchs_only,22,50,0.0
mchs_only,22,51,0.0
mchs_only,22,52,0.0
mchs_only,22,53,0.0
mchs_only,22,54,0.0
mchs_only,22,55,0.0
crisis_only,6,0,0.0
crisis_only,6,1,0.0
crisis_only,6,2,0.0
crisis_only,6,3,0.0
crisis_only,6,4,0.0
crisis_only,6,5,0.0
crisis_only,6,6,0.0
crisis_only,6,7,0.0
crisis_only,6,8,-0.0005904485168260146
crisis_only,6,9,0.00011226981511702475
crisis_only,6,10,-7.170444044128249e-05
crisis_only,6,11,-6.745956395314233e-05
crisis_only,6,12,0.0
crisis_only,6,13,0.0
crisis_only,6,14,0.0
crisis_only,6,15,0.0
crisis_only,6,16,0.0
crisis_only,6,17,0.0
crisis_only,6,18,-0.0005904485168260175
crisis_only,6,19,0.00013748706127460385
crisis_only,6,20,-0.00010084686453239701
crisis_only,6,21,-6.74595639531423e-05
crisis_only,6,22,0.0
crisis_only,6,23,0.0
crisis_only,6,24,0.0
crisis_only,6,25,0.0
crisis_only,6,26,0.0
crisis_only,6,27,0.0
crisis_only,6,28,0.00019209392289132166
crisis_only,6,29,6.819313752038348e-05
crisis_only,6,30,0.0003824194500100111
crisis_only,6,31,0.0001128287340070698
crisis_only,6,32,0.0
crisis_only,6,33,0.0
crisis_only,6,34,0.0
crisis_only,6,35,0.0
crisis_only,6,36,0.0
crisis_only,6,37,0.0
crisis_only,6,38,0.0003426905982763126
crisis_only,6,39,4.2267545196186435e-05
crisis_only,6,40,0.0008727449260106246
crisis_only,6,41,0.00014204678197319613
crisis_only,6,42,0.0
crisis_only,6,43,0.0
crisis_only,6,44,0.0
crisis_only,6,45,0.0
crisis_only,6,46,0.0
crisis_only,6,47,0.0
crisis_only,6,48,0.0
crisis_only,6,49,0.0
crisis_only,6,50,0.0
crisis_only,6,51,0.0
crisis_only,6,52,0.0
crisis_only,6,53,0.0
crisis_only,6,54,0.0
crisis_only,6,55,0.0
crisis_only,6,56,0.0
crisis_only,6,57,0.0
crisis_only,7,0,-0.00019449579853965198
crisis_only,7,1,-0.00019449579853964892
crisis_only,7,2,0.0
crisis_only,7,3,0.0
crisis_only,7,4,0.00019449579853964496
crisis_only,7,5,-0.0001944957985396628
crisis_only,7,6,0.00019449579853965472
crisis_only,7,7,-0.00019449579853965477
crisis_only,7,8,-0.0002459849825814589
crisis_only,7,9,0.00040975436913102985
crisis_only,7,10,-0.00020780588986060022
crisis_only,7,11,-0.0006902743543139133
crisis_only,7,12,0.0
crisis_only,7,13,0.0
crisis_only,7,14,0.0
crisis_only,7,15,0.0
crisis_only,7,16,0.0
crisis_only,7,17,0.0
crisis_only,7,18,-0.00028721849591472465
crisis_only,7,19,0.0008708310457069567
crisis_only,7,20,0.00014833791856941678
crisis_only,7,21,-0.0006902743543139095
crisis_only,7,22,0.0
crisis_only,7,23,0.0
crisis_only,7,24,0.0
crisis_only,7,25,0.0
crisis_only,7,26,0.0
crisis_only,7,27,0.0
crisis_only,7,28,-8.272130854522757e-05
crisis_only,7,29,0.0003167847761424192
crisis_only,7,30,0.0007617320072924566
crisis_only,7,31,-0.00031156770693453316
crisis_only,7,32,0.0
crisis_only,7,33,0.0
crisis_only,7,34,0.0
crisis_only,7,35,0.0
crisis_only,7,36,0.0
crisis_only,7,37,0.0
crisis_only,7,38,0.0010642238637130893
crisis_only,7,39,0.001236269913072499
crisis_only,7,40,0.002755723746095059
crisis_only,7,41,-0.00041101526230560853
crisis_only,7,42,0.0
crisis_only,7,43,0.0
crisis_only,7,44,0.0
crisis_only,7,45,0.0
crisis_only,7,46,0.0
crisis_only,7,47,0.0
crisis_only,7,48,0.0
crisis_only,7,49,0.0
crisis_only,7,50,0.0
crisis_only,7,51,0.0
crisis_only,7,52,0.0
crisis_only,7,53,0.0
crisis_only,7,54,0.0
crisis_only,7,55,0.0
crisis_only,7,56,0.0
crisis_only,7,57,0.0
crisis_only,8,0,-0.0016293158537403866
crisis_only,8,1,-0.00025554715551483686
crisis_only,8,2,0.0
crisis_only,8,3,0.0
crisis_only,8,4,0.0007186776874270622
crisis_only,8,5,-0.0015596486884029675
crisis_only,8,6,-0.002140400870798721
crisis_only,8,7,-8.882144541018819e-05
crisis_only,8,8,0.0021273756059235504
crisis_only,8,9,0.0009293452759861647
crisis_only,8,10,0.0018022137918994158
crisis_only,8,11,-0.002578162007225541
crisis_only,8,12,0.0
crisis_only,8,13,0.0
crisis_only,8,14,0.0
crisis_only,8,15,0.0
crisis_only,8,16,0.0
crisis_only,8,17,0.0
crisis_only,8,18,0.00010942763233168095
crisis_only,8,19,0.0009623125161256221
crisis_only,8,20,-1.8384355159979143e-05
crisis_only,8,21,-0.0019558027469428105
crisis_only,8,22,0.0
crisis_only,8,23,0.0
crisis_only,8,24,0.0
crisis_only,8,25,0.0
crisis_only,8,26,0.0
crisis_only,8,27,0.0
crisis_only,8,28,0.0025185378867148295
crisis_only,8,29,0.0018062332354824742
crisis_only,8,30,0.0007828812687900235
crisis_only,8,31,0.0015263574158040517
crisis_only,8,32,0.0
crisis_only,8,33,0.0
crisis_only,8,34,0.0
crisis_only,8,35,0.0
crisis_only,8,36,0.0
crisis_only,8,37,0.0
crisis_only,8,38,0.001536250644550518
crisis_only,8,39,0.0019736427558953934
crisis_only,8,40,0.0039601982451882185
crisis_only,8,41,-0.002043230631813882
crisis_only,8,42,0.0
crisis_only,8,43,0.0
crisis_only,8,44,0.0
crisis_only,8,45,0.0
crisis_only,8,46,0.0
crisis_only,8,47,0.0
crisis_only,8,48,0.0
crisis_only,8,49,0.0
crisis_only,8,50,0.0
crisis_only,8,51,0.0
crisis_only,8,52,0.0
crisis_only,8,53,0.0
crisis_only,8,54,0.0
crisis_only,8,55,0.0
crisis_only,8,56,0.0
crisis_only,8,57,0.0
crisis_only,9,0,-0.001926818554118175
crisis_only,9,1,0.004300546925388737
crisis_only,9,2,0.0
crisis_only,9,3,0.0
crisis_only,9,4,0.00150881868414726
crisis_only,9,5,-0.0017846604183936832
crisis_only,9,6,-0.0042152744042394065
crisis_only,9,7,0.004534134855223743
crisis_only,9,8,0.0043767988362720545
crisis_only,9,9,-0.00246271967913529
crisis_only,9,10,0.0007965744978325768
crisis_only,9,11,-0.007080120511529249
crisis_only,9,12,0.0
crisis_only,9,13,0.0
crisis_only,9,14,0.0
crisis_only,9,15,0.0
crisis_only,9,16,0.0
crisis_only,9,17,0.0
crisis_only,9,18,-0.0008998587418177127
crisis_only,9,19,0.0020344103406184154
crisis_only,9,20,0.000878493485594367
crisis_only,9,21,-0.001284559119992261
crisis_only,9,22,0.0
crisis_only,9,23,0.0
crisis_only,9,24,0.0
crisis_only,9,25,0.0
crisis_only,9,26,0.0
crisis_only,9,27,0.0
crisis_only,9,28,0.0022914832774172653
crisis_only,9,29,0.0009146436416362666
crisis_only,9,30,-0.00306513511619559
crisis_only,9,31,-0.00021894180357892373
crisis_only,9,32,0.0
crisis_only,9,33,0.0
crisis_only,9,34,0.0
crisis_only,9,35,0.0
crisis_only,9,36,0.0
crisis_only,9,37,0.0
crisis_only,9,38,0.0016669258175103458
crisis_only,9,39,0.004154452357285896
crisis_only,9,40,0.004346642186008794
crisis_only,9,41,-0.0019973697805941494
crisis_only,9,42,0.0
crisis_only,9,43,0.0
crisis_only,9,44,0.0
crisis_only,9,45,0.0
crisis_only,9,46,0.0
crisis_only,9,47,0.0
crisis_only,9,48,0.0
crisis_only,9,49,0.0
crisis_only,9,50,0.0
crisis_only,9,51,0.0
crisis_only,9,52,0.0
crisis_only,9,53,0.0
crisis_only,9,54,0.0
crisis_only,9,55,0.0
crisis_only,9,56,0.0
crisis_only,9,57,0.0
crisis_only,10,0,-0.001258433150006721
crisis_only,10,1,0.004701160470827667
crisis_only,10,2,0.0
crisis_only,10,3,0.0
crisis_only,10,4,0.000514642808408241
crisis_only,10,5,-0.0010344229909348833
crisis_only,10,6,-0.006890296437824428
crisis_only,10,7,0.004875818467933197
crisis_only,10,8,0.0074448853513616265
crisis_only,10,9,-0.004001378464268795
crisis_only,10,10,0.0011928645095342556
crisis_only,10,11,-0.009113811320573107
crisis_only,10,12,0.0
crisis_only,10,13,0.0
crisis_only,10,14,0.0
crisis_only,10,15,0.0
crisis_only,10,16,0.0
crisis_only,10,17,0.0
crisis_only,10,18,-0.002177044568781209
crisis_only,10,19,0.0015157833977525136
crisis_only,10,20,0.0007933112752460566
crisis_only,10,21,-0.0003062773508036913
crisis_only,10,22,0.0
crisis_only,10,23,0.0
crisis_only,10,24,0.0
crisis_only,10,25,0.0
crisis_only,10,26,0.0
crisis_only,10,27,0.0
crisis_only,10,28,0.003093574919496072
crisis_only,10,29,5.350148687894129e-05
crisis_only,10,30,-0.005421226819126126
crisis_only,10,31,9.978929310654997e-05
crisis_only,10,32,0.0
crisis_only,10,33,0.0
crisis_only,10,34,0.0
crisis_only,10,35,0.0
crisis_only,10,36,0.0
crisis_only,10,37,0.0
crisis_only,10,38,0.0011990237734965865
crisis_only,10,39,0.00426044426236626
crisis_only,10,40,0.00455433860631067
crisis_only,10,41,-0.001869973595477142
crisis_only,10,42,0.0
crisis_only,10,43,0.0
crisis_only,10,44,0.0
crisis_only,10,45,0.0
crisis_only,10,46,0.0
crisis_only,10,47,0.0
crisis_only,10,48,0.0
crisis_only,10,49,0.0
crisis_only,10,50,0.0
crisis_only,10,51,0.0
crisis_only,10,52,0.0
crisis_only,10,53,0.0
crisis_only,10,54,0.0
crisis_only,10,55,0.0
crisis_only,10,56,0.0
crisis_only,10,57,0.0
crisis_only,11,0,0.00037368406604309216
crisis_only,11,1,0.0030584845229166403
crisis_only,11,2,0.0
crisis_only,11,3,0.0
crisis_only,11,4,-0.0021262283846741237
crisis_only,11,5,0.000657598945159941
crisis_only,11,6,-0.003801939324619522
crisis_only,11,7,0.0031354063309712936
crisis_only,11,8,0.006842624900346117
crisis_only,11,9,-0.003645401003134181
crisis_only,11,10,0.00039582055888557965
crisis_only,11,11,-0.009206224280863547
crisis_only,11,12,0.0
crisis_only,11,13,0.0
crisis_only,11,14,0.0
crisis_only,11,15,0.0
crisis_only,11,16,0.0
crisis_only,11,17,0.0
crisis_only,11,18,-0.002455836282241763
crisis_only,11,19,0.0011779889049132956
crisis_only,11,20,0.0003311371393673913
crisis_only,11,21,0.00021385355073654333
crisis_only,11,22,0.0
crisis_only,11,23,0.0
crisis_only,11,24,0.0
crisis_only,11,25,0.0
crisis_only,11,26,0.0
crisis_only,11,27,0.0
crisis_only,11,28,0.0017572991176838097
crisis_only,11,29,-0.0012061540250322455
crisis_only,11,30,-0.005442176238702004
crisis_only,11,31,-0.0011048018758836166
crisis_only,11,32,0.0
crisis_only,11,33,0.0
crisis_only,11,34,0.0
crisis_only,11,35,0.0
crisis_only,11,36,0.0
crisis_only,11,37,0.0
crisis_only,11,38,0.0009075215983526442
crisis_only,11,39,0.0042033780661750895
crisis_only,11,40,0.0042846227123670005
crisis_only,11,41,-0.0011066627006965832
crisis_only,11,42,0.0
crisis_only,11,43,0.0
crisis_only,11,44,0.0
crisis_only,11,45,0.0
crisis_only,11,46,0.0
crisis_only,11,47,0.0
crisis_only,11,48,0.0
crisis_only,11,49,0.0
crisis_only,11,50,0.0
crisis_only,11,51,0.0
crisis_only,11,52,0.0
crisis_only,11,53,0.0
crisis_only,11,54,0.0
crisis_only,11,55,0.0
crisis_only,11,56,0.0
crisis_only,11,57,0.0
crisis_only,12,0,0.003138107106140679
crisis_only,12,1,0.0006033046122366098
crisis_only,12,2,0.0
crisis_only,12,3,0.0
crisis_only,12,4,0.0002919000702732559
crisis_only,12,5,0.003218414394226891
crisis_only,12,6,-0.0007486467110620108
crisis_only,12,7,0.000629659569862977
crisis_only,12,8,0.0064573952665048315
crisis_only,12,9,-0.002905496759313118
crisis_only,12,10,0.0003680192754065035
crisis_only,12,11,-0.007790419528383
crisis_only,12,12,0.0
crisis_only,12,13,0.0
crisis_only,12,14,0.0
crisis_only,12,15,0.0
crisis_only,12,16,0.0
crisis_only,12,17,0.0
crisis_only,12,18,-0.0025764572622121906
crisis_only,12,19,0.00043049132773013195
crisis_only,12,20,-0.00018171462349774275
crisis_only,12,21,0.0007012565822658811
crisis_only,12,22,0.0
crisis_only,12,23,0.0
crisis_only,12,24,0.0
crisis_only,12,25,0.0
crisis_only,12,26,0.0
crisis_only,12,27,0.0
crisis_only,12,28,0.003037778867637225
crisis_only,12,29,0.001593838852529647
crisis_only,12,30,-0.002424957054416159
crisis_only,12,31,-0.002748364517387517
crisis_only,12,32,0.0
crisis_only,12,33,0.0
crisis_only,12,34,0.0
crisis_only,12,35,0.0
crisis_only,12,36,0.0
crisis_only,12,37,0.0
crisis_only,12,38,0.00018475645168034732
crisis_only,12,39,0.0032494771070059663
crisis_only,12,40,0.0038187744965586063
crisis_only,12,41,-0.0019153353669135688
crisis_only,12,42,0.0
crisis_only,12,43,0.0
crisis_only,12,44,0.0
crisis_only,12,45,0.0
crisis_only,12,46,0.0
crisis_only,12,47,0.0
crisis_only,12,48,0.0
crisis_only,12,49,0.0
crisis_only,12,50,0.0
crisis_only,12,51,0.0
crisis_only,12,52,0.0
crisis_only,12,53,0.0
crisis_only,12,54,0.0
crisis_only,12,55,0.0
crisis_only,12,56,0.0
crisis_only,12,57,0.0
crisis_only,13,0,0.001234377138345633
crisis_only,13,1,-0.0025993828338659194
crisis_only,13,2,0.0
crisis_only,13,3,0.0
crisis_only,13,4,-0.000808696536754445
crisis_only,13,5,0.0015642885943520657
crisis_only,13,6,0.0002960392462104863
crisis_only,13,7,-0.0025469638454016542
crisis_only,13,8,0.008449743555257624
crisis_only,13,9,-0.0008179885549944566
crisis_only,13,10,-0.003242298135494138
crisis_only,13,11,-0.005811342486966697
crisis_only,13,12,0.0
crisis_only,13,13,0.0
crisis_only,13,14,0.0
crisis_only,13,15,0.0
crisis_only,13,16,0.0
crisis_only,13,17,0.0
crisis_only,13,18,-0.0038005057235409243
crisis_only,13,19,0.00021090739243635103
crisis_only,13,20,0.0008293214539224062
crisis_only,13,21,0.000987096437858083
crisis_only,13,22,0.0
crisis_only,13,23,0.0
crisis_only,13,24,0.0
crisis_only,13,25,0.0
crisis_only,13,26,0.0
crisis_only,13,27,0.0
crisis_only,13,28,-0.0013275038785081112
crisis_only,13,29,0.004460270721868454
crisis_only,13,30,-0.005397950696033408
crisis_only,13,31,0.004806003558905332
crisis_only,13,32,0.0
crisis_only,13,33,0.0
crisis_only,13,34,0.0
crisis_only,13,35,0.0
crisis_only,13,36,0.0
crisis_only,13,37,0.0
crisis_only,13,38,0.0005183017059457621
crisis_only,13,39,0.0016780986169120803
crisis_only,13,40,0.004201247127235394
crisis_only,13,41,-0.002933424813725322
crisis_only,13,42,0.0
crisis_only,13,43,0.0
crisis_only,13,44,0.0
crisis_only,13,45,0.0
crisis_only,13,46,0.0
crisis_only,13,47,0.0
crisis_only,13,48,0.0
crisis_only,13,49,0.0
crisis_only,13,50,0.0
crisis_only,13,51,0.0
crisis_only,13,52,0.0
crisis_only,13,53,0.0
crisis_only,13,54,0.0
crisis_only,13,55,0.0
crisis_only,13,56,0.0
crisis_only,13,57,0.0
crisis_only,14,0,-0.0006381301303152516
crisis_only,14,1,-0.000427569962229935
crisis_only,14,2,0.0
crisis_only,14,3,0.0
crisis_only,14,4,-0.001414939804148309
crisis_only,14,5,-0.00017071908196593697
crisis_only,14,6,0.0011371218083077
crisis_only,14,7,-0.00039592189431686913
crisis_only,14,8,0.005629990343946218
crisis_only,14,9,-0.001821656131931966
crisis_only,14,10,0.00020229817870955454
crisis_only,14,11,-0.004712427067998664
crisis_only,14,12,0.0
crisis_only,14,13,0.0
crisis_only,14,14,0.0
crisis_only,14,15,0.0
crisis_only,14,16,0.0
crisis_only,14,17,0.0
crisis_only,14,18,-0.0026992671883729557
crisis_only,14,19,0.0007378572089344218
crisis_only,14,20,-0.0001880889472708418
crisis_only,14,21,0.0010179033979980225
crisis_only,14,22,0.0
crisis_only,14,23,0.0
crisis_only,14,24,0.0
crisis_only,14,25,0.0
crisis_only,14,26,0.0
crisis_only,14,27,0.0
crisis_only,14,28,-0.001918435994076149
crisis_only,14,29,0.0043254102826943246
crisis_only,14,30,-0.00557198588175513
crisis_only,14,31,0.003865851088873062
crisis_only,14,32,0.0
crisis_only,14,33,0.0
crisis_only,14,34,0.0
crisis_only,14,35,0.0
crisis_only,14,36,0.0
crisis_only,14,37,0.0
crisis_only,14,38,0.0002761185328860171
crisis_only,14,39,0.001065699355510971
crisis_only,14,40,0.0042033057441053625
crisis_only,14,41,-0.002527507445300316
crisis_only,14,42,0.0
crisis_only,14,43,0.0
crisis_only,14,44,0.0
crisis_only,14,45,0.0
crisis_only,14,46,0.0
crisis_only,14,47,0.0
crisis_only,14,48,0.0
crisis_only,14,49,0.0
crisis_only,14,50,0.0
crisis_only,14,51,0.0
crisis_only,14,52,0.0
crisis_only,14,53,0.0
crisis_only,14,54,0.0
crisis_only,14,55,0.0
crisis_only,14,56,0.0
crisis_only,14,57,0.0
crisis_only,15,0,-0.0021843213122554393
crisis_only,15,1,0.002643665197999125
crisis_only,15,2,0.0
crisis_only,15,3,0.0
crisis_only,15,4,-0.001815041558565009
crisis_only,15,5,-0.0015026256222945731
crisis_only,15,6,0.003321582647437032
crisis_only,15,7,0.002638243567843114
crisis_only,15,8,0.0021652049934873896
crisis_only,15,9,-0.0014007061761418973
crisis_only,15,10,0.0047524168933062655
crisis_only,15,11,-0.006268956363364115
crisis_only,15,12,0.0
crisis_only,15,13,0.0
crisis_only,15,14,0.0
crisis_only,15,15,0.0
crisis_only,15,16,0.0
crisis_only,15,17,0.0
crisis_only,15,18,-0.0013893565089350053
crisis_only,15,19,0.0006819481652285565
crisis_only,15,20,-0.0013810557374154917
crisis_only,15,21,0.001091127763884178
crisis_only,15,22,0.0
crisis_only,15,23,0.0
crisis_only,15,24,0.0
crisis_only,15,25,0.0
crisis_only,15,26,0.0
crisis_only,15,27,0.0
crisis_only,15,28,-0.0035849866509616965
crisis_only,15,29,0.004880717393307521
crisis_only,15,30,-0.006529860929523527
crisis_only,15,31,0.00546425282162756
crisis_only,15,32,0.0
crisis_only,15,33,0.0
crisis_only,15,34,0.0
crisis_only,15,35,0.0
crisis_only,15,36,0.0
crisis_only,15,37,0.0
crisis_only,15,38,0.0003304698333142544
crisis_only,15,39,0.00035969208304609945
crisis_only,15,40,0.004290960131953776
crisis_only,15,41,-0.002145701725860695
crisis_only,15,42,0.0
crisis_only,15,43,0.0
crisis_only,15,44,0.0
crisis_only,15,45,0.0
crisis_only,15,46,0.0
crisis_only,15,47,0.0
crisis_only,15,48,0.0
crisis_only,15,49,0.0
crisis_only,15,50,0.0
crisis_only,15,51,0.0
crisis_only,15,52,0.0
crisis_only,15,53,0.0
crisis_only,15,54,0.0
crisis_only,15,55,0.0
crisis_only,15,56,0.0
crisis_only,15,57,0.0
crisis_only,16,0,-0.0018133263910707518
crisis_only,16,1,0.001454299271830119
crisis_only,16,2,0.0
crisis_only,16,3,0.0
crisis_only,16,4,-0.002093620379068946
crisis_only,16,5,-0.0009897571146647139
crisis_only,16,6,0.0004557895851334518
crisis_only,16,7,0.001522562237379779
crisis_only,16,8,-0.0027131968654341768
crisis_only,16,9,-0.001667569992802443
crisis_only,16,10,0.005302590599113514
crisis_only,16,11,-0.00880846559485581
crisis_only,16,12,0.0
crisis_only,16,13,0.0
crisis_only,16,14,0.0
crisis_only,16,15,0.0
crisis_only,16,16,0.0
crisis_only,16,17,0.0
crisis_only,16,18,0.0004237034475326668
crisis_only,16,19,0.0007937685024867902
crisis_only,16,20,-0.0016047883097544886
crisis_only,16,21,0.0008546303839338249
crisis_only,16,22,0.0
crisis_only,16,23,0.0
crisis_only,16,24,0.0
crisis_only,16,25,0.0
crisis_only,16,26,0.0
crisis_only,16,27,0.0
crisis_only,16,28,-0.0055243117958736765
crisis_only,16,29,0.006112386992991965
crisis_only,16,30,-0.007030598908594943
crisis_only,16,31,0.008569107158110836
crisis_only,16,32,0.0
crisis_only,16,33,0.0
crisis_only,16,34,0.0
crisis_only,16,35,0.0
crisis_only,16,36,0.0
crisis_only,16,37,0.0
crisis_only,16,38,0.0005826128840407712
crisis_only,16,39,3.2229151700326094e-05
crisis_only,16,40,0.004050267605829715
crisis_only,16,41,-0.0018887595528965964
crisis_only,16,42,0.0
crisis_only,16,43,0.0
crisis_only,16,44,0.0
crisis_only,16,45,0.0
crisis_only,16,46,0.0
crisis_only,16,47,0.0
crisis_only,16,48,0.0
crisis_only,16,49,0.0
crisis_only,16,50,0.0
crisis_only,16,51,0.0
crisis_only,16,52,0.0
crisis_only,16,53,0.0
crisis_only,16,54,0.0
crisis_only,16,55,0.0
crisis_only,16,56,0.0
crisis_only,16,57,0.0
crisis_only,17,0,-0.0027533866385014735
crisis_only,17,1,0.0023255767142173556
crisis_only,17,2,0.0
crisis_only,17,3,0.0
crisis_only,17,4,-0.0018803397970196107
crisis_only,17,5,-0.0019853756309006028
crisis_only,17,6,0.0010227491317324694
crisis_only,17,7,0.002369059029612256
crisis_only,17,8,-0.0012332837382704825
crisis_only,17,9,0.00023416628538228053
crisis_only,17,10,0.003932363893786062
crisis_only,17,11,-0.008051606033022803
crisis_only,17,12,0.0
crisis_only,17,13,0.0
crisis_only,17,14,0.0
crisis_only,17,15,0.0
crisis_only,17,16,0.0
crisis_only,17,17,0.0
crisis_only,17,18,0.0004276872711493788
crisis_only,17,19,-2.891272397268663e-05
crisis_only,17,20,-0.0013085418040401794
crisis_only,17,21,0.0007287552914259795
crisis_only,17,22,0.0
crisis_only,17,23,0.0
crisis_only,17,24,0.0
crisis_only,17,25,0.0
crisis_only,17,26,0.0
crisis_only,17,27,0.0
crisis_only,17,28,-0.0060714983786252326
crisis_only,17,29,0.0066253899783315605
crisis_only,17,30,-0.008521059214890542
crisis_only,17,31,0.009421247890475045
crisis_only,17,32,0.0
crisis_only,17,33,0.0
crisis_only,17,34,0.0
crisis_only,17,35,0.0
crisis_only,17,36,0.0
crisis_only,17,37,0.0
crisis_only,17,38,0.0006598668693838705
crisis_only,17,39,-7.219947412183178e-05
crisis_only,17,40,0.004067979163763846
crisis_only,17,41,-0.00173956458406623
crisis_only,17,42,0.0
crisis_only,17,43,0.0
crisis_only,17,44,0.0
crisis_only,17,45,0.0
crisis_only,17,46,0.0
crisis_only,17,47,0.0
crisis_only,17,48,0.0
crisis_only,17,49,0.0
crisis_only,17,50,0.0
crisis_only,17,51,0.0
crisis_only,17,52,0.0
crisis_only,17,53,0.0
crisis_only,17,54,0.0
crisis_only,17,55,0.0
crisis_only,17,56,0.0
crisis_only,17,57,0.0
crisis_only,18,0,-0.0031520037426259685
crisis_only,18,1,0.002377708668697598
crisis_only,18,2,0.0
crisis_only,18,3,0.0
crisis_only,18,4,-0.0015249348192092687
crisis_only,18,5,-0.002566742506159126
crisis_only,18,6,0.0013769227270451474
crisis_only,18,7,0.0023625464456287085
crisis_only,18,8,-0.0014873325756477136
crisis_only,18,9,0.0014342984653944052
crisis_only,18,10,0.003002411001215776
crisis_only,18,11,-0.006973126573647257
crisis_only,18,12,0.0
crisis_only,18,13,0.0
crisis_only,18,14,0.0
crisis_only,18,15,0.0
crisis_only,18,16,0.0
crisis_only,18,17,0.0
crisis_only,18,18,0.0006471449356576365
crisis_only,18,19,-0.0005603064098267462
crisis_only,18,20,-0.0010475164567683647
crisis_only,18,21,0.0005963283642185381
crisis_only,18,22,0.0
crisis_only,18,23,0.0
crisis_only,18,24,0.0
crisis_only,18,25,0.0
crisis_only,18,26,0.0
crisis_only,18,27,0.0
crisis_only,18,28,-0.004921748268212701
crisis_only,18,29,0.0064228992173668885
crisis_only,18,30,-0.009356453306834121
crisis_only,18,31,0.008675623023516089
crisis_only,18,32,0.0
crisis_only,18,33,0.0
crisis_only,18,34,0.0
crisis_only,18,35,0.0
crisis_only,18,36,0.0
crisis_only,18,37,0.0
crisis_only,18,38,0.0003845774311040458
crisis_only,18,39,-1.587168234636128e-05
crisis_only,18,40,0.00394074122073609
crisis_only,18,41,-0.001511018438117264
crisis_only,18,42,0.0
crisis_only,18,43,0.0
crisis_only,18,44,0.0
crisis_only,18,45,0.0
crisis_only,18,46,0.0
crisis_only,18,47,0.0
crisis_only,18,48,0.0
crisis_only,18,49,0.0
crisis_only,18,50,0.0
crisis_only,18,51,0.0
crisis_only,18,52,0.0
crisis_only,18,53,0.0
crisis_only,18,54,0.0
crisis_only,18,55,0.0
crisis_only,18,56,0.0
crisis_only,18,57,0.0
crisis_only,19,0,-0.0033497696638004337
crisis_only,19,1,0.003726204382384083
crisis_only,19,2,0.0
crisis_only,19,3,0.0
crisis_only,19,4,-0.0018635326560445791
crisis_only,19,5,-0.002945368038548746
crisis_only,19,6,0.0017157418143768774
crisis_only,19,7,0.003662734809136599
crisis_only,19,8,4.409684696912981e-05
crisis_only,19,9,0.0015287130936807712
crisis_only,19,10,0.0014574162481684296
crisis_only,19,11,-0.006834703090768446
crisis_only,19,12,0.0
crisis_only,19,13,0.0
crisis_only,19,14,0.0
crisis_only,19,15,0.0
crisis_only,19,16,0.0
crisis_only,19,17,0.0
crisis_only,19,18,0.0006491000599368066
crisis_only,19,19,-0.0006758021791253489
crisis_only,19,20,-0.0007419088858105937
crisis_only,19,21,0.00044572842627615305
crisis_only,19,22,0.0
crisis_only,19,23,0.0
crisis_only,19,24,0.0
crisis_only,19,25,0.0
crisis_only,19,26,0.0
crisis_only,19,27,0.0
crisis_only,19,28,-0.006057029650034703
crisis_only,19,29,0.006806890571138723
crisis_only,19,30,-0.007467495328343145
crisis_only,19,31,0.010188540051163921
crisis_only,19,32,0.0
crisis_only,19,33,0.0
crisis_only,19,34,0.0
crisis_only,19,35,0.0
crisis_only,19,36,0.0
crisis_only,19,37,0.0
crisis_only,19,38,-0.00013322812348711118
crisis_only,19,39,-0.0002790003423875212
crisis_only,19,40,0.0037181496848247533
crisis_only,19,41,-0.0014924005163028575
crisis_only,19,42,0.0
crisis_only,19,43,0.0
crisis_only,19,44,0.0
crisis_only,19,45,0.0
crisis_only,19,46,0.0
crisis_only,19,47,0.0
crisis_only,19,48,0.0
crisis_only,19,49,0.0
crisis_only,19,50,0.0
crisis_only,19,51,0.0
crisis_only,19,52,0.0
crisis_only,19,53,0.0
crisis_only,19,54,0.0
crisis_only,19,55,0.0
crisis_only,19,56,0.0
crisis_only,19,57,0.0
crisis_only,20,0,-0.0041108900268137655
crisis_only,20,1,0.007470119152498948
crisis_only,20,2,0.0
crisis_only,20,3,0.0
crisis_only,20,4,-0.0028061520266999527
crisis_only,20,5,-0.0040755281883057045
crisis_only,20,6,0.002297308539362212
crisis_only,20,7,0.007317923306686886
crisis_only,20,8,0.0013130077824341745
crisis_only,20,9,0.001487920498860894
crisis_only,20,10,-0.003097719073431295
crisis_only,20,11,-0.007311704050786565
crisis_only,20,12,0.0
crisis_only,20,13,0.0
crisis_only,20,14,0.0
crisis_only,20,15,0.0
crisis_only,20,16,0.0
crisis_only,20,17,0.0
crisis_only,20,18,0.0006546371850119082
crisis_only,20,19,-0.0008581707379888038
crisis_only,20,20,0.0002955068556551643
crisis_only,20,21,0.00014065001561114742
crisis_only,20,22,0.0
crisis_only,20,23,0.0
crisis_only,20,24,0.0
crisis_only,20,25,0.0
crisis_only,20,26,0.0
crisis_only,20,27,0.0
crisis_only,20,28,-0.004703480375434552
crisis_only,20,29,0.006200571441101923
crisis_only,20,30,-0.0027879021180465427
crisis_only,20,31,0.014633715032235746
crisis_only,20,32,0.0
crisis_only,20,33,0.0
crisis_only,20,34,0.0
crisis_only,20,35,0.0
crisis_only,20,36,0.0
crisis_only,20,37,0.0
crisis_only,20,38,-0.0005863642587508526
crisis_only,20,39,-0.0002514190414457683
crisis_only,20,40,0.0026701803878468097
crisis_only,20,41,-0.0016051558501832758
crisis_only,20,42,0.0
crisis_only,20,43,0.0
crisis_only,20,44,0.0
crisis_only,20,45,0.0
crisis_only,20,46,0.0
crisis_only,20,47,0.0
crisis_only,20,48,0.0
crisis_only,20,49,0.0
crisis_only,20,50,0.0
crisis_only,20,51,0.0
crisis_only,20,52,0.0
crisis_only,20,53,0.0
crisis_only,20,54,0.0
crisis_only,20,55,0.0
crisis_only,20,56,0.0
crisis_only,20,57,0.0
crisis_only,21,0,-0.00337732782682534
crisis_only,21,1,0.006394458867791053
crisis_only,21,2,0.0
crisis_only,21,3,0.0
crisis_only,21,4,-0.0022131323705252386
crisis_only,21,5,-0.003476893481662025
crisis_only,21,6,0.0017976640058032971
crisis_only,21,7,0.006246311166695199
crisis_only,21,8,0.000628463888801757
crisis_only,21,9,0.0009562667339502329
crisis_only,21,10,-0.0016486127299751854
crisis_only,21,11,-0.006293825864742621
crisis_only,21,12,0.0
crisis_only,21,13,0.0
crisis_only,21,14,0.0
crisis_only,21,15,0.0
crisis_only,21,16,0.0
crisis_only,21,17,0.0
crisis_only,21,18,0.0007301606699243061
crisis_only,21,19,-0.000608562842517179
crisis_only,21,20,-4.133801611495026e-05
crisis_only,21,21,7.975233192955382e-05
crisis_only,21,22,0.0
crisis_only,21,23,0.0
crisis_only,21,24,0.0
crisis_only,21,25,0.0
crisis_only,21,26,0.0
crisis_only,21,27,0.0
crisis_only,21,28,-0.004400940869200336
crisis_only,21,29,0.00530577603548328
crisis_only,21,30,-0.0024886078933223908
crisis_only,21,31,0.011259722397861195
crisis_only,21,32,0.0
crisis_only,21,33,0.0
crisis_only,21,34,0.0
crisis_only,21,35,0.0
crisis_only,21,36,0.0
crisis_only,21,37,0.0
crisis_only,21,38,-0.0007568564458541287
crisis_only,21,39,-3.9501145576664506e-05
crisis_only,21,40,0.002589007515298951
crisis_only,21,41,-0.0012372089456776526
crisis_only,21,42,0.0
crisis_only,21,43,0.0
crisis_only,21,44,0.0
crisis_only,21,45,0.0
crisis_only,21,46,0.0
crisis_only,21,47,0.0
crisis_only,21,48,0.0
crisis_only,21,49,0.0
crisis_only,21,50,0.0
crisis_only,21,51,0.0
crisis_only,21,52,0.0
crisis_only,21,53,0.0
crisis_only,21,54,0.0
crisis_only,21,55,0.0
crisis_only,21,56,0.0
crisis_only,21,57,0.0
crisis_only,22,0,-0.0032934821812191186
crisis_only,22,1,0.0061115473209205585
crisis_only,22,2,0.0
crisis_only,22,3,0.0
crisis_only,22,4,-0.002236384364917537
crisis_only,22,5,-0.003455390280070019
crisis_only,22,6,0.0016486962186839582
crisis_only,22,7,0.005965626694814247
crisis_only,22,8,0.00012738119040761197
crisis_only,22,9,0.0006634058562964527
crisis_only,22,10,-0.0007882199894200985
crisis_only,22,11,-0.0066664393006892145
crisis_only,22,12,0.0
crisis_only,22,13,0.0
crisis_only,22,14,0.0
crisis_only,22,15,0.0
crisis_only,22,16,0.0
crisis_only,22,17,0.0
crisis_only,22,18,0.0008729195229800306
crisis_only,22,19,-0.0005149359752136448
crisis_only,22,20,-0.0002694987160528138
crisis_only,22,21,7.644042090191255e-05
crisis_only,22,22,0.0
crisis_only,22,23,0.0
crisis_only,22,24,0.0
crisis_only,22,25,0.0
crisis_only,22,26,0.0
crisis_only,22,27,0.0
crisis_only,22,28,-0.004444410614500884
crisis_only,22,29,0.004739751818176765
crisis_only,22,30,-0.001910123305441376
crisis_only,22,31,0.009488907611528812
crisis_only,22,32,0.0
crisis_only,22,33,0.0
crisis_only,22,34,0.0
crisis_only,22,35,0.0
crisis_only,22,36,0.0
crisis_only,22,37,0.0
crisis_only,22,38,-0.0008802677488548536
crisis_only,22,39,0.0001693735504081134
crisis_only,22,40,0.0024429238980206687
crisis_only,22,41,-0.0010391866350797298
crisis_only,22,42,0.0
crisis_only,22,43,0.0
crisis_only,22,44,0.0
crisis_only,22,45,0.0
crisis_only,22,46,0.0
crisis_only,22,47,0.0
crisis_only,22,48,0.0
crisis_only,22,49,0.0
crisis_only,22,50,0.0
crisis_only,22,51,0.0
crisis_only,22,52,0.0
crisis_only,22,53,0.0
crisis_only,22,54,0.0
crisis_only,22,55,0.0
crisis_only,22,56,0.0
crisis_only,22,57,0.0
economic_only,6,0,0.0
economic_only,6,1,0.0
economic_only,6,2,0.0
economic_only,6,3,0.0
economic_only,6,4,0.0
economic_only,6,5,0.0
economic_only,6,6,0.0
economic_only,6,7,0.0
economic_only,6,8,0.0
economic_only,6,9,0.0
economic_only,6,10,0.0
economic_only,6,11,0.0
economic_only,6,12,-1.5193072426158002e-05
economic_only,6,13,0.0004993214750311922
economic_only,6,14,0.0013261617212691414
economic_only,6,15,0.0004025412341276299
economic_only,6,16,-7.403841253033517e-05
economic_only,6,17,1.9596360314370466e-05
economic_only,6,18,0.0
economic_only,6,19,0.0
economic_only,6,20,0.0
economic_only,6,21,0.0
economic_only,6,22,-1.5193072426155263e-05
economic_only,6,23,0.0005143544677316831
economic_only,6,24,0.0013261617212691357
economic_only,6,25,0.00041495393166970555
economic_only,6,26,1.644670575417318e-05
economic_only,6,27,3.645183249493541e-05
economic_only,6,28,0.0
economic_only,6,29,0.0
economic_only,6,30,0.0
economic_only,6,31,0.0
economic_only,6,32,0.0001436558878347026
economic_only,6,33,-0.0003504536064997958
economic_only,6,34,8.586119007636007e-05
economic_only,6,35,0.00011648839111167428
economic_only,6,36,-1.5423970295551301e-06
economic_only,6,37,1.4190991841091659e-05
economic_only,6,38,0.0
economic_only,6,39,0.0
economic_only,6,40,0.0
economic_only,6,41,0.0
economic_only,6,42,0.000153250349559126
economic_only,6,43,-0.0006766833982064854
economic_only,6,44,0.00023099118678377668
economic_only,6,45,0.0001854470029800167
economic_only,6,46,2.7682301084546004e-05
economic_only,6,47,-0.0001717503708645935
economic_only,6,48,0.0
economic_only,6,49,-1.5193072426155253e-05
economic_only,6,50,0.0
economic_only,6,51,-0.0003400159791792432
economic_only,6,52,7.279424293391658e-05
economic_only,6,53,0.0002627323619534944
economic_only,6,54,-1.5193072426157606e-05
economic_only,6,55,0.0
economic_only,6,56,-0.00018214682474243822
economic_only,6,57,7.279424293391658e-05
economic_only,7,0,-0.00020080528789023162
economic_only,7,1,-0.00020080528789022988
economic_only,7,2,0.0
economic_only,7,3,0.0
economic_only,7,4,0.00020080528789022457
economic_only,7,5,-0.00020080528789024222
economic_only,7,6,0.0002008052878902354
economic_only,7,7,-0.0002008052878902354
economic_only,7,8,0.0
economic_only,7,9,0.0
economic_only,7,10,0.0
economic_only,7,11,0.0
economic_only,7,12,-0.00046911739857922335
economic_only,7,13,0.0008663558143307633
economic_only,7,14,0.0004921059540890252
economic_only,7,15,0.0006224850076724446
economic_only,7,16,-0.00011648981401211007
economic_only,7,17,3.648910326821093e-05
economic_only,7,18,0.0
economic_only,7,19,0.0
economic_only,7,20,0.0
economic_only,7,21,0.0
economic_only,7,22,-0.00046911739857921793
economic_only,7,23,0.001499152663507923
economic_only,7,24,0.0022183586608260863
economic_only,7,25,0.0014874601501828194
economic_only,7,26,0.00018183623959939913
economic_only,7,27,0.0005254524989501822
economic_only,7,28,0.0
economic_only,7,29,0.0
economic_only,7,30,0.0
economic_only,7,31,0.0
economic_only,7,32,0.00012454442071664856
economic_only,7,33,-0.0005132963535467835
economic_only,7,34,-0.00010850435421100223
economic_only,7,35,0.0001619312436741754
economic_only,7,36,8.201174703842347e-06
economic_only,7,37,-0.0001443326344386167
economic_only,7,38,0.0
economic_only,7,39,0.0
economic_only,7,40,0.0
economic_only,7,41,0.0
economic_only,7,42,-0.00036852134243475044
economic_only,7,43,-0.0008327989543430923
economic_only,7,44,0.0012822039066721369
economic_only,7,45,0.001070319696682233
economic_only,7,46,-0.00022566806344586208
economic_only,7,47,0.0006401306273944792
economic_only,7,48,-0.00041765431140249114
economic_only,7,49,0.00020656479982290667
economic_only,7,50,0.0
economic_only,7,51,0.00012985343300767234
economic_only,7,52,-0.00021879711453896852
economic_only,7,53,0.00011016618448863332
economic_only,7,54,-0.0004691173985792249
economic_only,7,55,0.0
economic_only,7,56,0.00010097492778442562
economic_only,7,57,4.486425411027826e-05
economic_only,8,0,-0.00106804742792691
economic_only,8,1,4.230037401278663e-05
economic_only,8,2,0.0
economic_only,8,3,0.0
economic_only,8,4,0.00032119415796348443
economic_only,8,5,-0.00100888861423472
economic_only,8,6,-0.0017523858405806784
economic_only,8,7,0.00017097516567619555
economic_only,8,8,0.0
economic_only,8,9,0.0
economic_only,8,10,0.0
economic_only,8,11,0.0
economic_only,8,12,-0.0015822536867535195
economic_only,8,13,0.0001934688841562116
economic_only,8,14,0.00017303054407629852
economic_only,8,15,-0.00016532409442864213
economic_only,8,16,0.001897785280083161
economic_only,8,17,-0.001761381710063598
economic_only,8,18,0.0
economic_only,8,19,0.0
economic_only,8,20,0.0
economic_only,8,21,0.0
economic_only,8,22,-0.0008123124978582698
economic_only,8,23,0.003109938073485058
economic_only,8,24,0.0016267278106385538
economic_only,8,25,0.0019002577741520225
economic_only,8,26,-0.00012629467587776865
economic_only,8,27,-0.0007482379265046867
economic_only,8,28,0.0
economic_only,8,29,0.0
economic_only,8,30,0.0
economic_only,8,31,0.0
economic_only,8,32,-0.0018413444296769197
economic_only,8,33,-0.00022904236830592896
economic_only,8,34,0.0017977803525328104
economic_only,8,35,0.0019061983047575968
economic_only,8,36,-0.0009867984258112475
economic_only,8,37,-0.000878895662930459
economic_only,8,38,0.0
economic_only,8,39,0.0
economic_only,8,40,0.0
economic_only,8,41,0.0
economic_only,8,42,-0.0005435918643607685
economic_only,8,43,0.00022605259794570626
economic_only,8,44,0.002805660154351165
economic_only,8,45,0.0025246458269015224
economic_only,8,46,-0.0001745443938727361
economic_only,8,47,0.00134143733337782
economic_only,8,48,0.00032315671888237735
economic_only,8,49,0.00028746922237037076
economic_only,8,50,0.000350024856211188
economic_only,8,51,0.0006868765517244835
economic_only,8,52,0.0015606210169499628
economic_only,8,53,-0.0016650961302592613
economic_only,8,54,0.0011118937128285317
economic_only,8,55,0.0003500248562111882
economic_only,8,56,-0.0009576167489016069
economic_only,8,57,-0.0009078216754573866
economic_only,9,0,-0.0006579280997279178
economic_only,9,1,0.002172866417471499
economic_only,9,2,0.0
economic_only,9,3,0.0
economic_only,9,4,0.0004195888506133562
economic_only,9,5,-0.0005875020706237426
economic_only,9,6,-0.0020081375013383256
economic_only,9,7,0.0022847064472090155
economic_only,9,8,0.0
economic_only,9,9,0.0
economic_only,9,10,0.0
economic_only,9,11,0.0
economic_only,9,12,-0.0029928539040829784
economic_only,9,13,0.0014328559633112754
economic_only,9,14,0.0002351042881917142
economic_only,9,15,0.0003406242708268265
economic_only,9,16,0.001969843041981505
economic_only,9,17,-0.0025365825323301113
economic_only,9,18,0.0
economic_only,9,19,0.0
economic_only,9,20,0.0
economic_only,9,21,0.0
economic_only,9,22,-0.0006442508256572266
economic_only,9,23,0.0031057959974324163
economic_only,9,24,0.0012871670070194632
economic_only,9,25,0.001260557226912928
economic_only,9,26,-0.0011475698631506302
economic_only,9,27,-0.00152605430290705
economic_only,9,28,0.0
economic_only,9,29,0.0
economic_only,9,30,0.0
economic_only,9,31,0.0
economic_only,9,32,-0.0017238254791898386
economic_only,9,33,0.0014312706602871996
economic_only,9,34,0.0024577360618663648
economic_only,9,35,0.002129262809261325
economic_only,9,36,-0.0031040246954778996
economic_only,9,37,-0.0010582502060328053
economic_only,9,38,0.0
economic_only,9,39,0.0
economic_only,9,40,0.0
economic_only,9,41,0.0
economic_only,9,42,-0.0006871205763740294
economic_only,9,43,0.001364525785112067
economic_only,9,44,0.0037209206506185104
economic_only,9,45,0.003145452803510743
economic_only,9,46,-0.001241360013763489
economic_only,9,47,0.0011920443681615123
economic_only,9,48,-0.0001431560599256216
economic_only,9,49,0.0011002484613262353
economic_only,9,50,0.0026900198774042184
economic_only,9,51,0.0012550617210938413
economic_only,9,52,0.002128958699981422
economic_only,9,53,-0.0015868559966990313
economic_only,9,54,-6.922393720272065e-05
economic_only,9,55,0.0027018910747407658
economic_only,9,56,-6.313328302405395e-05
economic_only,9,57,-0.0026866752542255706
economic_only,10,0,-0.0006501812373405298
economic_only,10,1,0.001574402197765329
economic_only,10,2,0.0
economic_only,10,3,0.0
economic_only,10,4,8.701223818640269e-05
economic_only,10,5,-0.000525249533801763
economic_only,10,6,-0.002472632497435118
economic_only,10,7,0.0016404969955594144
economic_only,10,8,0.0
economic_only,10,9,0.0
economic_only,10,10,0.0
economic_only,10,11,0.0
economic_only,10,12,-0.004167404749641235
economic_only,10,13,0.0026039863979312296
economic_only,10,14,0.0004458230678054132
economic_only,10,15,0.001253127743380266
economic_only,10,16,0.0025522757488292223
economic_only,10,17,-0.0031378877610391443
economic_only,10,18,0.0
economic_only,10,19,0.0
economic_only,10,20,0.0
economic_only,10,21,0.0
economic_only,10,22,9.847119917778714e-05
economic_only,10,23,0.002010295850480726
economic_only,10,24,0.0002671129614705007
economic_only,10,25,0.0006417766095704487
economic_only,10,26,-0.0016327037195108245
economic_only,10,27,-0.0010306074102970164
economic_only,10,28,0.0
economic_only,10,29,0.0
economic_only,10,30,0.0
economic_only,10,31,0.0
economic_only,10,32,-0.002464837078283015
economic_only,10,33,0.002358956507671024
economic_only,10,34,0.004133979119156995
economic_only,10,35,0.0016976542188013918
economic_only,10,36,-0.003972590099440175
economic_only,10,37,-0.0011963212482269988
economic_only,10,38,0.0
economic_only,10,39,0.0
economic_only,10,40,0.0
economic_only,10,41,0.0
economic_only,10,42,-7.963865422424157e-05
economic_only,10,43,0.0016383561058211855
economic_only,10,44,0.003650007918503256
economic_only,10,45,0.0025329156084223834
economic_only,10,46,-0.0012373230771517006
economic_only,10,47,0.0012370817088042249
economic_only,10,48,5.746577021399424e-06
economic_only,10,49,0.0005324672060230755
economic_only,10,50,0.00353665088330815
economic_only,10,51,0.001544920792883644
economic_only,10,52,0.003928913598434966
economic_only,10,53,-0.0023132541691220396
economic_only,10,54,-0.0011723190871093495
economic_only,10,55,0.002523979046831058
economic_only,10,56,0.0011637058187828047
economic_only,10,57,-0.003464207846965375
economic_only,11,0,0.0012801693258812682
economic_only,11,1,0.001550836416475351
economic_only,11,2,0.0
economic_only,11,3,0.0
economic_only,11,4,0.00039270892507792043
economic_only,11,5,0.0013419162614769266
economic_only,11,6,-0.0005706682796763369
economic_only,11,7,0.0015527505324363917
economic_only,11,8,0.0
economic_only,11,9,0.0
economic_only,11,10,0.0
economic_only,11,11,0.0
economic_only,11,12,-0.0037851570592079943
economic_only,11,13,0.00321494389383315
economic_only,11,14,-0.0012983790964189515
economic_only,11,15,0.0017018419786054668
economic_only,11,16,0.0029371991644973196
economic_only,11,17,-0.001869200619360385
economic_only,11,18,0.0
economic_only,11,19,0.0
economic_only,11,20,0.0
economic_only,11,21,0.0
economic_only,11,22,0.0006699704657231811
economic_only,11,23,0.0015087019663603922
economic_only,11,24,0.00046492995023037046
economic_only,11,25,-7.321611713848917e-05
economic_only,11,26,-0.001466029035189009
economic_only,11,27,-0.0008120782649638195
economic_only,11,28,0.0
economic_only,11,29,0.0
economic_only,11,30,0.0
economic_only,11,31,0.0
economic_only,11,32,-0.0018153511819698424
economic_only,11,33,0.002454053479322513
economic_only,11,34,0.002268208375948541
economic_only,11,35,0.0007086857626395623
economic_only,11,36,-0.0035267805263543856
economic_only,11,37,-0.0008808461783916608
economic_only,11,38,0.0
economic_only,11,39,0.0
economic_only,11,40,0.0
economic_only,11,41,0.0
economic_only,11,42,0.00011488121792641639
economic_only,11,43,0.000842615599677817
economic_only,11,44,0.0026613619242970084
economic_only,11,45,0.0024060098372626674
economic_only,11,46,-0.0008551340446487605
economic_only,11,47,0.0015527015265275953
economic_only,11,48,-5.0867794976035114e-05
economic_only,11,49,-0.00014488085485206583
economic_only,11,50,0.0037749706625345345
economic_only,11,51,0.0004018882089317748
economic_only,11,52,0.003260458766761604
economic_only,11,53,-0.0019182430263004365
economic_only,11,54,-0.0034154350188320384
economic_only,11,55,0.0012815225121389929
economic_only,11,56,0.0014369769915577055
economic_only,11,57,-0.0038074634877964557
economic_only,12,0,0.002721244204723538
economic_only,12,1,0.0003572983582912807
economic_only,12,2,0.0
economic_only,12,3,0.0
economic_only,12,4,0.001121433772213696
economic_only,12,5,0.00272942098712228
economic_only,12,6,0.0008771500680252101
economic_only,12,7,0.0003389780099133861
economic_only,12,8,0.0
economic_only,12,9,0.0
economic_only,12,10,0.0
economic_only,12,11,0.0
economic_only,12,12,-0.002455139070351541
economic_only,12,13,0.002382766443155717
economic_only,12,14,-0.0031902269169070516
economic_only,12,15,0.0013567783166118091
economic_only,12,16,0.004901618023560633
economic_only,12,17,-0.0011375460477944617
economic_only,12,18,0.0
economic_only,12,19,0.0
economic_only,12,20,0.0
economic_only,12,21,0.0
economic_only,12,22,0.000831394972515904
economic_only,12,23,0.0012611735233305406
economic_only,12,24,0.0009292558161883383
economic_only,12,25,-7.976100033425973e-05
economic_only,12,26,-0.001706145141773789
economic_only,12,27,-0.0008589315010745658
economic_only,12,28,0.0
economic_only,12,29,0.0
economic_only,12,30,0.0
economic_only,12,31,0.0
economic_only,12,32,-0.002543973280524822
economic_only,12,33,0.0010851290228314563
economic_only,12,34,0.0011703852218529853
economic_only,12,35,-0.0005715535692847063
economic_only,12,36,-0.0018891338292524595
economic_only,12,37,-0.0018321357660798854
economic_only,12,38,0.0
economic_only,12,39,0.0
economic_only,12,40,0.0
economic_only,12,41,0.0
economic_only,12,42,0.0004018580623727108
economic_only,12,43,0.0007959465648195317
economic_only,12,44,0.002359069426159558
economic_only,12,45,0.0029597827823782813
economic_only,12,46,0.00020908717834578833
economic_only,12,47,0.001308433696326697
economic_only,12,48,0.0008301804073099086
economic_only,12,49,-0.0014200228301982762
economic_only,12,50,0.0024844070695370793
economic_only,12,51,-0.0010781156281111943
economic_only,12,52,0.0036865464222428077
economic_only,12,53,-0.0028774616449505305
economic_only,12,54,-0.004230362322436924
economic_only,12,55,-0.0011604871107481615
economic_only,12,56,0.0017152731540491753
economic_only,12,57,-0.0029922252976746287
economic_only,13,0,0.000564252299986404
economic_only,13,1,-0.0010645863992418442
economic_only,13,2,0.0
economic_only,13,3,0.0
economic_only,13,4,0.0015823037526644349
economic_only,13,5,0.0006303268031701403
economic_only,13,6,0.0013275660241419745
economic_only,13,7,-0.001067083032245856
economic_only,13,8,0.0
economic_only,13,9,0.0
economic_only,13,10,0.0
economic_only,13,11,0.0
economic_only,13,12,-0.001155255312970551
economic_only,13,13,0.0010664502982454752
economic_only,13,14,-0.005212393770689015
economic_only,13,15,0.0029687692307358527
economic_only,13,16,0.0036010598818954935
economic_only,13,17,-0.00025248533100190616
economic_only,13,18,0.0
economic_only,13,19,0.0
economic_only,13,20,0.0
economic_only,13,21,0.0
economic_only,13,22,-0.00041908885673930653
economic_only,13,23,0.001144822176559792
economic_only,13,24,0.0012232097332570825
economic_only,13,25,-0.0007450336858105355
economic_only,13,26,-0.0012804647117868628
economic_only,13,27,-0.0012078785788108017
economic_only,13,28,0.0
economic_only,13,29,0.0
economic_only,13,30,0.0
economic_only,13,31,0.0
economic_only,13,32,0.0003011312673180253
economic_only,13,33,0.0011920944677938773
economic_only,13,34,0.0021093413836048647
economic_only,13,35,0.0006718671648225561
economic_only,13,36,-0.0035464789845875227
economic_only,13,37,-0.0024045025217794558
economic_only,13,38,0.0
economic_only,13,39,0.0
economic_only,13,40,0.0
economic_only,13,41,0.0
economic_only,13,42,-0.0005847803044620948
economic_only,13,43,0.0007639575169332491
economic_only,13,44,0.0019390737509464284
economic_only,13,45,0.002702260546579844
economic_only,13,46,0.0008742231482859393
economic_only,13,47,0.0011914722091651434
economic_only,13,48,0.001422597751769078
economic_only,13,49,-0.001209797383473672
economic_only,13,50,0.003740388405210955
economic_only,13,51,-0.003527493225431203
economic_only,13,52,0.004163157518976077
economic_only,13,53,-0.001703154138763503
economic_only,13,54,-0.001905242109802376
economic_only,13,55,0.0002203061071916311
economic_only,13,56,0.0027160359289126945
economic_only,13,57,-0.0016626156296863524
economic_only,14,0,0.0017464548101808065
economic_only,14,1,-0.0014921263334313802
economic_only,14,2,0.0
economic_only,14,3,0.0
economic_only,14,4,0.0017426529166797696
economic_only,14,5,0.0017967492435575774
economic_only,14,6,0.0011946339534448264
economic_only,14,7,-0.0014907332207394518
economic_only,14,8,0.0
economic_only,14,9,0.0
economic_only,14,10,0.0
economic_only,14,11,0.0
economic_only,14,12,-0.0017902984259311964
economic_only,14,13,-2.0581968369873444e-06
economic_only,14,14,-0.003164603650735345
economic_only,14,15,0.002634611329443071
economic_only,14,16,0.0027093729144412786
economic_only,14,17,0.00048715381790455863
economic_only,14,18,0.0
economic_only,14,19,0.0
economic_only,14,20,0.0
economic_only,14,21,0.0
economic_only,14,22,-7.71216625234602e-05
economic_only,14,23,0.0013483349728764232
economic_only,14,24,0.0009064732357562297
economic_only,14,25,-0.0006370509447111087
economic_only,14,26,-0.0010616686300609734
economic_only,14,27,-0.0011317771121449407
economic_only,14,28,0.0
economic_only,14,29,0.0
economic_only,14,30,0.0
economic_only,14,31,0.0
economic_only,14,32,-0.00043541795560122126
economic_only,14,33,-0.00012737837735976454
economic_only,14,34,0.0016769499548155134
economic_only,14,35,0.00045261631050193805
economic_only,14,36,-0.004914914968889064
economic_only,14,37,-0.0025892980839393753
economic_only,14,38,0.0
economic_only,14,39,0.0
economic_only,14,40,0.0
economic_only,14,41,0.0
economic_only,14,42,-0.0003220924649998953
economic_only,14,43,6.534086715209782e-05
economic_only,14,44,0.0015350009976889281
economic_only,14,45,0.0027407113506704387
economic_only,14,46,0.0020105429023946487
economic_only,14,47,0.0012530207186490891
economic_only,14,48,0.0007474116452027097
economic_only,14,49,-0.00032319126436793164
economic_only,14,50,0.002121892579053402
economic_only,14,51,-0.0025144425309945374
economic_only,14,52,0.003953603269535586
economic_only,14,53,-0.0018476998326213225
economic_only,14,54,-0.0013686817030998475
economic_only,14,55,0.00041887972696332074
economic_only,14,56,0.0016294252274571758
economic_only,14,57,-0.0021164082783619274
economic_only,15,0,0.000728607434811423
economic_only,15,1,0.0020722440659403075
economic_only,15,2,0.0
economic_only,15,3,0.0
economic_only,15,4,0.0029651889060229504
economic_only,15,5,0.0007600283159484596
economic_only,15,6,0.002640261389682282
economic_only,15,7,0.002018214034739582
economic_only,15,8,0.0
economic_only,15,9,0.0
economic_only,15,10,0.0
economic_only,15,11,0.0
economic_only,15,12,-0.0031085962428386727
economic_only,15,13,-0.002320350234514549
economic_only,15,14,-0.0021821864550388226
economic_only,15,15,0.0024079466089638774
economic_only,15,16,0.0007367517393473121
economic_only,15,17,0.0003240471514703531
economic_only,15,18,0.0
economic_only,15,19,0.0
economic_only,15,20,0.0
economic_only,15,21,0.0
economic_only,15,22,-0.0005173831677858827
economic_only,15,23,0.0016488320239284083
economic_only,15,24,0.0005213434233844054
economic_only,15,25,-0.0005855730846232587
economic_only,15,26,-0.0008502083410598775
economic_only,15,27,-0.0007319529135638315
economic_only,15,28,0.0
economic_only,15,29,0.0
economic_only,15,30,0.0
economic_only,15,31,0.0
economic_only,15,32,0.000542713162730671
economic_only,15,33,0.0017480264170896091
economic_only,15,34,0.0019811206056170342
economic_only,15,35,0.0009914306569119616
economic_only,15,36,-0.003984800717545096
economic_only,15,37,-0.003250331957034053
economic_only,15,38,0.0
economic_only,15,39,0.0
economic_only,15,40,0.0
economic_only,15,41,0.0
economic_only,15,42,-0.00019672118524178157
economic_only,15,43,-0.0007663027663587366
economic_only,15,44,0.0010710554595047452
economic_only,15,45,0.002532825596468966
economic_only,15,46,0.0020992497869786898
economic_only,15,47,0.0008457344498963003
economic_only,15,48,0.00381008929384832
economic_only,15,49,-0.0012533101346319524
economic_only,15,50,0.0007506157437345423
economic_only,15,51,-0.0024282331090421357
economic_only,15,52,0.0028393652972242434
economic_only,15,53,-0.002082796143451851
economic_only,15,54,-0.0006203198100004335
economic_only,15,55,-0.00030189308498326675
economic_only,15,56,0.003564380134028714
economic_only,15,57,-0.002693684004293987
economic_only,16,0,-0.0001541679256696142
economic_only,16,1,0.0011935218275970943
economic_only,16,2,0.0
economic_only,16,3,0.0
economic_only,16,4,0.0019063960688135333
economic_only,16,5,-4.1729315194341405e-05
economic_only,16,6,0.0015905775919591689
economic_only,16,7,0.0011705418085706525
economic_only,16,8,0.0
economic_only,16,9,0.0
economic_only,16,10,0.0
economic_only,16,11,0.0
economic_only,16,12,-0.004187660416658098
economic_only,16,13,-0.0008489421220836085
economic_only,16,14,-0.0026345521709723613
economic_only,16,15,0.002696308915785416
economic_only,16,16,0.0011702136233867908
economic_only,16,17,0.003430343613092978
economic_only,16,18,0.0
economic_only,16,19,0.0
economic_only,16,20,0.0
economic_only,16,21,0.0
economic_only,16,22,-0.0002649234008009822
economic_only,16,23,0.0011053408459144353
economic_only,16,24,0.0006007751477677038
economic_only,16,25,-0.0009782169375609547
economic_only,16,26,-0.0009525506963959708
economic_only,16,27,-0.0010103588825983723
economic_only,16,28,0.0
economic_only,16,29,0.0
economic_only,16,30,0.0
economic_only,16,31,0.0
economic_only,16,32,0.0011101087524497096
economic_only,16,33,0.0019334978052552303
economic_only,16,34,0.0016453141646917359
economic_only,16,35,0.0010230061422864924
economic_only,16,36,-0.0036408532657715644
economic_only,16,37,-0.005086981309628806
economic_only,16,38,0.0
economic_only,16,39,0.0
economic_only,16,40,0.0
economic_only,16,41,0.0
economic_only,16,42,-0.0011198150795734055
economic_only,16,43,-0.001392691339493734
economic_only,16,44,0.0008279840958921396
economic_only,16,45,0.003365675661443646
economic_only,16,46,0.0026182117541232834
economic_only,16,47,0.0008338929485004318
economic_only,16,48,0.0048795811515136905
economic_only,16,49,0.0005470247707234704
economic_only,16,50,0.000245906345907689
economic_only,16,51,-0.0019144170779382065
economic_only,16,52,0.0026190822792767224
economic_only,16,53,-0.001266855361026077
economic_only,16,54,7.715076985059783e-06
economic_only,16,55,-0.00048214531222876754
economic_only,16,56,0.0038676459363521883
economic_only,16,57,-0.0038814647443751967
economic_only,17,0,-0.00024093847617304953
economic_only,17,1,0.0009655648402828612
economic_only,17,2,0.0
economic_only,17,3,0.0
economic_only,17,4,0.0018165287297915308
economic_only,17,5,-0.00013644711136028288
economic_only,17,6,0.0009642753708079192
economic_only,17,7,0.0009541214523265504
economic_only,17,8,0.0
economic_only,17,9,0.0
economic_only,17,10,0.0
economic_only,17,11,0.0
economic_only,17,12,-0.003830700909128972
economic_only,17,13,-0.0014525773672095998
economic_only,17,14,-0.002609859125639086
economic_only,17,15,0.0024681569509941307
economic_only,17,16,-0.0006373141564168882
economic_only,17,17,0.0024271160544822017
economic_only,17,18,0.0
economic_only,17,19,0.0
economic_only,17,20,0.0
economic_only,17,21,0.0
economic_only,17,22,0.00019024662063087117
economic_only,17,23,0.0008450302416852726
economic_only,17,24,0.0005409421571834664
economic_only,17,25,-0.0009611778096354143
economic_only,17,26,-0.0005400015269634741
economic_only,17,27,-0.0006587510946785916
economic_only,17,28,0.0
economic_only,17,29,0.0
economic_only,17,30,0.0
economic_only,17,31,0.0
economic_only,17,32,0.0013690782986685668
economic_only,17,33,0.0018442690324027703
economic_only,17,34,0.0016635975021203917
economic_only,17,35,0.001421299171211201
economic_only,17,36,-0.004270146508460795
economic_only,17,37,-0.0045833714205014775
economic_only,17,38,0.0
economic_only,17,39,0.0
economic_only,17,40,0.0
economic_only,17,41,0.0
economic_only,17,42,-0.0008567462269291628
economic_only,17,43,-0.001265590715595828
economic_only,17,44,0.0005206018061729398
economic_only,17,45,0.0033182597857006188
economic_only,17,46,0.0028979993613769376
economic_only,17,47,0.000602991184598774
economic_only,17,48,0.003716259016351212
economic_only,17,49,7.257585327763525e-06
economic_only,17,50,0.00012062768694388816
economic_only,17,51,-0.0024261786489400603
economic_only,17,52,0.002665598377038122
economic_only,17,53,-0.0010728458086221545
economic_only,17,54,0.0010385009038686966
economic_only,17,55,0.00047124937039946026
economic_only,17,56,0.003009767810875299
economic_only,17,57,-0.0041950889677436634
economic_only,18,0,-0.0007713657618997906
economic_only,18,1,0.001027451534492997
economic_only,18,2,0.0
economic_only,18,3,0.0
economic_only,18,4,0.0012367413820218575
economic_only,18,5,-0.0006618306532828286
economic_only,18,6,0.0006719260588696056
economic_only,18,7,0.0010199600324188101
economic_only,18,8,0.0
economic_only,18,9,0.0
economic_only,18,10,0.0
economic_only,18,11,0.0
economic_only,18,12,-0.0035951871900320852
economic_only,18,13,-0.001931208728589258
economic_only,18,14,-0.0023831466560228307
economic_only,18,15,0.002103428932577106
economic_only,18,16,-0.001230389292296786
economic_only,18,17,0.002107868160046124
economic_only,18,18,0.0
economic_only,18,19,0.0
economic_only,18,20,0.0
economic_only,18,21,0.0
economic_only,18,22,0.00030363672726458203
economic_only,18,23,0.0006605790028938362
economic_only,18,24,0.00044400762835236494
economic_only,18,25,-0.0007500538981160069
economic_only,18,26,-0.0002676613890428772
economic_only,18,27,-0.0004420690495517722
economic_only,18,28,0.0
economic_only,18,29,0.0
economic_only,18,30,0.0
economic_only,18,31,0.0
economic_only,18,32,0.0013326476783910347
economic_only,18,33,0.0014102309477607203
economic_only,18,34,0.0018710152646988446
economic_only,18,35,0.0012512393789592972
economic_only,18,36,-0.00441661240172508
economic_only,18,37,-0.004318875775652603
economic_only,18,38,0.0
economic_only,18,39,0.0
economic_only,18,40,0.0
economic_only,18,41,0.0
economic_only,18,42,-0.0005700489210946693
economic_only,18,43,-0.0013620480135506942
economic_only,18,44,0.0006307250116267451
economic_only,18,45,0.0031576849761359147
economic_only,18,46,0.003067922156504873
economic_only,18,47,0.0002994627409660483
economic_only,18,48,0.0030821904088455393
economic_only,18,49,-0.0004400351872833089
economic_only,18,50,-0.0003378947235150219
economic_only,18,51,-0.002576118599961634
economic_only,18,52,0.00208603319110475
economic_only,18,53,-0.0014617521457477235
economic_only,18,54,0.0013227237005464683
economic_only,18,55,0.0012060390077063305
economic_only,18,56,0.002218244124375927
economic_only,18,57,-0.004247212597572481
economic_only,19,0,-0.0010074242367021054
economic_only,19,1,0.0021069645604660627
economic_only,19,2,0.0
economic_only,19,3,0.0
economic_only,19,4,0.00024075984086846218
economic_only,19,5,-0.0008710286144365195
economic_only,19,6,0.0008670474073349027
economic_only,19,7,0.0020913586846898788
economic_only,19,8,0.0
economic_only,19,9,0.0
economic_only,19,10,0.0
economic_only,19,11,0.0
economic_only,19,12,-0.0040949369987757795
economic_only,19,13,-0.0016911924439105238
economic_only,19,14,-0.0027258474314400174
economic_only,19,15,0.0030969522719313945
economic_only,19,16,-0.0013021129619783809
economic_only,19,17,0.0017401987760940838
economic_only,19,18,0.0
economic_only,19,19,0.0
economic_only,19,20,0.0
economic_only,19,21,0.0
economic_only,19,22,0.0006712485214530558
economic_only,19,23,0.0007162411636096084
economic_only,19,24,0.0004747513768779015
economic_only,19,25,-0.000910849692711912
economic_only,19,26,-0.00018327974354406554
economic_only,19,27,-0.00028361963476215704
economic_only,19,28,0.0
economic_only,19,29,0.0
economic_only,19,30,0.0
economic_only,19,31,0.0
economic_only,19,32,0.0018905789900724383
economic_only,19,33,0.0001490861556676657
economic_only,19,34,0.0005073571134183973
economic_only,19,35,0.0017547476063619518
economic_only,19,36,-0.004859757639396363
economic_only,19,37,-0.0032963758761900717
economic_only,19,38,0.0
economic_only,19,39,0.0
economic_only,19,40,0.0
economic_only,19,41,0.0
economic_only,19,42,-0.0007649253863399008
economic_only,19,43,-0.0011812143119904557
economic_only,19,44,0.0007640156939186011
economic_only,19,45,0.002825431624998214
economic_only,19,46,0.003201250206420914
economic_only,19,47,-7.434434898316502e-05
economic_only,19,48,0.0019142733117882252
economic_only,19,49,-0.00038347178381277426
economic_only,19,50,-0.00025022223795220734
economic_only,19,51,-0.0017520385546609426
economic_only,19,52,0.0019254732865890652
economic_only,19,53,-0.0018735913545001653
economic_only,19,54,0.0021082994747213895
economic_only,19,55,0.0019841098204351954
economic_only,19,56,0.0015270735642392184
economic_only,19,57,-0.0026361154907415816
economic_only,20,0,-4.81631082591373e-05
economic_only,20,1,0.0019496616317046269
economic_only,20,2,0.0
economic_only,20,3,0.0
economic_only,20,4,0.00013609785074005176
economic_only,20,5,3.930609412326402e-05
economic_only,20,6,0.003419591997157501
economic_only,20,7,0.0018863226717555864
economic_only,20,8,0.0
economic_only,20,9,0.0
economic_only,20,10,0.0
economic_only,20,11,0.0
economic_only,20,12,-0.005736829709670368
economic_only,20,13,-0.0011811879458049472
economic_only,20,14,-0.0021726533290853116
economic_only,20,15,0.006232607212610402
economic_only,20,16,0.004968774294776614
economic_only,20,17,-0.0023644140129442355
economic_only,20,18,0.0
economic_only,20,19,0.0
economic_only,20,20,0.0
economic_only,20,21,0.0
economic_only,20,22,0.001191520743848935
economic_only,20,23,0.0004907284409455838
economic_only,20,24,6.761270630629408e-05
economic_only,20,25,-0.0013046980136805877
economic_only,20,26,-0.0010719965318818933
economic_only,20,27,0.0007093612516503174
economic_only,20,28,0.0
economic_only,20,29,0.0
economic_only,20,30,0.0
economic_only,20,31,0.0
economic_only,20,32,0.0013487159421422834
economic_only,20,33,-0.0015082454393122856
economic_only,20,34,-0.0007656129710767382
economic_only,20,35,0.0052348190910239106
economic_only,20,36,-0.0038544404383037585
economic_only,20,37,-0.0006225061657413546
economic_only,20,38,0.0
economic_only,20,39,0.0
economic_only,20,40,0.0
economic_only,20,41,0.0
economic_only,20,42,-0.002221409872262219
economic_only,20,43,-0.0010589648243741832
economic_only,20,44,0.0012213857907400474
economic_only,20,45,0.0016026180629333698
economic_only,20,46,0.0031073085678586286
economic_only,20,47,-0.0004545027440167322
economic_only,20,48,0.003421950217477403
economic_only,20,49,-0.0019300335461116512
economic_only,20,50,-0.002333357065585822
economic_only,20,51,-0.0009100231786945975
economic_only,20,52,-0.0007647411765866575
economic_only,20,53,4.2233197068382636e-05
economic_only,20,54,0.005399047460563109
economic_only,20,55,0.002410611835920128
economic_only,20,56,0.0013592536384910545
economic_only,20,57,-0.00202117453792953
economic_only,21,0,-0.00010638863175733472
economic_only,21,1,0.0015715101007274857
economic_only,21,2,0.0
economic_only,21,3,0.0
economic_only,21,4,0.0005130476817927494
economic_only,21,5,-4.984694117123769e-05
economic_only,21,6,0.0023369215317864773
economic_only,21,7,0.0015311769677155262
economic_only,21,8,0.0
economic_only,21,9,0.0
economic_only,21,10,0.0
economic_only,21,11,0.0
economic_only,21,12,-0.003920147274705713
economic_only,21,13,-0.0012956911998105326
economic_only,21,14,-0.0020762326405097966
economic_only,21,15,0.0044257738821166836
economic_only,21,16,0.002999158011152727
economic_only,21,17,-0.0011425731234984565
economic_only,21,18,0.0
economic_only,21,19,0.0
economic_only,21,20,0.0
economic_only,21,21,0.0
economic_only,21,22,0.0008154945645575931
economic_only,21,23,0.0006388536818703887
economic_only,21,24,9.826559629111023e-05
economic_only,21,25,-0.0009537130146814546
economic_only,21,26,-0.000767136096032833
economic_only,21,27,0.0004484214516356782
economic_only,21,28,0.0
economic_only,21,29,0.0
economic_only,21,30,0.0
economic_only,21,31,0.0
economic_only,21,32,0.0005880687751519921
economic_only,21,33,7.67877140448674e-05
economic_only,21,34,-0.00026925925166597104
economic_only,21,35,0.0035559011861843646
economic_only,21,36,-0.003823823436876997
economic_only,21,37,-0.0010756678856755433
economic_only,21,38,0.0
economic_only,21,39,0.0
economic_only,21,40,0.0
economic_only,21,41,0.0
economic_only,21,42,-0.0017556868312426212
economic_only,21,43,-0.0012995405308883349
economic_only,21,44,0.0010081651908922192
economic_only,21,45,0.0019961519231701664
economic_only,21,46,0.0029112315073257723
economic_only,21,47,-0.0002834033756902408
economic_only,21,48,0.0026918761446546448
economic_only,21,49,-0.0015716286415975056
economic_only,21,50,-0.0017195558637052195
economic_only,21,51,-0.0008403051515030398
economic_only,21,52,-0.0005438350914094574
economic_only,21,53,-0.00046219321795977757
economic_only,21,54,0.004339478050831813
economic_only,21,55,0.0019066253082959013
economic_only,21,56,0.0011928202815722278
economic_only,21,57,-0.0019058910393332615
economic_only,22,0,0.0003973272721705221
economic_only,22,1,0.0014383687175209697
economic_only,22,2,0.0
economic_only,22,3,0.0
economic_only,22,4,0.0004032181006977554
economic_only,22,5,0.0004557293535472527
economic_only,22,6,0.0014351737170911084
economic_only,22,7,0.0014099407497446814
economic_only,22,8,0.0
economic_only,22,9,0.0
economic_only,22,10,0.0
economic_only,22,11,0.0
economic_only,22,12,-0.0038582783891299294
economic_only,22,13,-0.00265147655776406
economic_only,22,14,-0.003053641918662893
economic_only,22,15,0.004532778567805034
economic_only,22,16,0.0011970390230355054
economic_only,22,17,-0.0007908452030532477
economic_only,22,18,0.0
economic_only,22,19,0.0
economic_only,22,20,0.0
economic_only,22,21,0.0
economic_only,22,22,0.0009950230314253097
economic_only,22,23,0.0009381700374107325
economic_only,22,24,0.0003842340693833151
economic_only,22,25,-0.0010026150497521385
economic_only,22,26,-0.0006940527304899102
economic_only,22,27,0.0003945670752927461
economic_only,22,28,0.0
economic_only,22,29,0.0
economic_only,22,30,0.0
economic_only,22,31,0.0
economic_only,22,32,-0.00010854461816374786
economic_only,22,33,0.001293219266950029
economic_only,22,34,0.00034575412935523836
economic_only,22,35,0.00391162473846234
economic_only,22,36,-0.0018335693472964823
economic_only,22,37,-0.0011639740718366706
economic_only,22,38,0.0
economic_only,22,39,0.0
economic_only,22,40,0.0
economic_only,22,41,0.0
economic_only,22,42,-0.0016455221024745871
economic_only,22,43,-0.0015462459685761359
economic_only,22,44,0.0006785927848867839
economic_only,22,45,0.0017563771466305987
economic_only,22,46,0.0025347768920040755
economic_only,22,47,-0.00020730824512641712
economic_only,22,48,0.0015824975202803867
economic_only,22,49,-0.001575794821522169
economic_only,22,50,-0.0010599540934357634
economic_only,22,51,7.124949015501408e-05
economic_only,22,52,-0.0007020038946512096
economic_only,22,53,-0.0009855632057346386
economic_only,22,54,0.0038799996467183133
economic_only,22,55,0.0007842358516609846
economic_only,22,56,0.0012387872884023455
economic_only,22,57,-0.0019403444193983766
