region,variant,h,territory_id,mo_name,n,mae,median_error,bias,wape,underprediction_share,improvement_vs_original,total_abs_error
Оренбургская область,Исходная модель,1,1665,Оренбург,36,349.88476223415796,197.005859375,54.300079345703125,0.035362433962569974,0.3611111111111111,0.0,12595.851440429688
Оренбургская область,Исходная модель,1,1666,Абдулинский,36,370.920886569553,170.8214111328125,155.17356194390192,0.0571446077060846,0.3888888888888889,0.0,13353.151916503906
Оренбургская область,Исходная модель,1,1667,Бугуруслан,36,342.6276346842448,139.07452392578125,-14.719662136501736,0.03767381331571849,0.4444444444444444,0.0,12334.594848632812
Оренбургская область,Исходная модель,1,1668,Бузулук,36,370.3611348470052,138.39984130859375,105.67543199327257,0.038671263405705085,0.3611111111111111,0.0,13333.000854492188
Оренбургская область,Исходная модель,1,1669,Гайский,36,531.5136006673177,159.6932373046875,444.40014987521704,0.07668949694205124,0.2222222222222222,0.0,19134.489624023438
Оренбургская область,Исходная модель,1,1670,Кувандыкский,36,251.35049608018664,113.792236328125,32.89485507541232,0.03669246152334167,0.3611111111111111,0.0,9048.617858886719
Оренбургская область,Исходная модель,1,1671,Медногорск,36,274.4280192057292,148.29486083984375,142.0234171549479,0.0389409964896069,0.3055555555555556,0.0,9879.40869140625
Оренбургская область,Исходная модель,1,1672,Новотроицк,36,266.44135199652777,126.68310546875,56.57356092664931,0.0302896646115697,0.3888888888888889,0.0,9591.888671875
Оренбургская область,Исходная модель,1,1673,Орск,36,353.21885172526044,139.654296875,-6.356953938802083,0.03829045939988971,0.4444444444444444,0.0,12715.878662109375
Оренбургская область,Исходная модель,1,1674,Соль-Илецкий,36,292.29309421115454,179.20404052734375,68.69081285264757,0.040957325931150625,0.4722222222222222,0.0,10522.551391601562
Оренбургская область,Исходная модель,1,1675,Сорочинский,36,376.1834208170573,149.95895385742188,122.2185295952691,0.049610057657544164,0.3888888888888889,0.0,13542.603149414062
Оренбургская область,Исходная модель,1,1676,Ясненский,36,570.8498704698351,161.59744262695312,480.2220153808594,0.08293051123631107,0.25,0.0,20550.595336914062
Оренбургская область,Исходная модель,1,1678,Адамовский,36,380.4997681511773,102.46293640136719,55.80368084377713,0.06157978292615359,0.5277777777777778,0.0,13697.991653442383
Оренбургская область,Исходная модель,1,1679,Акбулакский,36,339.55685085720484,173.39840698242188,200.47353786892361,0.058418103764662416,0.3333333333333333,0.0,12224.046630859375
Оренбургская область,Исходная модель,1,1680,Александровский,36,333.11550267537433,157.393798828125,-187.76306279500326,0.054429649499434817,0.5833333333333334,0.0,11992.158096313477
Оренбургская область,Исходная модель,1,1681,Асекеевский,36,461.39735921223956,184.09478759765625,190.3740980360243,0.07324639587446753,0.3333333333333333,0.0,16610.304931640625
Оренбургская область,Исходная модель,1,1682,Беляевский,36,351.0053702460395,158.38381958007812,118.76086680094402,0.06575733919390428,0.3611111111111111,0.0,12636.193328857422
Оренбургская область,Исходная модель,1,1683,Бугурусланский,36,342.9918619791667,137.71044921875,145.29580349392361,0.04451613344791907,0.2777777777777778,0.0,12347.70703125
Оренбургская область,Исходная модель,1,1685,Грачёвский,36,367.774408976237,194.12408447265625,3.6992001003689237,0.05800934433568848,0.3611111111111111,0.0,13239.878723144531
Оренбургская область,Исходная модель,1,1686,Домбаровский,36,562.0010842217339,186.91900634765625,483.40946706136066,0.09605077422501257,0.16666666666666666,0.0,20232.039031982422
Оренбургская область,Исходная модель,1,1687,Илекский,36,401.00499640570746,155.73590087890625,232.77202860514322,0.06766430686948896,0.2777777777777778,0.0,14436.179870605469
Оренбургская область,Исходная модель,1,1688,Кваркенский,36,366.71042972140845,105.89413452148438,-34.890081617567276,0.058667671615660194,0.5,0.0,13201.575469970703
Оренбургская область,Исходная модель,1,1689,Красногвардейский,36,336.5944535997179,105.279296875,158.31478881835938,0.05059077117206157,0.3333333333333333,0.0,12117.400329589844
Оренбургская область,Исходная модель,1,1690,Курманаевский,36,460.8373387654622,226.8140869140625,281.60237375895184,0.07517022666665145,0.3333333333333333,0.0,16590.14419555664
Оренбургская область,Исходная модель,1,1691,Матвеевский,36,414.3037389119466,159.94140625,184.84497833251953,0.07129373530539607,0.3333333333333333,0.0,14914.934600830078
Оренбургская область,Исходная модель,1,1692,Новоорский,36,332.8694101969401,119.8255615234375,166.28738572862414,0.054513894337164526,0.2777777777777778,0.0,11983.298767089844
Оренбургская область,Исходная модель,1,1693,Новосергиевский,36,307.95953792995874,103.21661376953125,75.62713368733723,0.047264873958605895,0.4166666666666667,0.0,11086.543365478516
Оренбургская область,Исходная модель,1,1694,Октябрьский,36,391.1735254923503,175.09463500976562,64.07950761583116,0.06660949751779491,0.4722222222222222,0.0,14082.24691772461
Оренбургская область,Исходная модель,1,1696,Первомайский,36,224.97268676757812,101.67767333984375,-4.191796196831597,0.035361171878922674,0.4722222222222222,0.0,8099.0167236328125
Оренбургская область,Исходная модель,1,1697,Переволоцкий,36,348.01971266004773,112.80728149414062,87.54718865288629,0.0568577079207891,0.3888888888888889,0.0,12528.709655761719
Оренбургская область,Исходная модель,1,1698,Пономарёвский,36,333.9106224907769,103.35038757324219,176.85691494411893,0.052505339339174506,0.4444444444444444,0.0,12020.782409667969
Оренбургская область,Исходная модель,1,1699,Сакмарский,36,311.6902381049262,205.7161102294922,126.78127204047308,0.05672051121321833,0.4722222222222222,0.0,11220.848571777344
Оренбургская область,Исходная модель,1,1700,Саракташский,36,372.8795437282986,143.52914428710938,241.0621134440104,0.061558366232935056,0.2777777777777778,0.0,13423.66357421875
Оренбургская область,Исходная модель,1,1701,Светлинский,36,246.46511840820312,95.5389404296875,84.04480319552951,0.03434123258387318,0.3611111111111111,0.0,8872.744262695312
Оренбургская область,Исходная модель,1,1702,Северный,36,471.75233374701605,212.26715087890625,364.5454923841688,0.08160001160303171,0.1388888888888889,0.0,16983.084014892578
Оренбургская область,Исходная модель,1,1703,Ташлинский,36,356.62753041585285,145.09576416015625,160.7250951131185,0.058978110908338245,0.3055555555555556,0.0,12838.591094970703
Оренбургская область,Исходная модель,1,1704,Тоцкий,36,344.297356499566,178.2171630859375,-126.86199951171875,0.0383904578592648,0.5833333333333334,0.0,12394.704833984375
Оренбургская область,Исходная модель,1,1705,Тюльганский,36,422.51708645290796,129.19027709960938,235.66414388020834,0.07320609069441754,0.2222222222222222,0.0,15210.615112304688
Оренбургская область,Исходная модель,1,1706,Шарлыкский,36,392.9415469699436,167.8795166015625,190.26438903808594,0.06817759121539751,0.3055555555555556,0.0,14145.895690917969
Оренбургская область,Исходная модель,3,1665,Оренбург,36,441.1044108072917,246.908935546875,46.26048448350694,0.044581894616296504,0.4722222222222222,0.0,15879.7587890625
Оренбургская область,Исходная модель,3,1666,Абдулинский,36,405.66503058539496,200.53369140625,152.15885247124567,0.06249734073287979,0.4166666666666667,0.0,14603.941101074219
Оренбургская область,Исходная модель,3,1667,Бугуруслан,36,439.5523444281684,182.6561279296875,-29.745493570963543,0.0483312240173915,0.5,0.0,15823.884399414062
Оренбургская область,Исходная модель,3,1668,Бузулук,36,449.0817565917969,157.9151611328125,145.072024875217,0.04689087829648263,0.4166666666666667,0.0,16166.943237304688
Оренбургская область,Исходная модель,3,1669,Гайский,36,639.5541500515408,148.95901489257812,567.9415605333116,0.09227813921050183,0.19444444444444445,0.0,23023.94940185547
Оренбургская область,Исходная модель,3,1670,Кувандыкский,36,307.25791931152344,139.71115112304688,13.685650295681423,0.04485389747742296,0.4166666666666667,0.0,11061.285095214844
Оренбургская область,Исходная модель,3,1671,Медногорск,36,312.1392703586155,155.83282470703125,122.67145623101129,0.044292176383750055,0.3333333333333333,0.0,11237.013732910156
Оренбургская область,Исходная модель,3,1672,Новотроицк,36,350.7323642306858,138.983642578125,77.99680921766493,0.03987206040415536,0.4722222222222222,0.0,12626.365112304688
Оренбургская область,Исходная модель,3,1673,Орск,36,423.09753078884546,198.44091796875,-38.93891398111979,0.04586561205817229,0.4722222222222222,0.0,15231.511108398438
Оренбургская область,Исходная модель,3,1674,Соль-Илецкий,36,436.90535142686633,225.2960205078125,137.28867933485242,0.061220997806150625,0.3888888888888889,0.0,15728.592651367188
Оренбургская область,Исходная модель,3,1675,Сорочинский,36,438.11466301812067,160.421875,142.84925503200955,0.057777383292801854,0.4166666666666667,0.0,15772.127868652344
Оренбургская область,Исходная модель,3,1676,Ясненский,36,634.9051411946615,181.4990234375,530.774658203125,0.09223617393921758,0.25,0.0,22856.585083007812
Оренбургская область,Исходная модель,3,1678,Адамовский,36,444.9919848971897,137.97161865234375,67.32660335964627,0.07201715251232373,0.5555555555555556,0.0,16019.711456298828
Оренбургская область,Исходная модель,3,1679,Акбулакский,36,373.4584147135417,164.32666015625,207.50705295138889,0.06425060300637751,0.3611111111111111,0.0,13444.5029296875
Оренбургская область,Исходная модель,3,1680,Александровский,36,390.10000949435766,143.0780487060547,-284.918701171875,0.06374067437862818,0.6111111111111112,0.0,14043.600341796875
Оренбургская область,Исходная модель,3,1681,Асекеевский,36,555.8646617465549,224.46502685546875,244.96069039238824,0.08824299110950588,0.2777777777777778,0.0,20011.127822875977
Оренбургская область,Исходная модель,3,1682,Беляевский,36,361.5449049207899,158.25027465820312,103.70121934678819,0.06773181541364895,0.3055555555555556,0.0,13015.616577148438
Оренбургская область,Исходная модель,3,1683,Бугурусланский,36,450.61055162217883,149.8197021484375,210.57850816514758,0.05848371834044199,0.3888888888888889,0.0,16221.979858398438
Оренбургская область,Исходная модель,3,1685,Грачёвский,36,381.76134830051,172.30206298828125,-21.560578240288628,0.060215515182982425,0.3888888888888889,0.0,13743.40853881836
Оренбургская область,Исходная модель,3,1686,Домбаровский,36,735.0565448337131,220.213134765625,671.6355616251627,0.12562742708621705,0.19444444444444445,0.0,26462.035614013672
Оренбургская область,Исходная модель,3,1687,Илекский,36,471.1910680135091,174.02593994140625,268.89790598551434,0.07950728122093428,0.3333333333333333,0.0,16962.878448486328
Оренбургская область,Исходная модель,3,1688,Кваркенский,36,385.4499448140462,106.28485107421875,-96.54255549112956,0.061665687566629476,0.5555555555555556,0.0,13876.198013305664
Оренбургская область,Исходная модель,3,1689,Красногвардейский,36,380.8389494154188,115.17694091796875,204.9581782023112,0.05724080102103006,0.3611111111111111,0.0,13710.202178955078
Оренбургская область,Исходная модель,3,1690,Курманаевский,36,540.3738700018989,254.29736328125,367.60741085476343,0.08814395639380139,0.3333333333333333,0.0,19453.45932006836
Оренбургская область,Исходная модель,3,1691,Матвеевский,36,452.7221493191189,166.7713623046875,201.5515628390842,0.07790480763029523,0.3611111111111111,0.0,16297.997375488281
Оренбургская область,Исходная модель,3,1692,Новоорский,36,369.0780309041341,131.86199951171875,178.33838823106555,0.06044376612129336,0.4166666666666667,0.0,13286.809112548828
Оренбургская область,Исходная модель,3,1693,Новосергиевский,36,382.8175320095486,157.8676300048828,39.47077094184028,0.05875389514219588,0.5555555555555556,0.0,13781.43115234375
Оренбургская область,Исходная модель,3,1694,Октябрьский,36,425.4314490424262,185.65298461914062,38.90868631998698,0.07244297786593829,0.4444444444444444,0.0,15315.532165527344
Оренбургская область,Исходная модель,3,1696,Первомайский,36,286.1026136610243,132.382080078125,-100.1683841281467,0.044969564270388084,0.5833333333333334,0.0,10299.694091796875
Оренбургская область,Исходная модель,3,1697,Переволоцкий,36,382.62555355495874,99.065673828125,82.9362547132704,0.06251143592061119,0.4722222222222222,0.0,13774.519927978516
Оренбургская область,Исходная модель,3,1698,Пономарёвский,36,376.57027435302734,148.921630859375,173.3619630601671,0.05921330053073671,0.4722222222222222,0.0,13556.529876708984
Оренбургская область,Исходная модель,3,1699,Сакмарский,36,340.9942923651801,227.71389770507812,85.6931906806098,0.0620531804311165,0.6111111111111112,0.0,12275.794525146484
Оренбургская область,Исходная модель,3,1700,Саракташский,36,422.6784922281901,188.3111572265625,261.4823252360026,0.06977963221904965,0.3055555555555556,0.0,15216.425720214844
Оренбургская область,Исходная модель,3,1701,Светлинский,36,263.5550130208333,122.1004638671875,28.06423780653212,0.036722454111351936,0.5,0.0,9487.98046875
Оренбургская область,Исходная модель,3,1702,Северный,36,542.0681372748481,190.78814697265625,441.3638458251953,0.09376268674694431,0.2222222222222222,0.0,19514.45294189453
Оренбургская область,Исходная модель,3,1703,Ташлинский,36,404.0319010416667,128.95849609375,180.47822740342883,0.06681771943505264,0.3333333333333333,0.0,14545.1484375
Оренбургская область,Исходная модель,3,1704,Тоцкий,36,366.47998046875,126.8526611328125,-174.3770005967882,0.04086390435724264,0.5,0.0,13193.279296875
Оренбургская область,Исходная модель,3,1705,Тюльганский,36,446.66337415907117,110.17059326171875,251.81019422743054,0.07738972109523896,0.3055555555555556,0.0,16079.881469726562
Оренбургская область,Исходная модель,3,1706,Шарлыкский,36,397.77552625868054,161.052978515625,178.63214789496527,0.06901631409016754,0.3333333333333333,0.0,14319.9189453125
Оренбургская область,Исходная модель,6,1665,Оренбург,36,345.46090020073785,174.9429931640625,-24.704396565755207,0.03491531952404051,0.3888888888888889,0.0,12436.592407226562
Оренбургская область,Исходная модель,6,1666,Абдулинский,36,357.3097110324436,188.7398681640625,125.39909023708768,0.05504765033687233,0.3611111111111111,0.0,12863.149597167969
Оренбургская область,Исходная модель,6,1667,Бугуруслан,36,365.7507900661892,128.667724609375,-106.72681681315105,0.04021633280610502,0.4444444444444444,0.0,13167.028442382812
Оренбургская область,Исходная модель,6,1668,Бузулук,36,342.6205240885417,175.6868896484375,40.9022216796875,0.03577472712060369,0.3611111111111111,0.0,12334.3388671875
Оренбургская область,Исходная модель,6,1669,Гайский,36,742.4234161376953,168.86566162109375,670.9865536159939,0.1071206423130387,0.08333333333333333,0.0,26727.24298095703
Оренбургская область,Исходная модель,6,1670,Кувандыкский,36,257.33611382378473,103.37786865234375,-60.27191840277778,0.03756624952923579,0.4166666666666667,0.0,9264.10009765625
Оренбургская область,Исходная модель,6,1671,Медногорск,36,257.5460849338108,188.76416015625,44.773044162326386,0.03654547089741976,0.25,0.0,9271.659057617188
Оренбургская область,Исходная модель,6,1672,Новотроицк,36,314.60503472222223,166.4356689453125,-11.965752495659721,0.03576502264172393,0.4166666666666667,0.0,11325.78125
Оренбургская область,Исходная модель,6,1673,Орск,36,389.52135213216144,136.12310791015625,-222.1439242892795,0.042225808295214586,0.5833333333333334,0.0,14022.768676757812
Оренбургская область,Исходная модель,6,1674,Соль-Илецкий,36,527.9465908474392,232.227294921875,332.44099595811633,0.07397807551333248,0.25,0.0,19006.077270507812
Оренбургская область,Исходная модель,6,1675,Сорочинский,36,336.04126315646704,179.8154296875,52.76197984483507,0.0443162178819508,0.3055555555555556,0.0,12097.485473632812
Оренбургская область,Исходная модель,6,1676,Ясненский,36,725.7144961886936,165.80242919921875,641.2103051079644,0.10542855012123634,0.19444444444444445,0.0,26125.72186279297
Оренбургская область,Исходная модель,6,1678,Адамовский,36,454.6904224819607,196.73907470703125,-18.635342491997612,0.07358674001587187,0.5833333333333334,0.0,16368.855209350586
Оренбургская область,Исходная модель,6,1679,Акбулакский,36,385.8057632446289,203.95211791992188,211.46514807807074,0.06637486787067512,0.3888888888888889,0.0,13889.00747680664
Оренбургская область,Исходная модель,6,1680,Александровский,36,573.2818366156685,187.833740234375,-508.13143581814234,0.09367180206497731,0.6944444444444444,0.0,20638.146118164062
Оренбургская область,Исходная модель,6,1681,Асекеевский,36,536.5681771172417,324.8822021484375,187.0010553995768,0.08517969236293872,0.3055555555555556,0.0,19316.454376220703
Оренбургская область,Исходная модель,6,1682,Беляевский,36,335.98960961235895,176.7147216796875,79.94256846110027,0.06294428689059825,0.3888888888888889,0.0,12095.625946044922
Оренбургская область,Исходная модель,6,1683,Бугурусланский,36,458.1669277615017,200.9678955078125,250.0452643500434,0.05946444320854747,0.3055555555555556,0.0,16494.009399414062
Оренбургская область,Исходная модель,6,1685,Грачёвский,36,324.0652601453993,157.5765380859375,-35.54562208387587,0.05111506620414032,0.3611111111111111,0.0,11666.349365234375
Оренбургская область,Исходная модель,6,1686,Домбаровский,36,931.469239976671,256.262939453125,847.9533962673611,0.15919603036076013,0.1388888888888889,0.0,33532.892639160156
Оренбургская область,Исходная модель,6,1687,Илекский,36,517.1290215386284,176.840087890625,305.1566670735677,0.08725870529829212,0.3055555555555556,0.0,18616.644775390625
Оренбургская область,Исходная модель,6,1688,Кваркенский,36,344.40106625027124,99.68084716796875,-161.31066385904947,0.05509853830501667,0.6111111111111112,0.0,12398.438385009766
Оренбургская область,Исходная модель,6,1689,Красногвардейский,36,319.85359530978735,134.286376953125,215.59166293674045,0.048074589096236374,0.25,0.0,11514.729431152344
Оренбургская область,Исходная модель,6,1690,Курманаевский,36,582.5140626695421,298.0107421875,430.61383480495874,0.09501772196819913,0.3611111111111111,0.0,20970.506256103516
Оренбургская область,Исходная модель,6,1691,Матвеевский,36,393.0856636895074,164.904296875,223.79212527804904,0.0676425111031446,0.25,0.0,14151.083892822266
Оренбургская область,Исходная модель,6,1692,Новоорский,36,390.0345628526476,138.84063720703125,112.07886759440105,0.0638758092388594,0.4166666666666667,0.0,14041.244262695312
Оренбургская область,Исходная модель,6,1693,Новосергиевский,36,381.04553476969403,219.4674072265625,0.5812420315212674,0.05848193335539851,0.4722222222222222,0.0,13717.639251708984
Оренбургская область,Исходная модель,6,1694,Октябрьский,36,363.92511494954425,237.53076171875,35.52054341634115,0.061969605459326886,0.3333333333333333,0.0,13101.304138183594
Оренбургская область,Исходная модель,6,1696,Первомайский,36,256.9986216227214,96.07145690917969,-170.7618408203125,0.04039500333316438,0.6666666666666666,0.0,9251.950378417969
Оренбургская область,Исходная модель,6,1697,Переволоцкий,36,396.1641489664714,158.9178466796875,88.682615492079,0.06472330345444094,0.3888888888888889,0.0,14261.909362792969
Оренбургская область,Исходная модель,6,1698,Пономарёвский,36,430.0288026597765,145.4403839111328,197.06078338623047,0.06761931693231513,0.4722222222222222,0.0,15481.036895751953
Оренбургская область,Исходная модель,6,1699,Сакмарский,36,361.14993370903863,229.7964630126953,111.84711625840929,0.06572104724595425,0.5833333333333334,0.0,13001.39761352539
Оренбургская область,Исходная модель,6,1700,Саракташский,36,400.1403350830078,215.74267578125,267.43675910101996,0.06605882705530615,0.2777777777777778,0.0,14405.052062988281
Оренбургская область,Исходная модель,6,1701,Светлинский,36,270.9083090888129,114.1673583984375,-61.19878217909071,0.03774702607577221,0.5277777777777778,0.0,9752.699127197266
Оренбургская область,Исходная модель,6,1702,Северный,36,564.9728130764431,338.9171142578125,464.4592564900716,0.09772455757931231,0.16666666666666666,0.0,20339.021270751953
Оренбургская область,Исходная модель,6,1703,Ташлинский,36,354.6657986111111,155.6932373046875,179.31586371527777,0.058653684928612115,0.25,0.0,12767.96875
Оренбургская область,Исходная модель,6,1704,Тоцкий,36,389.43704901801215,145.00927734375,-255.2196011013455,0.04342370435592143,0.6111111111111112,0.0,14019.733764648438
Оренбургская область,Исходная модель,6,1705,Тюльганский,36,438.279045952691,160.51513671875,254.24116855197482,0.07593703690620217,0.3055555555555556,0.0,15778.045654296875
Оренбургская область,Исходная модель,6,1706,Шарлыкский,36,444.7578938802083,227.141357421875,190.3590087890625,0.07716802184093144,0.2777777777777778,0.0,16011.2841796875
Оренбургская область,Исходная модель,12,1665,Оренбург,36,431.7359686957465,289.2843017578125,-178.76388210720486,0.043635037389973624,0.5555555555555556,0.0,15542.494873046875
Оренбургская область,Исходная модель,12,1666,Абдулинский,36,406.6608250935872,203.6995849609375,-135.9172880384657,0.06265075427357521,0.5833333333333334,0.0,14639.78970336914
Оренбургская область,Исходная модель,12,1667,Бугуруслан,36,502.98122151692706,271.1402587890625,-295.7602810329861,0.05530558169426055,0.5,0.0,18107.323974609375
Оренбургская область,Исходная модель,12,1668,Бузулук,36,382.2104763454861,206.54595947265625,-107.46106635199652,0.039908512574576976,0.4444444444444444,0.0,13759.5771484375
Оренбургская область,Исходная модель,12,1669,Гайский,36,719.6139390733507,316.48822021484375,460.3293965657552,0.10382957446570673,0.3055555555555556,0.0,25906.101806640625
Оренбургская область,Исходная модель,12,1670,Кувандыкский,36,415.22500779893664,239.6937255859375,-325.53350321451825,0.0606150688373068,0.6388888888888888,0.0,14948.100280761719
Оренбургская область,Исходная модель,12,1671,Медногорск,36,401.5102132161458,266.658203125,-220.1461181640625,0.056973802633724806,0.6111111111111112,0.0,14454.36767578125
Оренбургская область,Исходная модель,12,1672,Новотроицк,36,364.24649386935766,259.29949951171875,-161.12969970703125,0.041408377688260646,0.5833333333333334,0.0,13112.873779296875
Оренбургская область,Исходная модель,12,1673,Орск,36,614.262671576606,205.9097900390625,-463.65006849500867,0.06658874454743537,0.5555555555555556,0.0,22113.456176757812
Оренбургская область,Исходная модель,12,1674,Соль-Илецкий,36,565.7125820583767,365.79388427734375,241.70164320203992,0.07927000351906881,0.3611111111111111,0.0,20365.652954101562
Оренбургская область,Исходная модель,12,1675,Сорочинский,36,406.91419304741754,223.89373779296875,-237.82516309950086,0.053662749237884805,0.5,0.0,14648.910949707031
Оренбургская область,Исходная модель,12,1676,Ясненский,36,870.072999742296,299.970458984375,613.4017317030165,0.12640030665532437,0.25,0.0,31322.627990722656
Оренбургская область,Исходная модель,12,1678,Адамовский,36,588.2986886766222,207.27774047851562,-394.4193119472927,0.09520979663265824,0.7222222222222222,0.0,21178.7527923584
Оренбургская область,Исходная модель,12,1679,Акбулакский,36,349.4976586235894,178.688232421875,2.533177693684896,0.06012834208892296,0.4722222222222222,0.0,12581.915710449219
Оренбургская область,Исходная модель,12,1680,Александровский,36,1175.2025451660156,541.0735778808594,-1120.1697896321614,0.19202307340996244,0.8055555555555556,0.0,42307.29162597656
Оренбургская область,Исходная модель,12,1681,Асекеевский,36,609.5737728542751,391.6329345703125,-219.7760247124566,0.09676926187312382,0.4722222222222222,0.0,21944.655822753906
Оренбургская область,Исходная модель,12,1682,Беляевский,36,509.3825929429796,280.49346923828125,-296.1112543741862,0.09542772499504208,0.5833333333333334,0.0,18337.773345947266
Оренбургская область,Исходная модель,12,1683,Бугурусланский,36,477.82937961154516,343.2374267578125,6.863749186197917,0.062016388101406125,0.3611111111111111,0.0,17201.857666015625
Оренбургская область,Исходная модель,12,1685,Грачёвский,36,493.69096120198566,191.37841796875,-343.521117316352,0.07787026031393457,0.5833333333333334,0.0,17772.874603271484
Оренбургская область,Исходная модель,12,1686,Домбаровский,36,881.6814058091906,202.7877197265625,714.3606931898329,0.1506868652487472,0.16666666666666666,0.0,31740.53060913086
Оренбургская область,Исходная модель,12,1687,Илекский,36,416.6785481770833,179.362548828125,-20.689676920572918,0.07030901211331146,0.3888888888888889,0.0,15000.427734375
Оренбургская область,Исходная модель,12,1688,Кваркенский,36,658.2766846550835,295.7382354736328,-455.3594873216417,0.10531350416438767,0.6666666666666666,0.0,23697.960647583008
Оренбургская область,Исходная модель,12,1689,Красногвардейский,36,383.088873969184,270.9567565917969,27.314917670355904,0.05757896885783376,0.3611111111111111,0.0,13791.199462890625
Оренбургская область,Исходная модель,12,1690,Курманаевский,36,573.6225102742513,323.69232177734375,83.23074256049262,0.09356736204128231,0.5277777777777778,0.0,20650.410369873047
Оренбургская область,Исходная модель,12,1691,Матвеевский,36,406.0324401855469,241.41351318359375,-14.268452962239584,0.06987040327469689,0.3888888888888889,0.0,14617.167846679688
Оренбургская область,Исходная модель,12,1692,Новоорский,36,457.42657470703125,245.33404541015625,-207.59995863172742,0.07491257290910844,0.5277777777777778,0.0,16467.356689453125
Оренбургская область,Исходная модель,12,1693,Новосергиевский,36,417.8076985677083,202.41473388671875,-344.3666771782769,0.06412410001806558,0.6666666666666666,0.0,15041.0771484375
Оренбургская область,Исходная модель,12,1694,Октябрьский,36,530.213255988227,236.62286376953125,-317.3802702162001,0.09028534974139096,0.6111111111111112,0.0,19087.677215576172
Оренбургская область,Исходная модель,12,1696,Первомайский,36,493.94397226969403,261.9450378417969,-479.65491485595703,0.07763803665656197,0.8055555555555556,0.0,17781.983001708984
Оренбургская область,Исходная модель,12,1697,Переволоцкий,36,498.50074259440106,190.18768310546875,-178.44655185275607,0.08144254072301789,0.4722222222222222,0.0,17946.026733398438
Оренбургская область,Исходная модель,12,1698,Пономарёвский,36,535.911676618788,355.63946533203125,-5.417305416531033,0.08426873103587064,0.5277777777777778,0.0,19292.820358276367
Оренбургская область,Исходная модель,12,1699,Сакмарский,36,430.67956924438477,225.4530792236328,-289.11818822224933,0.07837385439195788,0.8055555555555556,0.0,15504.464492797852
Оренбургская область,Исходная модель,12,1700,Саракташский,36,305.4385986328125,178.94775390625,-84.08770751953125,0.05042459805736504,0.4722222222222222,0.0,10995.78955078125
Оренбургская область,Исходная модель,12,1701,Светлинский,36,381.4365073310004,162.13821411132812,-242.11444346110025,0.053147479443882865,0.5277777777777778,0.0,13731.714263916016
Оренбургская область,Исходная модель,12,1702,Северный,36,410.188225640191,222.58917236328125,88.46964857313368,0.07095113596113352,0.25,0.0,14766.776123046875
Оренбургская область,Исходная модель,12,1703,Ташлинский,36,324.3716574774848,164.41046142578125,-58.468640645345054,0.05364372057289214,0.3888888888888889,0.0,11677.379669189453
Оренбургская область,Исходная модель,12,1704,Тоцкий,36,696.1102617051866,316.2673645019531,-585.5384233262804,0.07761892783347132,0.6111111111111112,0.0,25059.96942138672
Оренбургская область,Исходная модель,12,1705,Тюльганский,36,324.1136703491211,233.01470947265625,-47.12004682752821,0.05615653309093532,0.3611111111111111,0.0,11668.09213256836
Оренбургская область,Исходная модель,12,1706,Шарлыкский,36,549.2144046359592,317.07861328125,-99.50899759928386,0.0952918200114443,0.4444444444444444,0.0,19771.71856689453
Оренбургская область,Поправка без новостей,1,1665,Оренбург,36,349.88476223415796,197.005859375,54.300079345703125,0.035362433962569974,0.3611111111111111,0.0,12595.851440429688
Оренбургская область,Поправка без новостей,1,1666,Абдулинский,36,370.920886569553,170.8214111328125,155.17356194390192,0.0571446077060846,0.3888888888888889,0.0,13353.151916503906
Оренбургская область,Поправка без новостей,1,1667,Бугуруслан,36,342.6276346842448,139.07452392578125,-14.719662136501736,0.03767381331571849,0.4444444444444444,0.0,12334.594848632812
Оренбургская область,Поправка без новостей,1,1668,Бузулук,36,370.3611348470052,138.39984130859375,105.67543199327257,0.038671263405705085,0.3611111111111111,0.0,13333.000854492188
Оренбургская область,Поправка без новостей,1,1669,Гайский,36,531.5136006673177,159.6932373046875,444.40014987521704,0.07668949694205124,0.2222222222222222,0.0,19134.489624023438
Оренбургская область,Поправка без новостей,1,1670,Кувандыкский,36,251.35049608018664,113.792236328125,32.89485507541232,0.03669246152334167,0.3611111111111111,0.0,9048.617858886719
Оренбургская область,Поправка без новостей,1,1671,Медногорск,36,274.4280192057292,148.29486083984375,142.0234171549479,0.0389409964896069,0.3055555555555556,0.0,9879.40869140625
Оренбургская область,Поправка без новостей,1,1672,Новотроицк,36,266.44135199652777,126.68310546875,56.57356092664931,0.0302896646115697,0.3888888888888889,0.0,9591.888671875
Оренбургская область,Поправка без новостей,1,1673,Орск,36,353.21885172526044,139.654296875,-6.356953938802083,0.03829045939988971,0.4444444444444444,0.0,12715.878662109375
Оренбургская область,Поправка без новостей,1,1674,Соль-Илецкий,36,292.29309421115454,179.20404052734375,68.69081285264757,0.040957325931150625,0.4722222222222222,0.0,10522.551391601562
Оренбургская область,Поправка без новостей,1,1675,Сорочинский,36,376.1834208170573,149.95895385742188,122.2185295952691,0.049610057657544164,0.3888888888888889,0.0,13542.603149414062
Оренбургская область,Поправка без новостей,1,1676,Ясненский,36,570.8498704698351,161.59744262695312,480.2220153808594,0.08293051123631107,0.25,0.0,20550.595336914062
Оренбургская область,Поправка без новостей,1,1678,Адамовский,36,380.4997681511773,102.46293640136719,55.80368084377713,0.06157978292615359,0.5277777777777778,0.0,13697.991653442383
Оренбургская область,Поправка без новостей,1,1679,Акбулакский,36,339.55685085720484,173.39840698242188,200.47353786892361,0.058418103764662416,0.3333333333333333,0.0,12224.046630859375
Оренбургская область,Поправка без новостей,1,1680,Александровский,36,333.11550267537433,157.393798828125,-187.76306279500326,0.054429649499434817,0.5833333333333334,0.0,11992.158096313477
Оренбургская область,Поправка без новостей,1,1681,Асекеевский,36,461.39735921223956,184.09478759765625,190.3740980360243,0.07324639587446753,0.3333333333333333,0.0,16610.304931640625
Оренбургская область,Поправка без новостей,1,1682,Беляевский,36,351.0053702460395,158.38381958007812,118.76086680094402,0.06575733919390428,0.3611111111111111,0.0,12636.193328857422
Оренбургская область,Поправка без новостей,1,1683,Бугурусланский,36,342.9918619791667,137.71044921875,145.29580349392361,0.04451613344791907,0.2777777777777778,0.0,12347.70703125
Оренбургская область,Поправка без новостей,1,1685,Грачёвский,36,367.774408976237,194.12408447265625,3.6992001003689237,0.05800934433568848,0.3611111111111111,0.0,13239.878723144531
Оренбургская область,Поправка без новостей,1,1686,Домбаровский,36,562.0010842217339,186.91900634765625,483.40946706136066,0.09605077422501257,0.16666666666666666,0.0,20232.039031982422
Оренбургская область,Поправка без новостей,1,1687,Илекский,36,401.00499640570746,155.73590087890625,232.77202860514322,0.06766430686948896,0.2777777777777778,0.0,14436.179870605469
Оренбургская область,Поправка без новостей,1,1688,Кваркенский,36,366.71042972140845,105.89413452148438,-34.890081617567276,0.058667671615660194,0.5,0.0,13201.575469970703
Оренбургская область,Поправка без новостей,1,1689,Красногвардейский,36,336.5944535997179,105.279296875,158.31478881835938,0.05059077117206157,0.3333333333333333,0.0,12117.400329589844
Оренбургская область,Поправка без новостей,1,1690,Курманаевский,36,460.8373387654622,226.8140869140625,281.60237375895184,0.07517022666665145,0.3333333333333333,0.0,16590.14419555664
Оренбургская область,Поправка без новостей,1,1691,Матвеевский,36,414.3037389119466,159.94140625,184.84497833251953,0.07129373530539607,0.3333333333333333,0.0,14914.934600830078
Оренбургская область,Поправка без новостей,1,1692,Новоорский,36,332.8694101969401,119.8255615234375,166.28738572862414,0.054513894337164526,0.2777777777777778,0.0,11983.298767089844
Оренбургская область,Поправка без новостей,1,1693,Новосергиевский,36,307.95953792995874,103.21661376953125,75.62713368733723,0.047264873958605895,0.4166666666666667,0.0,11086.543365478516
Оренбургская область,Поправка без новостей,1,1694,Октябрьский,36,391.1735254923503,175.09463500976562,64.07950761583116,0.06660949751779491,0.4722222222222222,0.0,14082.24691772461
Оренбургская область,Поправка без новостей,1,1696,Первомайский,36,224.97268676757812,101.67767333984375,-4.191796196831597,0.035361171878922674,0.4722222222222222,0.0,8099.0167236328125
Оренбургская область,Поправка без новостей,1,1697,Переволоцкий,36,348.01971266004773,112.80728149414062,87.54718865288629,0.0568577079207891,0.3888888888888889,0.0,12528.709655761719
Оренбургская область,Поправка без новостей,1,1698,Пономарёвский,36,333.9106224907769,103.35038757324219,176.85691494411893,0.052505339339174506,0.4444444444444444,0.0,12020.782409667969
Оренбургская область,Поправка без новостей,1,1699,Сакмарский,36,311.6902381049262,205.7161102294922,126.78127204047308,0.05672051121321833,0.4722222222222222,0.0,11220.848571777344
Оренбургская область,Поправка без новостей,1,1700,Саракташский,36,372.8795437282986,143.52914428710938,241.0621134440104,0.061558366232935056,0.2777777777777778,0.0,13423.66357421875
Оренбургская область,Поправка без новостей,1,1701,Светлинский,36,246.46511840820312,95.5389404296875,84.04480319552951,0.03434123258387318,0.3611111111111111,0.0,8872.744262695312
Оренбургская область,Поправка без новостей,1,1702,Северный,36,471.75233374701605,212.26715087890625,364.5454923841688,0.08160001160303171,0.1388888888888889,0.0,16983.084014892578
Оренбургская область,Поправка без новостей,1,1703,Ташлинский,36,356.62753041585285,145.09576416015625,160.7250951131185,0.058978110908338245,0.3055555555555556,0.0,12838.591094970703
Оренбургская область,Поправка без новостей,1,1704,Тоцкий,36,344.297356499566,178.2171630859375,-126.86199951171875,0.0383904578592648,0.5833333333333334,0.0,12394.704833984375
Оренбургская область,Поправка без новостей,1,1705,Тюльганский,36,422.51708645290796,129.19027709960938,235.66414388020834,0.07320609069441754,0.2222222222222222,0.0,15210.615112304688
Оренбургская область,Поправка без новостей,1,1706,Шарлыкский,36,392.9415469699436,167.8795166015625,190.26438903808594,0.06817759121539751,0.3055555555555556,0.0,14145.895690917969
Оренбургская область,Поправка без новостей,3,1665,Оренбург,36,441.1044108072917,246.908935546875,46.26048448350694,0.044581894616296504,0.4722222222222222,0.0,15879.7587890625
Оренбургская область,Поправка без новостей,3,1666,Абдулинский,36,405.66503058539496,200.53369140625,152.15885247124567,0.06249734073287979,0.4166666666666667,0.0,14603.941101074219
Оренбургская область,Поправка без новостей,3,1667,Бугуруслан,36,439.5523444281684,182.6561279296875,-29.745493570963543,0.0483312240173915,0.5,0.0,15823.884399414062
Оренбургская область,Поправка без новостей,3,1668,Бузулук,36,449.0817565917969,157.9151611328125,145.072024875217,0.04689087829648263,0.4166666666666667,0.0,16166.943237304688
Оренбургская область,Поправка без новостей,3,1669,Гайский,36,639.5541500515408,148.95901489257812,567.9415605333116,0.09227813921050183,0.19444444444444445,0.0,23023.94940185547
Оренбургская область,Поправка без новостей,3,1670,Кувандыкский,36,307.25791931152344,139.71115112304688,13.685650295681423,0.04485389747742296,0.4166666666666667,0.0,11061.285095214844
Оренбургская область,Поправка без новостей,3,1671,Медногорск,36,312.1392703586155,155.83282470703125,122.67145623101129,0.044292176383750055,0.3333333333333333,0.0,11237.013732910156
Оренбургская область,Поправка без новостей,3,1672,Новотроицк,36,350.7323642306858,138.983642578125,77.99680921766493,0.03987206040415536,0.4722222222222222,0.0,12626.365112304688
Оренбургская область,Поправка без новостей,3,1673,Орск,36,423.09753078884546,198.44091796875,-38.93891398111979,0.04586561205817229,0.4722222222222222,0.0,15231.511108398438
Оренбургская область,Поправка без новостей,3,1674,Соль-Илецкий,36,436.90535142686633,225.2960205078125,137.28867933485242,0.061220997806150625,0.3888888888888889,0.0,15728.592651367188
Оренбургская область,Поправка без новостей,3,1675,Сорочинский,36,438.11466301812067,160.421875,142.84925503200955,0.057777383292801854,0.4166666666666667,0.0,15772.127868652344
Оренбургская область,Поправка без новостей,3,1676,Ясненский,36,634.9051411946615,181.4990234375,530.774658203125,0.09223617393921758,0.25,0.0,22856.585083007812
Оренбургская область,Поправка без новостей,3,1678,Адамовский,36,444.9919848971897,137.97161865234375,67.32660335964627,0.07201715251232373,0.5555555555555556,0.0,16019.711456298828
Оренбургская область,Поправка без новостей,3,1679,Акбулакский,36,373.4584147135417,164.32666015625,207.50705295138889,0.06425060300637751,0.3611111111111111,0.0,13444.5029296875
Оренбургская область,Поправка без новостей,3,1680,Александровский,36,390.10000949435766,143.0780487060547,-284.918701171875,0.06374067437862818,0.6111111111111112,0.0,14043.600341796875
Оренбургская область,Поправка без новостей,3,1681,Асекеевский,36,555.8646617465549,224.46502685546875,244.96069039238824,0.08824299110950588,0.2777777777777778,0.0,20011.127822875977
Оренбургская область,Поправка без новостей,3,1682,Беляевский,36,361.5449049207899,158.25027465820312,103.70121934678819,0.06773181541364895,0.3055555555555556,0.0,13015.616577148438
Оренбургская область,Поправка без новостей,3,1683,Бугурусланский,36,450.61055162217883,149.8197021484375,210.57850816514758,0.05848371834044199,0.3888888888888889,0.0,16221.979858398438
Оренбургская область,Поправка без новостей,3,1685,Грачёвский,36,381.76134830051,172.30206298828125,-21.560578240288628,0.060215515182982425,0.3888888888888889,0.0,13743.40853881836
Оренбургская область,Поправка без новостей,3,1686,Домбаровский,36,735.0565448337131,220.213134765625,671.6355616251627,0.12562742708621705,0.19444444444444445,0.0,26462.035614013672
Оренбургская область,Поправка без новостей,3,1687,Илекский,36,471.1910680135091,174.02593994140625,268.89790598551434,0.07950728122093428,0.3333333333333333,0.0,16962.878448486328
Оренбургская область,Поправка без новостей,3,1688,Кваркенский,36,385.4499448140462,106.28485107421875,-96.54255549112956,0.061665687566629476,0.5555555555555556,0.0,13876.198013305664
Оренбургская область,Поправка без новостей,3,1689,Красногвардейский,36,380.8389494154188,115.17694091796875,204.9581782023112,0.05724080102103006,0.3611111111111111,0.0,13710.202178955078
Оренбургская область,Поправка без новостей,3,1690,Курманаевский,36,540.3738700018989,254.29736328125,367.60741085476343,0.08814395639380139,0.3333333333333333,0.0,19453.45932006836
Оренбургская область,Поправка без новостей,3,1691,Матвеевский,36,452.7221493191189,166.7713623046875,201.5515628390842,0.07790480763029523,0.3611111111111111,0.0,16297.997375488281
Оренбургская область,Поправка без новостей,3,1692,Новоорский,36,369.0780309041341,131.86199951171875,178.33838823106555,0.06044376612129336,0.4166666666666667,0.0,13286.809112548828
Оренбургская область,Поправка без новостей,3,1693,Новосергиевский,36,382.8175320095486,157.8676300048828,39.47077094184028,0.05875389514219588,0.5555555555555556,0.0,13781.43115234375
Оренбургская область,Поправка без новостей,3,1694,Октябрьский,36,425.4314490424262,185.65298461914062,38.90868631998698,0.07244297786593829,0.4444444444444444,0.0,15315.532165527344
Оренбургская область,Поправка без новостей,3,1696,Первомайский,36,286.1026136610243,132.382080078125,-100.1683841281467,0.044969564270388084,0.5833333333333334,0.0,10299.694091796875
Оренбургская область,Поправка без новостей,3,1697,Переволоцкий,36,382.62555355495874,99.065673828125,82.9362547132704,0.06251143592061119,0.4722222222222222,0.0,13774.519927978516
Оренбургская область,Поправка без новостей,3,1698,Пономарёвский,36,376.57027435302734,148.921630859375,173.3619630601671,0.05921330053073671,0.4722222222222222,0.0,13556.529876708984
Оренбургская область,Поправка без новостей,3,1699,Сакмарский,36,340.9942923651801,227.71389770507812,85.6931906806098,0.0620531804311165,0.6111111111111112,0.0,12275.794525146484
Оренбургская область,Поправка без новостей,3,1700,Саракташский,36,422.6784922281901,188.3111572265625,261.4823252360026,0.06977963221904965,0.3055555555555556,0.0,15216.425720214844
Оренбургская область,Поправка без новостей,3,1701,Светлинский,36,263.5550130208333,122.1004638671875,28.06423780653212,0.036722454111351936,0.5,0.0,9487.98046875
Оренбургская область,Поправка без новостей,3,1702,Северный,36,542.0681372748481,190.78814697265625,441.3638458251953,0.09376268674694431,0.2222222222222222,0.0,19514.45294189453
Оренбургская область,Поправка без новостей,3,1703,Ташлинский,36,404.0319010416667,128.95849609375,180.47822740342883,0.06681771943505264,0.3333333333333333,0.0,14545.1484375
Оренбургская область,Поправка без новостей,3,1704,Тоцкий,36,366.47998046875,126.8526611328125,-174.3770005967882,0.04086390435724264,0.5,0.0,13193.279296875
Оренбургская область,Поправка без новостей,3,1705,Тюльганский,36,446.66337415907117,110.17059326171875,251.81019422743054,0.07738972109523896,0.3055555555555556,0.0,16079.881469726562
Оренбургская область,Поправка без новостей,3,1706,Шарлыкский,36,397.77552625868054,161.052978515625,178.63214789496527,0.06901631409016754,0.3333333333333333,0.0,14319.9189453125
Оренбургская область,Поправка без новостей,6,1665,Оренбург,36,380.9625996880414,194.18321164864028,103.70838758221983,0.03850343378103862,0.3611111111111111,-35.50169948730351,13714.65358876949
Оренбургская область,Поправка без новостей,6,1666,Абдулинский,36,385.7721487299442,156.959419271576,214.81529026931153,0.059432614612205906,0.3888888888888889,-28.46243769750058,13887.797354277991
Оренбургская область,Поправка без новостей,6,1667,Бугуруслан,36,378.9752865673115,123.37703126654992,29.108598954584366,0.041670439719684225,0.3888888888888889,-13.224496501122259,13643.110316423214
Оренбургская область,Поправка без новостей,6,1668,Бузулук,36,417.2383119305187,224.6749152144788,187.34207393407152,0.04356594454837221,0.3055555555555556,-74.61778784197712,15020.579229498673
Оренбургская область,Поправка без новостей,6,1669,Гайский,36,805.6345995207209,193.48827701837547,779.1188778105313,0.11624107469458031,0.08333333333333333,-63.21118338302569,29002.845582745955
Оренбургская область,Поправка без новостей,6,1670,Кувандыкский,36,262.469777834379,161.9854870994718,53.934137947400956,0.038315668257744684,0.3888888888888889,-5.133664010594184,9448.912002037643
Оренбургская область,Поправка без новостей,6,1671,Медногорск,36,295.5204867282557,175.69479068317617,158.65963642338494,0.04193399154211321,0.16666666666666666,-37.974401794445015,10638.737522217207
Оренбургская область,Поправка без новостей,6,1672,Новотроицк,36,343.0006281005408,213.13077296133815,129.7370649692255,0.038993098889764384,0.3611111111111111,-28.395593378318583,12348.022611619468
Оренбургская область,Поправка без новостей,6,1673,Орск,36,379.2527318032344,188.1813753895567,-76.12694946666812,0.04111264520135035,0.5555555555555556,10.268620328927106,13653.098344916438
Оренбургская область,Поправка без новостей,6,1674,Соль-Илецкий,36,563.8508751356467,234.7582763878537,428.62414148469765,0.07900913338996664,0.2222222222222222,-35.904284288207464,20298.63150488328
Оренбургская область,Поправка без новостей,6,1675,Сорочинский,36,396.8585005108056,186.5995570313994,168.19087605705238,0.052336631554536765,0.3333333333333333,-60.817237354338516,14286.906018389001
Оренбургская область,Поправка без новостей,6,1676,Ясненский,36,734.5820718246373,130.7508499026635,701.7265181839512,0.10671679177452811,0.1388888888888889,-8.867575635943687,26444.95458568694
Оренбургская область,Поправка без новостей,6,1678,Адамовский,36,461.3270434389477,197.34568876892786,92.8072509995341,0.07466080552681864,0.5555555555555556,-6.636620956987138,16607.77356380212
Оренбургская область,Поправка без новостей,6,1679,Акбулакский,36,382.28736213591884,146.70992336706024,287.96647767393523,0.06576955444367329,0.3333333333333333,3.518401108710102,13762.345036893079
Оренбургская область,Поправка без новостей,6,1680,Александровский,36,470.12997274850255,159.58150759126346,-401.76039578559187,0.07681722834982159,0.6666666666666666,103.15186386716586,16924.67901894609
Оренбургская область,Поправка без новостей,6,1681,Асекеевский,36,567.7415872032885,312.27291173762706,292.8890308688315,0.09012844183089869,0.3055555555555556,-31.17341008604678,20438.69713931839
Оренбургская область,Поправка без новостей,6,1682,Беляевский,36,368.3996041839927,185.3223985408565,153.47138942179254,0.06901597463949406,0.3333333333333333,-32.409994571633746,13262.385750623738
Оренбургская область,Поправка без новостей,6,1683,Бугурусланский,36,529.9770839863722,258.44816789708284,361.4370612169441,0.06878452001438265,0.3333333333333333,-71.81015622487043,19079.1750235094
Оренбургская область,Поправка без новостей,6,1685,Грачёвский,36,337.1990310550017,182.03176607841783,44.08506691312609,0.05318666613204722,0.3333333333333333,-13.133770909602365,12139.165117980061
Оренбургская область,Поправка без новостей,6,1686,Домбаровский,36,998.9791615679616,241.75544973686863,964.077248214559,0.17073405122720206,0.16666666666666666,-67.5099215912906,35963.249816446616
Оренбургская область,Поправка без новостей,6,1687,Илекский,36,544.1671173870188,127.25244745733482,385.31147019732657,0.09182102754128277,0.3333333333333333,-27.03809584839043,19590.01622593268
Оренбургская область,Поправка без новостей,6,1688,Кваркенский,36,316.58368691934146,123.29672936028356,-71.27508871810473,0.050648212534257796,0.6111111111111112,27.817379330929768,11397.012729096292
Оренбургская область,Поправка без новостей,6,1689,Красногвардейский,36,370.50565730990957,142.89133807125813,309.74947305368363,0.05568768803662666,0.2222222222222222,-50.652062000122214,13338.203663156744
Оренбургская область,Поправка без новостей,6,1690,Курманаевский,36,632.4490807118415,286.30425559643754,528.6894403395924,0.10316295307056286,0.3611111111111111,-49.93501804229931,22768.166905626294
Оренбургская область,Поправка без новостей,6,1691,Матвеевский,36,421.99157111845955,185.60111897521733,306.17626248174633,0.07261666392738449,0.25,-28.905907428952204,15191.696560264543
Оренбургская область,Поправка без новостей,6,1692,Новоорский,36,412.742087286341,118.6713774842226,217.60398072663438,0.06759461171729851,0.3611111111111111,-22.70752443369345,14858.715142308276
Оренбургская область,Поправка без новостей,6,1693,Новосергиевский,36,389.44575580214877,225.75787474680453,87.86771173485224,0.05977117866012975,0.4722222222222222,-8.400221032454745,14020.047208877355
Оренбургская область,Поправка без новостей,6,1694,Октябрьский,36,367.3168449405707,163.94256832183387,117.59522758455215,0.06254715331391124,0.3611111111111111,-3.3917299910264487,13223.406417860546
Оренбургская область,Поправка без новостей,6,1696,Первомайский,36,241.37009133986572,103.29740593953127,-86.73403941236916,0.0379385133765949,0.5555555555555556,15.628530282855593,8689.323288235166
Оренбургская область,Поправка без новостей,6,1697,Переволоцкий,36,406.3955692738393,148.68156055651775,170.69395931930168,0.06639486137569986,0.4166666666666667,-10.231420307367939,14630.240493858217
Оренбургская область,Поправка без новостей,6,1698,Пономарёвский,36,440.1328768874715,133.84206321892546,288.1568497342151,0.06920811887600888,0.4166666666666667,-10.104074227695033,15844.783567948974
Оренбургская область,Поправка без новостей,6,1699,Сакмарский,36,370.55956991372767,210.91308110302953,182.83121686021562,0.06743338632691288,0.5555555555555556,-9.409636204689015,13340.144516894195
Оренбургская область,Поправка без новостей,6,1700,Саракташский,36,427.5277393028081,167.89876463938072,354.2935752734828,0.0705801902877187,0.2777777777777778,-27.387404219800334,15390.998614901091
Оренбургская область,Поправка без новостей,6,1701,Светлинский,36,323.0803963961114,138.58739009281385,52.8198589517587,0.04501642710167593,0.4444444444444444,-52.1720873072984,11630.89427026001
Оренбургская область,Поправка без новостей,6,1702,Северный,36,602.0486800776837,364.0048399276543,565.5664102134028,0.10413764970641155,0.1111111111111111,-37.07586700124058,21673.75248279661
Оренбургская область,Поправка без новостей,6,1703,Ташлинский,36,397.64882925665756,178.68694218124767,270.0544413387522,0.06576210402803914,0.25,-42.98303064554648,14315.357853239671
Оренбургская область,Поправка без новостей,6,1704,Тоцкий,36,359.08183879341505,136.77455552129163,-117.81488807398861,0.0400389835704222,0.6666666666666666,30.35521022459715,12926.946196562942
Оренбургская область,Поправка без новостей,6,1705,Тюльганский,36,451.62085748833624,158.97487178372347,331.09786265942023,0.07824866381224242,0.2777777777777778,-13.341811535645238,16258.350869580105
Оренбургская область,Поправка без новостей,6,1706,Шарлыкский,36,442.36090266790336,201.4321970859399,259.61387842262815,0.07675213024514677,0.2777777777777778,2.3969912123050046,15924.99249604452
Оренбургская область,Поправка без новостей,12,1665,Оренбург,36,431.7359686957465,289.2843017578125,-178.76388210720486,0.043635037389973624,0.5555555555555556,0.0,15542.494873046875
Оренбургская область,Поправка без новостей,12,1666,Абдулинский,36,406.6608250935872,203.6995849609375,-135.9172880384657,0.06265075427357521,0.5833333333333334,0.0,14639.78970336914
Оренбургская область,Поправка без новостей,12,1667,Бугуруслан,36,502.98122151692706,271.1402587890625,-295.7602810329861,0.05530558169426055,0.5,0.0,18107.323974609375
Оренбургская область,Поправка без новостей,12,1668,Бузулук,36,382.2104763454861,206.54595947265625,-107.46106635199652,0.039908512574576976,0.4444444444444444,0.0,13759.5771484375
Оренбургская область,Поправка без новостей,12,1669,Гайский,36,719.6139390733507,316.48822021484375,460.3293965657552,0.10382957446570673,0.3055555555555556,0.0,25906.101806640625
Оренбургская область,Поправка без новостей,12,1670,Кувандыкский,36,415.22500779893664,239.6937255859375,-325.53350321451825,0.0606150688373068,0.6388888888888888,0.0,14948.100280761719
Оренбургская область,Поправка без новостей,12,1671,Медногорск,36,401.5102132161458,266.658203125,-220.1461181640625,0.056973802633724806,0.6111111111111112,0.0,14454.36767578125
Оренбургская область,Поправка без новостей,12,1672,Новотроицк,36,364.24649386935766,259.29949951171875,-161.12969970703125,0.041408377688260646,0.5833333333333334,0.0,13112.873779296875
Оренбургская область,Поправка без новостей,12,1673,Орск,36,614.262671576606,205.9097900390625,-463.65006849500867,0.06658874454743537,0.5555555555555556,0.0,22113.456176757812
Оренбургская область,Поправка без новостей,12,1674,Соль-Илецкий,36,565.7125820583767,365.79388427734375,241.70164320203992,0.07927000351906881,0.3611111111111111,0.0,20365.652954101562
Оренбургская область,Поправка без новостей,12,1675,Сорочинский,36,406.91419304741754,223.89373779296875,-237.82516309950086,0.053662749237884805,0.5,0.0,14648.910949707031
Оренбургская область,Поправка без новостей,12,1676,Ясненский,36,870.072999742296,299.970458984375,613.4017317030165,0.12640030665532437,0.25,0.0,31322.627990722656
Оренбургская область,Поправка без новостей,12,1678,Адамовский,36,588.2986886766222,207.27774047851562,-394.4193119472927,0.09520979663265824,0.7222222222222222,0.0,21178.7527923584
Оренбургская область,Поправка без новостей,12,1679,Акбулакский,36,349.4976586235894,178.688232421875,2.533177693684896,0.06012834208892296,0.4722222222222222,0.0,12581.915710449219
Оренбургская область,Поправка без новостей,12,1680,Александровский,36,1175.2025451660156,541.0735778808594,-1120.1697896321614,0.19202307340996244,0.8055555555555556,0.0,42307.29162597656
Оренбургская область,Поправка без новостей,12,1681,Асекеевский,36,609.5737728542751,391.6329345703125,-219.7760247124566,0.09676926187312382,0.4722222222222222,0.0,21944.655822753906
Оренбургская область,Поправка без новостей,12,1682,Беляевский,36,509.3825929429796,280.49346923828125,-296.1112543741862,0.09542772499504208,0.5833333333333334,0.0,18337.773345947266
Оренбургская область,Поправка без новостей,12,1683,Бугурусланский,36,477.82937961154516,343.2374267578125,6.863749186197917,0.062016388101406125,0.3611111111111111,0.0,17201.857666015625
Оренбургская область,Поправка без новостей,12,1685,Грачёвский,36,493.69096120198566,191.37841796875,-343.521117316352,0.07787026031393457,0.5833333333333334,0.0,17772.874603271484
Оренбургская область,Поправка без новостей,12,1686,Домбаровский,36,881.6814058091906,202.7877197265625,714.3606931898329,0.1506868652487472,0.16666666666666666,0.0,31740.53060913086
Оренбургская область,Поправка без новостей,12,1687,Илекский,36,416.6785481770833,179.362548828125,-20.689676920572918,0.07030901211331146,0.3888888888888889,0.0,15000.427734375
Оренбургская область,Поправка без новостей,12,1688,Кваркенский,36,658.2766846550835,295.7382354736328,-455.3594873216417,0.10531350416438767,0.6666666666666666,0.0,23697.960647583008
Оренбургская область,Поправка без новостей,12,1689,Красногвардейский,36,383.088873969184,270.9567565917969,27.314917670355904,0.05757896885783376,0.3611111111111111,0.0,13791.199462890625
Оренбургская область,Поправка без новостей,12,1690,Курманаевский,36,573.6225102742513,323.69232177734375,83.23074256049262,0.09356736204128231,0.5277777777777778,0.0,20650.410369873047
Оренбургская область,Поправка без новостей,12,1691,Матвеевский,36,406.0324401855469,241.41351318359375,-14.268452962239584,0.06987040327469689,0.3888888888888889,0.0,14617.167846679688
Оренбургская область,Поправка без новостей,12,1692,Новоорский,36,457.42657470703125,245.33404541015625,-207.59995863172742,0.07491257290910844,0.5277777777777778,0.0,16467.356689453125
Оренбургская область,Поправка без новостей,12,1693,Новосергиевский,36,417.8076985677083,202.41473388671875,-344.3666771782769,0.06412410001806558,0.6666666666666666,0.0,15041.0771484375
Оренбургская область,Поправка без новостей,12,1694,Октябрьский,36,530.213255988227,236.62286376953125,-317.3802702162001,0.09028534974139096,0.6111111111111112,0.0,19087.677215576172
Оренбургская область,Поправка без новостей,12,1696,Первомайский,36,493.94397226969403,261.9450378417969,-479.65491485595703,0.07763803665656197,0.8055555555555556,0.0,17781.983001708984
Оренбургская область,Поправка без новостей,12,1697,Переволоцкий,36,498.50074259440106,190.18768310546875,-178.44655185275607,0.08144254072301789,0.4722222222222222,0.0,17946.026733398438
Оренбургская область,Поправка без новостей,12,1698,Пономарёвский,36,535.911676618788,355.63946533203125,-5.417305416531033,0.08426873103587064,0.5277777777777778,0.0,19292.820358276367
Оренбургская область,Поправка без новостей,12,1699,Сакмарский,36,430.67956924438477,225.4530792236328,-289.11818822224933,0.07837385439195788,0.8055555555555556,0.0,15504.464492797852
Оренбургская область,Поправка без новостей,12,1700,Саракташский,36,305.4385986328125,178.94775390625,-84.08770751953125,0.05042459805736504,0.4722222222222222,0.0,10995.78955078125
Оренбургская область,Поправка без новостей,12,1701,Светлинский,36,381.4365073310004,162.13821411132812,-242.11444346110025,0.053147479443882865,0.5277777777777778,0.0,13731.714263916016
Оренбургская область,Поправка без новостей,12,1702,Северный,36,410.188225640191,222.58917236328125,88.46964857313368,0.07095113596113352,0.25,0.0,14766.776123046875
Оренбургская область,Поправка без новостей,12,1703,Ташлинский,36,324.3716574774848,164.41046142578125,-58.468640645345054,0.05364372057289214,0.3888888888888889,0.0,11677.379669189453
Оренбургская область,Поправка без новостей,12,1704,Тоцкий,36,696.1102617051866,316.2673645019531,-585.5384233262804,0.07761892783347132,0.6111111111111112,0.0,25059.96942138672
Оренбургская область,Поправка без новостей,12,1705,Тюльганский,36,324.1136703491211,233.01470947265625,-47.12004682752821,0.05615653309093532,0.3611111111111111,0.0,11668.09213256836
Оренбургская область,Поправка без новостей,12,1706,Шарлыкский,36,549.2144046359592,317.07861328125,-99.50899759928386,0.0952918200114443,0.4444444444444444,0.0,19771.71856689453
Оренбургская область,Прежние доли новостей,1,1665,Оренбург,36,349.88476223415796,197.005859375,54.300079345703125,0.035362433962569974,0.3611111111111111,0.0,12595.851440429688
Оренбургская область,Прежние доли новостей,1,1666,Абдулинский,36,370.920886569553,170.8214111328125,155.17356194390192,0.0571446077060846,0.3888888888888889,0.0,13353.151916503906
Оренбургская область,Прежние доли новостей,1,1667,Бугуруслан,36,342.6276346842448,139.07452392578125,-14.719662136501736,0.03767381331571849,0.4444444444444444,0.0,12334.594848632812
Оренбургская область,Прежние доли новостей,1,1668,Бузулук,36,370.3611348470052,138.39984130859375,105.67543199327257,0.038671263405705085,0.3611111111111111,0.0,13333.000854492188
Оренбургская область,Прежние доли новостей,1,1669,Гайский,36,531.5136006673177,159.6932373046875,444.40014987521704,0.07668949694205124,0.2222222222222222,0.0,19134.489624023438
Оренбургская область,Прежние доли новостей,1,1670,Кувандыкский,36,251.35049608018664,113.792236328125,32.89485507541232,0.03669246152334167,0.3611111111111111,0.0,9048.617858886719
Оренбургская область,Прежние доли новостей,1,1671,Медногорск,36,274.4280192057292,148.29486083984375,142.0234171549479,0.0389409964896069,0.3055555555555556,0.0,9879.40869140625
Оренбургская область,Прежние доли новостей,1,1672,Новотроицк,36,266.44135199652777,126.68310546875,56.57356092664931,0.0302896646115697,0.3888888888888889,0.0,9591.888671875
Оренбургская область,Прежние доли новостей,1,1673,Орск,36,353.21885172526044,139.654296875,-6.356953938802083,0.03829045939988971,0.4444444444444444,0.0,12715.878662109375
Оренбургская область,Прежние доли новостей,1,1674,Соль-Илецкий,36,292.29309421115454,179.20404052734375,68.69081285264757,0.040957325931150625,0.4722222222222222,0.0,10522.551391601562
Оренбургская область,Прежние доли новостей,1,1675,Сорочинский,36,376.1834208170573,149.95895385742188,122.2185295952691,0.049610057657544164,0.3888888888888889,0.0,13542.603149414062
Оренбургская область,Прежние доли новостей,1,1676,Ясненский,36,570.8498704698351,161.59744262695312,480.2220153808594,0.08293051123631107,0.25,0.0,20550.595336914062
Оренбургская область,Прежние доли новостей,1,1678,Адамовский,36,380.4997681511773,102.46293640136719,55.80368084377713,0.06157978292615359,0.5277777777777778,0.0,13697.991653442383
Оренбургская область,Прежние доли новостей,1,1679,Акбулакский,36,339.55685085720484,173.39840698242188,200.47353786892361,0.058418103764662416,0.3333333333333333,0.0,12224.046630859375
Оренбургская область,Прежние доли новостей,1,1680,Александровский,36,333.11550267537433,157.393798828125,-187.76306279500326,0.054429649499434817,0.5833333333333334,0.0,11992.158096313477
Оренбургская область,Прежние доли новостей,1,1681,Асекеевский,36,461.39735921223956,184.09478759765625,190.3740980360243,0.07324639587446753,0.3333333333333333,0.0,16610.304931640625
Оренбургская область,Прежние доли новостей,1,1682,Беляевский,36,351.0053702460395,158.38381958007812,118.76086680094402,0.06575733919390428,0.3611111111111111,0.0,12636.193328857422
Оренбургская область,Прежние доли новостей,1,1683,Бугурусланский,36,342.9918619791667,137.71044921875,145.29580349392361,0.04451613344791907,0.2777777777777778,0.0,12347.70703125
Оренбургская область,Прежние доли новостей,1,1685,Грачёвский,36,367.774408976237,194.12408447265625,3.6992001003689237,0.05800934433568848,0.3611111111111111,0.0,13239.878723144531
Оренбургская область,Прежние доли новостей,1,1686,Домбаровский,36,562.0010842217339,186.91900634765625,483.40946706136066,0.09605077422501257,0.16666666666666666,0.0,20232.039031982422
Оренбургская область,Прежние доли новостей,1,1687,Илекский,36,401.00499640570746,155.73590087890625,232.77202860514322,0.06766430686948896,0.2777777777777778,0.0,14436.179870605469
Оренбургская область,Прежние доли новостей,1,1688,Кваркенский,36,366.71042972140845,105.89413452148438,-34.890081617567276,0.058667671615660194,0.5,0.0,13201.575469970703
Оренбургская область,Прежние доли новостей,1,1689,Красногвардейский,36,336.5944535997179,105.279296875,158.31478881835938,0.05059077117206157,0.3333333333333333,0.0,12117.400329589844
Оренбургская область,Прежние доли новостей,1,1690,Курманаевский,36,460.8373387654622,226.8140869140625,281.60237375895184,0.07517022666665145,0.3333333333333333,0.0,16590.14419555664
Оренбургская область,Прежние доли новостей,1,1691,Матвеевский,36,414.3037389119466,159.94140625,184.84497833251953,0.07129373530539607,0.3333333333333333,0.0,14914.934600830078
Оренбургская область,Прежние доли новостей,1,1692,Новоорский,36,332.8694101969401,119.8255615234375,166.28738572862414,0.054513894337164526,0.2777777777777778,0.0,11983.298767089844
Оренбургская область,Прежние доли новостей,1,1693,Новосергиевский,36,307.95953792995874,103.21661376953125,75.62713368733723,0.047264873958605895,0.4166666666666667,0.0,11086.543365478516
Оренбургская область,Прежние доли новостей,1,1694,Октябрьский,36,391.1735254923503,175.09463500976562,64.07950761583116,0.06660949751779491,0.4722222222222222,0.0,14082.24691772461
Оренбургская область,Прежние доли новостей,1,1696,Первомайский,36,224.97268676757812,101.67767333984375,-4.191796196831597,0.035361171878922674,0.4722222222222222,0.0,8099.0167236328125
Оренбургская область,Прежние доли новостей,1,1697,Переволоцкий,36,348.01971266004773,112.80728149414062,87.54718865288629,0.0568577079207891,0.3888888888888889,0.0,12528.709655761719
Оренбургская область,Прежние доли новостей,1,1698,Пономарёвский,36,333.9106224907769,103.35038757324219,176.85691494411893,0.052505339339174506,0.4444444444444444,0.0,12020.782409667969
Оренбургская область,Прежние доли новостей,1,1699,Сакмарский,36,311.6902381049262,205.7161102294922,126.78127204047308,0.05672051121321833,0.4722222222222222,0.0,11220.848571777344
Оренбургская область,Прежние доли новостей,1,1700,Саракташский,36,372.8795437282986,143.52914428710938,241.0621134440104,0.061558366232935056,0.2777777777777778,0.0,13423.66357421875
Оренбургская область,Прежние доли новостей,1,1701,Светлинский,36,246.46511840820312,95.5389404296875,84.04480319552951,0.03434123258387318,0.3611111111111111,0.0,8872.744262695312
Оренбургская область,Прежние доли новостей,1,1702,Северный,36,471.75233374701605,212.26715087890625,364.5454923841688,0.08160001160303171,0.1388888888888889,0.0,16983.084014892578
Оренбургская область,Прежние доли новостей,1,1703,Ташлинский,36,356.62753041585285,145.09576416015625,160.7250951131185,0.058978110908338245,0.3055555555555556,0.0,12838.591094970703
Оренбургская область,Прежние доли новостей,1,1704,Тоцкий,36,344.297356499566,178.2171630859375,-126.86199951171875,0.0383904578592648,0.5833333333333334,0.0,12394.704833984375
Оренбургская область,Прежние доли новостей,1,1705,Тюльганский,36,422.51708645290796,129.19027709960938,235.66414388020834,0.07320609069441754,0.2222222222222222,0.0,15210.615112304688
Оренбургская область,Прежние доли новостей,1,1706,Шарлыкский,36,392.9415469699436,167.8795166015625,190.26438903808594,0.06817759121539751,0.3055555555555556,0.0,14145.895690917969
Оренбургская область,Прежние доли новостей,3,1665,Оренбург,36,441.1044108072917,246.908935546875,46.26048448350694,0.044581894616296504,0.4722222222222222,0.0,15879.7587890625
Оренбургская область,Прежние доли новостей,3,1666,Абдулинский,36,405.66503058539496,200.53369140625,152.15885247124567,0.06249734073287979,0.4166666666666667,0.0,14603.941101074219
Оренбургская область,Прежние доли новостей,3,1667,Бугуруслан,36,439.5523444281684,182.6561279296875,-29.745493570963543,0.0483312240173915,0.5,0.0,15823.884399414062
Оренбургская область,Прежние доли новостей,3,1668,Бузулук,36,449.0817565917969,157.9151611328125,145.072024875217,0.04689087829648263,0.4166666666666667,0.0,16166.943237304688
Оренбургская область,Прежние доли новостей,3,1669,Гайский,36,639.5541500515408,148.95901489257812,567.9415605333116,0.09227813921050183,0.19444444444444445,0.0,23023.94940185547
Оренбургская область,Прежние доли новостей,3,1670,Кувандыкский,36,307.25791931152344,139.71115112304688,13.685650295681423,0.04485389747742296,0.4166666666666667,0.0,11061.285095214844
Оренбургская область,Прежние доли новостей,3,1671,Медногорск,36,312.1392703586155,155.83282470703125,122.67145623101129,0.044292176383750055,0.3333333333333333,0.0,11237.013732910156
Оренбургская область,Прежние доли новостей,3,1672,Новотроицк,36,350.7323642306858,138.983642578125,77.99680921766493,0.03987206040415536,0.4722222222222222,0.0,12626.365112304688
Оренбургская область,Прежние доли новостей,3,1673,Орск,36,423.09753078884546,198.44091796875,-38.93891398111979,0.04586561205817229,0.4722222222222222,0.0,15231.511108398438
Оренбургская область,Прежние доли новостей,3,1674,Соль-Илецкий,36,436.90535142686633,225.2960205078125,137.28867933485242,0.061220997806150625,0.3888888888888889,0.0,15728.592651367188
Оренбургская область,Прежние доли новостей,3,1675,Сорочинский,36,438.11466301812067,160.421875,142.84925503200955,0.057777383292801854,0.4166666666666667,0.0,15772.127868652344
Оренбургская область,Прежние доли новостей,3,1676,Ясненский,36,634.9051411946615,181.4990234375,530.774658203125,0.09223617393921758,0.25,0.0,22856.585083007812
Оренбургская область,Прежние доли новостей,3,1678,Адамовский,36,444.9919848971897,137.97161865234375,67.32660335964627,0.07201715251232373,0.5555555555555556,0.0,16019.711456298828
Оренбургская область,Прежние доли новостей,3,1679,Акбулакский,36,373.4584147135417,164.32666015625,207.50705295138889,0.06425060300637751,0.3611111111111111,0.0,13444.5029296875
Оренбургская область,Прежние доли новостей,3,1680,Александровский,36,390.10000949435766,143.0780487060547,-284.918701171875,0.06374067437862818,0.6111111111111112,0.0,14043.600341796875
Оренбургская область,Прежние доли новостей,3,1681,Асекеевский,36,555.8646617465549,224.46502685546875,244.96069039238824,0.08824299110950588,0.2777777777777778,0.0,20011.127822875977
Оренбургская область,Прежние доли новостей,3,1682,Беляевский,36,361.5449049207899,158.25027465820312,103.70121934678819,0.06773181541364895,0.3055555555555556,0.0,13015.616577148438
Оренбургская область,Прежние доли новостей,3,1683,Бугурусланский,36,450.61055162217883,149.8197021484375,210.57850816514758,0.05848371834044199,0.3888888888888889,0.0,16221.979858398438
Оренбургская область,Прежние доли новостей,3,1685,Грачёвский,36,381.76134830051,172.30206298828125,-21.560578240288628,0.060215515182982425,0.3888888888888889,0.0,13743.40853881836
Оренбургская область,Прежние доли новостей,3,1686,Домбаровский,36,735.0565448337131,220.213134765625,671.6355616251627,0.12562742708621705,0.19444444444444445,0.0,26462.035614013672
Оренбургская область,Прежние доли новостей,3,1687,Илекский,36,471.1910680135091,174.02593994140625,268.89790598551434,0.07950728122093428,0.3333333333333333,0.0,16962.878448486328
Оренбургская область,Прежние доли новостей,3,1688,Кваркенский,36,385.4499448140462,106.28485107421875,-96.54255549112956,0.061665687566629476,0.5555555555555556,0.0,13876.198013305664
Оренбургская область,Прежние доли новостей,3,1689,Красногвардейский,36,380.8389494154188,115.17694091796875,204.9581782023112,0.05724080102103006,0.3611111111111111,0.0,13710.202178955078
Оренбургская область,Прежние доли новостей,3,1690,Курманаевский,36,540.3738700018989,254.29736328125,367.60741085476343,0.08814395639380139,0.3333333333333333,0.0,19453.45932006836
Оренбургская область,Прежние доли новостей,3,1691,Матвеевский,36,452.7221493191189,166.7713623046875,201.5515628390842,0.07790480763029523,0.3611111111111111,0.0,16297.997375488281
Оренбургская область,Прежние доли новостей,3,1692,Новоорский,36,369.0780309041341,131.86199951171875,178.33838823106555,0.06044376612129336,0.4166666666666667,0.0,13286.809112548828
Оренбургская область,Прежние доли новостей,3,1693,Новосергиевский,36,382.8175320095486,157.8676300048828,39.47077094184028,0.05875389514219588,0.5555555555555556,0.0,13781.43115234375
Оренбургская область,Прежние доли новостей,3,1694,Октябрьский,36,425.4314490424262,185.65298461914062,38.90868631998698,0.07244297786593829,0.4444444444444444,0.0,15315.532165527344
Оренбургская область,Прежние доли новостей,3,1696,Первомайский,36,286.1026136610243,132.382080078125,-100.1683841281467,0.044969564270388084,0.5833333333333334,0.0,10299.694091796875
Оренбургская область,Прежние доли новостей,3,1697,Переволоцкий,36,382.62555355495874,99.065673828125,82.9362547132704,0.06251143592061119,0.4722222222222222,0.0,13774.519927978516
Оренбургская область,Прежние доли новостей,3,1698,Пономарёвский,36,376.57027435302734,148.921630859375,173.3619630601671,0.05921330053073671,0.4722222222222222,0.0,13556.529876708984
Оренбургская область,Прежние доли новостей,3,1699,Сакмарский,36,340.9942923651801,227.71389770507812,85.6931906806098,0.0620531804311165,0.6111111111111112,0.0,12275.794525146484
Оренбургская область,Прежние доли новостей,3,1700,Саракташский,36,422.6784922281901,188.3111572265625,261.4823252360026,0.06977963221904965,0.3055555555555556,0.0,15216.425720214844
Оренбургская область,Прежние доли новостей,3,1701,Светлинский,36,263.5550130208333,122.1004638671875,28.06423780653212,0.036722454111351936,0.5,0.0,9487.98046875
Оренбургская область,Прежние доли новостей,3,1702,Северный,36,542.0681372748481,190.78814697265625,441.3638458251953,0.09376268674694431,0.2222222222222222,0.0,19514.45294189453
Оренбургская область,Прежние доли новостей,3,1703,Ташлинский,36,404.0319010416667,128.95849609375,180.47822740342883,0.06681771943505264,0.3333333333333333,0.0,14545.1484375
Оренбургская область,Прежние доли новостей,3,1704,Тоцкий,36,366.47998046875,126.8526611328125,-174.3770005967882,0.04086390435724264,0.5,0.0,13193.279296875
Оренбургская область,Прежние доли новостей,3,1705,Тюльганский,36,446.66337415907117,110.17059326171875,251.81019422743054,0.07738972109523896,0.3055555555555556,0.0,16079.881469726562
Оренбургская область,Прежние доли новостей,3,1706,Шарлыкский,36,397.77552625868054,161.052978515625,178.63214789496527,0.06901631409016754,0.3333333333333333,0.0,14319.9189453125
Оренбургская область,Прежние доли новостей,6,1665,Оренбург,36,587.532402575182,203.85964303508786,475.5098227936062,0.05938119640954919,0.25,-242.0715023744441,21151.166492706554
Оренбургская область,Прежние доли новостей,6,1666,Абдулинский,36,595.4377420291205,214.57668902576154,472.4537184309895,0.0917339988490255,0.2777777777777778,-238.12803099667678,21435.758713048337
Оренбургская область,Прежние доли новостей,6,1667,Бугуруслан,36,553.9417479018161,170.44848264566076,374.0905390048082,0.06090897489184766,0.2222222222222222,-188.1909578356267,19941.902924465383
Оренбургская область,Прежние доли новостей,6,1668,Бузулук,36,634.2263062134384,192.70002867982578,556.494649542919,0.06622274920001793,0.19444444444444445,-291.6057821248967,22832.14702368378
Оренбургская область,Прежние доли новостей,6,1669,Гайский,36,1092.5479674498338,221.5320201032069,1074.31355100513,0.15763840079274255,0.05555555555555555,-350.1245513121388,39331.72682819402
Оренбургская область,Прежние доли новостей,6,1670,Кувандыкский,36,359.80129861972284,187.47119777537637,314.6804324559678,0.052524246068887025,0.19444444444444445,-102.46518479593811,12952.846750310022
Оренбургская область,Прежние доли новостей,6,1671,Медногорск,36,456.26994743807467,216.15288844002475,433.9686936586734,0.06474414118836544,0.08333333333333333,-198.72386250426393,16425.71810777069
Оренбургская область,Прежние доли новостей,6,1672,Новотроицк,36,551.9563963447445,165.45145670860995,471.60569815608517,0.0627476703605333,0.25,-237.3513616225223,19870.4302684108
Оренбургская область,Прежние доли новостей,6,1673,Орск,36,446.3528439582672,232.794305971619,271.134393459032,0.048386589124928846,0.2777777777777778,-56.831491826105776,16068.70238249762
Оренбургская область,Прежние доли новостей,6,1674,Соль-Илецкий,36,811.0818093762948,266.45536074320955,715.4507441476691,0.11365216175601507,0.2222222222222222,-283.13521852885555,29198.945137546612
Оренбургская область,Прежние доли новостей,6,1675,Сорочинский,36,552.6619563486297,192.07462087307408,461.97964413257927,0.0728835722213292,0.19444444444444445,-216.62069319216266,19895.830428550667
Оренбургская область,Прежние доли новостей,6,1676,Ясненский,36,997.8018758166652,133.10615169375558,996.5814402430174,0.14495618542563687,0.05555555555555555,-272.0873796279718,35920.86752939995
Оренбургская область,Прежние доли новостей,6,1678,Адамовский,36,552.0040277304767,182.23394708176477,330.21158363103416,0.08933589727839114,0.4444444444444444,-97.31360524851597,19872.14499829716
Оренбургская область,Прежние доли новостей,6,1679,Акбулакский,36,575.502192781237,160.81358487380191,519.68958850819,0.09901065677164998,0.2777777777777778,-189.69642953660795,20718.07894012453
Оренбургская область,Прежние доли новостей,6,1680,Александровский,36,350.3059305155415,153.0747930002033,-186.26869907842593,0.05723849194168359,0.5277777777777778,222.97590610012685,12611.013498559494
Оренбургская область,Прежние доли новостей,6,1681,Асекеевский,36,756.0247213821707,348.1970075259519,540.8801109493099,0.12001821191128637,0.25,-219.45654426492877,27216.889969758144
Оренбургская область,Прежние доли новостей,6,1682,Беляевский,36,526.5341047165856,249.59612302259063,363.2039398390628,0.09864088887511231,0.25,-190.54449510422668,18955.227769797082
Оренбургская область,Прежние доли новостей,6,1683,Бугурусланский,36,777.6240150337808,338.3817940496525,665.8004249431735,0.1009260517896866,0.19444444444444445,-319.457087272279,27994.464541216108
Оренбургская область,Прежние доли новостей,6,1685,Грачёвский,36,492.7475411232317,270.5808819453953,288.31598427359785,0.07772145392918914,0.25,-168.68228097783228,17738.91148043634
Оренбургская область,Прежние доли новостей,6,1686,Домбаровский,36,1240.7950576735468,232.25364549552557,1228.235168875388,0.2120624484366508,0.08333333333333333,-309.32581769687584,44668.62207624769
Оренбургская область,Прежние доли новостей,6,1687,Илекский,36,745.6724295980898,197.73290596599685,627.6407815400912,0.1258223926202542,0.2222222222222222,-228.54340805946129,26844.20746553123
Оренбургская область,Прежние доли новостей,6,1688,Кваркенский,36,420.5719400576624,112.66848316057803,165.32717594651842,0.06728463242457813,0.5,-76.17087380739117,15140.589842075846
Оренбургская область,Прежние доли новостей,6,1689,Красногвардейский,36,620.5506432152197,224.25475484327012,576.2131852794342,0.09326991355867997,0.1388888888888889,-300.69704790543227,22339.82315574791
Оренбургская область,Прежние доли новостей,6,1690,Курманаевский,36,822.8892798639931,285.18981282586674,775.969999409263,0.13422691367553274,0.19444444444444445,-240.37521719445112,29624.01407510375
Оренбургская область,Прежние доли новостей,6,1691,Матвеевский,36,625.795651853302,237.6149510142767,541.133336906802,0.10768744128562968,0.16666666666666666,-232.70998816379455,22528.643466718873
Оренбургская область,Прежние доли новостей,6,1692,Новоорский,36,561.8699499356552,167.72789348526044,458.91058331009145,0.09201722400354646,0.25,-171.83538708300756,20227.318197683588
Оренбургская область,Прежние доли новостей,6,1693,Новосергиевский,36,501.32934493175316,238.2650180403864,340.79989840765234,0.07694279728832085,0.3888888888888889,-120.28381016205923,18047.856417543113
Оренбургская область,Прежние доли новостей,6,1694,Октябрьский,36,526.327306694321,225.74547519975704,346.24750140690446,0.08962364563061068,0.2777777777777778,-162.40219174477676,18947.783040995557
Оренбургская область,Прежние доли новостей,6,1696,Первомайский,36,278.2347065683771,108.58488090615859,153.00766040221643,0.04373288785856248,0.3333333333333333,-21.236084945655715,10016.449436461575
Оренбургская область,Прежние доли новостей,6,1697,Переволоцкий,36,609.0183559996319,194.27117319564388,412.154321369329,0.09949835180069502,0.3888888888888889,-212.8542070331606,21924.66081598675
Оренбургская область,Прежние доли новостей,6,1698,Пономарёвский,36,649.068649347976,162.85704963402213,537.0609018265081,0.10206195129170076,0.2777777777777778,-219.0398466881995,23366.471376527137
Оренбургская область,Прежние доли новостей,6,1699,Сакмарский,36,536.6490961898631,187.29906490752293,398.1729621237727,0.09765789029220012,0.4722222222222222,-175.49916248082454,19319.367462835075
Оренбургская область,Прежние доли новостей,6,1700,Саракташский,36,643.2285285123183,178.11962741377943,598.9308767430517,0.1061900498314415,0.19444444444444445,-243.0881934293106,23156.22702644346
Оренбургская область,Прежние доли новостей,6,1701,Светлинский,36,408.32332066081045,205.55342999406594,325.91836602687204,0.056893755249406576,0.3333333333333333,-137.4150115719976,14699.639543789177
Оренбургская область,Прежние доли новостей,6,1702,Северный,36,823.9871160910969,424.48102853934654,804.3823562271205,0.14252681634817124,0.027777777777777776,-259.0143030146537,29663.53617927949
Оренбургская область,Прежние доли новостей,6,1703,Ташлинский,36,586.4495208499586,200.48300711658987,511.13825368546907,0.09698545943017635,0.16666666666666666,-231.78372223884747,21112.18275059851
Оренбургская область,Прежние доли новостей,6,1704,Тоцкий,36,406.0522325446085,153.00926781431485,212.95784846298363,0.04527636018077832,0.3611111111111111,-16.615183526596265,14617.880371605906
Оренбургская область,Прежние доли новостей,6,1705,Тюльганский,36,641.5904605824317,194.67298752640943,563.098944539978,0.11116314807615599,0.19444444444444445,-203.3114146297408,23097.25658096754
Оренбургская область,Прежние доли новостей,6,1706,Шарлыкский,36,614.2970644217014,267.4518915124075,491.2851586859879,0.1065840313041904,0.19444444444444445,-169.53917054149315,22114.69431918125
Оренбургская область,Прежние доли новостей,12,1665,Оренбург,36,431.7359686957465,289.2843017578125,-178.76388210720486,0.043635037389973624,0.5555555555555556,0.0,15542.494873046875
Оренбургская область,Прежние доли новостей,12,1666,Абдулинский,36,406.6608250935872,203.6995849609375,-135.9172880384657,0.06265075427357521,0.5833333333333334,0.0,14639.78970336914
Оренбургская область,Прежние доли новостей,12,1667,Бугуруслан,36,502.98122151692706,271.1402587890625,-295.7602810329861,0.05530558169426055,0.5,0.0,18107.323974609375
Оренбургская область,Прежние доли новостей,12,1668,Бузулук,36,382.2104763454861,206.54595947265625,-107.46106635199652,0.039908512574576976,0.4444444444444444,0.0,13759.5771484375
Оренбургская область,Прежние доли новостей,12,1669,Гайский,36,719.6139390733507,316.48822021484375,460.3293965657552,0.10382957446570673,0.3055555555555556,0.0,25906.101806640625
Оренбургская область,Прежние доли новостей,12,1670,Кувандыкский,36,415.22500779893664,239.6937255859375,-325.53350321451825,0.0606150688373068,0.6388888888888888,0.0,14948.100280761719
Оренбургская область,Прежние доли новостей,12,1671,Медногорск,36,401.5102132161458,266.658203125,-220.1461181640625,0.056973802633724806,0.6111111111111112,0.0,14454.36767578125
Оренбургская область,Прежние доли новостей,12,1672,Новотроицк,36,364.24649386935766,259.29949951171875,-161.12969970703125,0.041408377688260646,0.5833333333333334,0.0,13112.873779296875
Оренбургская область,Прежние доли новостей,12,1673,Орск,36,614.262671576606,205.9097900390625,-463.65006849500867,0.06658874454743537,0.5555555555555556,0.0,22113.456176757812
Оренбургская область,Прежние доли новостей,12,1674,Соль-Илецкий,36,565.7125820583767,365.79388427734375,241.70164320203992,0.07927000351906881,0.3611111111111111,0.0,20365.652954101562
Оренбургская область,Прежние доли новостей,12,1675,Сорочинский,36,406.91419304741754,223.89373779296875,-237.82516309950086,0.053662749237884805,0.5,0.0,14648.910949707031
Оренбургская область,Прежние доли новостей,12,1676,Ясненский,36,870.072999742296,299.970458984375,613.4017317030165,0.12640030665532437,0.25,0.0,31322.627990722656
Оренбургская область,Прежние доли новостей,12,1678,Адамовский,36,588.2986886766222,207.27774047851562,-394.4193119472927,0.09520979663265824,0.7222222222222222,0.0,21178.7527923584
Оренбургская область,Прежние доли новостей,12,1679,Акбулакский,36,349.4976586235894,178.688232421875,2.533177693684896,0.06012834208892296,0.4722222222222222,0.0,12581.915710449219
Оренбургская область,Прежние доли новостей,12,1680,Александровский,36,1175.2025451660156,541.0735778808594,-1120.1697896321614,0.19202307340996244,0.8055555555555556,0.0,42307.29162597656
Оренбургская область,Прежние доли новостей,12,1681,Асекеевский,36,609.5737728542751,391.6329345703125,-219.7760247124566,0.09676926187312382,0.4722222222222222,0.0,21944.655822753906
Оренбургская область,Прежние доли новостей,12,1682,Беляевский,36,509.3825929429796,280.49346923828125,-296.1112543741862,0.09542772499504208,0.5833333333333334,0.0,18337.773345947266
Оренбургская область,Прежние доли новостей,12,1683,Бугурусланский,36,477.82937961154516,343.2374267578125,6.863749186197917,0.062016388101406125,0.3611111111111111,0.0,17201.857666015625
Оренбургская область,Прежние доли новостей,12,1685,Грачёвский,36,493.69096120198566,191.37841796875,-343.521117316352,0.07787026031393457,0.5833333333333334,0.0,17772.874603271484
Оренбургская область,Прежние доли новостей,12,1686,Домбаровский,36,881.6814058091906,202.7877197265625,714.3606931898329,0.1506868652487472,0.16666666666666666,0.0,31740.53060913086
Оренбургская область,Прежние доли новостей,12,1687,Илекский,36,416.6785481770833,179.362548828125,-20.689676920572918,0.07030901211331146,0.3888888888888889,0.0,15000.427734375
Оренбургская область,Прежние доли новостей,12,1688,Кваркенский,36,658.2766846550835,295.7382354736328,-455.3594873216417,0.10531350416438767,0.6666666666666666,0.0,23697.960647583008
Оренбургская область,Прежние доли новостей,12,1689,Красногвардейский,36,383.088873969184,270.9567565917969,27.314917670355904,0.05757896885783376,0.3611111111111111,0.0,13791.199462890625
Оренбургская область,Прежние доли новостей,12,1690,Курманаевский,36,573.6225102742513,323.69232177734375,83.23074256049262,0.09356736204128231,0.5277777777777778,0.0,20650.410369873047
Оренбургская область,Прежние доли новостей,12,1691,Матвеевский,36,406.0324401855469,241.41351318359375,-14.268452962239584,0.06987040327469689,0.3888888888888889,0.0,14617.167846679688
Оренбургская область,Прежние доли новостей,12,1692,Новоорский,36,457.42657470703125,245.33404541015625,-207.59995863172742,0.07491257290910844,0.5277777777777778,0.0,16467.356689453125
Оренбургская область,Прежние доли новостей,12,1693,Новосергиевский,36,417.8076985677083,202.41473388671875,-344.3666771782769,0.06412410001806558,0.6666666666666666,0.0,15041.0771484375
Оренбургская область,Прежние доли новостей,12,1694,Октябрьский,36,530.213255988227,236.62286376953125,-317.3802702162001,0.09028534974139096,0.6111111111111112,0.0,19087.677215576172
Оренбургская область,Прежние доли новостей,12,1696,Первомайский,36,493.94397226969403,261.9450378417969,-479.65491485595703,0.07763803665656197,0.8055555555555556,0.0,17781.983001708984
Оренбургская область,Прежние доли новостей,12,1697,Переволоцкий,36,498.50074259440106,190.18768310546875,-178.44655185275607,0.08144254072301789,0.4722222222222222,0.0,17946.026733398438
Оренбургская область,Прежние доли новостей,12,1698,Пономарёвский,36,535.911676618788,355.63946533203125,-5.417305416531033,0.08426873103587064,0.5277777777777778,0.0,19292.820358276367
Оренбургская область,Прежние доли новостей,12,1699,Сакмарский,36,430.67956924438477,225.4530792236328,-289.11818822224933,0.07837385439195788,0.8055555555555556,0.0,15504.464492797852
Оренбургская область,Прежние доли новостей,12,1700,Саракташский,36,305.4385986328125,178.94775390625,-84.08770751953125,0.05042459805736504,0.4722222222222222,0.0,10995.78955078125
Оренбургская область,Прежние доли новостей,12,1701,Светлинский,36,381.4365073310004,162.13821411132812,-242.11444346110025,0.053147479443882865,0.5277777777777778,0.0,13731.714263916016
Оренбургская область,Прежние доли новостей,12,1702,Северный,36,410.188225640191,222.58917236328125,88.46964857313368,0.07095113596113352,0.25,0.0,14766.776123046875
Оренбургская область,Прежние доли новостей,12,1703,Ташлинский,36,324.3716574774848,164.41046142578125,-58.468640645345054,0.05364372057289214,0.3888888888888889,0.0,11677.379669189453
Оренбургская область,Прежние доли новостей,12,1704,Тоцкий,36,696.1102617051866,316.2673645019531,-585.5384233262804,0.07761892783347132,0.6111111111111112,0.0,25059.96942138672
Оренбургская область,Прежние доли новостей,12,1705,Тюльганский,36,324.1136703491211,233.01470947265625,-47.12004682752821,0.05615653309093532,0.3611111111111111,0.0,11668.09213256836
Оренбургская область,Прежние доли новостей,12,1706,Шарлыкский,36,549.2144046359592,317.07861328125,-99.50899759928386,0.0952918200114443,0.4444444444444444,0.0,19771.71856689453
Оренбургская область,Новости с уменьшением влияния со временем,1,1665,Оренбург,36,349.88476223415796,197.005859375,54.300079345703125,0.035362433962569974,0.3611111111111111,0.0,12595.851440429688
Оренбургская область,Новости с уменьшением влияния со временем,1,1666,Абдулинский,36,370.920886569553,170.8214111328125,155.17356194390192,0.0571446077060846,0.3888888888888889,0.0,13353.151916503906
Оренбургская область,Новости с уменьшением влияния со временем,1,1667,Бугуруслан,36,342.6276346842448,139.07452392578125,-14.719662136501736,0.03767381331571849,0.4444444444444444,0.0,12334.594848632812
Оренбургская область,Новости с уменьшением влияния со временем,1,1668,Бузулук,36,370.3611348470052,138.39984130859375,105.67543199327257,0.038671263405705085,0.3611111111111111,0.0,13333.000854492188
Оренбургская область,Новости с уменьшением влияния со временем,1,1669,Гайский,36,531.5136006673177,159.6932373046875,444.40014987521704,0.07668949694205124,0.2222222222222222,0.0,19134.489624023438
Оренбургская область,Новости с уменьшением влияния со временем,1,1670,Кувандыкский,36,251.35049608018664,113.792236328125,32.89485507541232,0.03669246152334167,0.3611111111111111,0.0,9048.617858886719
Оренбургская область,Новости с уменьшением влияния со временем,1,1671,Медногорск,36,274.4280192057292,148.29486083984375,142.0234171549479,0.0389409964896069,0.3055555555555556,0.0,9879.40869140625
Оренбургская область,Новости с уменьшением влияния со временем,1,1672,Новотроицк,36,266.44135199652777,126.68310546875,56.57356092664931,0.0302896646115697,0.3888888888888889,0.0,9591.888671875
Оренбургская область,Новости с уменьшением влияния со временем,1,1673,Орск,36,353.21885172526044,139.654296875,-6.356953938802083,0.03829045939988971,0.4444444444444444,0.0,12715.878662109375
Оренбургская область,Новости с уменьшением влияния со временем,1,1674,Соль-Илецкий,36,292.29309421115454,179.20404052734375,68.69081285264757,0.040957325931150625,0.4722222222222222,0.0,10522.551391601562
Оренбургская область,Новости с уменьшением влияния со временем,1,1675,Сорочинский,36,376.1834208170573,149.95895385742188,122.2185295952691,0.049610057657544164,0.3888888888888889,0.0,13542.603149414062
Оренбургская область,Новости с уменьшением влияния со временем,1,1676,Ясненский,36,570.8498704698351,161.59744262695312,480.2220153808594,0.08293051123631107,0.25,0.0,20550.595336914062
Оренбургская область,Новости с уменьшением влияния со временем,1,1678,Адамовский,36,380.4997681511773,102.46293640136719,55.80368084377713,0.06157978292615359,0.5277777777777778,0.0,13697.991653442383
Оренбургская область,Новости с уменьшением влияния со временем,1,1679,Акбулакский,36,339.55685085720484,173.39840698242188,200.47353786892361,0.058418103764662416,0.3333333333333333,0.0,12224.046630859375
Оренбургская область,Новости с уменьшением влияния со временем,1,1680,Александровский,36,333.11550267537433,157.393798828125,-187.76306279500326,0.054429649499434817,0.5833333333333334,0.0,11992.158096313477
Оренбургская область,Новости с уменьшением влияния со временем,1,1681,Асекеевский,36,461.39735921223956,184.09478759765625,190.3740980360243,0.07324639587446753,0.3333333333333333,0.0,16610.304931640625
Оренбургская область,Новости с уменьшением влияния со временем,1,1682,Беляевский,36,351.0053702460395,158.38381958007812,118.76086680094402,0.06575733919390428,0.3611111111111111,0.0,12636.193328857422
Оренбургская область,Новости с уменьшением влияния со временем,1,1683,Бугурусланский,36,342.9918619791667,137.71044921875,145.29580349392361,0.04451613344791907,0.2777777777777778,0.0,12347.70703125
Оренбургская область,Новости с уменьшением влияния со временем,1,1685,Грачёвский,36,367.774408976237,194.12408447265625,3.6992001003689237,0.05800934433568848,0.3611111111111111,0.0,13239.878723144531
Оренбургская область,Новости с уменьшением влияния со временем,1,1686,Домбаровский,36,562.0010842217339,186.91900634765625,483.40946706136066,0.09605077422501257,0.16666666666666666,0.0,20232.039031982422
Оренбургская область,Новости с уменьшением влияния со временем,1,1687,Илекский,36,401.00499640570746,155.73590087890625,232.77202860514322,0.06766430686948896,0.2777777777777778,0.0,14436.179870605469
Оренбургская область,Новости с уменьшением влияния со временем,1,1688,Кваркенский,36,366.71042972140845,105.89413452148438,-34.890081617567276,0.058667671615660194,0.5,0.0,13201.575469970703
Оренбургская область,Новости с уменьшением влияния со временем,1,1689,Красногвардейский,36,336.5944535997179,105.279296875,158.31478881835938,0.05059077117206157,0.3333333333333333,0.0,12117.400329589844
Оренбургская область,Новости с уменьшением влияния со временем,1,1690,Курманаевский,36,460.8373387654622,226.8140869140625,281.60237375895184,0.07517022666665145,0.3333333333333333,0.0,16590.14419555664
Оренбургская область,Новости с уменьшением влияния со временем,1,1691,Матвеевский,36,414.3037389119466,159.94140625,184.84497833251953,0.07129373530539607,0.3333333333333333,0.0,14914.934600830078
Оренбургская область,Новости с уменьшением влияния со временем,1,1692,Новоорский,36,332.8694101969401,119.8255615234375,166.28738572862414,0.054513894337164526,0.2777777777777778,0.0,11983.298767089844
Оренбургская область,Новости с уменьшением влияния со временем,1,1693,Новосергиевский,36,307.95953792995874,103.21661376953125,75.62713368733723,0.047264873958605895,0.4166666666666667,0.0,11086.543365478516
Оренбургская область,Новости с уменьшением влияния со временем,1,1694,Октябрьский,36,391.1735254923503,175.09463500976562,64.07950761583116,0.06660949751779491,0.4722222222222222,0.0,14082.24691772461
Оренбургская область,Новости с уменьшением влияния со временем,1,1696,Первомайский,36,224.97268676757812,101.67767333984375,-4.191796196831597,0.035361171878922674,0.4722222222222222,0.0,8099.0167236328125
Оренбургская область,Новости с уменьшением влияния со временем,1,1697,Переволоцкий,36,348.01971266004773,112.80728149414062,87.54718865288629,0.0568577079207891,0.3888888888888889,0.0,12528.709655761719
Оренбургская область,Новости с уменьшением влияния со временем,1,1698,Пономарёвский,36,333.9106224907769,103.35038757324219,176.85691494411893,0.052505339339174506,0.4444444444444444,0.0,12020.782409667969
Оренбургская область,Новости с уменьшением влияния со временем,1,1699,Сакмарский,36,311.6902381049262,205.7161102294922,126.78127204047308,0.05672051121321833,0.4722222222222222,0.0,11220.848571777344
Оренбургская область,Новости с уменьшением влияния со временем,1,1700,Саракташский,36,372.8795437282986,143.52914428710938,241.0621134440104,0.061558366232935056,0.2777777777777778,0.0,13423.66357421875
Оренбургская область,Новости с уменьшением влияния со временем,1,1701,Светлинский,36,246.46511840820312,95.5389404296875,84.04480319552951,0.03434123258387318,0.3611111111111111,0.0,8872.744262695312
Оренбургская область,Новости с уменьшением влияния со временем,1,1702,Северный,36,471.75233374701605,212.26715087890625,364.5454923841688,0.08160001160303171,0.1388888888888889,0.0,16983.084014892578
Оренбургская область,Новости с уменьшением влияния со временем,1,1703,Ташлинский,36,356.62753041585285,145.09576416015625,160.7250951131185,0.058978110908338245,0.3055555555555556,0.0,12838.591094970703
Оренбургская область,Новости с уменьшением влияния со временем,1,1704,Тоцкий,36,344.297356499566,178.2171630859375,-126.86199951171875,0.0383904578592648,0.5833333333333334,0.0,12394.704833984375
Оренбургская область,Новости с уменьшением влияния со временем,1,1705,Тюльганский,36,422.51708645290796,129.19027709960938,235.66414388020834,0.07320609069441754,0.2222222222222222,0.0,15210.615112304688
Оренбургская область,Новости с уменьшением влияния со временем,1,1706,Шарлыкский,36,392.9415469699436,167.8795166015625,190.26438903808594,0.06817759121539751,0.3055555555555556,0.0,14145.895690917969
Оренбургская область,Новости с уменьшением влияния со временем,3,1665,Оренбург,36,481.61152311163306,213.33542330949695,142.38797136882604,0.04867589995316806,0.4166666666666667,-40.507112304341454,17338.01483201879
Оренбургская область,Новости с уменьшением влияния со временем,3,1666,Абдулинский,36,434.9138560156058,201.88669880458417,190.79879597130795,0.06700345703851882,0.4166666666666667,-29.24882543021081,15656.898816561808
Оренбургская область,Новости с уменьшением влияния со временем,3,1667,Бугуруслан,36,437.52957268157684,136.53660375818083,17.39368926810268,0.04810880901799535,0.5,2.022771746591559,15751.064616536767
Оренбургская область,Новости с уменьшением влияния со временем,3,1668,Бузулук,36,493.0380494518596,161.30370267468368,193.89987999118406,0.0514805752694979,0.3888888888888889,-43.95629286006261,17749.369780266945
Оренбургская область,Новости с уменьшением влияния со временем,3,1669,Гайский,36,671.1697053310488,164.4807003797382,609.1430225749352,0.09683979299863633,0.19444444444444445,-31.61555527950806,24162.10939191776
Оренбургская область,Новости с уменьшением влияния со временем,3,1670,Кувандыкский,36,310.7422558827376,136.48974112015281,55.100772602967844,0.04536254531208989,0.3611111111111111,-3.4843365712141576,11186.721211778553
Оренбургская область,Новости с уменьшением влияния со временем,3,1671,Медногорск,36,328.2626636835388,160.93451740279806,166.3539528874092,0.04658006595378592,0.3333333333333333,-16.12339332492333,11817.455892607397
Оренбургская область,Новости с уменьшением влияния со временем,3,1672,Новотроицк,36,381.0261367962257,172.7961060076086,128.876245568874,0.04331592602018532,0.4166666666666667,-30.29377256553989,13716.940924664126
Оренбургская область,Новости с уменьшением влияния со временем,3,1673,Орск,36,430.48486049625495,206.8989230515541,13.983721619797779,0.04666643072018181,0.4444444444444444,-7.3873297074094415,15497.454977865178
Оренбургская область,Новости с уменьшением влияния со временем,3,1674,Соль-Илецкий,36,468.3414371076326,223.99305392363306,171.5256553957439,0.06562595308127113,0.4166666666666667,-31.436085680766226,16860.291735874773
Оренбургская область,Новости с уменьшением влияния со временем,3,1675,Сорочинский,36,472.9318161342031,173.65456062878354,186.59603164799603,0.06236897579256912,0.3888888888888889,-34.817153116082395,17025.54538083131
Оренбургская область,Новости с уменьшением влияния со временем,3,1676,Ясненский,36,659.3555587725023,183.1471267433662,570.1861426175916,0.09578822104400671,0.25,-24.45041757784092,23736.80011581008
Оренбургская область,Новости с уменьшением влияния со временем,3,1678,Адамовский,36,457.06105904821897,153.62555971557458,106.26816560873021,0.07397040197145283,0.5,-12.069074151029234,16454.198125735882
Оренбургская область,Новости с уменьшением влияния со временем,3,1679,Акбулакский,36,399.8735992747963,179.9263985421308,243.5553697894635,0.06879512916971801,0.3611111111111111,-26.415184561254623,14395.449573892665
Оренбургская область,Новости с уменьшением влияния со временем,3,1680,Александровский,36,358.9700490123063,148.39949424571196,-243.90243971069256,0.058654171876159775,0.5555555555555556,31.1299604820513,12922.921764443026
Оренбургская область,Новости с уменьшением влияния со временем,3,1681,Асекеевский,36,581.8579556194059,218.48430306920943,287.0351938447652,0.09236940201125624,0.25,-25.993293872850877,20946.88640229861
Оренбургская область,Новости с уменьшением влияния со временем,3,1682,Беляевский,36,394.05162417080487,142.55790302076196,138.85950883546215,0.07382162356190013,0.3055555555555556,-32.506719250014925,14185.858470148976
Оренбургская область,Новости с уменьшением влияния со временем,3,1683,Бугурусланский,36,492.61588510126904,172.65096825679484,251.2963715901104,0.06393549500910564,0.3333333333333333,-42.00533347909032,17734.171863645686
Оренбургская область,Новости с уменьшением влияния со временем,3,1685,Грачёвский,36,397.0879838620367,146.93105163152984,15.978604522192468,0.06263299736253684,0.3888888888888889,-15.326635561526754,14295.167419033321
Оренбургская область,Новости с уменьшением влияния со временем,3,1686,Домбаровский,36,758.4090782163871,170.05330794167583,709.2203556141528,0.1296185740332509,0.19444444444444445,-23.35253338267403,27302.726815789934
Оренбургская область,Новости с уменьшением влияния со временем,3,1687,Илекский,36,489.83277625962364,135.8374054295321,304.32568438941956,0.08265282374195665,0.3333333333333333,-18.64170824611454,17633.97994534645
Оренбургская область,Новости с уменьшением влияния со временем,3,1688,Кваркенский,36,408.48693240653023,131.1057086111038,-56.518004953178576,0.06535122883720815,0.5555555555555556,-23.036987592483992,14705.529566635088
Оренбургская область,Новости с уменьшением влияния со временем,3,1689,Красногвардейский,36,417.1014598405243,96.1232856926215,243.6943262786174,0.06269112364940786,0.3333333333333333,-36.26251042510542,15015.652554258873
Оренбургская область,Новости с уменьшением влияния со временем,3,1690,Курманаевский,36,565.5310518704696,247.2031241704634,405.2667543947258,0.09224751073777147,0.3333333333333333,-25.157181868570596,20359.117867336903
Оренбургская область,Новости с уменьшением влияния со временем,3,1691,Матвеевский,36,481.4938485736016,161.02227431761378,237.35072932613042,0.08285586579917047,0.3055555555555556,-28.771699254482655,17333.778548649658
Оренбургская область,Новости с уменьшением влияния со временем,3,1692,Новоорский,36,370.3735275458686,130.92934558461042,218.91614567559742,0.06065592910436796,0.3333333333333333,-1.2954966417344547,13333.44699165127
Оренбургская область,Новости с уменьшением влияния со временем,3,1693,Новосергиевский,36,380.83828923453774,148.01312258049347,78.51700256190287,0.05845012581937124,0.5277777777777778,1.979242775010917,13710.178412443358
Оренбургская область,Новости с уменьшением влияния со временем,3,1694,Октябрьский,36,447.2020464004662,189.37834503023817,76.94785362070898,0.07615010131928569,0.4166666666666667,-21.770597358039964,16099.273670416784
Оренбургская область,Новости с уменьшением влияния со временем,3,1696,Первомайский,36,278.43747915412285,146.6570656538588,-59.57460363279188,0.04376475962201925,0.5555555555555556,7.6651345069014525,10023.749249548422
Оренбургская область,Новости с уменьшением влияния со временем,3,1697,Переволоцкий,36,412.58931489145954,110.02769276809408,120.10369876944611,0.06740676434111124,0.4166666666666667,-29.963761336500752,14853.215336092544
Оренбургская область,Новости с уменьшением влияния со временем,3,1698,Пономарёвский,36,399.5297902661042,151.61072813382611,213.36093724100934,0.06282353959736771,0.4722222222222222,-22.95951591307683,14383.072449579751
Оренбургская область,Новости с уменьшением влияния со временем,3,1699,Сакмарский,36,364.9080359909517,223.60369604717417,121.0027568106147,0.06640493610919775,0.6111111111111112,-23.91374362577159,13136.689295674261
Оренбургская область,Новости с уменьшением влияния со временем,3,1700,Саракташский,36,454.80105896737064,190.69616281481365,299.35513097572635,0.07508271939809112,0.3333333333333333,-32.122566739180485,16372.838122825342
Оренбургская область,Новости с уменьшением влияния со временем,3,1701,Светлинский,36,267.4644492546661,152.55864444890813,70.93532988230382,0.03726717565184804,0.4444444444444444,-3.9094362338327704,9628.720173167978
Оренбургская область,Новости с уменьшением влияния со временем,3,1702,Северный,36,559.627144473004,190.50215914358296,480.9750379034908,0.09679990583121832,0.19444444444444445,-17.55900719815581,20146.577201028143
Оренбургская область,Новости с уменьшением влияния со временем,3,1703,Ташлинский,36,432.6528490319114,128.87754666924252,217.20486797332381,0.07155097556618221,0.3055555555555556,-28.620947990244783,15575.50256514881
Оренбургская область,Новости с уменьшением влияния со временем,3,1704,Тоцкий,36,371.9305332562296,155.8156758049605,-125.57760894836994,0.04147166161458799,0.4722222222222222,-5.450552787479517,13389.499197224264
Оренбургская область,Новости с уменьшением влияния со временем,3,1705,Тюльганский,36,479.152427296179,121.97083929273828,290.305396716489,0.08301883444186797,0.2777777777777778,-32.48905313710795,17249.487382662443
Оренбургская область,Новости с уменьшением влияния со временем,3,1706,Шарлыкский,36,413.2750715313132,171.99399358567905,215.91004498117422,0.07170557326820737,0.2777777777777778,-15.499545272632636,14877.902575127275
Оренбургская область,Новости с уменьшением влияния со временем,6,1665,Оренбург,36,345.46090020073785,174.9429931640625,-24.704396565755207,0.03491531952404051,0.3888888888888889,0.0,12436.592407226562
Оренбургская область,Новости с уменьшением влияния со временем,6,1666,Абдулинский,36,357.3097110324436,188.7398681640625,125.39909023708768,0.05504765033687233,0.3611111111111111,0.0,12863.149597167969
Оренбургская область,Новости с уменьшением влияния со временем,6,1667,Бугуруслан,36,365.7507900661892,128.667724609375,-106.72681681315105,0.04021633280610502,0.4444444444444444,0.0,13167.028442382812
Оренбургская область,Новости с уменьшением влияния со временем,6,1668,Бузулук,36,342.6205240885417,175.6868896484375,40.9022216796875,0.03577472712060369,0.3611111111111111,0.0,12334.3388671875
Оренбургская область,Новости с уменьшением влияния со временем,6,1669,Гайский,36,742.4234161376953,168.86566162109375,670.9865536159939,0.1071206423130387,0.08333333333333333,0.0,26727.24298095703
Оренбургская область,Новости с уменьшением влияния со временем,6,1670,Кувандыкский,36,257.33611382378473,103.37786865234375,-60.27191840277778,0.03756624952923579,0.4166666666666667,0.0,9264.10009765625
Оренбургская область,Новости с уменьшением влияния со временем,6,1671,Медногорск,36,257.5460849338108,188.76416015625,44.773044162326386,0.03654547089741976,0.25,0.0,9271.659057617188
Оренбургская область,Новости с уменьшением влияния со временем,6,1672,Новотроицк,36,314.60503472222223,166.4356689453125,-11.965752495659721,0.03576502264172393,0.4166666666666667,0.0,11325.78125
Оренбургская область,Новости с уменьшением влияния со временем,6,1673,Орск,36,389.52135213216144,136.12310791015625,-222.1439242892795,0.042225808295214586,0.5833333333333334,0.0,14022.768676757812
Оренбургская область,Новости с уменьшением влияния со временем,6,1674,Соль-Илецкий,36,527.9465908474392,232.227294921875,332.44099595811633,0.07397807551333248,0.25,0.0,19006.077270507812
Оренбургская область,Новости с уменьшением влияния со временем,6,1675,Сорочинский,36,336.04126315646704,179.8154296875,52.76197984483507,0.0443162178819508,0.3055555555555556,0.0,12097.485473632812
Оренбургская область,Новости с уменьшением влияния со временем,6,1676,Ясненский,36,725.7144961886936,165.80242919921875,641.2103051079644,0.10542855012123634,0.19444444444444445,0.0,26125.72186279297
Оренбургская область,Новости с уменьшением влияния со временем,6,1678,Адамовский,36,454.6904224819607,196.73907470703125,-18.635342491997612,0.07358674001587187,0.5833333333333334,0.0,16368.855209350586
Оренбургская область,Новости с уменьшением влияния со временем,6,1679,Акбулакский,36,385.8057632446289,203.95211791992188,211.46514807807074,0.06637486787067512,0.3888888888888889,0.0,13889.00747680664
Оренбургская область,Новости с уменьшением влияния со временем,6,1680,Александровский,36,573.2818366156685,187.833740234375,-508.13143581814234,0.09367180206497731,0.6944444444444444,0.0,20638.146118164062
Оренбургская область,Новости с уменьшением влияния со временем,6,1681,Асекеевский,36,536.5681771172417,324.8822021484375,187.0010553995768,0.08517969236293872,0.3055555555555556,0.0,19316.454376220703
Оренбургская область,Новости с уменьшением влияния со временем,6,1682,Беляевский,36,335.98960961235895,176.7147216796875,79.94256846110027,0.06294428689059825,0.3888888888888889,0.0,12095.625946044922
Оренбургская область,Новости с уменьшением влияния со временем,6,1683,Бугурусланский,36,458.1669277615017,200.9678955078125,250.0452643500434,0.05946444320854747,0.3055555555555556,0.0,16494.009399414062
Оренбургская область,Новости с уменьшением влияния со временем,6,1685,Грачёвский,36,324.0652601453993,157.5765380859375,-35.54562208387587,0.05111506620414032,0.3611111111111111,0.0,11666.349365234375
Оренбургская область,Новости с уменьшением влияния со временем,6,1686,Домбаровский,36,931.469239976671,256.262939453125,847.9533962673611,0.15919603036076013,0.1388888888888889,0.0,33532.892639160156
Оренбургская область,Новости с уменьшением влияния со временем,6,1687,Илекский,36,517.1290215386284,176.840087890625,305.1566670735677,0.08725870529829212,0.3055555555555556,0.0,18616.644775390625
Оренбургская область,Новости с уменьшением влияния со временем,6,1688,Кваркенский,36,344.40106625027124,99.68084716796875,-161.31066385904947,0.05509853830501667,0.6111111111111112,0.0,12398.438385009766
Оренбургская область,Новости с уменьшением влияния со временем,6,1689,Красногвардейский,36,319.85359530978735,134.286376953125,215.59166293674045,0.048074589096236374,0.25,0.0,11514.729431152344
Оренбургская область,Новости с уменьшением влияния со временем,6,1690,Курманаевский,36,582.5140626695421,298.0107421875,430.61383480495874,0.09501772196819913,0.3611111111111111,0.0,20970.506256103516
Оренбургская область,Новости с уменьшением влияния со временем,6,1691,Матвеевский,36,393.0856636895074,164.904296875,223.79212527804904,0.0676425111031446,0.25,0.0,14151.083892822266
Оренбургская область,Новости с уменьшением влияния со временем,6,1692,Новоорский,36,390.0345628526476,138.84063720703125,112.07886759440105,0.0638758092388594,0.4166666666666667,0.0,14041.244262695312
Оренбургская область,Новости с уменьшением влияния со временем,6,1693,Новосергиевский,36,381.04553476969403,219.4674072265625,0.5812420315212674,0.05848193335539851,0.4722222222222222,0.0,13717.639251708984
Оренбургская область,Новости с уменьшением влияния со временем,6,1694,Октябрьский,36,363.92511494954425,237.53076171875,35.52054341634115,0.061969605459326886,0.3333333333333333,0.0,13101.304138183594
Оренбургская область,Новости с уменьшением влияния со временем,6,1696,Первомайский,36,256.9986216227214,96.07145690917969,-170.7618408203125,0.04039500333316438,0.6666666666666666,0.0,9251.950378417969
Оренбургская область,Новости с уменьшением влияния со временем,6,1697,Переволоцкий,36,396.1641489664714,158.9178466796875,88.682615492079,0.06472330345444094,0.3888888888888889,0.0,14261.909362792969
Оренбургская область,Новости с уменьшением влияния со временем,6,1698,Пономарёвский,36,430.0288026597765,145.4403839111328,197.06078338623047,0.06761931693231513,0.4722222222222222,0.0,15481.036895751953
Оренбургская область,Новости с уменьшением влияния со временем,6,1699,Сакмарский,36,361.14993370903863,229.7964630126953,111.84711625840929,0.06572104724595425,0.5833333333333334,0.0,13001.39761352539
Оренбургская область,Новости с уменьшением влияния со временем,6,1700,Саракташский,36,400.1403350830078,215.74267578125,267.43675910101996,0.06605882705530615,0.2777777777777778,0.0,14405.052062988281
Оренбургская область,Новости с уменьшением влияния со временем,6,1701,Светлинский,36,270.9083090888129,114.1673583984375,-61.19878217909071,0.03774702607577221,0.5277777777777778,0.0,9752.699127197266
Оренбургская область,Новости с уменьшением влияния со временем,6,1702,Северный,36,564.9728130764431,338.9171142578125,464.4592564900716,0.09772455757931231,0.16666666666666666,0.0,20339.021270751953
Оренбургская область,Новости с уменьшением влияния со временем,6,1703,Ташлинский,36,354.6657986111111,155.6932373046875,179.31586371527777,0.058653684928612115,0.25,0.0,12767.96875
Оренбургская область,Новости с уменьшением влияния со временем,6,1704,Тоцкий,36,389.43704901801215,145.00927734375,-255.2196011013455,0.04342370435592143,0.6111111111111112,0.0,14019.733764648438
Оренбургская область,Новости с уменьшением влияния со временем,6,1705,Тюльганский,36,438.279045952691,160.51513671875,254.24116855197482,0.07593703690620217,0.3055555555555556,0.0,15778.045654296875
Оренбургская область,Новости с уменьшением влияния со временем,6,1706,Шарлыкский,36,444.7578938802083,227.141357421875,190.3590087890625,0.07716802184093144,0.2777777777777778,0.0,16011.2841796875
Оренбургская область,Новости с уменьшением влияния со временем,12,1665,Оренбург,36,431.7359686957465,289.2843017578125,-178.76388210720486,0.043635037389973624,0.5555555555555556,0.0,15542.494873046875
Оренбургская область,Новости с уменьшением влияния со временем,12,1666,Абдулинский,36,406.6608250935872,203.6995849609375,-135.9172880384657,0.06265075427357521,0.5833333333333334,0.0,14639.78970336914
Оренбургская область,Новости с уменьшением влияния со временем,12,1667,Бугуруслан,36,502.98122151692706,271.1402587890625,-295.7602810329861,0.05530558169426055,0.5,0.0,18107.323974609375
Оренбургская область,Новости с уменьшением влияния со временем,12,1668,Бузулук,36,382.2104763454861,206.54595947265625,-107.46106635199652,0.039908512574576976,0.4444444444444444,0.0,13759.5771484375
Оренбургская область,Новости с уменьшением влияния со временем,12,1669,Гайский,36,719.6139390733507,316.48822021484375,460.3293965657552,0.10382957446570673,0.3055555555555556,0.0,25906.101806640625
Оренбургская область,Новости с уменьшением влияния со временем,12,1670,Кувандыкский,36,415.22500779893664,239.6937255859375,-325.53350321451825,0.0606150688373068,0.6388888888888888,0.0,14948.100280761719
Оренбургская область,Новости с уменьшением влияния со временем,12,1671,Медногорск,36,401.5102132161458,266.658203125,-220.1461181640625,0.056973802633724806,0.6111111111111112,0.0,14454.36767578125
Оренбургская область,Новости с уменьшением влияния со временем,12,1672,Новотроицк,36,364.24649386935766,259.29949951171875,-161.12969970703125,0.041408377688260646,0.5833333333333334,0.0,13112.873779296875
Оренбургская область,Новости с уменьшением влияния со временем,12,1673,Орск,36,614.262671576606,205.9097900390625,-463.65006849500867,0.06658874454743537,0.5555555555555556,0.0,22113.456176757812
Оренбургская область,Новости с уменьшением влияния со временем,12,1674,Соль-Илецкий,36,565.7125820583767,365.79388427734375,241.70164320203992,0.07927000351906881,0.3611111111111111,0.0,20365.652954101562
Оренбургская область,Новости с уменьшением влияния со временем,12,1675,Сорочинский,36,406.91419304741754,223.89373779296875,-237.82516309950086,0.053662749237884805,0.5,0.0,14648.910949707031
Оренбургская область,Новости с уменьшением влияния со временем,12,1676,Ясненский,36,870.072999742296,299.970458984375,613.4017317030165,0.12640030665532437,0.25,0.0,31322.627990722656
Оренбургская область,Новости с уменьшением влияния со временем,12,1678,Адамовский,36,588.2986886766222,207.27774047851562,-394.4193119472927,0.09520979663265824,0.7222222222222222,0.0,21178.7527923584
Оренбургская область,Новости с уменьшением влияния со временем,12,1679,Акбулакский,36,349.4976586235894,178.688232421875,2.533177693684896,0.06012834208892296,0.4722222222222222,0.0,12581.915710449219
Оренбургская область,Новости с уменьшением влияния со временем,12,1680,Александровский,36,1175.2025451660156,541.0735778808594,-1120.1697896321614,0.19202307340996244,0.8055555555555556,0.0,42307.29162597656
Оренбургская область,Новости с уменьшением влияния со временем,12,1681,Асекеевский,36,609.5737728542751,391.6329345703125,-219.7760247124566,0.09676926187312382,0.4722222222222222,0.0,21944.655822753906
Оренбургская область,Новости с уменьшением влияния со временем,12,1682,Беляевский,36,509.3825929429796,280.49346923828125,-296.1112543741862,0.09542772499504208,0.5833333333333334,0.0,18337.773345947266
Оренбургская область,Новости с уменьшением влияния со временем,12,1683,Бугурусланский,36,477.82937961154516,343.2374267578125,6.863749186197917,0.062016388101406125,0.3611111111111111,0.0,17201.857666015625
Оренбургская область,Новости с уменьшением влияния со временем,12,1685,Грачёвский,36,493.69096120198566,191.37841796875,-343.521117316352,0.07787026031393457,0.5833333333333334,0.0,17772.874603271484
Оренбургская область,Новости с уменьшением влияния со временем,12,1686,Домбаровский,36,881.6814058091906,202.7877197265625,714.3606931898329,0.1506868652487472,0.16666666666666666,0.0,31740.53060913086
Оренбургская область,Новости с уменьшением влияния со временем,12,1687,Илекский,36,416.6785481770833,179.362548828125,-20.689676920572918,0.07030901211331146,0.3888888888888889,0.0,15000.427734375
Оренбургская область,Новости с уменьшением влияния со временем,12,1688,Кваркенский,36,658.2766846550835,295.7382354736328,-455.3594873216417,0.10531350416438767,0.6666666666666666,0.0,23697.960647583008
Оренбургская область,Новости с уменьшением влияния со временем,12,1689,Красногвардейский,36,383.088873969184,270.9567565917969,27.314917670355904,0.05757896885783376,0.3611111111111111,0.0,13791.199462890625
Оренбургская область,Новости с уменьшением влияния со временем,12,1690,Курманаевский,36,573.6225102742513,323.69232177734375,83.23074256049262,0.09356736204128231,0.5277777777777778,0.0,20650.410369873047
Оренбургская область,Новости с уменьшением влияния со временем,12,1691,Матвеевский,36,406.0324401855469,241.41351318359375,-14.268452962239584,0.06987040327469689,0.3888888888888889,0.0,14617.167846679688
Оренбургская область,Новости с уменьшением влияния со временем,12,1692,Новоорский,36,457.42657470703125,245.33404541015625,-207.59995863172742,0.07491257290910844,0.5277777777777778,0.0,16467.356689453125
Оренбургская область,Новости с уменьшением влияния со временем,12,1693,Новосергиевский,36,417.8076985677083,202.41473388671875,-344.3666771782769,0.06412410001806558,0.6666666666666666,0.0,15041.0771484375
Оренбургская область,Новости с уменьшением влияния со временем,12,1694,Октябрьский,36,530.213255988227,236.62286376953125,-317.3802702162001,0.09028534974139096,0.6111111111111112,0.0,19087.677215576172
Оренбургская область,Новости с уменьшением влияния со временем,12,1696,Первомайский,36,493.94397226969403,261.9450378417969,-479.65491485595703,0.07763803665656197,0.8055555555555556,0.0,17781.983001708984
Оренбургская область,Новости с уменьшением влияния со временем,12,1697,Переволоцкий,36,498.50074259440106,190.18768310546875,-178.44655185275607,0.08144254072301789,0.4722222222222222,0.0,17946.026733398438
Оренбургская область,Новости с уменьшением влияния со временем,12,1698,Пономарёвский,36,535.911676618788,355.63946533203125,-5.417305416531033,0.08426873103587064,0.5277777777777778,0.0,19292.820358276367
Оренбургская область,Новости с уменьшением влияния со временем,12,1699,Сакмарский,36,430.67956924438477,225.4530792236328,-289.11818822224933,0.07837385439195788,0.8055555555555556,0.0,15504.464492797852
Оренбургская область,Новости с уменьшением влияния со временем,12,1700,Саракташский,36,305.4385986328125,178.94775390625,-84.08770751953125,0.05042459805736504,0.4722222222222222,0.0,10995.78955078125
Оренбургская область,Новости с уменьшением влияния со временем,12,1701,Светлинский,36,381.4365073310004,162.13821411132812,-242.11444346110025,0.053147479443882865,0.5277777777777778,0.0,13731.714263916016
Оренбургская область,Новости с уменьшением влияния со временем,12,1702,Северный,36,410.188225640191,222.58917236328125,88.46964857313368,0.07095113596113352,0.25,0.0,14766.776123046875
Оренбургская область,Новости с уменьшением влияния со временем,12,1703,Ташлинский,36,324.3716574774848,164.41046142578125,-58.468640645345054,0.05364372057289214,0.3888888888888889,0.0,11677.379669189453
Оренбургская область,Новости с уменьшением влияния со временем,12,1704,Тоцкий,36,696.1102617051866,316.2673645019531,-585.5384233262804,0.07761892783347132,0.6111111111111112,0.0,25059.96942138672
Оренбургская область,Новости с уменьшением влияния со временем,12,1705,Тюльганский,36,324.1136703491211,233.01470947265625,-47.12004682752821,0.05615653309093532,0.3611111111111111,0.0,11668.09213256836
Оренбургская область,Новости с уменьшением влияния со временем,12,1706,Шарлыкский,36,549.2144046359592,317.07861328125,-99.50899759928386,0.0952918200114443,0.4444444444444444,0.0,19771.71856689453
Оренбургская область,Только количество новостей,1,1665,Оренбург,36,349.88476223415796,197.005859375,54.300079345703125,0.035362433962569974,0.3611111111111111,0.0,12595.851440429688
Оренбургская область,Только количество новостей,1,1666,Абдулинский,36,370.920886569553,170.8214111328125,155.17356194390192,0.0571446077060846,0.3888888888888889,0.0,13353.151916503906
Оренбургская область,Только количество новостей,1,1667,Бугуруслан,36,342.6276346842448,139.07452392578125,-14.719662136501736,0.03767381331571849,0.4444444444444444,0.0,12334.594848632812
Оренбургская область,Только количество новостей,1,1668,Бузулук,36,370.3611348470052,138.39984130859375,105.67543199327257,0.038671263405705085,0.3611111111111111,0.0,13333.000854492188
Оренбургская область,Только количество новостей,1,1669,Гайский,36,531.5136006673177,159.6932373046875,444.40014987521704,0.07668949694205124,0.2222222222222222,0.0,19134.489624023438
Оренбургская область,Только количество новостей,1,1670,Кувандыкский,36,251.35049608018664,113.792236328125,32.89485507541232,0.03669246152334167,0.3611111111111111,0.0,9048.617858886719
Оренбургская область,Только количество новостей,1,1671,Медногорск,36,274.4280192057292,148.29486083984375,142.0234171549479,0.0389409964896069,0.3055555555555556,0.0,9879.40869140625
Оренбургская область,Только количество новостей,1,1672,Новотроицк,36,266.44135199652777,126.68310546875,56.57356092664931,0.0302896646115697,0.3888888888888889,0.0,9591.888671875
Оренбургская область,Только количество новостей,1,1673,Орск,36,353.21885172526044,139.654296875,-6.356953938802083,0.03829045939988971,0.4444444444444444,0.0,12715.878662109375
Оренбургская область,Только количество новостей,1,1674,Соль-Илецкий,36,292.29309421115454,179.20404052734375,68.69081285264757,0.040957325931150625,0.4722222222222222,0.0,10522.551391601562
Оренбургская область,Только количество новостей,1,1675,Сорочинский,36,376.1834208170573,149.95895385742188,122.2185295952691,0.049610057657544164,0.3888888888888889,0.0,13542.603149414062
Оренбургская область,Только количество новостей,1,1676,Ясненский,36,570.8498704698351,161.59744262695312,480.2220153808594,0.08293051123631107,0.25,0.0,20550.595336914062
Оренбургская область,Только количество новостей,1,1678,Адамовский,36,380.4997681511773,102.46293640136719,55.80368084377713,0.06157978292615359,0.5277777777777778,0.0,13697.991653442383
Оренбургская область,Только количество новостей,1,1679,Акбулакский,36,339.55685085720484,173.39840698242188,200.47353786892361,0.058418103764662416,0.3333333333333333,0.0,12224.046630859375
Оренбургская область,Только количество новостей,1,1680,Александровский,36,333.11550267537433,157.393798828125,-187.76306279500326,0.054429649499434817,0.5833333333333334,0.0,11992.158096313477
Оренбургская область,Только количество новостей,1,1681,Асекеевский,36,461.39735921223956,184.09478759765625,190.3740980360243,0.07324639587446753,0.3333333333333333,0.0,16610.304931640625
Оренбургская область,Только количество новостей,1,1682,Беляевский,36,351.0053702460395,158.38381958007812,118.76086680094402,0.06575733919390428,0.3611111111111111,0.0,12636.193328857422
Оренбургская область,Только количество новостей,1,1683,Бугурусланский,36,342.9918619791667,137.71044921875,145.29580349392361,0.04451613344791907,0.2777777777777778,0.0,12347.70703125
Оренбургская область,Только количество новостей,1,1685,Грачёвский,36,367.774408976237,194.12408447265625,3.6992001003689237,0.05800934433568848,0.3611111111111111,0.0,13239.878723144531
Оренбургская область,Только количество новостей,1,1686,Домбаровский,36,562.0010842217339,186.91900634765625,483.40946706136066,0.09605077422501257,0.16666666666666666,0.0,20232.039031982422
Оренбургская область,Только количество новостей,1,1687,Илекский,36,401.00499640570746,155.73590087890625,232.77202860514322,0.06766430686948896,0.2777777777777778,0.0,14436.179870605469
Оренбургская область,Только количество новостей,1,1688,Кваркенский,36,366.71042972140845,105.89413452148438,-34.890081617567276,0.058667671615660194,0.5,0.0,13201.575469970703
Оренбургская область,Только количество новостей,1,1689,Красногвардейский,36,336.5944535997179,105.279296875,158.31478881835938,0.05059077117206157,0.3333333333333333,0.0,12117.400329589844
Оренбургская область,Только количество новостей,1,1690,Курманаевский,36,460.8373387654622,226.8140869140625,281.60237375895184,0.07517022666665145,0.3333333333333333,0.0,16590.14419555664
Оренбургская область,Только количество новостей,1,1691,Матвеевский,36,414.3037389119466,159.94140625,184.84497833251953,0.07129373530539607,0.3333333333333333,0.0,14914.934600830078
Оренбургская область,Только количество новостей,1,1692,Новоорский,36,332.8694101969401,119.8255615234375,166.28738572862414,0.054513894337164526,0.2777777777777778,0.0,11983.298767089844
Оренбургская область,Только количество новостей,1,1693,Новосергиевский,36,307.95953792995874,103.21661376953125,75.62713368733723,0.047264873958605895,0.4166666666666667,0.0,11086.543365478516
Оренбургская область,Только количество новостей,1,1694,Октябрьский,36,391.1735254923503,175.09463500976562,64.07950761583116,0.06660949751779491,0.4722222222222222,0.0,14082.24691772461
Оренбургская область,Только количество новостей,1,1696,Первомайский,36,224.97268676757812,101.67767333984375,-4.191796196831597,0.035361171878922674,0.4722222222222222,0.0,8099.0167236328125
Оренбургская область,Только количество новостей,1,1697,Переволоцкий,36,348.01971266004773,112.80728149414062,87.54718865288629,0.0568577079207891,0.3888888888888889,0.0,12528.709655761719
Оренбургская область,Только количество новостей,1,1698,Пономарёвский,36,333.9106224907769,103.35038757324219,176.85691494411893,0.052505339339174506,0.4444444444444444,0.0,12020.782409667969
Оренбургская область,Только количество новостей,1,1699,Сакмарский,36,311.6902381049262,205.7161102294922,126.78127204047308,0.05672051121321833,0.4722222222222222,0.0,11220.848571777344
Оренбургская область,Только количество новостей,1,1700,Саракташский,36,372.8795437282986,143.52914428710938,241.0621134440104,0.061558366232935056,0.2777777777777778,0.0,13423.66357421875
Оренбургская область,Только количество новостей,1,1701,Светлинский,36,246.46511840820312,95.5389404296875,84.04480319552951,0.03434123258387318,0.3611111111111111,0.0,8872.744262695312
Оренбургская область,Только количество новостей,1,1702,Северный,36,471.75233374701605,212.26715087890625,364.5454923841688,0.08160001160303171,0.1388888888888889,0.0,16983.084014892578
Оренбургская область,Только количество новостей,1,1703,Ташлинский,36,356.62753041585285,145.09576416015625,160.7250951131185,0.058978110908338245,0.3055555555555556,0.0,12838.591094970703
Оренбургская область,Только количество новостей,1,1704,Тоцкий,36,344.297356499566,178.2171630859375,-126.86199951171875,0.0383904578592648,0.5833333333333334,0.0,12394.704833984375
Оренбургская область,Только количество новостей,1,1705,Тюльганский,36,422.51708645290796,129.19027709960938,235.66414388020834,0.07320609069441754,0.2222222222222222,0.0,15210.615112304688
Оренбургская область,Только количество новостей,1,1706,Шарлыкский,36,392.9415469699436,167.8795166015625,190.26438903808594,0.06817759121539751,0.3055555555555556,0.0,14145.895690917969
Оренбургская область,Только количество новостей,3,1665,Оренбург,36,446.13674690435073,179.04786032106176,90.77141226234743,0.045090506799843416,0.4444444444444444,-5.032336097058969,16060.922888556626
Оренбургская область,Только количество новостей,3,1666,Абдулинский,36,414.13110196299505,204.12565351530293,172.65961672882838,0.0638016359214279,0.4444444444444444,-8.466071377600077,14908.719670667822
Оренбургская область,Только количество новостей,3,1667,Бугуруслан,36,439.03503749632,152.82264985846973,-6.876243042006195,0.04827434324420067,0.5277777777777778,0.5173069318484269,15805.26134986752
Оренбургская область,Только количество новостей,3,1668,Бузулук,36,461.84112736097876,161.2766653053328,167.0988195019899,0.048223148185195214,0.3888888888888889,-12.759370769181878,16626.280584995235
Оренбургская область,Только количество новостей,3,1669,Гайский,36,649.7619990786621,163.91724986723563,587.3258033732305,0.09375097980341891,0.19444444444444445,-10.207849027121418,23391.43196683184
Оренбургская область,Только количество новостей,3,1670,Кувандыкский,36,308.8071667947537,142.1301648047713,36.284695073151504,0.045080058573402755,0.4166666666666667,-1.549247483230292,11117.058004611134
Оренбургская область,Только количество новостей,3,1671,Медногорск,36,322.2392933876459,170.08428595067363,146.66562405738486,0.04572535715901038,0.3333333333333333,-10.100023029030451,11600.614561955252
Оренбургская область,Только количество новостей,3,1672,Новотроицк,36,352.186558021283,152.13152441062482,104.15257153715821,0.04003737649292072,0.4444444444444444,-1.4541937905973188,12678.716088766188
Оренбургская область,Только количество новостей,3,1673,Орск,36,421.8355669370528,187.69930344338877,-8.461270272927083,0.04572880968934295,0.4444444444444444,1.2619638517926812,15186.080409733902
Оренбургская область,Только количество новостей,3,1674,Соль-Илецкий,36,446.29046812402777,223.281739090496,151.02424993134736,0.06253607945221182,0.4166666666666667,-9.385116697161473,16066.456852465
Оренбургская область,Только количество новостей,3,1675,Сорочинский,36,450.0545550789507,173.40248684218938,165.93992886988363,0.05935198414117549,0.4166666666666667,-11.939892060830013,16201.963982842226
Оренбургская область,Только количество новостей,3,1676,Ясненский,36,638.6072259557573,185.5483493668176,548.6899310063284,0.09277399622447999,0.25,-3.7020847610958785,22989.860134407263
Оренбургская область,Только количество новостей,3,1678,Адамовский,36,440.708742967873,132.8728423580186,89.91287666326065,0.071323956010499,0.5555555555555556,4.283241929316652,15865.514746843428
Оренбургская область,Только количество новостей,3,1679,Акбулакский,36,382.7087409699304,167.28002561055,226.95406986453958,0.06584204938049278,0.3611111111111111,-9.250326256388721,13777.514674917493
Оренбургская область,Только количество новостей,3,1680,Александровский,36,373.21473269042997,148.31424007727057,-258.4187501023446,0.06098169231157513,0.5833333333333334,16.885276803927656,13435.73037685548
Оренбургская область,Только количество новостей,3,1681,Асекеевский,36,563.8712195086022,219.55001912565365,269.5294386149507,0.08951402460746948,0.25,-8.006557762047235,20299.363902309677
Оренбургская область,Только количество новостей,3,1682,Беляевский,36,377.80317034903277,141.67915090525344,123.72867982630058,0.07077763854085667,0.3055555555555556,-16.258265428242783,13600.91413256518
Оренбургская область,Только количество новостей,3,1683,Бугурусланский,36,468.63524548247904,172.55340288199807,229.6549633628941,0.06082310234976799,0.3333333333333333,-18.02469386030035,16870.868837369246
Оренбургская область,Только количество новостей,3,1685,Грачёвский,36,388.8866865109764,177.72532694483414,-0.1084164713013962,0.0613394003355948,0.3888888888888889,-7.125338210466444,13999.92071439515
Оренбургская область,Только количество новостей,3,1686,Домбаровский,36,742.2430259020877,187.65070614642923,689.9726697110286,0.1268556579383455,0.19444444444444445,-7.186481068374565,26720.748932475155
Оренбургская область,Только количество новостей,3,1687,Илекский,36,474.7310923861804,148.10559251423535,287.26240459064604,0.0801046136672252,0.3333333333333333,-3.5400243726713176,17090.319325902496
Оренбургская область,Только количество новостей,3,1688,Кваркенский,36,392.5529895890014,116.51875946550376,-73.6025725182067,0.06280205856825324,0.5555555555555556,-7.103044774955101,14131.90762520405
Оренбургская область,Только количество новостей,3,1689,Красногвардейский,36,396.1197122344603,95.3721252961908,225.2181257127987,0.05953752803731064,0.3333333333333333,-15.280762819041387,14260.30964044057
Оренбургская область,Только количество новостей,3,1690,Курманаевский,36,548.2058243347743,247.33049170911977,388.00165088509453,0.08942147827174265,0.3333333333333333,-7.8319543328755135,19735.409676051877
Оренбургская область,Только количество новостей,3,1691,Матвеевский,36,464.2730336885759,162.93638422713252,221.07533343848138,0.07989249351249848,0.3333333333333333,-11.550884369456936,16713.829212788733
Оренбургская область,Только количество новостей,3,1692,Новоорский,36,371.22574518961295,135.19764982331344,201.91124492262105,0.060795496457690876,0.3333333333333333,-2.1477142854788474,13364.126826826066
Оренбургская область,Только количество новостей,3,1693,Новосергиевский,36,384.45766440169393,162.6561763517144,60.641699851122034,0.0590056186358446,0.5555555555555556,-1.6401323921452757,13840.475918460981
Оренбургская область,Только количество новостей,3,1694,Октябрьский,36,432.5447180434594,190.15917117797346,60.55653527499261,0.07365423385078891,0.4166666666666667,-7.113269001033207,15571.609849564538
Оренбургская область,Только количество новостей,3,1696,Первомайский,36,284.9346925553408,121.13675039106397,-76.42449198381689,0.044785990612836654,0.5555555555555556,1.1679211056835517,10257.64893199227
Оренбургская область,Только количество новостей,3,1697,Переволоцкий,36,393.1610294362081,100.71640749448363,103.36387738450087,0.06423266891021408,0.4166666666666667,-10.535475881249276,14153.797059703491
Оренбургская область,Только количество новостей,3,1698,Пономарёвский,36,389.22989690789257,151.64113920870582,195.35661843875513,0.06120394633047441,0.4722222222222222,-12.659622554865228,14012.276288684132
Оренбургская область,Только количество новостей,3,1699,Сакмарский,36,349.280903068387,226.58967105702783,105.7733959099879,0.0635611544959077,0.6111111111111112,-8.286610703206895,12574.112510461931
Оренбургская область,Только количество новостей,3,1700,Саракташский,36,434.9568263635395,190.35541145152342,281.73379221153874,0.07180665194203271,0.3333333333333333,-12.27833413534943,15658.445749087423
Оренбургская область,Только количество новостей,3,1701,Светлинский,36,267.87670250330325,138.56922847050862,50.93707740834496,0.03732461698385617,0.4722222222222222,-4.321689482469896,9643.561290118918
Оренбургская область,Только количество новостей,3,1702,Северный,36,544.5756105353395,189.6883527471569,463.9058916345957,0.09419640976750729,0.2222222222222222,-2.507473260491414,19604.72197927222
Оренбургская область,Только количество новостей,3,1703,Ташлинский,36,413.76556002839624,130.53757478829766,200.47228540387874,0.06842744602737116,0.3055555555555556,-9.733658986729527,14895.560161022264
Оренбургская область,Только количество новостей,3,1704,Тоцкий,36,363.1458710210154,149.26472101984552,-149.67058998265531,0.0404921385395995,0.4722222222222222,3.3341094477345843,13073.251356756555
Оренбургская область,Только количество новостей,3,1705,Тюльганский,36,459.9401987670911,119.67602352664215,273.4727853049398,0.07969008824618237,0.2777777777777778,-13.276824608019899,16557.84715561528
Оренбургская область,Только количество новостей,3,1706,Шарлыкский,36,400.460748256779,160.02381543017924,199.59403291475653,0.06948221536510436,0.3055555555555556,-2.6852219980984526,14416.586937244045
Оренбургская область,Только количество новостей,6,1665,Оренбург,36,463.4212604914974,211.52571400726083,306.6792212974811,0.046837431891401306,0.25,-117.96036029075961,16683.165377693906
Оренбургская область,Только количество новостей,6,1666,Абдулинский,36,467.65171930687575,206.3642746796528,319.56475245439617,0.07204709955813264,0.2777777777777778,-110.3420082744322,16835.461895047527
Оренбургская область,Только количество новостей,6,1667,Бугуруслан,36,401.86863305459,162.9688563502856,164.91048609927003,0.04418769044445027,0.2777777777777778,-36.11784298840078,14467.270789965241
Оренбургская область,Только количество новостей,6,1668,Бузулук,36,464.79678413513113,223.35008634121755,331.42683730827775,0.048531763131245964,0.2222222222222222,-122.1762600465894,16732.68422886472
Оренбургская область,Только количество новостей,6,1669,Гайский,36,919.9784047195545,210.19833385345123,895.6386138714927,0.1327391829050362,0.05555555555555555,-177.5549885818593,33119.22256990396
Оренбургская область,Только количество новостей,6,1670,Кувандыкский,36,245.3263919461663,146.88763036068462,157.14878251988677,0.03581305522577213,0.3055555555555556,12.009721877618423,8831.750110061987
Оренбургская область,Только количество новостей,6,1671,Медногорск,36,303.29659138270495,192.0109578913814,268.8893508651744,0.04303741117443843,0.1111111111111111,-45.75050644889418,10918.677289777377
Оренбургская область,Только количество новостей,6,1672,Новотроицк,36,380.9740173605798,162.72801786332798,272.3384791418459,0.04331000096308127,0.2777777777777778,-66.36898263835752,13715.064624980872
Оренбургская область,Только количество новостей,6,1673,Орск,36,334.42880699411273,149.4233528020717,74.35990348011381,0.036253536847806495,0.4444444444444444,55.0925451380488,12039.437051788058
Оренбургская область,Только количество новостей,6,1674,Соль-Илецкий,36,663.3709613966507,255.83218242351973,538.1241907409011,0.09295430243574498,0.2222222222222222,-135.42437054921143,23881.354610279424
Оренбургская область,Только количество новостей,6,1675,Сорочинский,36,417.97479066642205,193.20473516109246,284.46813151345265,0.05512139110044726,0.25,-81.93352750995504,15047.092463991194
Оренбургская область,Только количество новостей,6,1676,Ясненский,36,839.9498829894659,128.6828002944137,818.7963656874044,0.12202415523343262,0.08333333333333333,-114.2353868007724,30238.19578762077
Оренбургская область,Только количество новостей,6,1678,Адамовский,36,446.18909328645293,180.1407872706464,186.9690878071008,0.07221089159160911,0.5,8.501329195507793,16062.807358312306
Оренбургская область,Только количество новостей,6,1679,Акбулакский,36,461.24411084379113,174.90098490392575,379.2719901177607,0.07935344629357317,0.2777777777777778,-75.43834759916227,16604.78799037648
Оренбургская область,Только количество новостей,6,1680,Александровский,36,389.6846786237749,132.04245826627397,-314.1092001064237,0.06367281108937699,0.6111111111111112,183.59715799189348,14028.648430455896
Оренбургская область,Только количество новостей,6,1681,Асекеевский,36,631.8546940580521,332.8076043614358,390.9531234953224,0.10030633711283916,0.25,-95.28651694081036,22746.768986089875
Оренбургская область,Только количество новостей,6,1682,Беляевский,36,419.7028962897865,211.56517000674967,238.3460096932155,0.07862713237876144,0.25,-83.71328667742756,15109.304266432315
Оренбургская область,Только количество новостей,6,1683,Бугурусланский,36,604.178218471978,290.81200150299435,480.09201041630996,0.07841491644912035,0.25,-146.01129071047606,21750.415864991206
Оренбургская область,Только количество новостей,6,1685,Грачёвский,36,386.66876174450084,245.85071654446665,141.7612483531836,0.06098956533253605,0.25,-62.603501599101506,13920.07542280203
Оренбургская область,Только количество новостей,6,1686,Домбаровский,36,1087.8798673268468,228.7786224283417,1068.6599623543066,0.18592793938333588,0.1111111111111111,-156.41062735017573,39163.675223766484
Оренбургская область,Только количество новостей,6,1687,Илекский,36,623.7422510680985,169.6569309898266,481.74433738037806,0.10524828234568337,0.2777777777777778,-106.61322952947015,22454.721038451546
Оренбургская область,Только количество новостей,6,1688,Кваркенский,36,370.48341966976767,130.4994958149423,24.151787177404252,0.05927128830435838,0.5,-26.082353419496393,13337.403108111635
Оренбургская область,Только количество новостей,6,1689,Красногвардейский,36,470.57302879577014,195.65133198716774,415.1235221903072,0.07072799971880078,0.1388888888888889,-150.7194334859829,16940.629036647726
Оренбургская область,Только количество новостей,6,1690,Курманаевский,36,693.7229746907557,281.1894234495164,623.3262913520787,0.11315774323119154,0.25,-111.20891202121365,24974.027088867206
Оренбургская область,Только количество новостей,6,1691,Матвеевский,36,510.13825504303236,229.71328426475895,400.2669489415306,0.08778501931869928,0.2222222222222222,-117.05259135352497,18364.977181549166
Оренбургская область,Только количество новостей,6,1692,Новоорский,36,431.2607223605791,148.9113674193618,314.41281572803086,0.07062740140833154,0.3055555555555556,-41.226159507931555,15525.386004980848
Оренбургская область,Только количество новостей,6,1693,Новосергиевский,36,374.2506354054413,215.4016129282311,189.76908094714346,0.05743906887985218,0.3888888888888889,6.794899364252689,13473.022874595887
Оренбургская область,Только количество новостей,6,1694,Октябрьский,36,451.6115992507231,271.9932981537147,210.60050822304143,0.07690096527221829,0.3333333333333333,-87.68648430117875,16258.01757302603
Оренбургская область,Только количество новостей,6,1696,Первомайский,36,190.50194441759524,103.1423382894643,7.732038549543597,0.02994306596328728,0.5,66.49667720512612,6858.069999033429
Оренбургская область,Только количество новостей,6,1697,Переволоцкий,36,487.6668910565095,198.4949638325188,266.9907270094743,0.07967256062134377,0.3888888888888889,-91.50274209003817,17556.00807803434
Оренбургская область,Только количество новостей,6,1698,Пономарёвский,36,508.6553685773376,148.18192137405583,389.12352833204346,0.07998284850786284,0.2777777777777778,-78.62656591756118,18311.593268784152
Оренбургская область,Только количество новостей,6,1699,Сакмарский,36,433.65703394224994,202.24621976507504,267.9653259153637,0.078915685027428,0.5,-72.50710023321125,15611.653221920998
Оренбургская область,Только количество новостей,6,1700,Саракташский,36,521.7271615778222,201.35139860815332,452.8856025475041,0.08613149266638052,0.2222222222222222,-121.5868264948145,18782.177816801603
Оренбургская область,Только количество новостей,6,1701,Светлинский,36,313.63254840220134,143.73727560757328,159.51675932546323,0.04370001061454212,0.3888888888888889,-42.72423931338843,11290.771742479248
Оренбургская область,Только количество новостей,6,1702,Северный,36,688.6686693996367,419.1859995771948,661.0338915390903,0.11912049478867089,0.08333333333333333,-123.6958563231936,24792.072098386918
Оренбургская область,Только количество новостей,6,1703,Ташлинский,36,464.1890732065563,228.46499893029352,365.7733626392216,0.07676635230626058,0.16666666666666666,-109.52327459544526,16710.806635436027
Оренбургская область,Только количество новостей,6,1704,Тоцкий,36,340.2040486256638,145.28865781787795,9.775068909732827,0.0379340385447638,0.5,49.23300039234834,12247.345750523897
Оренбургская область,Только количество новостей,6,1705,Тюльганский,36,528.4171105077835,201.3541995151745,423.7177573720132,0.09155452443608182,0.19444444444444445,-90.1380645550927,19023.015978280207
Оренбургская область,Только количество новостей,6,1706,Шарлыкский,36,506.2230955277833,240.57660204354448,354.10197893979336,0.08783258359118301,0.2222222222222222,-61.465201647574986,18224.0314390002
Оренбургская область,Только количество новостей,12,1665,Оренбург,36,431.7359686957465,289.2843017578125,-178.76388210720486,0.043635037389973624,0.5555555555555556,0.0,15542.494873046875
Оренбургская область,Только количество новостей,12,1666,Абдулинский,36,406.6608250935872,203.6995849609375,-135.9172880384657,0.06265075427357521,0.5833333333333334,0.0,14639.78970336914
Оренбургская область,Только количество новостей,12,1667,Бугуруслан,36,502.98122151692706,271.1402587890625,-295.7602810329861,0.05530558169426055,0.5,0.0,18107.323974609375
Оренбургская область,Только количество новостей,12,1668,Бузулук,36,382.2104763454861,206.54595947265625,-107.46106635199652,0.039908512574576976,0.4444444444444444,0.0,13759.5771484375
Оренбургская область,Только количество новостей,12,1669,Гайский,36,719.6139390733507,316.48822021484375,460.3293965657552,0.10382957446570673,0.3055555555555556,0.0,25906.101806640625
Оренбургская область,Только количество новостей,12,1670,Кувандыкский,36,415.22500779893664,239.6937255859375,-325.53350321451825,0.0606150688373068,0.6388888888888888,0.0,14948.100280761719
Оренбургская область,Только количество новостей,12,1671,Медногорск,36,401.5102132161458,266.658203125,-220.1461181640625,0.056973802633724806,0.6111111111111112,0.0,14454.36767578125
Оренбургская область,Только количество новостей,12,1672,Новотроицк,36,364.24649386935766,259.29949951171875,-161.12969970703125,0.041408377688260646,0.5833333333333334,0.0,13112.873779296875
Оренбургская область,Только количество новостей,12,1673,Орск,36,614.262671576606,205.9097900390625,-463.65006849500867,0.06658874454743537,0.5555555555555556,0.0,22113.456176757812
Оренбургская область,Только количество новостей,12,1674,Соль-Илецкий,36,565.7125820583767,365.79388427734375,241.70164320203992,0.07927000351906881,0.3611111111111111,0.0,20365.652954101562
Оренбургская область,Только количество новостей,12,1675,Сорочинский,36,406.91419304741754,223.89373779296875,-237.82516309950086,0.053662749237884805,0.5,0.0,14648.910949707031
Оренбургская область,Только количество новостей,12,1676,Ясненский,36,870.072999742296,299.970458984375,613.4017317030165,0.12640030665532437,0.25,0.0,31322.627990722656
Оренбургская область,Только количество новостей,12,1678,Адамовский,36,588.2986886766222,207.27774047851562,-394.4193119472927,0.09520979663265824,0.7222222222222222,0.0,21178.7527923584
Оренбургская область,Только количество новостей,12,1679,Акбулакский,36,349.4976586235894,178.688232421875,2.533177693684896,0.06012834208892296,0.4722222222222222,0.0,12581.915710449219
Оренбургская область,Только количество новостей,12,1680,Александровский,36,1175.2025451660156,541.0735778808594,-1120.1697896321614,0.19202307340996244,0.8055555555555556,0.0,42307.29162597656
Оренбургская область,Только количество новостей,12,1681,Асекеевский,36,609.5737728542751,391.6329345703125,-219.7760247124566,0.09676926187312382,0.4722222222222222,0.0,21944.655822753906
Оренбургская область,Только количество новостей,12,1682,Беляевский,36,509.3825929429796,280.49346923828125,-296.1112543741862,0.09542772499504208,0.5833333333333334,0.0,18337.773345947266
Оренбургская область,Только количество новостей,12,1683,Бугурусланский,36,477.82937961154516,343.2374267578125,6.863749186197917,0.062016388101406125,0.3611111111111111,0.0,17201.857666015625
Оренбургская область,Только количество новостей,12,1685,Грачёвский,36,493.69096120198566,191.37841796875,-343.521117316352,0.07787026031393457,0.5833333333333334,0.0,17772.874603271484
Оренбургская область,Только количество новостей,12,1686,Домбаровский,36,881.6814058091906,202.7877197265625,714.3606931898329,0.1506868652487472,0.16666666666666666,0.0,31740.53060913086
Оренбургская область,Только количество новостей,12,1687,Илекский,36,416.6785481770833,179.362548828125,-20.689676920572918,0.07030901211331146,0.3888888888888889,0.0,15000.427734375
Оренбургская область,Только количество новостей,12,1688,Кваркенский,36,658.2766846550835,295.7382354736328,-455.3594873216417,0.10531350416438767,0.6666666666666666,0.0,23697.960647583008
Оренбургская область,Только количество новостей,12,1689,Красногвардейский,36,383.088873969184,270.9567565917969,27.314917670355904,0.05757896885783376,0.3611111111111111,0.0,13791.199462890625
Оренбургская область,Только количество новостей,12,1690,Курманаевский,36,573.6225102742513,323.69232177734375,83.23074256049262,0.09356736204128231,0.5277777777777778,0.0,20650.410369873047
Оренбургская область,Только количество новостей,12,1691,Матвеевский,36,406.0324401855469,241.41351318359375,-14.268452962239584,0.06987040327469689,0.3888888888888889,0.0,14617.167846679688
Оренбургская область,Только количество новостей,12,1692,Новоорский,36,457.42657470703125,245.33404541015625,-207.59995863172742,0.07491257290910844,0.5277777777777778,0.0,16467.356689453125
Оренбургская область,Только количество новостей,12,1693,Новосергиевский,36,417.8076985677083,202.41473388671875,-344.3666771782769,0.06412410001806558,0.6666666666666666,0.0,15041.0771484375
Оренбургская область,Только количество новостей,12,1694,Октябрьский,36,530.213255988227,236.62286376953125,-317.3802702162001,0.09028534974139096,0.6111111111111112,0.0,19087.677215576172
Оренбургская область,Только количество новостей,12,1696,Первомайский,36,493.94397226969403,261.9450378417969,-479.65491485595703,0.07763803665656197,0.8055555555555556,0.0,17781.983001708984
Оренбургская область,Только количество новостей,12,1697,Переволоцкий,36,498.50074259440106,190.18768310546875,-178.44655185275607,0.08144254072301789,0.4722222222222222,0.0,17946.026733398438
Оренбургская область,Только количество новостей,12,1698,Пономарёвский,36,535.911676618788,355.63946533203125,-5.417305416531033,0.08426873103587064,0.5277777777777778,0.0,19292.820358276367
Оренбургская область,Только количество новостей,12,1699,Сакмарский,36,430.67956924438477,225.4530792236328,-289.11818822224933,0.07837385439195788,0.8055555555555556,0.0,15504.464492797852
Оренбургская область,Только количество новостей,12,1700,Саракташский,36,305.4385986328125,178.94775390625,-84.08770751953125,0.05042459805736504,0.4722222222222222,0.0,10995.78955078125
Оренбургская область,Только количество новостей,12,1701,Светлинский,36,381.4365073310004,162.13821411132812,-242.11444346110025,0.053147479443882865,0.5277777777777778,0.0,13731.714263916016
Оренбургская область,Только количество новостей,12,1702,Северный,36,410.188225640191,222.58917236328125,88.46964857313368,0.07095113596113352,0.25,0.0,14766.776123046875
Оренбургская область,Только количество новостей,12,1703,Ташлинский,36,324.3716574774848,164.41046142578125,-58.468640645345054,0.05364372057289214,0.3888888888888889,0.0,11677.379669189453
Оренбургская область,Только количество новостей,12,1704,Тоцкий,36,696.1102617051866,316.2673645019531,-585.5384233262804,0.07761892783347132,0.6111111111111112,0.0,25059.96942138672
Оренбургская область,Только количество новостей,12,1705,Тюльганский,36,324.1136703491211,233.01470947265625,-47.12004682752821,0.05615653309093532,0.3611111111111111,0.0,11668.09213256836
Оренбургская область,Только количество новостей,12,1706,Шарлыкский,36,549.2144046359592,317.07861328125,-99.50899759928386,0.0952918200114443,0.4444444444444444,0.0,19771.71856689453
Нижегородская область,Исходная модель,1,1523,Нижний Новгород,36,382.19327121310766,197.118896484375,136.8671400282118,0.03336702080666973,0.3611111111111111,0.0,13758.957763671875
Нижегородская область,Исходная модель,1,1525,Бор,36,352.9056328667535,153.1041259765625,-12.479838053385416,0.03271717565900742,0.5277777777777778,0.0,12704.602783203125
Нижегородская область,Исходная модель,1,1526,Выкса,36,373.4102613661024,166.0302734375,20.634992811414932,0.034838372909362925,0.4722222222222222,0.0,13442.769409179688
Нижегородская область,Исходная модель,1,1527,Дзержинск,36,390.9348551432292,178.4791259765625,56.70105658637153,0.034464771029575805,0.3888888888888889,0.0,14073.65478515625
Нижегородская область,Исходная модель,1,1528,Кулебаки,36,335.711671617296,127.00640869140625,57.55808681911893,0.03853759232356095,0.4166666666666667,0.0,12085.620178222656
Нижегородская область,Исходная модель,1,1529,Навашинский,36,413.821161058214,150.82171630859375,242.3502917819553,0.055062969814254785,0.4166666666666667,0.0,14897.561798095703
Нижегородская область,Исходная модель,1,1530,Перевозский,36,325.8410390218099,120.36944580078125,267.82794358995227,0.04492173312137449,0.3333333333333333,0.0,11730.277404785156
Нижегородская область,Исходная модель,1,1532,Семеновский,36,355.93038092719183,92.2110595703125,-71.32571241590712,0.043291170176019335,0.6388888888888888,0.0,12813.493713378906
Нижегородская область,Исходная модель,1,1533,Шахунья,36,320.44618055555554,100.45880126953125,37.72068956163194,0.04218817998632256,0.4444444444444444,0.0,11536.0625
Нижегородская область,Исходная модель,1,1534,Первомайск,36,413.0810250176324,165.26995849609375,279.56624094645184,0.05742354065789637,0.2777777777777778,0.0,14870.916900634766
Нижегородская область,Исходная модель,1,1535,Сокольский,36,282.5723105536567,119.7540283203125,0.41131337483723956,0.03798213459459366,0.5,0.0,10172.60317993164
Нижегородская область,Исходная модель,1,1536,Чкаловск,36,309.4668189154731,135.60964965820312,-41.42848205566406,0.03817998636366046,0.5277777777777778,0.0,11140.805480957031
Нижегородская область,Исходная модель,1,1537,Ардатовский,36,351.83694034152563,156.93511962890625,77.11862097846137,0.05092853292385696,0.4166666666666667,0.0,12666.129852294922
Нижегородская область,Исходная модель,1,1539,Балахнинский,36,309.0827874077691,132.081787109375,21.456783718532986,0.030692832110931566,0.4166666666666667,0.0,11126.980346679688
Нижегородская область,Исходная модель,1,1540,Богородский,36,289.49451700846356,111.332275390625,5.355465359157986,0.029293487436629885,0.5277777777777778,0.0,10421.802612304688
Нижегородская область,Исходная модель,1,1541,Большеболдинский,36,386.40738677978516,179.29296875,22.382484436035156,0.049970421240443805,0.4722222222222222,0.0,13910.665924072266
Нижегородская область,Исходная модель,1,1542,Большемурашкинский,36,327.4782532585992,169.51904296875,121.70032289293077,0.04619562980427101,0.3333333333333333,0.0,11789.21711730957
Нижегородская область,Исходная модель,1,1543,Бутурлинский,36,347.3563062879774,127.2437744140625,42.548672146267364,0.04595065344668543,0.3888888888888889,0.0,12504.827026367188
Нижегородская область,Исходная модель,1,1544,Вадский,36,470.74855041503906,210.753662109375,311.3159823947483,0.06622022606827736,0.3055555555555556,0.0,16946.947814941406
Нижегородская область,Исходная модель,1,1545,Варнавинский,36,404.5223897298177,142.39288330078125,59.97298940022787,0.05052179383819987,0.4166666666666667,0.0,14562.806030273438
Нижегородская область,Исходная модель,1,1546,Вачский,36,449.02177132500543,189.123779296875,10.593930986192492,0.06257658627942163,0.4722222222222222,0.0,16164.783767700195
Нижегородская область,Исходная модель,1,1547,Ветлужский,36,274.46178351508246,146.455322265625,-8.745427449544271,0.03523182433175359,0.5555555555555556,0.0,9880.624206542969
Нижегородская область,Исходная модель,1,1548,Вознесенский,36,275.33860778808594,132.28009033203125,46.634724934895836,0.03918976894757043,0.4722222222222222,0.0,9912.189880371094
Нижегородская область,Исходная модель,1,1549,Володарский,36,387.90707058376734,142.703125,150.3581746419271,0.05049832225349818,0.3333333333333333,0.0,13964.654541015625
Нижегородская область,Исходная модель,1,1550,Воротынский,36,374.77820671929254,155.02685546875,214.44510226779514,0.05856316168611766,0.2222222222222222,0.0,13492.015441894531
Нижегородская область,Исходная модель,1,1551,Воскресенский,36,313.3960206773546,122.46380615234375,67.54064687093098,0.04281187694952308,0.4444444444444444,0.0,11282.256744384766
Нижегородская область,Исходная модель,1,1552,Гагинский,36,296.9618721008301,106.584716796875,47.95463434855143,0.04323428206845046,0.3888888888888889,0.0,10690.627395629883
Нижегородская область,Исходная модель,1,1553,Городецкий,36,313.0105489095052,147.3138427734375,-33.21550496419271,0.0318970874104225,0.5277777777777778,0.0,11268.379760742188
Нижегородская область,Исходная модель,1,1554,Дальнеконстантиновский,36,357.45472717285156,134.19219970703125,-155.73789638943143,0.04444925400153591,0.5277777777777778,0.0,12868.370178222656
Нижегородская область,Исходная модель,1,1555,Дивеевский,36,287.3879224989149,162.5501708984375,-58.17882622612847,0.034560394743304655,0.5555555555555556,0.0,10345.965209960938
Нижегородская область,Исходная модель,1,1556,Княгининский,36,480.7412050035265,135.78875732421875,315.8707114325629,0.0619062013933423,0.25,0.0,17306.683380126953
Нижегородская область,Исходная модель,1,1557,Ковернинский,36,338.01598273383246,109.05242919921875,-95.85498555501302,0.045333748271073046,0.6111111111111112,0.0,12168.575378417969
Нижегородская область,Исходная модель,1,1558,Краснобаковский,36,438.48150126139325,244.4285888671875,-4.569090101453993,0.05798123793075514,0.4166666666666667,0.0,15785.334045410156
Нижегородская область,Исходная модель,1,1559,Краснооктябрьский,36,469.5246590508355,272.9586181640625,-144.37428538004556,0.07024022093145925,0.6388888888888888,0.0,16902.887725830078
Нижегородская область,Исходная модель,1,1560,Кстовский,36,401.717291937934,182.0159912109375,170.1027357313368,0.0357430642472674,0.3611111111111111,0.0,14461.822509765625
Нижегородская область,Исходная модель,1,1561,Лукояновский,36,312.2930497063531,82.9732666015625,9.022279951307508,0.0427540026750509,0.5,0.0,11242.549789428711
Нижегородская область,Исходная модель,1,1562,Лысковский,36,380.39358859592016,169.76068115234375,31.276553683810764,0.04365788628001761,0.4444444444444444,0.0,13694.169189453125
Нижегородская область,Исходная модель,1,1563,Павловский,36,355.638909233941,161.00634765625,-107.7335205078125,0.036272617567759714,0.6388888888888888,0.0,12803.000732421875
Нижегородская область,Исходная модель,1,1564,Пильнинский,36,359.69983249240454,218.94195556640625,157.30113389756946,0.050016971949070524,0.3055555555555556,0.0,12949.193969726562
Нижегородская область,Исходная модель,1,1565,Починковский,36,331.8453776041667,110.59375,-15.16532728407118,0.04194483255241158,0.4166666666666667,0.0,11946.43359375
Нижегородская область,Исходная модель,1,1566,Сергачский,36,291.72899627685547,112.27069091796875,31.675383673773872,0.03676779922057295,0.5,0.0,10502.243865966797
Нижегородская область,Исходная модель,1,1567,Сеченовский,36,297.85885365804035,165.99658203125,91.31301964653863,0.04122867508839242,0.3055555555555556,0.0,10722.918731689453
Нижегородская область,Исходная модель,1,1568,Сосновский,36,438.8350847032335,229.7623291015625,159.19191318088107,0.06198649097482336,0.4166666666666667,0.0,15798.063049316406
Нижегородская область,Исходная модель,1,1569,Спасский,36,392.26362779405383,135.85862731933594,63.515096028645836,0.06032401770479354,0.4444444444444444,0.0,14121.490600585938
Нижегородская область,Исходная модель,1,1570,Тонкинский,36,470.4124467637804,179.2901611328125,383.81625196668836,0.0632941197179531,0.3055555555555556,0.0,16934.848083496094
Нижегородская область,Исходная модель,1,1571,Тоншаевский,36,360.2331263224284,106.33418273925781,-78.97539181179471,0.04426752418496841,0.5277777777777778,0.0,12968.392547607422
Нижегородская область,Исходная модель,1,1572,Уренский,36,330.7389882405599,132.69683837890625,-16.939261542426216,0.04064824823554768,0.5,0.0,11906.603576660156
Нижегородская область,Исходная модель,1,1573,Шарангский,36,339.462274339464,142.843994140625,-54.08389027913412,0.04349880714247319,0.5555555555555556,0.0,12220.641876220703
Нижегородская область,Исходная модель,1,1574,Шатковский,36,418.08555603027344,119.19891357421875,117.55531989203558,0.06157321580207102,0.4166666666666667,0.0,15051.080017089844
Нижегородская область,Исходная модель,1,3005,Арзамас,36,324.39683024088544,152.4327392578125,19.879007975260418,0.03298326556463007,0.4722222222222222,0.0,11678.285888671875
Нижегородская область,Исходная модель,3,1523,Нижний Новгород,36,478.96395534939234,237.22314453125,162.71411810980902,0.04181549354090225,0.3888888888888889,0.0,17242.702392578125
Нижегородская область,Исходная модель,3,1525,Бор,36,414.7479485405816,202.77630615234375,-30.551347520616318,0.03845045310381477,0.5833333333333334,0.0,14930.926147460938
Нижегородская область,Исходная модель,3,1526,Выкса,36,467.0791998969184,200.98614501953125,-25.428110758463543,0.043577483073669175,0.5,0.0,16814.851196289062
Нижегородская область,Исходная модель,3,1527,Дзержинск,36,483.09590996636285,229.20782470703125,76.18059963650174,0.042589678825683576,0.4166666666666667,0.0,17391.452758789062
Нижегородская область,Исходная модель,3,1528,Кулебаки,36,378.7347869873047,165.209228515625,23.78317430284288,0.043476375871453254,0.4444444444444444,0.0,13634.452331542969
Нижегородская область,Исходная модель,3,1529,Навашинский,36,382.60894690619574,165.62945556640625,166.28830040825738,0.05090987817125186,0.5555555555555556,0.0,13773.922088623047
Нижегородская область,Исходная модель,3,1530,Перевозский,36,380.9197531806098,113.7030029296875,261.7486750284831,0.05251510228548543,0.3888888888888889,0.0,13713.111114501953
Нижегородская область,Исходная модель,3,1532,Семеновский,36,425.57141876220703,134.63955688476562,-129.3416010538737,0.051761483983727,0.6944444444444444,0.0,15320.571075439453
Нижегородская область,Исходная модель,3,1533,Шахунья,36,387.37313503689234,163.310302734375,-10.090101453993055,0.050999414361779696,0.5,0.0,13945.432861328125
Нижегородская область,Исходная модель,3,1534,Первомайск,36,450.1485527886285,165.450927734375,305.5849914550781,0.06257640065177927,0.3055555555555556,0.0,16205.347900390625
Нижегородская область,Исходная модель,3,1535,Сокольский,36,348.4746339586046,146.02667236328125,-123.00801849365234,0.046840436785486717,0.6666666666666666,0.0,12545.086822509766
Нижегородская область,Исходная модель,3,1536,Чкаловск,36,382.2710935804579,201.0360870361328,-162.5520773993598,0.04716210025770136,0.6944444444444444,0.0,13761.759368896484
Нижегородская область,Исходная модель,3,1537,Ардатовский,36,419.62205929226343,190.01763916015625,12.460000779893663,0.060740455057101954,0.5277777777777778,0.0,15106.394134521484
Нижегородская область,Исходная модель,3,1539,Балахнинский,36,397.3140936957465,211.2452392578125,28.53411865234375,0.03945446097269135,0.5,0.0,14303.307373046875
Нижегородская область,Исходная модель,3,1540,Богородский,36,357.9403076171875,147.4261474609375,14.83150906032986,0.036219407581874766,0.5555555555555556,0.0,12885.85107421875
Нижегородская область,Исходная модель,3,1541,Большеболдинский,36,485.3396937052409,231.276611328125,-29.2246339586046,0.0627644029822352,0.5277777777777778,0.0,17472.228973388672
Нижегородская область,Исходная модель,3,1542,Большемурашкинский,36,307.5981263054742,133.14599609375,77.4640753004286,0.04339124515872552,0.3333333333333333,0.0,11073.53254699707
Нижегородская область,Исходная модель,3,1543,Бутурлинский,36,391.8975185818142,166.88427734375,-46.098114013671875,0.05184286779016856,0.5,0.0,14108.310668945312
Нижегородская область,Исходная модель,3,1544,Вадский,36,516.9383460150825,178.151611328125,332.49156867133246,0.07271774731180679,0.25,0.0,18609.78045654297
Нижегородская область,Исходная модель,3,1545,Варнавинский,36,446.6078813340929,121.375,41.43345472547743,0.055777954150687405,0.5,0.0,16077.883728027344
Нижегородская область,Исходная модель,3,1546,Вачский,36,431.5368724399143,150.67840576171875,-64.07436498006184,0.06013985524867186,0.4722222222222222,0.0,15535.327407836914
Нижегородская область,Исходная модель,3,1547,Ветлужский,36,311.8750296698676,143.130615234375,-81.25529903835721,0.04003444894245321,0.5555555555555556,0.0,11227.501068115234
Нижегородская область,Исходная модель,3,1548,Вознесенский,36,289.2604988945855,106.80596923828125,27.654531690809463,0.0411713134180679,0.5,0.0,10413.377960205078
Нижегородская область,Исходная модель,3,1549,Володарский,36,438.7509545220269,182.5648193359375,67.62130567762587,0.057117255060960985,0.4722222222222222,0.0,15795.034362792969
Нижегородская область,Исходная модель,3,1550,Воротынский,36,357.0633816189236,146.81576538085938,163.4161088731554,0.055795028032681306,0.3055555555555556,0.0,12854.28173828125
Нижегородская область,Исходная модель,3,1551,Воскресенский,36,365.47689225938586,181.26123046875,-6.048920525444879,0.049926453135828004,0.6388888888888888,0.0,13157.16812133789
Нижегородская область,Исходная модель,3,1552,Гагинский,36,324.1932657029894,137.21975708007812,14.313922458224827,0.04719886426812424,0.5,0.0,11670.957565307617
Нижегородская область,Исходная модель,3,1553,Городецкий,36,404.7598707411024,212.67913818359375,-56.83105129665799,0.04124672801680199,0.5277777777777778,0.0,14571.355346679688
Нижегородская область,Исходная модель,3,1554,Дальнеконстантиновский,36,441.65784539116754,147.775390625,-260.97994147406683,0.054919854905346094,0.75,0.0,15899.682434082031
Нижегородская область,Исходная модель,3,1555,Дивеевский,36,380.32673814561633,238.942138671875,-119.75448947482639,0.04573693315798819,0.6666666666666666,0.0,13691.762573242188
Нижегородская область,Исходная модель,3,1556,Княгининский,36,537.8267957899305,164.74606323242188,348.68325975206164,0.06925725023854194,0.2777777777777778,0.0,19361.7646484375
Нижегородская область,Исходная модель,3,1557,Ковернинский,36,458.7694812350803,175.53936767578125,-231.58096398247613,0.06152886620494181,0.7222222222222222,0.0,16515.70132446289
Нижегородская область,Исходная модель,3,1558,Краснобаковский,36,513.2235344780815,177.3909912109375,-88.28533596462674,0.06786451829468956,0.5,0.0,18476.047241210938
Нижегородская область,Исходная модель,3,1559,Краснооктябрьский,36,524.9067404005262,324.4451904296875,-207.82808134290906,0.07852530150105112,0.6388888888888888,0.0,18896.642654418945
Нижегородская область,Исходная модель,3,1560,Кстовский,36,503.1221991644965,223.55694580078125,226.8343505859375,0.04476563356834907,0.3333333333333333,0.0,18112.399169921875
Нижегородская область,Исходная модель,3,1561,Лукояновский,36,349.17330593532984,121.63525390625,-63.08643256293403,0.04780303778791323,0.5833333333333334,0.0,12570.239013671875
Нижегородская область,Исходная модель,3,1562,Лысковский,36,427.6169653998481,191.949462890625,-8.458406236436632,0.049077727402666915,0.4166666666666667,0.0,15394.210754394531
Нижегородская область,Исходная модель,3,1563,Павловский,36,415.6014811197917,153.20001220703125,-151.9930894639757,0.042388369758879045,0.6388888888888888,0.0,14961.6533203125
Нижегородская область,Исходная модель,3,1564,Пильнинский,36,394.87950727674695,208.1767578125,173.826776292589,0.054908775191439385,0.3611111111111111,0.0,14215.66226196289
Нижегородская область,Исходная модель,3,1565,Починковский,36,390.1753277248806,124.9578857421875,-128.08885108100043,0.04931766386399393,0.5,0.0,14046.311798095703
Нижегородская область,Исходная модель,3,1566,Сергачский,36,315.8381695217556,114.57569885253906,-17.995073954264324,0.03980637698471558,0.5555555555555556,0.0,11370.174102783203
Нижегородская область,Исходная модель,3,1567,Сеченовский,36,361.8346773783366,197.28271484375,49.18282614813911,0.05008400511227187,0.4444444444444444,0.0,13026.048385620117
Нижегородская область,Исходная модель,3,1568,Сосновский,36,474.10553487141925,199.0506591796875,181.06556362575955,0.06696852526797178,0.3888888888888889,0.0,17067.799255371094
Нижегородская область,Исходная модель,3,1569,Спасский,36,422.9662501017253,154.22451782226562,37.17263878716363,0.06504560135527655,0.5555555555555556,0.0,15226.78500366211
Нижегородская область,Исходная модель,3,1570,Тонкинский,36,544.4838536580404,192.32763671875,442.86909739176434,0.07326044719907254,0.3888888888888889,0.0,19601.418731689453
Нижегородская область,Исходная модель,3,1571,Тоншаевский,36,430.711908976237,165.9842529296875,-206.7203860812717,0.052928363479525974,0.5833333333333334,0.0,15505.628723144531
Нижегородская область,Исходная модель,3,1572,Уренский,36,416.7206759982639,149.689453125,-86.52711317274306,0.051215508558495895,0.5833333333333334,0.0,15001.9443359375
Нижегородская область,Исходная модель,3,1573,Шарангский,36,374.91674550374347,193.185791015625,-136.72178734673395,0.04804195470287378,0.5833333333333334,0.0,13497.002838134766
Нижегородская область,Исходная модель,3,1574,Шатковский,36,454.5669818454319,182.55914306640625,76.14032830132379,0.0669459886043951,0.4166666666666667,0.0,16364.411346435547
Нижегородская область,Исходная модель,3,3005,Арзамас,36,406.0483567979601,198.4158935546875,11.244049072265625,0.04128523936070451,0.4722222222222222,0.0,14617.740844726562
Нижегородская область,Исходная модель,6,1523,Нижний Новгород,36,339.2800123426649,178.1534423828125,155.62240600585938,0.02962051946961804,0.2777777777777778,0.0,12214.080444335938
Нижегородская область,Исходная модель,6,1525,Бор,36,311.90728081597223,208.27239990234375,-62.841267903645836,0.028916300408365868,0.5833333333333334,0.0,11228.662109375
Нижегородская область,Исходная модель,6,1526,Выкса,36,350.0822584364149,155.830078125,-117.3345709906684,0.03266192049393677,0.4444444444444444,0.0,12602.961303710938
Нижегородская область,Исходная модель,6,1527,Дзержинск,36,331.16925726996527,117.673095703125,21.4100341796875,0.029195842922888876,0.3888888888888889,0.0,11922.09326171875
Нижегородская область,Исходная модель,6,1528,Кулебаки,36,331.2461751302083,141.8360595703125,-78.94682142469618,0.03802498136096726,0.4722222222222222,0.0,11924.8623046875
Нижегородская область,Исходная модель,6,1529,Навашинский,36,454.68870544433594,161.98269653320312,176.0826212565104,0.06050079797451939,0.6111111111111112,0.0,16368.793395996094
Нижегородская область,Исходная модель,6,1530,Перевозский,36,375.53621588812933,147.6756591796875,243.54431321885852,0.05177290656260232,0.3888888888888889,0.0,13519.303771972656
Нижегородская область,Исходная модель,6,1532,Семеновский,36,359.74808502197266,172.322265625,-90.10016292995877,0.04375551063838253,0.5277777777777778,0.0,12950.931060791016
Нижегородская область,Исходная модель,6,1533,Шахунья,36,313.20152876112195,95.78155517578125,-132.76297590467664,0.04123438901489667,0.5,0.0,11275.25503540039
Нижегородская область,Исходная модель,6,1534,Первомайск,36,363.9285748799642,137.222900390625,316.72464116414386,0.050590722038849095,0.2777777777777778,0.0,13101.428695678711
Нижегородская область,Исходная модель,6,1535,Сокольский,36,341.4735293918186,117.1953125,-179.22823248969183,0.04589937891804929,0.6388888888888888,0.0,12293.047058105469
Нижегородская область,Исходная модель,6,1536,Чкаловск,36,363.04194895426434,174.425048828125,-216.84861331515842,0.04478973451527437,0.6111111111111112,0.0,13069.510162353516
Нижегородская область,Исходная модель,6,1537,Ардатовский,36,368.1158201429579,203.42669677734375,-133.8361333211263,0.05328490705877865,0.4722222222222222,0.0,13252.169525146484
Нижегородская область,Исходная модель,6,1539,Балахнинский,36,340.1764899359809,202.001953125,-51.53734334309896,0.03378052845083349,0.4444444444444444,0.0,12246.353637695312
Нижегородская область,Исходная модель,6,1540,Богородский,36,308.82503594292535,147.9713134765625,-73.49139743381076,0.031249511748944022,0.5833333333333334,0.0,11117.701293945312
Нижегородская область,Исходная модель,6,1541,Большеболдинский,36,420.4536404079861,280.1190185546875,-54.75743187798394,0.054373301965986894,0.5555555555555556,0.0,15136.3310546875
Нижегородская область,Исходная модель,6,1542,Большемурашкинский,36,215.83013365003796,78.5927734375,-4.131407419840495,0.030446018492807137,0.4722222222222222,0.0,7769.884811401367
Нижегородская область,Исходная модель,6,1543,Бутурлинский,36,387.8860736423069,190.38555908203125,-76.84880828857422,0.05131220658466005,0.5555555555555556,0.0,13963.898651123047
Нижегородская область,Исходная модель,6,1544,Вадский,36,592.923233879937,262.67877197265625,407.73138003879126,0.0834065459236073,0.16666666666666666,0.0,21345.236419677734
Нижегородская область,Исходная модель,6,1545,Варнавинский,36,352.7769826253255,168.632080078125,-59.14656066894531,0.04405918297615844,0.4444444444444444,0.0,12699.971374511719
Нижегородская область,Исходная модель,6,1546,Вачский,36,411.6068212721083,264.842041015625,-132.25058958265515,0.05736236282825913,0.6388888888888888,0.0,14817.845565795898
Нижегородская область,Исходная модель,6,1547,Ветлужский,36,274.0725869072808,136.46881103515625,-188.89968956841363,0.03518186434701193,0.6111111111111112,0.0,9866.61312866211
Нижегородская область,Исходная модель,6,1548,Вознесенский,36,261.85827763875324,206.40667724609375,-67.43373319837782,0.037271073171001694,0.5,0.0,9426.897994995117
Нижегородская область,Исходная модель,6,1549,Володарский,36,396.4782545301649,152.83203125,16.885606553819443,0.05161413179099338,0.5277777777777778,0.0,14273.217163085938
Нижегородская область,Исходная модель,6,1550,Воротынский,36,349.1616626315647,176.16485595703125,204.53506724039713,0.054560298695813636,0.25,0.0,12569.819854736328
Нижегородская область,Исходная модель,6,1551,Воскресенский,36,289.11295318603516,129.23162841796875,-69.71028391520183,0.03949465647190374,0.6388888888888888,0.0,10408.066314697266
Нижегородская область,Исходная модель,6,1552,Гагинский,36,308.8318217595418,199.80413818359375,-76.94905673133002,0.04496241217502793,0.6388888888888888,0.0,11117.945583343506
Нижегородская область,Исходная модель,6,1553,Городецкий,36,356.1894226074219,184.13568115234375,-171.36868964301215,0.03629719569247349,0.5555555555555556,0.0,12822.819213867188
Нижегородская область,Исходная модель,6,1554,Дальнеконстантиновский,36,405.18447960747613,179.47622680664062,-261.79816097683374,0.05038441649379511,0.6944444444444444,0.0,14586.64126586914
Нижегородская область,Исходная модель,6,1555,Дивеевский,36,348.70165761311847,184.5797119140625,-59.78547922770182,0.04193379746081549,0.5555555555555556,0.0,12553.259674072266
Нижегородская область,Исходная модель,6,1556,Княгининский,36,548.7997673882378,230.66534423828125,429.90298800998266,0.07067026618678639,0.3055555555555556,0.0,19756.791625976562
Нижегородская область,Исходная модель,6,1557,Ковернинский,36,582.5331098768446,319.6314697265625,-419.5151723225911,0.07812769428573815,0.8333333333333334,0.0,20971.191955566406
Нижегородская область,Исходная модель,6,1558,Краснобаковский,36,496.2579328748915,247.36639404296875,-170.28313700358072,0.06562112471853375,0.4166666666666667,0.0,17865.285583496094
Нижегородская область,Исходная модель,6,1559,Краснооктябрьский,36,432.91382768419055,162.41734313964844,-328.03504350450305,0.06476329265068258,0.6944444444444444,0.0,15584.89779663086
Нижегородская область,Исходная модель,6,1560,Кстовский,36,391.5956624348958,172.7196044921875,195.23118760850696,0.03484248550476699,0.3888888888888889,0.0,14097.44384765625
Нижегородская область,Исходная модель,6,1561,Лукояновский,36,320.9079772101508,237.41009521484375,-130.25654898749457,0.043933416158281065,0.5833333333333334,0.0,11552.68717956543
Нижегородская область,Исходная модель,6,1562,Лысковский,36,325.6573944091797,156.0218505859375,-89.15568542480469,0.03737579685252166,0.5,0.0,11723.666198730469
Нижегородская область,Исходная модель,6,1563,Павловский,36,371.71697998046875,156.63134765625,-250.7833251953125,0.03791246544793797,0.7222222222222222,0.0,13381.811279296875
Нижегородская область,Исходная модель,6,1564,Пильнинский,36,295.4798478020562,171.01434326171875,173.42312833997937,0.04108705627307499,0.2777777777777778,0.0,10637.274520874023
Нижегородская область,Исходная модель,6,1565,Починковский,36,424.36968909369574,236.5150146484375,-246.534056769477,0.053639787535586674,0.6388888888888888,0.0,15277.308807373047
Нижегородская область,Исходная модель,6,1566,Сергачский,36,224.76701015896268,94.109619140625,7.4165598551432295,0.028328306086825784,0.4166666666666667,0.0,8091.612365722656
Нижегородская область,Исходная модель,6,1567,Сеченовский,36,287.16010665893555,147.34228515625,19.411117129855686,0.03974778855954876,0.3611111111111111,0.0,10337.76383972168
Нижегородская область,Исходная модель,6,1568,Сосновский,36,410.5838445027669,219.95782470703125,70.58417002360027,0.05799593664870777,0.4722222222222222,0.0,14781.01840209961
Нижегородская область,Исходная модель,6,1569,Спасский,36,392.2686407301161,197.93780517578125,11.247418297661675,0.060324788616043894,0.6111111111111112,0.0,14121.67106628418
Нижегородская область,Исходная модель,6,1570,Тонкинский,36,587.0533693101671,284.33587646484375,398.95289018419055,0.078988186842352,0.3055555555555556,0.0,21133.921295166016
Нижегородская область,Исходная модель,6,1571,Тоншаевский,36,562.689456515842,369.417724609375,-421.0322536892361,0.06914652569360588,0.6666666666666666,0.0,20256.820434570312
Нижегородская область,Исходная модель,6,1572,Уренский,36,328.85198465983075,136.86669921875,-243.37557813856336,0.04041633306165516,0.7777777777777778,0.0,11838.671447753906
Нижегородская область,Исходная модель,6,1573,Шарангский,36,289.69124518500433,128.28741455078125,-227.81380547417535,0.037121131146856494,0.6944444444444444,0.0,10428.884826660156
Нижегородская область,Исходная модель,6,1574,Шатковский,36,407.5664020114475,192.7249755859375,51.302007887098526,0.06002401580911672,0.4444444444444444,0.0,14672.39047241211
Нижегородская область,Исходная модель,6,3005,Арзамас,36,319.24811469184027,159.15203857421875,-52.644870334201386,0.03245976645354198,0.5277777777777778,0.0,11492.93212890625
Нижегородская область,Исходная модель,12,1523,Нижний Новгород,36,358.1416422526042,235.887939453125,-35.3570556640625,0.031267216167482514,0.4166666666666667,0.0,12893.09912109375
Нижегородская область,Исходная модель,12,1525,Бор,36,347.23446316189234,167.1383056640625,-176.12915717230902,0.032191412854036726,0.5555555555555556,0.0,12500.440673828125
Нижегородская область,Исходная модель,12,1526,Выкса,36,405.1656968858507,207.63946533203125,-256.2888997395833,0.037801086629357786,0.5555555555555556,0.0,14585.965087890625
Нижегородская область,Исходная модель,12,1527,Дзержинск,36,392.5444030761719,270.5069580078125,-160.52865600585938,0.034606668586777946,0.4722222222222222,0.0,14131.598510742188
Нижегородская область,Исходная модель,12,1528,Кулебаки,36,503.3524644639757,170.22552490234375,-395.84990776909723,0.057781702903334516,0.6111111111111112,0.0,18120.688720703125
Нижегородская область,Исходная модель,12,1529,Навашинский,36,679.1301125420464,440.61846923828125,-339.70184919569226,0.09036493153522822,0.75,0.0,24448.684051513672
Нижегородская область,Исходная модель,12,1530,Перевозский,36,350.2112536960178,183.0438232421875,30.987998962402344,0.048281507209352696,0.5,0.0,12607.60513305664
Нижегородская область,Исходная модель,12,1532,Семеновский,36,458.09712982177734,179.25201416015625,-301.67766910129126,0.055717527547380886,0.6666666666666666,0.0,16491.496673583984
Нижегородская область,Исходная модель,12,1533,Шахунья,36,427.4051335652669,246.22897338867188,-362.4313617282444,0.05626980690070548,0.6111111111111112,0.0,15386.58480834961
Нижегородская область,Исходная модель,12,1534,Первомайск,36,282.48639467027454,149.0233154296875,64.8783827887641,0.03926921835482194,0.4166666666666667,0.0,10169.510208129883
Нижегородская область,Исходная модель,12,1535,Сокольский,36,469.98962063259546,158.95462036132812,-353.43175252278644,0.06317395003761188,0.7777777777777778,0.0,16919.626342773438
Нижегородская область,Исходная модель,12,1536,Чкаловск,36,483.8110622829861,181.02655029296875,-425.54673258463544,0.0596894356082739,0.8333333333333334,0.0,17417.1982421875
Нижегородская область,Исходная модель,12,1537,Ардатовский,36,512.5265553792318,193.5357666015625,-436.93524000379773,0.07418841672692174,0.7222222222222222,0.0,18450.955993652344
Нижегородская область,Исходная модель,12,1539,Балахнинский,36,371.79140218098956,163.1798095703125,-227.78316243489584,0.03691998245238458,0.5833333333333334,0.0,13384.490478515625
Нижегородская область,Исходная модель,12,1540,Богородский,36,428.47476874457465,222.1392822265625,-343.44349161783856,0.043356676958289826,0.7222222222222222,0.0,15425.091674804688
Нижегородская область,Исходная модель,12,1541,Большеболдинский,36,445.8819410536024,242.0184326171875,-156.01456366644965,0.05766170415021908,0.5555555555555556,0.0,16051.749877929688
Нижегородская область,Исходная модель,12,1542,Большемурашкинский,36,498.6956977844238,323.20751953125,-359.1360045539008,0.0703483715654237,0.6666666666666666,0.0,17953.045120239258
Нижегородская область,Исходная модель,12,1543,Бутурлинский,36,551.0072292751736,306.46478271484375,-208.74027506510416,0.07289098191311054,0.6666666666666666,0.0,19836.26025390625
Нижегородская область,Исходная модель,12,1544,Вадский,36,527.9641698201498,310.3746337890625,116.87321387396918,0.07426875059013197,0.3333333333333333,0.0,19006.71011352539
Нижегородская область,Исходная модель,12,1545,Варнавинский,36,492.62255605061847,299.1513366699219,-418.3867145114475,0.061524839783180685,0.6944444444444444,0.0,17734.412017822266
Нижегородская область,Исходная модель,12,1546,Вачский,36,632.4468710157606,288.8108215332031,-442.83673646714954,0.08813908081669009,0.7777777777777778,0.0,22768.087356567383
Нижегородская область,Исходная модель,12,1547,Ветлужский,36,447.3238932291667,225.08499145507812,-397.5440097384983,0.05742160756883678,0.6666666666666666,0.0,16103.66015625
Нижегородская область,Исходная модель,12,1548,Вознесенский,36,425.23062388102215,231.50228881835938,-319.0266104804145,0.06052434866727605,0.75,0.0,15308.302459716797
Нижегородская область,Исходная модель,12,1549,Володарский,36,699.1289791531033,253.036865234375,-541.0487993028429,0.0910136554946055,0.7777777777777778,0.0,25168.64324951172
Нижегородская область,Исходная модель,12,1550,Воротынский,36,368.7606608072917,216.1336669921875,55.600667317708336,0.05762285483828087,0.3333333333333333,0.0,13275.3837890625
Нижегородская область,Исходная модель,12,1551,Воскресенский,36,343.1753167046441,165.796875,-282.83642917209204,0.046879916978902626,0.8333333333333334,0.0,12354.311401367188
Нижегородская область,Исходная модель,12,1552,Гагинский,36,408.044985877143,124.186279296875,-248.8268682691786,0.05940672414012565,0.6111111111111112,0.0,14689.619491577148
Нижегородская область,Исходная модель,12,1553,Городецкий,36,419.12768893771704,166.104248046875,-354.73795912000867,0.042710868936368794,0.6388888888888888,0.0,15088.596801757812
Нижегородская область,Исходная модель,12,1554,Дальнеконстантиновский,36,716.9919060601128,345.91796875,-573.0581834581163,0.089157459467868,0.7222222222222222,0.0,25811.708618164062
Нижегородская область,Исходная модель,12,1555,Дивеевский,36,404.8882412380642,130.56790161132812,-335.5641038682726,0.04869062458309358,0.8055555555555556,0.0,14575.976684570312
Нижегородская область,Исходная модель,12,1556,Княгининский,36,540.512451171875,267.9169921875,354.193359375,0.06960308854243051,0.4166666666666667,0.0,19458.4482421875
Нижегородская область,Исходная модель,12,1557,Ковернинский,36,791.4369379679362,362.5582275390625,-710.3473112318251,0.10614528528528103,0.8611111111111112,0.0,28491.729766845703
Нижегородская область,Исходная модель,12,1558,Краснобаковский,36,674.3919847276476,322.1517333984375,-468.8903283013238,0.08917612718575757,0.6666666666666666,0.0,24278.111450195312
Нижегородская область,Исходная модель,12,1559,Краснооктябрьский,36,733.8019820319282,400.5154113769531,-709.8078346252441,0.10977573242278808,0.9166666666666666,0.0,26416.871353149414
Нижегородская область,Исходная модель,12,1560,Кстовский,36,413.7107103135851,252.482177734375,-3.0695902506510415,0.03681018665436429,0.4166666666666667,0.0,14893.585571289062
Нижегородская область,Исходная модель,12,1561,Лукояновский,36,512.7576658460829,178.69293212890625,-378.35035536024304,0.07019830456633537,0.6388888888888888,0.0,18459.275970458984
Нижегородская область,Исходная модель,12,1562,Лысковский,36,368.43163045247394,204.051025390625,-224.0591057671441,0.04228500875534499,0.6666666666666666,0.0,13263.538696289062
Нижегородская область,Исходная модель,12,1563,Павловский,36,559.8595987955729,225.64154052734375,-508.9712863498264,0.057101662926855916,0.7777777777777778,0.0,20154.945556640625
Нижегородская область,Исходная модель,12,1564,Пильнинский,36,278.96589279174805,177.80145263671875,28.434806399875217,0.03879075822145931,0.4722222222222222,0.0,10042.77214050293
Нижегородская область,Исходная модель,12,1565,Починковский,36,543.2731704711914,243.22149658203125,-299.9308497111003,0.06866903595328476,0.5555555555555556,0.0,19557.83413696289
Нижегородская область,Исходная модель,12,1566,Сергачский,36,336.09632703993054,175.69061279296875,-164.65016004774304,0.042359595477607946,0.5833333333333334,0.0,12099.4677734375
Нижегородская область,Исходная модель,12,1567,Сеченовский,36,340.2886267768012,116.336181640625,-181.4722442626953,0.0471016693220838,0.5,0.0,12250.390563964844
Нижегородская область,Исходная модель,12,1568,Сосновский,36,503.53284793429907,208.8189697265625,-199.40449608696832,0.07112520266038917,0.5833333333333334,0.0,18127.182525634766
Нижегородская область,Исходная модель,12,1569,Спасский,36,533.5983979966906,223.51641845703125,-250.57583533393012,0.08205909731937111,0.75,0.0,19209.54232788086
Нижегородская область,Исходная модель,12,1570,Тонкинский,36,574.432369656033,299.6658935546875,282.94465806749133,0.0772900279850245,0.3055555555555556,0.0,20679.565307617188
Нижегородская область,Исходная модель,12,1571,Тоншаевский,36,740.2538367377388,314.0244140625,-509.9074995252821,0.09096666082694814,0.5833333333333334,0.0,26649.138122558594
Нижегородская область,Исходная модель,12,1572,Уренский,36,489.8596920437283,342.41094970703125,-479.7491404215495,0.060204387963779006,0.8888888888888888,0.0,17634.94891357422
Нижегородская область,Исходная модель,12,1573,Шарангский,36,414.74511422051324,239.55697631835938,-280.2482778761122,0.05314557492983775,0.75,0.0,14930.824111938477
Нижегородская область,Исходная модель,12,1574,Шатковский,36,497.6887075636122,244.60311889648438,-235.86071311102972,0.07329670626279461,0.6944444444444444,0.0,17916.79347229004
Нижегородская область,Исходная модель,12,3005,Арзамас,36,372.20875379774304,206.8326416015625,-214.0980970594618,0.03784457500054721,0.5,0.0,13399.51513671875
Нижегородская область,Поправка без новостей,1,1523,Нижний Новгород,36,382.19327121310766,197.118896484375,136.8671400282118,0.03336702080666973,0.3611111111111111,0.0,13758.957763671875
Нижегородская область,Поправка без новостей,1,1525,Бор,36,352.9056328667535,153.1041259765625,-12.479838053385416,0.03271717565900742,0.5277777777777778,0.0,12704.602783203125
Нижегородская область,Поправка без новостей,1,1526,Выкса,36,373.4102613661024,166.0302734375,20.634992811414932,0.034838372909362925,0.4722222222222222,0.0,13442.769409179688
Нижегородская область,Поправка без новостей,1,1527,Дзержинск,36,390.9348551432292,178.4791259765625,56.70105658637153,0.034464771029575805,0.3888888888888889,0.0,14073.65478515625
Нижегородская область,Поправка без новостей,1,1528,Кулебаки,36,335.711671617296,127.00640869140625,57.55808681911893,0.03853759232356095,0.4166666666666667,0.0,12085.620178222656
Нижегородская область,Поправка без новостей,1,1529,Навашинский,36,413.821161058214,150.82171630859375,242.3502917819553,0.055062969814254785,0.4166666666666667,0.0,14897.561798095703
Нижегородская область,Поправка без новостей,1,1530,Перевозский,36,325.8410390218099,120.36944580078125,267.82794358995227,0.04492173312137449,0.3333333333333333,0.0,11730.277404785156
Нижегородская область,Поправка без новостей,1,1532,Семеновский,36,355.93038092719183,92.2110595703125,-71.32571241590712,0.043291170176019335,0.6388888888888888,0.0,12813.493713378906
Нижегородская область,Поправка без новостей,1,1533,Шахунья,36,320.44618055555554,100.45880126953125,37.72068956163194,0.04218817998632256,0.4444444444444444,0.0,11536.0625
Нижегородская область,Поправка без новостей,1,1534,Первомайск,36,413.0810250176324,165.26995849609375,279.56624094645184,0.05742354065789637,0.2777777777777778,0.0,14870.916900634766
Нижегородская область,Поправка без новостей,1,1535,Сокольский,36,282.5723105536567,119.7540283203125,0.41131337483723956,0.03798213459459366,0.5,0.0,10172.60317993164
Нижегородская область,Поправка без новостей,1,1536,Чкаловск,36,309.4668189154731,135.60964965820312,-41.42848205566406,0.03817998636366046,0.5277777777777778,0.0,11140.805480957031
Нижегородская область,Поправка без новостей,1,1537,Ардатовский,36,351.83694034152563,156.93511962890625,77.11862097846137,0.05092853292385696,0.4166666666666667,0.0,12666.129852294922
Нижегородская область,Поправка без новостей,1,1539,Балахнинский,36,309.0827874077691,132.081787109375,21.456783718532986,0.030692832110931566,0.4166666666666667,0.0,11126.980346679688
Нижегородская область,Поправка без новостей,1,1540,Богородский,36,289.49451700846356,111.332275390625,5.355465359157986,0.029293487436629885,0.5277777777777778,0.0,10421.802612304688
Нижегородская область,Поправка без новостей,1,1541,Большеболдинский,36,386.40738677978516,179.29296875,22.382484436035156,0.049970421240443805,0.4722222222222222,0.0,13910.665924072266
Нижегородская область,Поправка без новостей,1,1542,Большемурашкинский,36,327.4782532585992,169.51904296875,121.70032289293077,0.04619562980427101,0.3333333333333333,0.0,11789.21711730957
Нижегородская область,Поправка без новостей,1,1543,Бутурлинский,36,347.3563062879774,127.2437744140625,42.548672146267364,0.04595065344668543,0.3888888888888889,0.0,12504.827026367188
Нижегородская область,Поправка без новостей,1,1544,Вадский,36,470.74855041503906,210.753662109375,311.3159823947483,0.06622022606827736,0.3055555555555556,0.0,16946.947814941406
Нижегородская область,Поправка без новостей,1,1545,Варнавинский,36,404.5223897298177,142.39288330078125,59.97298940022787,0.05052179383819987,0.4166666666666667,0.0,14562.806030273438
Нижегородская область,Поправка без новостей,1,1546,Вачский,36,449.02177132500543,189.123779296875,10.593930986192492,0.06257658627942163,0.4722222222222222,0.0,16164.783767700195
Нижегородская область,Поправка без новостей,1,1547,Ветлужский,36,274.46178351508246,146.455322265625,-8.745427449544271,0.03523182433175359,0.5555555555555556,0.0,9880.624206542969
Нижегородская область,Поправка без новостей,1,1548,Вознесенский,36,275.33860778808594,132.28009033203125,46.634724934895836,0.03918976894757043,0.4722222222222222,0.0,9912.189880371094
Нижегородская область,Поправка без новостей,1,1549,Володарский,36,387.90707058376734,142.703125,150.3581746419271,0.05049832225349818,0.3333333333333333,0.0,13964.654541015625
Нижегородская область,Поправка без новостей,1,1550,Воротынский,36,374.77820671929254,155.02685546875,214.44510226779514,0.05856316168611766,0.2222222222222222,0.0,13492.015441894531
Нижегородская область,Поправка без новостей,1,1551,Воскресенский,36,313.3960206773546,122.46380615234375,67.54064687093098,0.04281187694952308,0.4444444444444444,0.0,11282.256744384766
Нижегородская область,Поправка без новостей,1,1552,Гагинский,36,296.9618721008301,106.584716796875,47.95463434855143,0.04323428206845046,0.3888888888888889,0.0,10690.627395629883
Нижегородская область,Поправка без новостей,1,1553,Городецкий,36,313.0105489095052,147.3138427734375,-33.21550496419271,0.0318970874104225,0.5277777777777778,0.0,11268.379760742188
Нижегородская область,Поправка без новостей,1,1554,Дальнеконстантиновский,36,357.45472717285156,134.19219970703125,-155.73789638943143,0.04444925400153591,0.5277777777777778,0.0,12868.370178222656
Нижегородская область,Поправка без новостей,1,1555,Дивеевский,36,287.3879224989149,162.5501708984375,-58.17882622612847,0.034560394743304655,0.5555555555555556,0.0,10345.965209960938
Нижегородская область,Поправка без новостей,1,1556,Княгининский,36,480.7412050035265,135.78875732421875,315.8707114325629,0.0619062013933423,0.25,0.0,17306.683380126953
Нижегородская область,Поправка без новостей,1,1557,Ковернинский,36,338.01598273383246,109.05242919921875,-95.85498555501302,0.045333748271073046,0.6111111111111112,0.0,12168.575378417969
Нижегородская область,Поправка без новостей,1,1558,Краснобаковский,36,438.48150126139325,244.4285888671875,-4.569090101453993,0.05798123793075514,0.4166666666666667,0.0,15785.334045410156
Нижегородская область,Поправка без новостей,1,1559,Краснооктябрьский,36,469.5246590508355,272.9586181640625,-144.37428538004556,0.07024022093145925,0.6388888888888888,0.0,16902.887725830078
Нижегородская область,Поправка без новостей,1,1560,Кстовский,36,401.717291937934,182.0159912109375,170.1027357313368,0.0357430642472674,0.3611111111111111,0.0,14461.822509765625
Нижегородская область,Поправка без новостей,1,1561,Лукояновский,36,312.2930497063531,82.9732666015625,9.022279951307508,0.0427540026750509,0.5,0.0,11242.549789428711
Нижегородская область,Поправка без новостей,1,1562,Лысковский,36,380.39358859592016,169.76068115234375,31.276553683810764,0.04365788628001761,0.4444444444444444,0.0,13694.169189453125
Нижегородская область,Поправка без новостей,1,1563,Павловский,36,355.638909233941,161.00634765625,-107.7335205078125,0.036272617567759714,0.6388888888888888,0.0,12803.000732421875
Нижегородская область,Поправка без новостей,1,1564,Пильнинский,36,359.69983249240454,218.94195556640625,157.30113389756946,0.050016971949070524,0.3055555555555556,0.0,12949.193969726562
Нижегородская область,Поправка без новостей,1,1565,Починковский,36,331.8453776041667,110.59375,-15.16532728407118,0.04194483255241158,0.4166666666666667,0.0,11946.43359375
Нижегородская область,Поправка без новостей,1,1566,Сергачский,36,291.72899627685547,112.27069091796875,31.675383673773872,0.03676779922057295,0.5,0.0,10502.243865966797
Нижегородская область,Поправка без новостей,1,1567,Сеченовский,36,297.85885365804035,165.99658203125,91.31301964653863,0.04122867508839242,0.3055555555555556,0.0,10722.918731689453
Нижегородская область,Поправка без новостей,1,1568,Сосновский,36,438.8350847032335,229.7623291015625,159.19191318088107,0.06198649097482336,0.4166666666666667,0.0,15798.063049316406
Нижегородская область,Поправка без новостей,1,1569,Спасский,36,392.26362779405383,135.85862731933594,63.515096028645836,0.06032401770479354,0.4444444444444444,0.0,14121.490600585938
Нижегородская область,Поправка без новостей,1,1570,Тонкинский,36,470.4124467637804,179.2901611328125,383.81625196668836,0.0632941197179531,0.3055555555555556,0.0,16934.848083496094
Нижегородская область,Поправка без новостей,1,1571,Тоншаевский,36,360.2331263224284,106.33418273925781,-78.97539181179471,0.04426752418496841,0.5277777777777778,0.0,12968.392547607422
Нижегородская область,Поправка без новостей,1,1572,Уренский,36,330.7389882405599,132.69683837890625,-16.939261542426216,0.04064824823554768,0.5,0.0,11906.603576660156
Нижегородская область,Поправка без новостей,1,1573,Шарангский,36,339.462274339464,142.843994140625,-54.08389027913412,0.04349880714247319,0.5555555555555556,0.0,12220.641876220703
Нижегородская область,Поправка без новостей,1,1574,Шатковский,36,418.08555603027344,119.19891357421875,117.55531989203558,0.06157321580207102,0.4166666666666667,0.0,15051.080017089844
Нижегородская область,Поправка без новостей,1,3005,Арзамас,36,324.39683024088544,152.4327392578125,19.879007975260418,0.03298326556463007,0.4722222222222222,0.0,11678.285888671875
Нижегородская область,Поправка без новостей,3,1523,Нижний Новгород,36,478.96395534939234,237.22314453125,162.71411810980902,0.04181549354090225,0.3888888888888889,0.0,17242.702392578125
Нижегородская область,Поправка без новостей,3,1525,Бор,36,414.7479485405816,202.77630615234375,-30.551347520616318,0.03845045310381477,0.5833333333333334,0.0,14930.926147460938
Нижегородская область,Поправка без новостей,3,1526,Выкса,36,467.0791998969184,200.98614501953125,-25.428110758463543,0.043577483073669175,0.5,0.0,16814.851196289062
Нижегородская область,Поправка без новостей,3,1527,Дзержинск,36,483.09590996636285,229.20782470703125,76.18059963650174,0.042589678825683576,0.4166666666666667,0.0,17391.452758789062
Нижегородская область,Поправка без новостей,3,1528,Кулебаки,36,378.7347869873047,165.209228515625,23.78317430284288,0.043476375871453254,0.4444444444444444,0.0,13634.452331542969
Нижегородская область,Поправка без новостей,3,1529,Навашинский,36,382.60894690619574,165.62945556640625,166.28830040825738,0.05090987817125186,0.5555555555555556,0.0,13773.922088623047
Нижегородская область,Поправка без новостей,3,1530,Перевозский,36,380.9197531806098,113.7030029296875,261.7486750284831,0.05251510228548543,0.3888888888888889,0.0,13713.111114501953
Нижегородская область,Поправка без новостей,3,1532,Семеновский,36,425.57141876220703,134.63955688476562,-129.3416010538737,0.051761483983727,0.6944444444444444,0.0,15320.571075439453
Нижегородская область,Поправка без новостей,3,1533,Шахунья,36,387.37313503689234,163.310302734375,-10.090101453993055,0.050999414361779696,0.5,0.0,13945.432861328125
Нижегородская область,Поправка без новостей,3,1534,Первомайск,36,450.1485527886285,165.450927734375,305.5849914550781,0.06257640065177927,0.3055555555555556,0.0,16205.347900390625
Нижегородская область,Поправка без новостей,3,1535,Сокольский,36,348.4746339586046,146.02667236328125,-123.00801849365234,0.046840436785486717,0.6666666666666666,0.0,12545.086822509766
Нижегородская область,Поправка без новостей,3,1536,Чкаловск,36,382.2710935804579,201.0360870361328,-162.5520773993598,0.04716210025770136,0.6944444444444444,0.0,13761.759368896484
Нижегородская область,Поправка без новостей,3,1537,Ардатовский,36,419.62205929226343,190.01763916015625,12.460000779893663,0.060740455057101954,0.5277777777777778,0.0,15106.394134521484
Нижегородская область,Поправка без новостей,3,1539,Балахнинский,36,397.3140936957465,211.2452392578125,28.53411865234375,0.03945446097269135,0.5,0.0,14303.307373046875
Нижегородская область,Поправка без новостей,3,1540,Богородский,36,357.9403076171875,147.4261474609375,14.83150906032986,0.036219407581874766,0.5555555555555556,0.0,12885.85107421875
Нижегородская область,Поправка без новостей,3,1541,Большеболдинский,36,485.3396937052409,231.276611328125,-29.2246339586046,0.0627644029822352,0.5277777777777778,0.0,17472.228973388672
Нижегородская область,Поправка без новостей,3,1542,Большемурашкинский,36,307.5981263054742,133.14599609375,77.4640753004286,0.04339124515872552,0.3333333333333333,0.0,11073.53254699707
Нижегородская область,Поправка без новостей,3,1543,Бутурлинский,36,391.8975185818142,166.88427734375,-46.098114013671875,0.05184286779016856,0.5,0.0,14108.310668945312
Нижегородская область,Поправка без новостей,3,1544,Вадский,36,516.9383460150825,178.151611328125,332.49156867133246,0.07271774731180679,0.25,0.0,18609.78045654297
Нижегородская область,Поправка без новостей,3,1545,Варнавинский,36,446.6078813340929,121.375,41.43345472547743,0.055777954150687405,0.5,0.0,16077.883728027344
Нижегородская область,Поправка без новостей,3,1546,Вачский,36,431.5368724399143,150.67840576171875,-64.07436498006184,0.06013985524867186,0.4722222222222222,0.0,15535.327407836914
Нижегородская область,Поправка без новостей,3,1547,Ветлужский,36,311.8750296698676,143.130615234375,-81.25529903835721,0.04003444894245321,0.5555555555555556,0.0,11227.501068115234
Нижегородская область,Поправка без новостей,3,1548,Вознесенский,36,289.2604988945855,106.80596923828125,27.654531690809463,0.0411713134180679,0.5,0.0,10413.377960205078
Нижегородская область,Поправка без новостей,3,1549,Володарский,36,438.7509545220269,182.5648193359375,67.62130567762587,0.057117255060960985,0.4722222222222222,0.0,15795.034362792969
Нижегородская область,Поправка без новостей,3,1550,Воротынский,36,357.0633816189236,146.81576538085938,163.4161088731554,0.055795028032681306,0.3055555555555556,0.0,12854.28173828125
Нижегородская область,Поправка без новостей,3,1551,Воскресенский,36,365.47689225938586,181.26123046875,-6.048920525444879,0.049926453135828004,0.6388888888888888,0.0,13157.16812133789
Нижегородская область,Поправка без новостей,3,1552,Гагинский,36,324.1932657029894,137.21975708007812,14.313922458224827,0.04719886426812424,0.5,0.0,11670.957565307617
Нижегородская область,Поправка без новостей,3,1553,Городецкий,36,404.7598707411024,212.67913818359375,-56.83105129665799,0.04124672801680199,0.5277777777777778,0.0,14571.355346679688
Нижегородская область,Поправка без новостей,3,1554,Дальнеконстантиновский,36,441.65784539116754,147.775390625,-260.97994147406683,0.054919854905346094,0.75,0.0,15899.682434082031
Нижегородская область,Поправка без новостей,3,1555,Дивеевский,36,380.32673814561633,238.942138671875,-119.75448947482639,0.04573693315798819,0.6666666666666666,0.0,13691.762573242188
Нижегородская область,Поправка без новостей,3,1556,Княгининский,36,537.8267957899305,164.74606323242188,348.68325975206164,0.06925725023854194,0.2777777777777778,0.0,19361.7646484375
Нижегородская область,Поправка без новостей,3,1557,Ковернинский,36,458.7694812350803,175.53936767578125,-231.58096398247613,0.06152886620494181,0.7222222222222222,0.0,16515.70132446289
Нижегородская область,Поправка без новостей,3,1558,Краснобаковский,36,513.2235344780815,177.3909912109375,-88.28533596462674,0.06786451829468956,0.5,0.0,18476.047241210938
Нижегородская область,Поправка без новостей,3,1559,Краснооктябрьский,36,524.9067404005262,324.4451904296875,-207.82808134290906,0.07852530150105112,0.6388888888888888,0.0,18896.642654418945
Нижегородская область,Поправка без новостей,3,1560,Кстовский,36,503.1221991644965,223.55694580078125,226.8343505859375,0.04476563356834907,0.3333333333333333,0.0,18112.399169921875
Нижегородская область,Поправка без новостей,3,1561,Лукояновский,36,349.17330593532984,121.63525390625,-63.08643256293403,0.04780303778791323,0.5833333333333334,0.0,12570.239013671875
Нижегородская область,Поправка без новостей,3,1562,Лысковский,36,427.6169653998481,191.949462890625,-8.458406236436632,0.049077727402666915,0.4166666666666667,0.0,15394.210754394531
Нижегородская область,Поправка без новостей,3,1563,Павловский,36,415.6014811197917,153.20001220703125,-151.9930894639757,0.042388369758879045,0.6388888888888888,0.0,14961.6533203125
Нижегородская область,Поправка без новостей,3,1564,Пильнинский,36,394.87950727674695,208.1767578125,173.826776292589,0.054908775191439385,0.3611111111111111,0.0,14215.66226196289
Нижегородская область,Поправка без новостей,3,1565,Починковский,36,390.1753277248806,124.9578857421875,-128.08885108100043,0.04931766386399393,0.5,0.0,14046.311798095703
Нижегородская область,Поправка без новостей,3,1566,Сергачский,36,315.8381695217556,114.57569885253906,-17.995073954264324,0.03980637698471558,0.5555555555555556,0.0,11370.174102783203
Нижегородская область,Поправка без новостей,3,1567,Сеченовский,36,361.8346773783366,197.28271484375,49.18282614813911,0.05008400511227187,0.4444444444444444,0.0,13026.048385620117
Нижегородская область,Поправка без новостей,3,1568,Сосновский,36,474.10553487141925,199.0506591796875,181.06556362575955,0.06696852526797178,0.3888888888888889,0.0,17067.799255371094
Нижегородская область,Поправка без новостей,3,1569,Спасский,36,422.9662501017253,154.22451782226562,37.17263878716363,0.06504560135527655,0.5555555555555556,0.0,15226.78500366211
Нижегородская область,Поправка без новостей,3,1570,Тонкинский,36,544.4838536580404,192.32763671875,442.86909739176434,0.07326044719907254,0.3888888888888889,0.0,19601.418731689453
Нижегородская область,Поправка без новостей,3,1571,Тоншаевский,36,430.711908976237,165.9842529296875,-206.7203860812717,0.052928363479525974,0.5833333333333334,0.0,15505.628723144531
Нижегородская область,Поправка без новостей,3,1572,Уренский,36,416.7206759982639,149.689453125,-86.52711317274306,0.051215508558495895,0.5833333333333334,0.0,15001.9443359375
Нижегородская область,Поправка без новостей,3,1573,Шарангский,36,374.91674550374347,193.185791015625,-136.72178734673395,0.04804195470287378,0.5833333333333334,0.0,13497.002838134766
Нижегородская область,Поправка без новостей,3,1574,Шатковский,36,454.5669818454319,182.55914306640625,76.14032830132379,0.0669459886043951,0.4166666666666667,0.0,16364.411346435547
Нижегородская область,Поправка без новостей,3,3005,Арзамас,36,406.0483567979601,198.4158935546875,11.244049072265625,0.04128523936070451,0.4722222222222222,0.0,14617.740844726562
Нижегородская область,Поправка без новостей,6,1523,Нижний Новгород,36,509.4474028017797,264.46472337753926,339.6065204000222,0.04447682198913566,0.2777777777777778,-170.16739045911473,18340.10650086407
Нижегородская область,Поправка без новостей,6,1525,Бор,36,406.8241681878371,151.2540394519266,105.67502233392513,0.03771585526932224,0.5,-94.91688737186489,14645.670054762135
Нижегородская область,Поправка без новостей,6,1526,Выкса,36,397.1584657563113,156.2175581029619,35.916461925264144,0.037054029215772534,0.4444444444444444,-47.076207319896355,14297.704767227206
Нижегородская область,Поправка без новостей,6,1527,Дзержинск,36,459.66715267562125,126.85223046707335,207.12861915772893,0.04052420232772057,0.2777777777777778,-128.49789540565612,16548.017496322365
Нижегородская область,Поправка без новостей,6,1528,Кулебаки,36,366.53724714128407,164.19301770484452,39.78754284731927,0.042076174872566936,0.5277777777777778,-35.291072011075734,13195.340897086226
Нижегородская область,Поправка без новостей,6,1529,Навашинский,36,445.0573483284053,180.0507420601973,238.3289767555328,0.05921925131608209,0.5555555555555556,9.63135711593076,16022.06453982259
Нижегородская область,Поправка без новостей,6,1530,Перевозский,36,432.67806762618574,130.2423048049584,320.60866091033415,0.05965070802537725,0.3055555555555556,-57.141851738056324,15576.410434542686
Нижегородская область,Поправка без новостей,6,1532,Семеновский,36,376.97345016437174,156.48669809613648,-0.7551517792663449,0.045850600728138624,0.5,-17.225365142399035,13571.044205917382
Нижегородская область,Поправка без новостей,6,1533,Шахунья,36,313.0881134800393,81.92709460039484,-45.00742164359846,0.04121945738337209,0.4722222222222222,0.11341528108264892,11271.172085281414
Нижегородская область,Поправка без новостей,6,1534,Первомайск,36,423.54349930325384,141.47239518217987,399.80658022909915,0.0588779582688165,0.2222222222222222,-59.61492442328966,15247.56597491714
Нижегородская область,Поправка без новостей,6,1535,Сокольский,36,327.24296338043285,133.57249631958166,-120.56274902130083,0.04398656845002196,0.6111111111111112,14.230566011385712,11780.746681695582
Нижегородская область,Поправка без новостей,6,1536,Чкаловск,36,376.6539535920155,215.59234730972412,-131.50708743372172,0.04646909436804545,0.5277777777777778,-13.612004637751207,13559.542329312559
Нижегородская область,Поправка без новостей,6,1537,Ардатовский,36,374.85288139880413,222.97965271477926,-57.6008166898609,0.05426009927607497,0.4444444444444444,-6.737061255846241,13494.703730356949
Нижегородская область,Поправка без новостей,6,1539,Балахнинский,36,388.7029116289764,191.93563770506444,117.88652616233695,0.038599345203648695,0.3611111111111111,-48.52642169299547,13993.30481864315
Нижегородская область,Поправка без новостей,6,1540,Богородский,36,358.4633781382112,143.60620708491058,88.90299035705159,0.0362723362518006,0.5,-49.638342195285944,12904.681612975604
Нижегородская область,Поправка без новостей,6,1541,Большеболдинский,36,439.55780339177704,267.2217154801458,15.11359751802159,0.056843863100187415,0.5555555555555556,-19.10416298379093,15824.080922103973
Нижегородская область,Поправка без новостей,6,1542,Большемурашкинский,36,242.67675777611328,96.89863736722646,67.89374984400828,0.034233130147648054,0.4444444444444444,-26.84662412607533,8736.363279940078
Нижегородская область,Поправка без новостей,6,1543,Бутурлинский,36,393.23081836384773,192.1147510839636,-10.940807430597264,0.052019245748811324,0.4722222222222222,-5.344744721540893,14156.309461098519
Нижегородская область,Поправка без новостей,6,1544,Вадский,36,583.0045360092189,178.75885200695382,471.4531143830525,0.08201128211509891,0.1388888888888889,9.918697870718153,20988.16329633188
Нижегородская область,Поправка без новостей,6,1545,Варнавинский,36,388.43824471472385,173.67356165664467,30.442365865987036,0.04851300550126994,0.4444444444444444,-35.66126208939832,13983.776809730058
Нижегородская область,Поправка без новостей,6,1546,Вачский,36,437.14791139057365,221.26160716167396,-60.66345867278153,0.06092182103615922,0.6388888888888888,-25.541090118465327,15737.32481006065
Нижегородская область,Поправка без новостей,6,1547,Ветлужский,36,274.7349587806026,146.89451324491188,-98.1909795623155,0.03526689100968348,0.6111111111111112,-0.6623718733217933,9890.458516101693
Нижегородская область,Поправка без новостей,6,1548,Вознесенский,36,279.26280238756334,179.9735505047371,26.114050449315577,0.03974831132161042,0.4444444444444444,-17.404524748810104,10053.46088595228
Нижегородская область,Поправка без новостей,6,1549,Володарский,36,394.59496062586214,160.670437268841,84.95992745251749,0.051368961775570855,0.5,1.8832939043028003,14205.418582531038
Нижегородская область,Поправка без новостей,6,1550,Воротынский,36,343.3341848567417,178.11227791260137,241.58928646826865,0.053649692056925394,0.2777777777777778,5.827477774823001,12360.0306548427
Нижегородская область,Поправка без новостей,6,1551,Воскресенский,36,318.32743639373297,131.34569477951698,-8.343080750836625,0.043485539500758494,0.5555555555555556,-29.21448320769783,11459.787710174387
Нижегородская область,Поправка без новостей,6,1552,Гагинский,36,335.6426769813394,212.52860154767632,-7.1104004692032055,0.04886576875395603,0.5833333333333334,-26.810855221797524,12083.136371328217
Нижегородская область,Поправка без новостей,6,1553,Городецкий,36,372.22072200858486,182.50470406074623,-14.972568407023175,0.03793085232188436,0.5555555555555556,-16.03129940116295,13399.945992309054
Нижегородская область,Поправка без новостей,6,1554,Дальнеконстантиновский,36,387.394866990645,166.43535590395106,-176.06007967843732,0.04817229017489463,0.6111111111111112,17.789612616831082,13946.21521166322
Нижегородская область,Поправка без новостей,6,1555,Дивеевский,36,403.4325369469484,215.2774133350905,50.51861945923839,0.048515566026376834,0.4722222222222222,-54.73087933382993,14523.571330090143
Нижегородская область,Поправка без новостей,6,1556,Княгининский,36,599.0621743116665,271.2910920980862,520.1934806409463,0.07714267723275252,0.2222222222222222,-50.2624069234286,21566.238275219992
Нижегородская область,Поправка без новостей,6,1557,Ковернинский,36,547.5221611284293,227.09085955702471,-350.6669656964065,0.07343212479090185,0.8333333333333334,35.010948748415245,19710.797800623455
Нижегородская область,Поправка без новостей,6,1558,Краснобаковский,36,507.0790500322549,252.46340661083423,-102.3781641329187,0.06705202149929357,0.4722222222222222,-10.821117157363327,18254.845801161176
Нижегородская область,Поправка без новостей,6,1559,Краснооктябрьский,36,446.84925817003347,210.76628626674545,-261.1948189677461,0.06684801322335568,0.75,-13.935430485842913,16086.573294121205
Нижегородская область,Поправка без новостей,6,1560,Кстовский,36,551.1546804036527,274.7713108723947,391.4951192181848,0.04903935565435795,0.2777777777777778,-159.5590179687569,19841.568494531497
Нижегородская область,Поправка без новостей,6,1561,Лукояновский,36,343.629007009171,186.90927852253026,-65.89514534153258,0.04704400401709071,0.5555555555555556,-22.721029799020116,12370.644252330156
Нижегородская область,Поправка без новостей,6,1562,Лысковский,36,398.59826088715215,168.97022231146593,24.949206333669995,0.045747241980225964,0.5277777777777778,-72.94086647797242,14349.537391937478
Нижегородская область,Поправка без новостей,6,1563,Павловский,36,401.0459511221996,156.0350720531601,-97.9389277146473,0.04090381011315307,0.6388888888888888,-29.328971141730886,14437.654240399186
Нижегородская область,Поправка без новостей,6,1564,Пильнинский,36,358.8126301860854,218.9987027415766,258.6589470159853,0.04989360471656215,0.3333333333333333,-63.332782384029166,12917.254686699074
Нижегородская область,Поправка без новостей,6,1565,Починковский,36,446.17449027834,204.61863025675007,-173.34600331106446,0.05639588659934848,0.6111111111111112,-21.80480118464427,16062.281650020239
Нижегородская область,Поправка без новостей,6,1566,Сергачский,36,276.13569021281387,76.34348108735173,89.12635077608888,0.03480251104605251,0.3055555555555556,-51.368680053851214,9940.8848476613
Нижегородская область,Поправка без новостей,6,1567,Сеченовский,36,327.4717834312954,182.70805836108013,91.94062046009077,0.04532760263425138,0.3611111111111111,-40.311676772359824,11788.984203526636
Нижегородская область,Поправка без новостей,6,1568,Сосновский,36,446.24629943327886,260.0707867201098,161.2683310220881,0.06303334253931736,0.4166666666666667,-35.662454930511956,16064.86677959804
Нижегородская область,Поправка без новостей,6,1569,Спасский,36,417.4280134232535,195.19945739236022,76.06629089539943,0.06419390707680302,0.5277777777777778,-25.159372693137477,15027.408483237126
Нижегородская область,Поправка без новостей,6,1570,Тонкинский,36,625.4341180166905,267.701669508824,494.508779580389,0.0841523267799911,0.25,-38.380748706523384,22515.628248600857
Нижегородская область,Поправка без новостей,6,1571,Тоншаевский,36,549.8141014133473,186.41128298590252,-333.0782949301808,0.06756432780079023,0.6666666666666666,12.87535510249476,19793.307650880502
Нижегородская область,Поправка без новостей,6,1572,Уренский,36,342.43671256961545,127.66253084036168,-143.01337448014354,0.042085913643088356,0.7222222222222222,-13.584727909784728,12327.721652506156
Нижегородская область,Поправка без новостей,6,1573,Шарангский,36,307.48318977532284,133.45408423498975,-146.16738615882124,0.039400996760582695,0.6666666666666666,-17.79194459031849,11069.394831911623
Нижегородская область,Поправка без новостей,6,1574,Шатковский,36,431.9857435928241,182.8649188388751,99.9782985045912,0.06362035480540033,0.4444444444444444,-24.419341581376706,15551.486769341669
Нижегородская область,Поправка без новостей,6,3005,Арзамас,36,388.0968073020065,171.31860469588514,102.66190898625992,0.039460003510274136,0.4444444444444444,-68.8486926101662,13971.485062872232
Нижегородская область,Поправка без новостей,12,1523,Нижний Новгород,36,358.1416422526042,235.887939453125,-35.3570556640625,0.031267216167482514,0.4166666666666667,0.0,12893.09912109375
Нижегородская область,Поправка без новостей,12,1525,Бор,36,347.23446316189234,167.1383056640625,-176.12915717230902,0.032191412854036726,0.5555555555555556,0.0,12500.440673828125
Нижегородская область,Поправка без новостей,12,1526,Выкса,36,405.1656968858507,207.63946533203125,-256.2888997395833,0.037801086629357786,0.5555555555555556,0.0,14585.965087890625
Нижегородская область,Поправка без новостей,12,1527,Дзержинск,36,392.5444030761719,270.5069580078125,-160.52865600585938,0.034606668586777946,0.4722222222222222,0.0,14131.598510742188
Нижегородская область,Поправка без новостей,12,1528,Кулебаки,36,503.3524644639757,170.22552490234375,-395.84990776909723,0.057781702903334516,0.6111111111111112,0.0,18120.688720703125
Нижегородская область,Поправка без новостей,12,1529,Навашинский,36,679.1301125420464,440.61846923828125,-339.70184919569226,0.09036493153522822,0.75,0.0,24448.684051513672
Нижегородская область,Поправка без новостей,12,1530,Перевозский,36,350.2112536960178,183.0438232421875,30.987998962402344,0.048281507209352696,0.5,0.0,12607.60513305664
Нижегородская область,Поправка без новостей,12,1532,Семеновский,36,458.09712982177734,179.25201416015625,-301.67766910129126,0.055717527547380886,0.6666666666666666,0.0,16491.496673583984
Нижегородская область,Поправка без новостей,12,1533,Шахунья,36,427.4051335652669,246.22897338867188,-362.4313617282444,0.05626980690070548,0.6111111111111112,0.0,15386.58480834961
Нижегородская область,Поправка без новостей,12,1534,Первомайск,36,282.48639467027454,149.0233154296875,64.8783827887641,0.03926921835482194,0.4166666666666667,0.0,10169.510208129883
Нижегородская область,Поправка без новостей,12,1535,Сокольский,36,469.98962063259546,158.95462036132812,-353.43175252278644,0.06317395003761188,0.7777777777777778,0.0,16919.626342773438
Нижегородская область,Поправка без новостей,12,1536,Чкаловск,36,483.8110622829861,181.02655029296875,-425.54673258463544,0.0596894356082739,0.8333333333333334,0.0,17417.1982421875
Нижегородская область,Поправка без новостей,12,1537,Ардатовский,36,512.5265553792318,193.5357666015625,-436.93524000379773,0.07418841672692174,0.7222222222222222,0.0,18450.955993652344
Нижегородская область,Поправка без новостей,12,1539,Балахнинский,36,371.79140218098956,163.1798095703125,-227.78316243489584,0.03691998245238458,0.5833333333333334,0.0,13384.490478515625
Нижегородская область,Поправка без новостей,12,1540,Богородский,36,428.47476874457465,222.1392822265625,-343.44349161783856,0.043356676958289826,0.7222222222222222,0.0,15425.091674804688
Нижегородская область,Поправка без новостей,12,1541,Большеболдинский,36,445.8819410536024,242.0184326171875,-156.01456366644965,0.05766170415021908,0.5555555555555556,0.0,16051.749877929688
Нижегородская область,Поправка без новостей,12,1542,Большемурашкинский,36,498.6956977844238,323.20751953125,-359.1360045539008,0.0703483715654237,0.6666666666666666,0.0,17953.045120239258
Нижегородская область,Поправка без новостей,12,1543,Бутурлинский,36,551.0072292751736,306.46478271484375,-208.74027506510416,0.07289098191311054,0.6666666666666666,0.0,19836.26025390625
Нижегородская область,Поправка без новостей,12,1544,Вадский,36,527.9641698201498,310.3746337890625,116.87321387396918,0.07426875059013197,0.3333333333333333,0.0,19006.71011352539
Нижегородская область,Поправка без новостей,12,1545,Варнавинский,36,492.62255605061847,299.1513366699219,-418.3867145114475,0.061524839783180685,0.6944444444444444,0.0,17734.412017822266
Нижегородская область,Поправка без новостей,12,1546,Вачский,36,632.4468710157606,288.8108215332031,-442.83673646714954,0.08813908081669009,0.7777777777777778,0.0,22768.087356567383
Нижегородская область,Поправка без новостей,12,1547,Ветлужский,36,447.3238932291667,225.08499145507812,-397.5440097384983,0.05742160756883678,0.6666666666666666,0.0,16103.66015625
Нижегородская область,Поправка без новостей,12,1548,Вознесенский,36,425.23062388102215,231.50228881835938,-319.0266104804145,0.06052434866727605,0.75,0.0,15308.302459716797
Нижегородская область,Поправка без новостей,12,1549,Володарский,36,699.1289791531033,253.036865234375,-541.0487993028429,0.0910136554946055,0.7777777777777778,0.0,25168.64324951172
Нижегородская область,Поправка без новостей,12,1550,Воротынский,36,368.7606608072917,216.1336669921875,55.600667317708336,0.05762285483828087,0.3333333333333333,0.0,13275.3837890625
Нижегородская область,Поправка без новостей,12,1551,Воскресенский,36,343.1753167046441,165.796875,-282.83642917209204,0.046879916978902626,0.8333333333333334,0.0,12354.311401367188
Нижегородская область,Поправка без новостей,12,1552,Гагинский,36,408.044985877143,124.186279296875,-248.8268682691786,0.05940672414012565,0.6111111111111112,0.0,14689.619491577148
Нижегородская область,Поправка без новостей,12,1553,Городецкий,36,419.12768893771704,166.104248046875,-354.73795912000867,0.042710868936368794,0.6388888888888888,0.0,15088.596801757812
Нижегородская область,Поправка без новостей,12,1554,Дальнеконстантиновский,36,716.9919060601128,345.91796875,-573.0581834581163,0.089157459467868,0.7222222222222222,0.0,25811.708618164062
Нижегородская область,Поправка без новостей,12,1555,Дивеевский,36,404.8882412380642,130.56790161132812,-335.5641038682726,0.04869062458309358,0.8055555555555556,0.0,14575.976684570312
Нижегородская область,Поправка без новостей,12,1556,Княгининский,36,540.512451171875,267.9169921875,354.193359375,0.06960308854243051,0.4166666666666667,0.0,19458.4482421875
Нижегородская область,Поправка без новостей,12,1557,Ковернинский,36,791.4369379679362,362.5582275390625,-710.3473112318251,0.10614528528528103,0.8611111111111112,0.0,28491.729766845703
Нижегородская область,Поправка без новостей,12,1558,Краснобаковский,36,674.3919847276476,322.1517333984375,-468.8903283013238,0.08917612718575757,0.6666666666666666,0.0,24278.111450195312
Нижегородская область,Поправка без новостей,12,1559,Краснооктябрьский,36,733.8019820319282,400.5154113769531,-709.8078346252441,0.10977573242278808,0.9166666666666666,0.0,26416.871353149414
Нижегородская область,Поправка без новостей,12,1560,Кстовский,36,413.7107103135851,252.482177734375,-3.0695902506510415,0.03681018665436429,0.4166666666666667,0.0,14893.585571289062
Нижегородская область,Поправка без новостей,12,1561,Лукояновский,36,512.7576658460829,178.69293212890625,-378.35035536024304,0.07019830456633537,0.6388888888888888,0.0,18459.275970458984
Нижегородская область,Поправка без новостей,12,1562,Лысковский,36,368.43163045247394,204.051025390625,-224.0591057671441,0.04228500875534499,0.6666666666666666,0.0,13263.538696289062
Нижегородская область,Поправка без новостей,12,1563,Павловский,36,559.8595987955729,225.64154052734375,-508.9712863498264,0.057101662926855916,0.7777777777777778,0.0,20154.945556640625
Нижегородская область,Поправка без новостей,12,1564,Пильнинский,36,278.96589279174805,177.80145263671875,28.434806399875217,0.03879075822145931,0.4722222222222222,0.0,10042.77214050293
Нижегородская область,Поправка без новостей,12,1565,Починковский,36,543.2731704711914,243.22149658203125,-299.9308497111003,0.06866903595328476,0.5555555555555556,0.0,19557.83413696289
Нижегородская область,Поправка без новостей,12,1566,Сергачский,36,336.09632703993054,175.69061279296875,-164.65016004774304,0.042359595477607946,0.5833333333333334,0.0,12099.4677734375
Нижегородская область,Поправка без новостей,12,1567,Сеченовский,36,340.2886267768012,116.336181640625,-181.4722442626953,0.0471016693220838,0.5,0.0,12250.390563964844
Нижегородская область,Поправка без новостей,12,1568,Сосновский,36,503.53284793429907,208.8189697265625,-199.40449608696832,0.07112520266038917,0.5833333333333334,0.0,18127.182525634766
Нижегородская область,Поправка без новостей,12,1569,Спасский,36,533.5983979966906,223.51641845703125,-250.57583533393012,0.08205909731937111,0.75,0.0,19209.54232788086
Нижегородская область,Поправка без новостей,12,1570,Тонкинский,36,574.432369656033,299.6658935546875,282.94465806749133,0.0772900279850245,0.3055555555555556,0.0,20679.565307617188
Нижегородская область,Поправка без новостей,12,1571,Тоншаевский,36,740.2538367377388,314.0244140625,-509.9074995252821,0.09096666082694814,0.5833333333333334,0.0,26649.138122558594
Нижегородская область,Поправка без новостей,12,1572,Уренский,36,489.8596920437283,342.41094970703125,-479.7491404215495,0.060204387963779006,0.8888888888888888,0.0,17634.94891357422
Нижегородская область,Поправка без новостей,12,1573,Шарангский,36,414.74511422051324,239.55697631835938,-280.2482778761122,0.05314557492983775,0.75,0.0,14930.824111938477
Нижегородская область,Поправка без новостей,12,1574,Шатковский,36,497.6887075636122,244.60311889648438,-235.86071311102972,0.07329670626279461,0.6944444444444444,0.0,17916.79347229004
Нижегородская область,Поправка без новостей,12,3005,Арзамас,36,372.20875379774304,206.8326416015625,-214.0980970594618,0.03784457500054721,0.5,0.0,13399.51513671875
Нижегородская область,Прежние доли новостей,1,1523,Нижний Новгород,36,382.19327121310766,197.118896484375,136.8671400282118,0.03336702080666973,0.3611111111111111,0.0,13758.957763671875
Нижегородская область,Прежние доли новостей,1,1525,Бор,36,352.9056328667535,153.1041259765625,-12.479838053385416,0.03271717565900742,0.5277777777777778,0.0,12704.602783203125
Нижегородская область,Прежние доли новостей,1,1526,Выкса,36,373.4102613661024,166.0302734375,20.634992811414932,0.034838372909362925,0.4722222222222222,0.0,13442.769409179688
Нижегородская область,Прежние доли новостей,1,1527,Дзержинск,36,390.9348551432292,178.4791259765625,56.70105658637153,0.034464771029575805,0.3888888888888889,0.0,14073.65478515625
Нижегородская область,Прежние доли новостей,1,1528,Кулебаки,36,335.711671617296,127.00640869140625,57.55808681911893,0.03853759232356095,0.4166666666666667,0.0,12085.620178222656
Нижегородская область,Прежние доли новостей,1,1529,Навашинский,36,413.821161058214,150.82171630859375,242.3502917819553,0.055062969814254785,0.4166666666666667,0.0,14897.561798095703
Нижегородская область,Прежние доли новостей,1,1530,Перевозский,36,325.8410390218099,120.36944580078125,267.82794358995227,0.04492173312137449,0.3333333333333333,0.0,11730.277404785156
Нижегородская область,Прежние доли новостей,1,1532,Семеновский,36,355.93038092719183,92.2110595703125,-71.32571241590712,0.043291170176019335,0.6388888888888888,0.0,12813.493713378906
Нижегородская область,Прежние доли новостей,1,1533,Шахунья,36,320.44618055555554,100.45880126953125,37.72068956163194,0.04218817998632256,0.4444444444444444,0.0,11536.0625
Нижегородская область,Прежние доли новостей,1,1534,Первомайск,36,413.0810250176324,165.26995849609375,279.56624094645184,0.05742354065789637,0.2777777777777778,0.0,14870.916900634766
Нижегородская область,Прежние доли новостей,1,1535,Сокольский,36,282.5723105536567,119.7540283203125,0.41131337483723956,0.03798213459459366,0.5,0.0,10172.60317993164
Нижегородская область,Прежние доли новостей,1,1536,Чкаловск,36,309.4668189154731,135.60964965820312,-41.42848205566406,0.03817998636366046,0.5277777777777778,0.0,11140.805480957031
Нижегородская область,Прежние доли новостей,1,1537,Ардатовский,36,351.83694034152563,156.93511962890625,77.11862097846137,0.05092853292385696,0.4166666666666667,0.0,12666.129852294922
Нижегородская область,Прежние доли новостей,1,1539,Балахнинский,36,309.0827874077691,132.081787109375,21.456783718532986,0.030692832110931566,0.4166666666666667,0.0,11126.980346679688
Нижегородская область,Прежние доли новостей,1,1540,Богородский,36,289.49451700846356,111.332275390625,5.355465359157986,0.029293487436629885,0.5277777777777778,0.0,10421.802612304688
Нижегородская область,Прежние доли новостей,1,1541,Большеболдинский,36,386.40738677978516,179.29296875,22.382484436035156,0.049970421240443805,0.4722222222222222,0.0,13910.665924072266
Нижегородская область,Прежние доли новостей,1,1542,Большемурашкинский,36,327.4782532585992,169.51904296875,121.70032289293077,0.04619562980427101,0.3333333333333333,0.0,11789.21711730957
Нижегородская область,Прежние доли новостей,1,1543,Бутурлинский,36,347.3563062879774,127.2437744140625,42.548672146267364,0.04595065344668543,0.3888888888888889,0.0,12504.827026367188
Нижегородская область,Прежние доли новостей,1,1544,Вадский,36,470.74855041503906,210.753662109375,311.3159823947483,0.06622022606827736,0.3055555555555556,0.0,16946.947814941406
Нижегородская область,Прежние доли новостей,1,1545,Варнавинский,36,404.5223897298177,142.39288330078125,59.97298940022787,0.05052179383819987,0.4166666666666667,0.0,14562.806030273438
Нижегородская область,Прежние доли новостей,1,1546,Вачский,36,449.02177132500543,189.123779296875,10.593930986192492,0.06257658627942163,0.4722222222222222,0.0,16164.783767700195
Нижегородская область,Прежние доли новостей,1,1547,Ветлужский,36,274.46178351508246,146.455322265625,-8.745427449544271,0.03523182433175359,0.5555555555555556,0.0,9880.624206542969
Нижегородская область,Прежние доли новостей,1,1548,Вознесенский,36,275.33860778808594,132.28009033203125,46.634724934895836,0.03918976894757043,0.4722222222222222,0.0,9912.189880371094
Нижегородская область,Прежние доли новостей,1,1549,Володарский,36,387.90707058376734,142.703125,150.3581746419271,0.05049832225349818,0.3333333333333333,0.0,13964.654541015625
Нижегородская область,Прежние доли новостей,1,1550,Воротынский,36,374.77820671929254,155.02685546875,214.44510226779514,0.05856316168611766,0.2222222222222222,0.0,13492.015441894531
Нижегородская область,Прежние доли новостей,1,1551,Воскресенский,36,313.3960206773546,122.46380615234375,67.54064687093098,0.04281187694952308,0.4444444444444444,0.0,11282.256744384766
Нижегородская область,Прежние доли новостей,1,1552,Гагинский,36,296.9618721008301,106.584716796875,47.95463434855143,0.04323428206845046,0.3888888888888889,0.0,10690.627395629883
Нижегородская область,Прежние доли новостей,1,1553,Городецкий,36,313.0105489095052,147.3138427734375,-33.21550496419271,0.0318970874104225,0.5277777777777778,0.0,11268.379760742188
Нижегородская область,Прежние доли новостей,1,1554,Дальнеконстантиновский,36,357.45472717285156,134.19219970703125,-155.73789638943143,0.04444925400153591,0.5277777777777778,0.0,12868.370178222656
Нижегородская область,Прежние доли новостей,1,1555,Дивеевский,36,287.3879224989149,162.5501708984375,-58.17882622612847,0.034560394743304655,0.5555555555555556,0.0,10345.965209960938
Нижегородская область,Прежние доли новостей,1,1556,Княгининский,36,480.7412050035265,135.78875732421875,315.8707114325629,0.0619062013933423,0.25,0.0,17306.683380126953
Нижегородская область,Прежние доли новостей,1,1557,Ковернинский,36,338.01598273383246,109.05242919921875,-95.85498555501302,0.045333748271073046,0.6111111111111112,0.0,12168.575378417969
Нижегородская область,Прежние доли новостей,1,1558,Краснобаковский,36,438.48150126139325,244.4285888671875,-4.569090101453993,0.05798123793075514,0.4166666666666667,0.0,15785.334045410156
Нижегородская область,Прежние доли новостей,1,1559,Краснооктябрьский,36,469.5246590508355,272.9586181640625,-144.37428538004556,0.07024022093145925,0.6388888888888888,0.0,16902.887725830078
Нижегородская область,Прежние доли новостей,1,1560,Кстовский,36,401.717291937934,182.0159912109375,170.1027357313368,0.0357430642472674,0.3611111111111111,0.0,14461.822509765625
Нижегородская область,Прежние доли новостей,1,1561,Лукояновский,36,312.2930497063531,82.9732666015625,9.022279951307508,0.0427540026750509,0.5,0.0,11242.549789428711
Нижегородская область,Прежние доли новостей,1,1562,Лысковский,36,380.39358859592016,169.76068115234375,31.276553683810764,0.04365788628001761,0.4444444444444444,0.0,13694.169189453125
Нижегородская область,Прежние доли новостей,1,1563,Павловский,36,355.638909233941,161.00634765625,-107.7335205078125,0.036272617567759714,0.6388888888888888,0.0,12803.000732421875
Нижегородская область,Прежние доли новостей,1,1564,Пильнинский,36,359.69983249240454,218.94195556640625,157.30113389756946,0.050016971949070524,0.3055555555555556,0.0,12949.193969726562
Нижегородская область,Прежние доли новостей,1,1565,Починковский,36,331.8453776041667,110.59375,-15.16532728407118,0.04194483255241158,0.4166666666666667,0.0,11946.43359375
Нижегородская область,Прежние доли новостей,1,1566,Сергачский,36,291.72899627685547,112.27069091796875,31.675383673773872,0.03676779922057295,0.5,0.0,10502.243865966797
Нижегородская область,Прежние доли новостей,1,1567,Сеченовский,36,297.85885365804035,165.99658203125,91.31301964653863,0.04122867508839242,0.3055555555555556,0.0,10722.918731689453
Нижегородская область,Прежние доли новостей,1,1568,Сосновский,36,438.8350847032335,229.7623291015625,159.19191318088107,0.06198649097482336,0.4166666666666667,0.0,15798.063049316406
Нижегородская область,Прежние доли новостей,1,1569,Спасский,36,392.26362779405383,135.85862731933594,63.515096028645836,0.06032401770479354,0.4444444444444444,0.0,14121.490600585938
Нижегородская область,Прежние доли новостей,1,1570,Тонкинский,36,470.4124467637804,179.2901611328125,383.81625196668836,0.0632941197179531,0.3055555555555556,0.0,16934.848083496094
Нижегородская область,Прежние доли новостей,1,1571,Тоншаевский,36,360.2331263224284,106.33418273925781,-78.97539181179471,0.04426752418496841,0.5277777777777778,0.0,12968.392547607422
Нижегородская область,Прежние доли новостей,1,1572,Уренский,36,330.7389882405599,132.69683837890625,-16.939261542426216,0.04064824823554768,0.5,0.0,11906.603576660156
Нижегородская область,Прежние доли новостей,1,1573,Шарангский,36,339.462274339464,142.843994140625,-54.08389027913412,0.04349880714247319,0.5555555555555556,0.0,12220.641876220703
Нижегородская область,Прежние доли новостей,1,1574,Шатковский,36,418.08555603027344,119.19891357421875,117.55531989203558,0.06157321580207102,0.4166666666666667,0.0,15051.080017089844
Нижегородская область,Прежние доли новостей,1,3005,Арзамас,36,324.39683024088544,152.4327392578125,19.879007975260418,0.03298326556463007,0.4722222222222222,0.0,11678.285888671875
Нижегородская область,Прежние доли новостей,3,1523,Нижний Новгород,36,478.96395534939234,237.22314453125,162.71411810980902,0.04181549354090225,0.3888888888888889,0.0,17242.702392578125
Нижегородская область,Прежние доли новостей,3,1525,Бор,36,414.7479485405816,202.77630615234375,-30.551347520616318,0.03845045310381477,0.5833333333333334,0.0,14930.926147460938
Нижегородская область,Прежние доли новостей,3,1526,Выкса,36,467.0791998969184,200.98614501953125,-25.428110758463543,0.043577483073669175,0.5,0.0,16814.851196289062
Нижегородская область,Прежние доли новостей,3,1527,Дзержинск,36,483.09590996636285,229.20782470703125,76.18059963650174,0.042589678825683576,0.4166666666666667,0.0,17391.452758789062
Нижегородская область,Прежние доли новостей,3,1528,Кулебаки,36,378.7347869873047,165.209228515625,23.78317430284288,0.043476375871453254,0.4444444444444444,0.0,13634.452331542969
Нижегородская область,Прежние доли новостей,3,1529,Навашинский,36,382.60894690619574,165.62945556640625,166.28830040825738,0.05090987817125186,0.5555555555555556,0.0,13773.922088623047
Нижегородская область,Прежние доли новостей,3,1530,Перевозский,36,380.9197531806098,113.7030029296875,261.7486750284831,0.05251510228548543,0.3888888888888889,0.0,13713.111114501953
Нижегородская область,Прежние доли новостей,3,1532,Семеновский,36,425.57141876220703,134.63955688476562,-129.3416010538737,0.051761483983727,0.6944444444444444,0.0,15320.571075439453
Нижегородская область,Прежние доли новостей,3,1533,Шахунья,36,387.37313503689234,163.310302734375,-10.090101453993055,0.050999414361779696,0.5,0.0,13945.432861328125
Нижегородская область,Прежние доли новостей,3,1534,Первомайск,36,450.1485527886285,165.450927734375,305.5849914550781,0.06257640065177927,0.3055555555555556,0.0,16205.347900390625
Нижегородская область,Прежние доли новостей,3,1535,Сокольский,36,348.4746339586046,146.02667236328125,-123.00801849365234,0.046840436785486717,0.6666666666666666,0.0,12545.086822509766
Нижегородская область,Прежние доли новостей,3,1536,Чкаловск,36,382.2710935804579,201.0360870361328,-162.5520773993598,0.04716210025770136,0.6944444444444444,0.0,13761.759368896484
Нижегородская область,Прежние доли новостей,3,1537,Ардатовский,36,419.62205929226343,190.01763916015625,12.460000779893663,0.060740455057101954,0.5277777777777778,0.0,15106.394134521484
Нижегородская область,Прежние доли новостей,3,1539,Балахнинский,36,397.3140936957465,211.2452392578125,28.53411865234375,0.03945446097269135,0.5,0.0,14303.307373046875
Нижегородская область,Прежние доли новостей,3,1540,Богородский,36,357.9403076171875,147.4261474609375,14.83150906032986,0.036219407581874766,0.5555555555555556,0.0,12885.85107421875
Нижегородская область,Прежние доли новостей,3,1541,Большеболдинский,36,485.3396937052409,231.276611328125,-29.2246339586046,0.0627644029822352,0.5277777777777778,0.0,17472.228973388672
Нижегородская область,Прежние доли новостей,3,1542,Большемурашкинский,36,307.5981263054742,133.14599609375,77.4640753004286,0.04339124515872552,0.3333333333333333,0.0,11073.53254699707
Нижегородская область,Прежние доли новостей,3,1543,Бутурлинский,36,391.8975185818142,166.88427734375,-46.098114013671875,0.05184286779016856,0.5,0.0,14108.310668945312
Нижегородская область,Прежние доли новостей,3,1544,Вадский,36,516.9383460150825,178.151611328125,332.49156867133246,0.07271774731180679,0.25,0.0,18609.78045654297
Нижегородская область,Прежние доли новостей,3,1545,Варнавинский,36,446.6078813340929,121.375,41.43345472547743,0.055777954150687405,0.5,0.0,16077.883728027344
Нижегородская область,Прежние доли новостей,3,1546,Вачский,36,431.5368724399143,150.67840576171875,-64.07436498006184,0.06013985524867186,0.4722222222222222,0.0,15535.327407836914
Нижегородская область,Прежние доли новостей,3,1547,Ветлужский,36,311.8750296698676,143.130615234375,-81.25529903835721,0.04003444894245321,0.5555555555555556,0.0,11227.501068115234
Нижегородская область,Прежние доли новостей,3,1548,Вознесенский,36,289.2604988945855,106.80596923828125,27.654531690809463,0.0411713134180679,0.5,0.0,10413.377960205078
Нижегородская область,Прежние доли новостей,3,1549,Володарский,36,438.7509545220269,182.5648193359375,67.62130567762587,0.057117255060960985,0.4722222222222222,0.0,15795.034362792969
Нижегородская область,Прежние доли новостей,3,1550,Воротынский,36,357.0633816189236,146.81576538085938,163.4161088731554,0.055795028032681306,0.3055555555555556,0.0,12854.28173828125
Нижегородская область,Прежние доли новостей,3,1551,Воскресенский,36,365.47689225938586,181.26123046875,-6.048920525444879,0.049926453135828004,0.6388888888888888,0.0,13157.16812133789
Нижегородская область,Прежние доли новостей,3,1552,Гагинский,36,324.1932657029894,137.21975708007812,14.313922458224827,0.04719886426812424,0.5,0.0,11670.957565307617
Нижегородская область,Прежние доли новостей,3,1553,Городецкий,36,404.7598707411024,212.67913818359375,-56.83105129665799,0.04124672801680199,0.5277777777777778,0.0,14571.355346679688
Нижегородская область,Прежние доли новостей,3,1554,Дальнеконстантиновский,36,441.65784539116754,147.775390625,-260.97994147406683,0.054919854905346094,0.75,0.0,15899.682434082031
Нижегородская область,Прежние доли новостей,3,1555,Дивеевский,36,380.32673814561633,238.942138671875,-119.75448947482639,0.04573693315798819,0.6666666666666666,0.0,13691.762573242188
Нижегородская область,Прежние доли новостей,3,1556,Княгининский,36,537.8267957899305,164.74606323242188,348.68325975206164,0.06925725023854194,0.2777777777777778,0.0,19361.7646484375
Нижегородская область,Прежние доли новостей,3,1557,Ковернинский,36,458.7694812350803,175.53936767578125,-231.58096398247613,0.06152886620494181,0.7222222222222222,0.0,16515.70132446289
Нижегородская область,Прежние доли новостей,3,1558,Краснобаковский,36,513.2235344780815,177.3909912109375,-88.28533596462674,0.06786451829468956,0.5,0.0,18476.047241210938
Нижегородская область,Прежние доли новостей,3,1559,Краснооктябрьский,36,524.9067404005262,324.4451904296875,-207.82808134290906,0.07852530150105112,0.6388888888888888,0.0,18896.642654418945
Нижегородская область,Прежние доли новостей,3,1560,Кстовский,36,503.1221991644965,223.55694580078125,226.8343505859375,0.04476563356834907,0.3333333333333333,0.0,18112.399169921875
Нижегородская область,Прежние доли новостей,3,1561,Лукояновский,36,349.17330593532984,121.63525390625,-63.08643256293403,0.04780303778791323,0.5833333333333334,0.0,12570.239013671875
Нижегородская область,Прежние доли новостей,3,1562,Лысковский,36,427.6169653998481,191.949462890625,-8.458406236436632,0.049077727402666915,0.4166666666666667,0.0,15394.210754394531
Нижегородская область,Прежние доли новостей,3,1563,Павловский,36,415.6014811197917,153.20001220703125,-151.9930894639757,0.042388369758879045,0.6388888888888888,0.0,14961.6533203125
Нижегородская область,Прежние доли новостей,3,1564,Пильнинский,36,394.87950727674695,208.1767578125,173.826776292589,0.054908775191439385,0.3611111111111111,0.0,14215.66226196289
Нижегородская область,Прежние доли новостей,3,1565,Починковский,36,390.1753277248806,124.9578857421875,-128.08885108100043,0.04931766386399393,0.5,0.0,14046.311798095703
Нижегородская область,Прежние доли новостей,3,1566,Сергачский,36,315.8381695217556,114.57569885253906,-17.995073954264324,0.03980637698471558,0.5555555555555556,0.0,11370.174102783203
Нижегородская область,Прежние доли новостей,3,1567,Сеченовский,36,361.8346773783366,197.28271484375,49.18282614813911,0.05008400511227187,0.4444444444444444,0.0,13026.048385620117
Нижегородская область,Прежние доли новостей,3,1568,Сосновский,36,474.10553487141925,199.0506591796875,181.06556362575955,0.06696852526797178,0.3888888888888889,0.0,17067.799255371094
Нижегородская область,Прежние доли новостей,3,1569,Спасский,36,422.9662501017253,154.22451782226562,37.17263878716363,0.06504560135527655,0.5555555555555556,0.0,15226.78500366211
Нижегородская область,Прежние доли новостей,3,1570,Тонкинский,36,544.4838536580404,192.32763671875,442.86909739176434,0.07326044719907254,0.3888888888888889,0.0,19601.418731689453
Нижегородская область,Прежние доли новостей,3,1571,Тоншаевский,36,430.711908976237,165.9842529296875,-206.7203860812717,0.052928363479525974,0.5833333333333334,0.0,15505.628723144531
Нижегородская область,Прежние доли новостей,3,1572,Уренский,36,416.7206759982639,149.689453125,-86.52711317274306,0.051215508558495895,0.5833333333333334,0.0,15001.9443359375
Нижегородская область,Прежние доли новостей,3,1573,Шарангский,36,374.91674550374347,193.185791015625,-136.72178734673395,0.04804195470287378,0.5833333333333334,0.0,13497.002838134766
Нижегородская область,Прежние доли новостей,3,1574,Шатковский,36,454.5669818454319,182.55914306640625,76.14032830132379,0.0669459886043951,0.4166666666666667,0.0,16364.411346435547
Нижегородская область,Прежние доли новостей,3,3005,Арзамас,36,406.0483567979601,198.4158935546875,11.244049072265625,0.04128523936070451,0.4722222222222222,0.0,14617.740844726562
Нижегородская область,Прежние доли новостей,6,1523,Нижний Новгород,36,520.3960181528716,267.42422241826034,334.32844788807756,0.04543268046111909,0.25,-181.11600581020673,18734.25665350338
Нижегородская область,Прежние доли новостей,6,1525,Бор,36,410.39643231776193,169.5454312094639,103.29304197825182,0.03804703273478154,0.4722222222222222,-98.4891515017897,14774.27156343943
Нижегородская область,Прежние доли новостей,6,1526,Выкса,36,391.5485222435287,152.61110738548712,34.719614854588286,0.03653063357210765,0.4722222222222222,-41.46626380711372,14095.746800767032
Нижегородская область,Прежние доли новостей,6,1527,Дзержинск,36,469.3205443409094,136.729220253447,211.03796738023235,0.04137524420599227,0.3055555555555556,-138.15128707094405,16895.539596272738
Нижегородская область,Прежние доли новостей,6,1528,Кулебаки,36,363.72431157842533,178.14197421034942,37.53141003029238,0.04175326752939457,0.5277777777777778,-32.47813644821705,13094.075216823312
Нижегородская область,Прежние доли новостей,6,1529,Навашинский,36,436.0821106204128,144.69295765738366,238.1812025980154,0.058025007788933346,0.5833333333333334,18.606594823923086,15698.95598233486
Нижегородская область,Прежние доли новостей,6,1530,Перевозский,36,428.8415136997777,113.793780335375,317.36541424263675,0.05912178554187042,0.3333333333333333,-53.3052978116484,15438.294493191997
Нижегородская область,Прежние доли новостей,6,1532,Семеновский,36,396.1035878886148,189.30121952455352,-4.646599463047003,0.048177364871040775,0.5,-36.35550286664215,14259.729163990132
Нижегородская область,Прежние доли новостей,6,1533,Шахунья,36,314.872921428517,81.6067618464674,-46.590039774364044,0.04145443537200298,0.5,-1.6713926673950301,11335.425171426612
Нижегородская область,Прежние доли новостей,6,1534,Первомайск,36,423.8889933151149,140.64876273715197,396.2577009908619,0.0589259863510464,0.3333333333333333,-59.96041843515078,15260.003759344136
Нижегородская область,Прежние доли новостей,6,1535,Сокольский,36,331.31964219426305,124.53863494546906,-122.30813623608007,0.04453453779316971,0.6111111111111112,10.153887197555546,11927.50711899347
Нижегородская область,Прежние доли новостей,6,1536,Чкаловск,36,381.42666468560174,197.9891324440214,-134.44811111326348,0.04705792015915743,0.5277777777777778,-18.384715731337412,13731.359928681662
Нижегородская область,Прежние доли новостей,6,1537,Ардатовский,36,378.2563861717083,225.03203671632525,-59.42024061578124,0.054752757905709194,0.4722222222222222,-10.140566028750383,13617.2299021815
Нижегородская область,Прежние доли новостей,6,1539,Балахнинский,36,395.79058281650185,173.41345863487845,115.03208816200524,0.03930317185035616,0.3888888888888889,-55.61409288052099,14248.460981394066
Нижегородская область,Прежние доли новостей,6,1540,Богородский,36,369.68161827361814,139.7778422836277,86.80548616208249,0.03740749203942484,0.5277777777777778,-60.856582330692845,13308.538257850254
Нижегородская область,Прежние доли новостей,6,1541,Большеболдинский,36,443.70848149616404,238.73107056623246,10.166226117463717,0.057380631134148194,0.5833333333333334,-23.254841088177937,15973.505333861905
Нижегородская область,Прежние доли новостей,6,1542,Большемурашкинский,36,243.82090176753576,94.46197846927885,65.46052816241149,0.034394528505385095,0.4166666666666667,-27.990768117497797,8777.552463631288
Нижегородская область,Прежние доли новостей,6,1543,Бутурлинский,36,396.12987534238187,181.20657739682713,-14.516227061725878,0.05240275271307635,0.4722222222222222,-8.243801700074956,14260.675512325746
Нижегородская область,Прежние доли новостей,6,1544,Вадский,36,586.3518639446218,198.37466882901265,468.1035955787672,0.08248215093118258,0.19444444444444445,6.571369935315265,21108.667102006384
Нижегородская область,Прежние доли новостей,6,1545,Варнавинский,36,389.28629223193195,152.28239479157787,27.828582313571026,0.04861892023656556,0.4444444444444444,-36.509309606606465,14014.30652034955
Нижегородская область,Прежние доли новостей,6,1546,Вачский,36,450.5466255884392,239.98904462304222,-62.39979299531399,0.0627890930674505,0.6388888888888888,-38.93980431633092,16219.678521183812
Нижегородская область,Прежние доли новостей,6,1547,Ветлужский,36,278.53257989568516,137.2210109196659,-101.22256896690125,0.03575438008117308,0.5833333333333334,-4.459992988404364,10027.172876244666
Нижегородская область,Прежние доли новостей,6,1548,Вознесенский,36,290.38974458619543,162.7132165397445,22.52946368415733,0.04133204234051997,0.4722222222222222,-28.531466947442148,10454.030805103035
Нижегородская область,Прежние доли новостей,6,1549,Володарский,36,394.4669345732474,163.6570806021657,86.79749703265094,0.05135229515268085,0.5555555555555556,2.011319956917589,14200.809644636905
Нижегородская область,Прежние доли новостей,6,1550,Воротынский,36,349.34817440033953,190.0322547072135,238.05118559616272,0.05458944318360747,0.2777777777777778,-0.18651176877490944,12576.534278412224
Нижегородская область,Прежние доли новостей,6,1551,Воскресенский,36,322.92205009445064,157.18923323316756,-11.046941238279581,0.04411319276821407,0.5555555555555556,-33.80909690841547,11625.193803400223
Нижегородская область,Прежние доли новостей,6,1552,Гагинский,36,342.03988138001995,206.3721979686344,-9.983249474019694,0.04979712919247112,0.5833333333333334,-33.208059620478075,12313.435729680717
Нижегородская область,Прежние доли новостей,6,1553,Городецкий,36,379.21992411033403,186.01932951841798,-18.396107353585258,0.0386441003642283,0.5,-23.030501502912117,13651.917267972025
Нижегородская область,Прежние доли новостей,6,1554,Дальнеконстантиновский,36,390.0022702812314,169.99344869899988,-179.37780769231549,0.04849651901378665,0.6666666666666666,15.182209326244665,14040.081730124331
Нижегородская область,Прежние доли новостей,6,1555,Дивеевский,36,411.49720522790676,200.00996974040675,44.821158462619884,0.049485398428658046,0.4722222222222222,-62.795547614788184,14813.899388204643
Нижегородская область,Прежние доли новостей,6,1556,Княгининский,36,599.9994209806911,275.4373102006949,514.4953572368136,0.07726336874087371,0.2222222222222222,-51.199653592453245,21599.979155304878
Нижегородская область,Прежние доли новостей,6,1557,Ковернинский,36,552.3675323394579,233.9927672122202,-351.23046148167447,0.07408197228327218,0.8055555555555556,30.16557753738668,19885.231164220484
Нижегородская область,Прежние доли новостей,6,1558,Краснобаковский,36,509.0292386172874,259.230912980628,-103.3601050457634,0.06730989862303385,0.4444444444444444,-12.771305742395757,18325.052590222345
Нижегородская область,Прежние доли новостей,6,1559,Краснооктябрьский,36,451.32896074313317,197.64565214882282,-263.67836351516,0.06751817035435247,0.6944444444444444,-18.415133058942704,16247.842586752795
Нижегородская область,Прежние доли новостей,6,1560,Кстовский,36,553.2394073014691,215.68947354831016,388.605274331308,0.049224845621909985,0.2777777777777778,-161.64374486657323,19916.61866285289
Нижегородская область,Прежние доли новостей,6,1561,Лукояновский,36,345.3527473390269,166.24516195251078,-68.50391797659971,0.04727999005246053,0.5555555555555556,-24.44477012887607,12432.698904204968
Нижегородская область,Прежние доли новостей,6,1562,Лысковский,36,401.83854338111473,169.71114851300467,21.69470775887482,0.04611913017413247,0.5,-76.18114897193503,14466.187561720131
Нижегородская область,Прежние доли новостей,6,1563,Павловский,36,407.4277881996998,168.78946419329873,-100.24638305344608,0.041554711714978765,0.6666666666666666,-35.71080821923104,14667.400375189194
Нижегородская область,Прежние доли новостей,6,1564,Пильнинский,36,361.8053785759769,219.0553080014604,253.98818479211528,0.0503097522894721,0.3055555555555556,-66.32553077392065,13024.993628735168
Нижегородская область,Прежние доли новостей,6,1565,Починковский,36,449.98746927469995,209.15602040818578,-175.78033969458434,0.05687784228209105,0.6111111111111112,-25.617780181004203,16199.548893889198
Нижегородская область,Прежние доли новостей,6,1566,Сергачский,36,284.82582996562275,76.0181394946853,85.37147373357249,0.035897764921079614,0.3611111111111111,-60.05881980666012,10253.729878762419
Нижегородская область,Прежние доли новостей,6,1567,Сеченовский,36,329.2373219428489,183.39674833004938,87.67715568432689,0.045571982859163036,0.4166666666666667,-42.07721528391335,11852.54358994256
Нижегородская область,Прежние доли новостей,6,1568,Сосновский,36,454.2545473449175,263.8054426817498,159.98581113469675,0.0641645264491787,0.4166666666666667,-43.67070284215059,16353.163704417031
Нижегородская область,Прежние доли новостей,6,1569,Спасский,36,426.6471097503494,199.92290472189484,71.98977644068557,0.06561166006395969,0.5833333333333334,-34.37846902023328,15359.295951012578
Нижегородская область,Прежние доли новостей,6,1570,Тонкинский,36,621.6159858944025,280.22685995379436,491.3130716716869,0.08363859608831913,0.25,-34.56261658423544,22378.17549219849
Нижегородская область,Прежние доли новостей,6,1571,Тоншаевский,36,557.3526559350943,172.17689115543953,-335.61877639641006,0.06849070885857347,0.6666666666666666,5.336800580747812,20064.695613663393
Нижегородская область,Прежние доли новостей,6,1572,Уренский,36,353.59438377393224,180.6220692133188,-144.76493012705748,0.043457205825048514,0.7222222222222222,-24.742399114101488,12729.397815861561
Нижегородская область,Прежние доли новостей,6,1573,Шарангский,36,307.0648555022928,144.69146786632973,-149.74873047540802,0.039347391269666125,0.6666666666666666,-17.37361031728846,11054.33479808254
Нижегородская область,Прежние доли новостей,6,1574,Шатковский,36,435.63051179297946,167.0672259740404,97.65556781195946,0.06415713512631734,0.4722222222222222,-28.064109781532004,15682.698424547261
Нижегородская область,Прежние доли новостей,6,3005,Арзамас,36,391.7941909060488,182.1208680998377,98.95973638852675,0.03983593747120674,0.4722222222222222,-72.54607621420848,14104.590872617757
Нижегородская область,Прежние доли новостей,12,1523,Нижний Новгород,36,358.1416422526042,235.887939453125,-35.3570556640625,0.031267216167482514,0.4166666666666667,0.0,12893.09912109375
Нижегородская область,Прежние доли новостей,12,1525,Бор,36,347.23446316189234,167.1383056640625,-176.12915717230902,0.032191412854036726,0.5555555555555556,0.0,12500.440673828125
Нижегородская область,Прежние доли новостей,12,1526,Выкса,36,405.1656968858507,207.63946533203125,-256.2888997395833,0.037801086629357786,0.5555555555555556,0.0,14585.965087890625
Нижегородская область,Прежние доли новостей,12,1527,Дзержинск,36,392.5444030761719,270.5069580078125,-160.52865600585938,0.034606668586777946,0.4722222222222222,0.0,14131.598510742188
Нижегородская область,Прежние доли новостей,12,1528,Кулебаки,36,503.3524644639757,170.22552490234375,-395.84990776909723,0.057781702903334516,0.6111111111111112,0.0,18120.688720703125
Нижегородская область,Прежние доли новостей,12,1529,Навашинский,36,679.1301125420464,440.61846923828125,-339.70184919569226,0.09036493153522822,0.75,0.0,24448.684051513672
Нижегородская область,Прежние доли новостей,12,1530,Перевозский,36,350.2112536960178,183.0438232421875,30.987998962402344,0.048281507209352696,0.5,0.0,12607.60513305664
Нижегородская область,Прежние доли новостей,12,1532,Семеновский,36,458.09712982177734,179.25201416015625,-301.67766910129126,0.055717527547380886,0.6666666666666666,0.0,16491.496673583984
Нижегородская область,Прежние доли новостей,12,1533,Шахунья,36,427.4051335652669,246.22897338867188,-362.4313617282444,0.05626980690070548,0.6111111111111112,0.0,15386.58480834961
Нижегородская область,Прежние доли новостей,12,1534,Первомайск,36,282.48639467027454,149.0233154296875,64.8783827887641,0.03926921835482194,0.4166666666666667,0.0,10169.510208129883
Нижегородская область,Прежние доли новостей,12,1535,Сокольский,36,469.98962063259546,158.95462036132812,-353.43175252278644,0.06317395003761188,0.7777777777777778,0.0,16919.626342773438
Нижегородская область,Прежние доли новостей,12,1536,Чкаловск,36,483.8110622829861,181.02655029296875,-425.54673258463544,0.0596894356082739,0.8333333333333334,0.0,17417.1982421875
Нижегородская область,Прежние доли новостей,12,1537,Ардатовский,36,512.5265553792318,193.5357666015625,-436.93524000379773,0.07418841672692174,0.7222222222222222,0.0,18450.955993652344
Нижегородская область,Прежние доли новостей,12,1539,Балахнинский,36,371.79140218098956,163.1798095703125,-227.78316243489584,0.03691998245238458,0.5833333333333334,0.0,13384.490478515625
Нижегородская область,Прежние доли новостей,12,1540,Богородский,36,428.47476874457465,222.1392822265625,-343.44349161783856,0.043356676958289826,0.7222222222222222,0.0,15425.091674804688
Нижегородская область,Прежние доли новостей,12,1541,Большеболдинский,36,445.8819410536024,242.0184326171875,-156.01456366644965,0.05766170415021908,0.5555555555555556,0.0,16051.749877929688
Нижегородская область,Прежние доли новостей,12,1542,Большемурашкинский,36,498.6956977844238,323.20751953125,-359.1360045539008,0.0703483715654237,0.6666666666666666,0.0,17953.045120239258
Нижегородская область,Прежние доли новостей,12,1543,Бутурлинский,36,551.0072292751736,306.46478271484375,-208.74027506510416,0.07289098191311054,0.6666666666666666,0.0,19836.26025390625
Нижегородская область,Прежние доли новостей,12,1544,Вадский,36,527.9641698201498,310.3746337890625,116.87321387396918,0.07426875059013197,0.3333333333333333,0.0,19006.71011352539
Нижегородская область,Прежние доли новостей,12,1545,Варнавинский,36,492.62255605061847,299.1513366699219,-418.3867145114475,0.061524839783180685,0.6944444444444444,0.0,17734.412017822266
Нижегородская область,Прежние доли новостей,12,1546,Вачский,36,632.4468710157606,288.8108215332031,-442.83673646714954,0.08813908081669009,0.7777777777777778,0.0,22768.087356567383
Нижегородская область,Прежние доли новостей,12,1547,Ветлужский,36,447.3238932291667,225.08499145507812,-397.5440097384983,0.05742160756883678,0.6666666666666666,0.0,16103.66015625
Нижегородская область,Прежние доли новостей,12,1548,Вознесенский,36,425.23062388102215,231.50228881835938,-319.0266104804145,0.06052434866727605,0.75,0.0,15308.302459716797
Нижегородская область,Прежние доли новостей,12,1549,Володарский,36,699.1289791531033,253.036865234375,-541.0487993028429,0.0910136554946055,0.7777777777777778,0.0,25168.64324951172
Нижегородская область,Прежние доли новостей,12,1550,Воротынский,36,368.7606608072917,216.1336669921875,55.600667317708336,0.05762285483828087,0.3333333333333333,0.0,13275.3837890625
Нижегородская область,Прежние доли новостей,12,1551,Воскресенский,36,343.1753167046441,165.796875,-282.83642917209204,0.046879916978902626,0.8333333333333334,0.0,12354.311401367188
Нижегородская область,Прежние доли новостей,12,1552,Гагинский,36,408.044985877143,124.186279296875,-248.8268682691786,0.05940672414012565,0.6111111111111112,0.0,14689.619491577148
Нижегородская область,Прежние доли новостей,12,1553,Городецкий,36,419.12768893771704,166.104248046875,-354.73795912000867,0.042710868936368794,0.6388888888888888,0.0,15088.596801757812
Нижегородская область,Прежние доли новостей,12,1554,Дальнеконстантиновский,36,716.9919060601128,345.91796875,-573.0581834581163,0.089157459467868,0.7222222222222222,0.0,25811.708618164062
Нижегородская область,Прежние доли новостей,12,1555,Дивеевский,36,404.8882412380642,130.56790161132812,-335.5641038682726,0.04869062458309358,0.8055555555555556,0.0,14575.976684570312
Нижегородская область,Прежние доли новостей,12,1556,Княгининский,36,540.512451171875,267.9169921875,354.193359375,0.06960308854243051,0.4166666666666667,0.0,19458.4482421875
Нижегородская область,Прежние доли новостей,12,1557,Ковернинский,36,791.4369379679362,362.5582275390625,-710.3473112318251,0.10614528528528103,0.8611111111111112,0.0,28491.729766845703
Нижегородская область,Прежние доли новостей,12,1558,Краснобаковский,36,674.3919847276476,322.1517333984375,-468.8903283013238,0.08917612718575757,0.6666666666666666,0.0,24278.111450195312
Нижегородская область,Прежние доли новостей,12,1559,Краснооктябрьский,36,733.8019820319282,400.5154113769531,-709.8078346252441,0.10977573242278808,0.9166666666666666,0.0,26416.871353149414
Нижегородская область,Прежние доли новостей,12,1560,Кстовский,36,413.7107103135851,252.482177734375,-3.0695902506510415,0.03681018665436429,0.4166666666666667,0.0,14893.585571289062
Нижегородская область,Прежние доли новостей,12,1561,Лукояновский,36,512.7576658460829,178.69293212890625,-378.35035536024304,0.07019830456633537,0.6388888888888888,0.0,18459.275970458984
Нижегородская область,Прежние доли новостей,12,1562,Лысковский,36,368.43163045247394,204.051025390625,-224.0591057671441,0.04228500875534499,0.6666666666666666,0.0,13263.538696289062
Нижегородская область,Прежние доли новостей,12,1563,Павловский,36,559.8595987955729,225.64154052734375,-508.9712863498264,0.057101662926855916,0.7777777777777778,0.0,20154.945556640625
Нижегородская область,Прежние доли новостей,12,1564,Пильнинский,36,278.96589279174805,177.80145263671875,28.434806399875217,0.03879075822145931,0.4722222222222222,0.0,10042.77214050293
Нижегородская область,Прежние доли новостей,12,1565,Починковский,36,543.2731704711914,243.22149658203125,-299.9308497111003,0.06866903595328476,0.5555555555555556,0.0,19557.83413696289
Нижегородская область,Прежние доли новостей,12,1566,Сергачский,36,336.09632703993054,175.69061279296875,-164.65016004774304,0.042359595477607946,0.5833333333333334,0.0,12099.4677734375
Нижегородская область,Прежние доли новостей,12,1567,Сеченовский,36,340.2886267768012,116.336181640625,-181.4722442626953,0.0471016693220838,0.5,0.0,12250.390563964844
Нижегородская область,Прежние доли новостей,12,1568,Сосновский,36,503.53284793429907,208.8189697265625,-199.40449608696832,0.07112520266038917,0.5833333333333334,0.0,18127.182525634766
Нижегородская область,Прежние доли новостей,12,1569,Спасский,36,533.5983979966906,223.51641845703125,-250.57583533393012,0.08205909731937111,0.75,0.0,19209.54232788086
Нижегородская область,Прежние доли новостей,12,1570,Тонкинский,36,574.432369656033,299.6658935546875,282.94465806749133,0.0772900279850245,0.3055555555555556,0.0,20679.565307617188
Нижегородская область,Прежние доли новостей,12,1571,Тоншаевский,36,740.2538367377388,314.0244140625,-509.9074995252821,0.09096666082694814,0.5833333333333334,0.0,26649.138122558594
Нижегородская область,Прежние доли новостей,12,1572,Уренский,36,489.8596920437283,342.41094970703125,-479.7491404215495,0.060204387963779006,0.8888888888888888,0.0,17634.94891357422
Нижегородская область,Прежние доли новостей,12,1573,Шарангский,36,414.74511422051324,239.55697631835938,-280.2482778761122,0.05314557492983775,0.75,0.0,14930.824111938477
Нижегородская область,Прежние доли новостей,12,1574,Шатковский,36,497.6887075636122,244.60311889648438,-235.86071311102972,0.07329670626279461,0.6944444444444444,0.0,17916.79347229004
Нижегородская область,Прежние доли новостей,12,3005,Арзамас,36,372.20875379774304,206.8326416015625,-214.0980970594618,0.03784457500054721,0.5,0.0,13399.51513671875
Нижегородская область,Новости с уменьшением влияния со временем,1,1523,Нижний Новгород,36,382.19327121310766,197.118896484375,136.8671400282118,0.03336702080666973,0.3611111111111111,0.0,13758.957763671875
Нижегородская область,Новости с уменьшением влияния со временем,1,1525,Бор,36,352.9056328667535,153.1041259765625,-12.479838053385416,0.03271717565900742,0.5277777777777778,0.0,12704.602783203125
Нижегородская область,Новости с уменьшением влияния со временем,1,1526,Выкса,36,373.4102613661024,166.0302734375,20.634992811414932,0.034838372909362925,0.4722222222222222,0.0,13442.769409179688
Нижегородская область,Новости с уменьшением влияния со временем,1,1527,Дзержинск,36,390.9348551432292,178.4791259765625,56.70105658637153,0.034464771029575805,0.3888888888888889,0.0,14073.65478515625
Нижегородская область,Новости с уменьшением влияния со временем,1,1528,Кулебаки,36,335.711671617296,127.00640869140625,57.55808681911893,0.03853759232356095,0.4166666666666667,0.0,12085.620178222656
Нижегородская область,Новости с уменьшением влияния со временем,1,1529,Навашинский,36,413.821161058214,150.82171630859375,242.3502917819553,0.055062969814254785,0.4166666666666667,0.0,14897.561798095703
Нижегородская область,Новости с уменьшением влияния со временем,1,1530,Перевозский,36,325.8410390218099,120.36944580078125,267.82794358995227,0.04492173312137449,0.3333333333333333,0.0,11730.277404785156
Нижегородская область,Новости с уменьшением влияния со временем,1,1532,Семеновский,36,355.93038092719183,92.2110595703125,-71.32571241590712,0.043291170176019335,0.6388888888888888,0.0,12813.493713378906
Нижегородская область,Новости с уменьшением влияния со временем,1,1533,Шахунья,36,320.44618055555554,100.45880126953125,37.72068956163194,0.04218817998632256,0.4444444444444444,0.0,11536.0625
Нижегородская область,Новости с уменьшением влияния со временем,1,1534,Первомайск,36,413.0810250176324,165.26995849609375,279.56624094645184,0.05742354065789637,0.2777777777777778,0.0,14870.916900634766
Нижегородская область,Новости с уменьшением влияния со временем,1,1535,Сокольский,36,282.5723105536567,119.7540283203125,0.41131337483723956,0.03798213459459366,0.5,0.0,10172.60317993164
Нижегородская область,Новости с уменьшением влияния со временем,1,1536,Чкаловск,36,309.4668189154731,135.60964965820312,-41.42848205566406,0.03817998636366046,0.5277777777777778,0.0,11140.805480957031
Нижегородская область,Новости с уменьшением влияния со временем,1,1537,Ардатовский,36,351.83694034152563,156.93511962890625,77.11862097846137,0.05092853292385696,0.4166666666666667,0.0,12666.129852294922
Нижегородская область,Новости с уменьшением влияния со временем,1,1539,Балахнинский,36,309.0827874077691,132.081787109375,21.456783718532986,0.030692832110931566,0.4166666666666667,0.0,11126.980346679688
Нижегородская область,Новости с уменьшением влияния со временем,1,1540,Богородский,36,289.49451700846356,111.332275390625,5.355465359157986,0.029293487436629885,0.5277777777777778,0.0,10421.802612304688
Нижегородская область,Новости с уменьшением влияния со временем,1,1541,Большеболдинский,36,386.40738677978516,179.29296875,22.382484436035156,0.049970421240443805,0.4722222222222222,0.0,13910.665924072266
Нижегородская область,Новости с уменьшением влияния со временем,1,1542,Большемурашкинский,36,327.4782532585992,169.51904296875,121.70032289293077,0.04619562980427101,0.3333333333333333,0.0,11789.21711730957
Нижегородская область,Новости с уменьшением влияния со временем,1,1543,Бутурлинский,36,347.3563062879774,127.2437744140625,42.548672146267364,0.04595065344668543,0.3888888888888889,0.0,12504.827026367188
Нижегородская область,Новости с уменьшением влияния со временем,1,1544,Вадский,36,470.74855041503906,210.753662109375,311.3159823947483,0.06622022606827736,0.3055555555555556,0.0,16946.947814941406
Нижегородская область,Новости с уменьшением влияния со временем,1,1545,Варнавинский,36,404.5223897298177,142.39288330078125,59.97298940022787,0.05052179383819987,0.4166666666666667,0.0,14562.806030273438
Нижегородская область,Новости с уменьшением влияния со временем,1,1546,Вачский,36,449.02177132500543,189.123779296875,10.593930986192492,0.06257658627942163,0.4722222222222222,0.0,16164.783767700195
Нижегородская область,Новости с уменьшением влияния со временем,1,1547,Ветлужский,36,274.46178351508246,146.455322265625,-8.745427449544271,0.03523182433175359,0.5555555555555556,0.0,9880.624206542969
Нижегородская область,Новости с уменьшением влияния со временем,1,1548,Вознесенский,36,275.33860778808594,132.28009033203125,46.634724934895836,0.03918976894757043,0.4722222222222222,0.0,9912.189880371094
Нижегородская область,Новости с уменьшением влияния со временем,1,1549,Володарский,36,387.90707058376734,142.703125,150.3581746419271,0.05049832225349818,0.3333333333333333,0.0,13964.654541015625
Нижегородская область,Новости с уменьшением влияния со временем,1,1550,Воротынский,36,374.77820671929254,155.02685546875,214.44510226779514,0.05856316168611766,0.2222222222222222,0.0,13492.015441894531
Нижегородская область,Новости с уменьшением влияния со временем,1,1551,Воскресенский,36,313.3960206773546,122.46380615234375,67.54064687093098,0.04281187694952308,0.4444444444444444,0.0,11282.256744384766
Нижегородская область,Новости с уменьшением влияния со временем,1,1552,Гагинский,36,296.9618721008301,106.584716796875,47.95463434855143,0.04323428206845046,0.3888888888888889,0.0,10690.627395629883
Нижегородская область,Новости с уменьшением влияния со временем,1,1553,Городецкий,36,313.0105489095052,147.3138427734375,-33.21550496419271,0.0318970874104225,0.5277777777777778,0.0,11268.379760742188
Нижегородская область,Новости с уменьшением влияния со временем,1,1554,Дальнеконстантиновский,36,357.45472717285156,134.19219970703125,-155.73789638943143,0.04444925400153591,0.5277777777777778,0.0,12868.370178222656
Нижегородская область,Новости с уменьшением влияния со временем,1,1555,Дивеевский,36,287.3879224989149,162.5501708984375,-58.17882622612847,0.034560394743304655,0.5555555555555556,0.0,10345.965209960938
Нижегородская область,Новости с уменьшением влияния со временем,1,1556,Княгининский,36,480.7412050035265,135.78875732421875,315.8707114325629,0.0619062013933423,0.25,0.0,17306.683380126953
Нижегородская область,Новости с уменьшением влияния со временем,1,1557,Ковернинский,36,338.01598273383246,109.05242919921875,-95.85498555501302,0.045333748271073046,0.6111111111111112,0.0,12168.575378417969
Нижегородская область,Новости с уменьшением влияния со временем,1,1558,Краснобаковский,36,438.48150126139325,244.4285888671875,-4.569090101453993,0.05798123793075514,0.4166666666666667,0.0,15785.334045410156
Нижегородская область,Новости с уменьшением влияния со временем,1,1559,Краснооктябрьский,36,469.5246590508355,272.9586181640625,-144.37428538004556,0.07024022093145925,0.6388888888888888,0.0,16902.887725830078
Нижегородская область,Новости с уменьшением влияния со временем,1,1560,Кстовский,36,401.717291937934,182.0159912109375,170.1027357313368,0.0357430642472674,0.3611111111111111,0.0,14461.822509765625
Нижегородская область,Новости с уменьшением влияния со временем,1,1561,Лукояновский,36,312.2930497063531,82.9732666015625,9.022279951307508,0.0427540026750509,0.5,0.0,11242.549789428711
Нижегородская область,Новости с уменьшением влияния со временем,1,1562,Лысковский,36,380.39358859592016,169.76068115234375,31.276553683810764,0.04365788628001761,0.4444444444444444,0.0,13694.169189453125
Нижегородская область,Новости с уменьшением влияния со временем,1,1563,Павловский,36,355.638909233941,161.00634765625,-107.7335205078125,0.036272617567759714,0.6388888888888888,0.0,12803.000732421875
Нижегородская область,Новости с уменьшением влияния со временем,1,1564,Пильнинский,36,359.69983249240454,218.94195556640625,157.30113389756946,0.050016971949070524,0.3055555555555556,0.0,12949.193969726562
Нижегородская область,Новости с уменьшением влияния со временем,1,1565,Починковский,36,331.8453776041667,110.59375,-15.16532728407118,0.04194483255241158,0.4166666666666667,0.0,11946.43359375
Нижегородская область,Новости с уменьшением влияния со временем,1,1566,Сергачский,36,291.72899627685547,112.27069091796875,31.675383673773872,0.03676779922057295,0.5,0.0,10502.243865966797
Нижегородская область,Новости с уменьшением влияния со временем,1,1567,Сеченовский,36,297.85885365804035,165.99658203125,91.31301964653863,0.04122867508839242,0.3055555555555556,0.0,10722.918731689453
Нижегородская область,Новости с уменьшением влияния со временем,1,1568,Сосновский,36,438.8350847032335,229.7623291015625,159.19191318088107,0.06198649097482336,0.4166666666666667,0.0,15798.063049316406
Нижегородская область,Новости с уменьшением влияния со временем,1,1569,Спасский,36,392.26362779405383,135.85862731933594,63.515096028645836,0.06032401770479354,0.4444444444444444,0.0,14121.490600585938
Нижегородская область,Новости с уменьшением влияния со временем,1,1570,Тонкинский,36,470.4124467637804,179.2901611328125,383.81625196668836,0.0632941197179531,0.3055555555555556,0.0,16934.848083496094
Нижегородская область,Новости с уменьшением влияния со временем,1,1571,Тоншаевский,36,360.2331263224284,106.33418273925781,-78.97539181179471,0.04426752418496841,0.5277777777777778,0.0,12968.392547607422
Нижегородская область,Новости с уменьшением влияния со временем,1,1572,Уренский,36,330.7389882405599,132.69683837890625,-16.939261542426216,0.04064824823554768,0.5,0.0,11906.603576660156
Нижегородская область,Новости с уменьшением влияния со временем,1,1573,Шарангский,36,339.462274339464,142.843994140625,-54.08389027913412,0.04349880714247319,0.5555555555555556,0.0,12220.641876220703
Нижегородская область,Новости с уменьшением влияния со временем,1,1574,Шатковский,36,418.08555603027344,119.19891357421875,117.55531989203558,0.06157321580207102,0.4166666666666667,0.0,15051.080017089844
Нижегородская область,Новости с уменьшением влияния со временем,1,3005,Арзамас,36,324.39683024088544,152.4327392578125,19.879007975260418,0.03298326556463007,0.4722222222222222,0.0,11678.285888671875
Нижегородская область,Новости с уменьшением влияния со временем,3,1523,Нижний Новгород,36,478.96395534939234,237.22314453125,162.71411810980902,0.04181549354090225,0.3888888888888889,0.0,17242.702392578125
Нижегородская область,Новости с уменьшением влияния со временем,3,1525,Бор,36,414.7479485405816,202.77630615234375,-30.551347520616318,0.03845045310381477,0.5833333333333334,0.0,14930.926147460938
Нижегородская область,Новости с уменьшением влияния со временем,3,1526,Выкса,36,467.0791998969184,200.98614501953125,-25.428110758463543,0.043577483073669175,0.5,0.0,16814.851196289062
Нижегородская область,Новости с уменьшением влияния со временем,3,1527,Дзержинск,36,483.09590996636285,229.20782470703125,76.18059963650174,0.042589678825683576,0.4166666666666667,0.0,17391.452758789062
Нижегородская область,Новости с уменьшением влияния со временем,3,1528,Кулебаки,36,378.7347869873047,165.209228515625,23.78317430284288,0.043476375871453254,0.4444444444444444,0.0,13634.452331542969
Нижегородская область,Новости с уменьшением влияния со временем,3,1529,Навашинский,36,382.60894690619574,165.62945556640625,166.28830040825738,0.05090987817125186,0.5555555555555556,0.0,13773.922088623047
Нижегородская область,Новости с уменьшением влияния со временем,3,1530,Перевозский,36,380.9197531806098,113.7030029296875,261.7486750284831,0.05251510228548543,0.3888888888888889,0.0,13713.111114501953
Нижегородская область,Новости с уменьшением влияния со временем,3,1532,Семеновский,36,425.57141876220703,134.63955688476562,-129.3416010538737,0.051761483983727,0.6944444444444444,0.0,15320.571075439453
Нижегородская область,Новости с уменьшением влияния со временем,3,1533,Шахунья,36,387.37313503689234,163.310302734375,-10.090101453993055,0.050999414361779696,0.5,0.0,13945.432861328125
Нижегородская область,Новости с уменьшением влияния со временем,3,1534,Первомайск,36,450.1485527886285,165.450927734375,305.5849914550781,0.06257640065177927,0.3055555555555556,0.0,16205.347900390625
Нижегородская область,Новости с уменьшением влияния со временем,3,1535,Сокольский,36,348.4746339586046,146.02667236328125,-123.00801849365234,0.046840436785486717,0.6666666666666666,0.0,12545.086822509766
Нижегородская область,Новости с уменьшением влияния со временем,3,1536,Чкаловск,36,382.2710935804579,201.0360870361328,-162.5520773993598,0.04716210025770136,0.6944444444444444,0.0,13761.759368896484
Нижегородская область,Новости с уменьшением влияния со временем,3,1537,Ардатовский,36,419.62205929226343,190.01763916015625,12.460000779893663,0.060740455057101954,0.5277777777777778,0.0,15106.394134521484
Нижегородская область,Новости с уменьшением влияния со временем,3,1539,Балахнинский,36,397.3140936957465,211.2452392578125,28.53411865234375,0.03945446097269135,0.5,0.0,14303.307373046875
Нижегородская область,Новости с уменьшением влияния со временем,3,1540,Богородский,36,357.9403076171875,147.4261474609375,14.83150906032986,0.036219407581874766,0.5555555555555556,0.0,12885.85107421875
Нижегородская область,Новости с уменьшением влияния со временем,3,1541,Большеболдинский,36,485.3396937052409,231.276611328125,-29.2246339586046,0.0627644029822352,0.5277777777777778,0.0,17472.228973388672
Нижегородская область,Новости с уменьшением влияния со временем,3,1542,Большемурашкинский,36,307.5981263054742,133.14599609375,77.4640753004286,0.04339124515872552,0.3333333333333333,0.0,11073.53254699707
Нижегородская область,Новости с уменьшением влияния со временем,3,1543,Бутурлинский,36,391.8975185818142,166.88427734375,-46.098114013671875,0.05184286779016856,0.5,0.0,14108.310668945312
Нижегородская область,Новости с уменьшением влияния со временем,3,1544,Вадский,36,516.9383460150825,178.151611328125,332.49156867133246,0.07271774731180679,0.25,0.0,18609.78045654297
Нижегородская область,Новости с уменьшением влияния со временем,3,1545,Варнавинский,36,446.6078813340929,121.375,41.43345472547743,0.055777954150687405,0.5,0.0,16077.883728027344
Нижегородская область,Новости с уменьшением влияния со временем,3,1546,Вачский,36,431.5368724399143,150.67840576171875,-64.07436498006184,0.06013985524867186,0.4722222222222222,0.0,15535.327407836914
Нижегородская область,Новости с уменьшением влияния со временем,3,1547,Ветлужский,36,311.8750296698676,143.130615234375,-81.25529903835721,0.04003444894245321,0.5555555555555556,0.0,11227.501068115234
Нижегородская область,Новости с уменьшением влияния со временем,3,1548,Вознесенский,36,289.2604988945855,106.80596923828125,27.654531690809463,0.0411713134180679,0.5,0.0,10413.377960205078
Нижегородская область,Новости с уменьшением влияния со временем,3,1549,Володарский,36,438.7509545220269,182.5648193359375,67.62130567762587,0.057117255060960985,0.4722222222222222,0.0,15795.034362792969
Нижегородская область,Новости с уменьшением влияния со временем,3,1550,Воротынский,36,357.0633816189236,146.81576538085938,163.4161088731554,0.055795028032681306,0.3055555555555556,0.0,12854.28173828125
Нижегородская область,Новости с уменьшением влияния со временем,3,1551,Воскресенский,36,365.47689225938586,181.26123046875,-6.048920525444879,0.049926453135828004,0.6388888888888888,0.0,13157.16812133789
Нижегородская область,Новости с уменьшением влияния со временем,3,1552,Гагинский,36,324.1932657029894,137.21975708007812,14.313922458224827,0.04719886426812424,0.5,0.0,11670.957565307617
Нижегородская область,Новости с уменьшением влияния со временем,3,1553,Городецкий,36,404.7598707411024,212.67913818359375,-56.83105129665799,0.04124672801680199,0.5277777777777778,0.0,14571.355346679688
Нижегородская область,Новости с уменьшением влияния со временем,3,1554,Дальнеконстантиновский,36,441.65784539116754,147.775390625,-260.97994147406683,0.054919854905346094,0.75,0.0,15899.682434082031
Нижегородская область,Новости с уменьшением влияния со временем,3,1555,Дивеевский,36,380.32673814561633,238.942138671875,-119.75448947482639,0.04573693315798819,0.6666666666666666,0.0,13691.762573242188
Нижегородская область,Новости с уменьшением влияния со временем,3,1556,Княгининский,36,537.8267957899305,164.74606323242188,348.68325975206164,0.06925725023854194,0.2777777777777778,0.0,19361.7646484375
Нижегородская область,Новости с уменьшением влияния со временем,3,1557,Ковернинский,36,458.7694812350803,175.53936767578125,-231.58096398247613,0.06152886620494181,0.7222222222222222,0.0,16515.70132446289
Нижегородская область,Новости с уменьшением влияния со временем,3,1558,Краснобаковский,36,513.2235344780815,177.3909912109375,-88.28533596462674,0.06786451829468956,0.5,0.0,18476.047241210938
Нижегородская область,Новости с уменьшением влияния со временем,3,1559,Краснооктябрьский,36,524.9067404005262,324.4451904296875,-207.82808134290906,0.07852530150105112,0.6388888888888888,0.0,18896.642654418945
Нижегородская область,Новости с уменьшением влияния со временем,3,1560,Кстовский,36,503.1221991644965,223.55694580078125,226.8343505859375,0.04476563356834907,0.3333333333333333,0.0,18112.399169921875
Нижегородская область,Новости с уменьшением влияния со временем,3,1561,Лукояновский,36,349.17330593532984,121.63525390625,-63.08643256293403,0.04780303778791323,0.5833333333333334,0.0,12570.239013671875
Нижегородская область,Новости с уменьшением влияния со временем,3,1562,Лысковский,36,427.6169653998481,191.949462890625,-8.458406236436632,0.049077727402666915,0.4166666666666667,0.0,15394.210754394531
Нижегородская область,Новости с уменьшением влияния со временем,3,1563,Павловский,36,415.6014811197917,153.20001220703125,-151.9930894639757,0.042388369758879045,0.6388888888888888,0.0,14961.6533203125
Нижегородская область,Новости с уменьшением влияния со временем,3,1564,Пильнинский,36,394.87950727674695,208.1767578125,173.826776292589,0.054908775191439385,0.3611111111111111,0.0,14215.66226196289
Нижегородская область,Новости с уменьшением влияния со временем,3,1565,Починковский,36,390.1753277248806,124.9578857421875,-128.08885108100043,0.04931766386399393,0.5,0.0,14046.311798095703
Нижегородская область,Новости с уменьшением влияния со временем,3,1566,Сергачский,36,315.8381695217556,114.57569885253906,-17.995073954264324,0.03980637698471558,0.5555555555555556,0.0,11370.174102783203
Нижегородская область,Новости с уменьшением влияния со временем,3,1567,Сеченовский,36,361.8346773783366,197.28271484375,49.18282614813911,0.05008400511227187,0.4444444444444444,0.0,13026.048385620117
Нижегородская область,Новости с уменьшением влияния со временем,3,1568,Сосновский,36,474.10553487141925,199.0506591796875,181.06556362575955,0.06696852526797178,0.3888888888888889,0.0,17067.799255371094
Нижегородская область,Новости с уменьшением влияния со временем,3,1569,Спасский,36,422.9662501017253,154.22451782226562,37.17263878716363,0.06504560135527655,0.5555555555555556,0.0,15226.78500366211
Нижегородская область,Новости с уменьшением влияния со временем,3,1570,Тонкинский,36,544.4838536580404,192.32763671875,442.86909739176434,0.07326044719907254,0.3888888888888889,0.0,19601.418731689453
Нижегородская область,Новости с уменьшением влияния со временем,3,1571,Тоншаевский,36,430.711908976237,165.9842529296875,-206.7203860812717,0.052928363479525974,0.5833333333333334,0.0,15505.628723144531
Нижегородская область,Новости с уменьшением влияния со временем,3,1572,Уренский,36,416.7206759982639,149.689453125,-86.52711317274306,0.051215508558495895,0.5833333333333334,0.0,15001.9443359375
Нижегородская область,Новости с уменьшением влияния со временем,3,1573,Шарангский,36,374.91674550374347,193.185791015625,-136.72178734673395,0.04804195470287378,0.5833333333333334,0.0,13497.002838134766
Нижегородская область,Новости с уменьшением влияния со временем,3,1574,Шатковский,36,454.5669818454319,182.55914306640625,76.14032830132379,0.0669459886043951,0.4166666666666667,0.0,16364.411346435547
Нижегородская область,Новости с уменьшением влияния со временем,3,3005,Арзамас,36,406.0483567979601,198.4158935546875,11.244049072265625,0.04128523936070451,0.4722222222222222,0.0,14617.740844726562
Нижегородская область,Новости с уменьшением влияния со временем,6,1523,Нижний Новгород,36,524.0203571113859,263.393760034716,360.2199289126966,0.045749099934060934,0.2222222222222222,-184.740344768721,18864.732856009894
Нижегородская область,Новости с уменьшением влияния со временем,6,1525,Бор,36,416.0712443435548,139.73842623316045,104.62463345080471,0.03857313321204373,0.4722222222222222,-104.16396352758262,14978.564796367973
Нижегородская область,Новости с уменьшением влияния со временем,6,1526,Выкса,36,383.4646735733765,117.16648661419845,39.252274295867174,0.03577642790704827,0.4444444444444444,-33.38241513696156,13804.728248641553
Нижегородская область,Новости с уменьшением влияния со временем,6,1527,Дзержинск,36,478.7481528779299,144.59311294833867,215.14200902278785,0.042206381070127454,0.3055555555555556,-147.57889560796463,17234.933503605476
Нижегородская область,Новости с уменьшением влияния со временем,6,1528,Кулебаки,36,360.6586793506484,154.72376108018642,37.59110082998048,0.04140135219550437,0.5,-29.41250422044009,12983.712456623343
Нижегородская область,Новости с уменьшением влияния со временем,6,1529,Навашинский,36,455.4142021252446,148.41858836678,238.67080526335653,0.060597332433364036,0.5277777777777778,-0.7254966809087335,16394.911276508807
Нижегородская область,Новости с уменьшением влияния со временем,6,1530,Перевозский,36,443.32681850302333,115.05927832157704,318.49702043445666,0.06111878689721415,0.3611111111111111,-67.79060261489397,15959.76546610884
Нижегородская область,Новости с уменьшением влияния со временем,6,1532,Семеновский,36,407.3796461684489,187.93595709224007,-4.022492450077305,0.04954885149894643,0.5,-47.631561146476216,14665.66726206416
Нижегородская область,Новости с уменьшением влияния со временем,6,1533,Шахунья,36,308.8820536297768,80.96666444476355,-46.222905054746285,0.04066571069901941,0.5,4.319475131345115,11119.753930671965
Нижегородская область,Новости с уменьшением влияния со временем,6,1534,Первомайск,36,429.6676995397061,146.86407964913872,396.1340741280645,0.05972930035421004,0.3055555555555556,-65.73912465974196,15468.03718342942
Нижегородская область,Новости с уменьшением влияния со временем,6,1535,Сокольский,36,337.29584715091084,123.92078290635811,-121.60856522087144,0.04533783313581501,0.6111111111111112,4.177682240907744,12142.65049743279
Нижегородская область,Новости с уменьшением влияния со временем,6,1536,Чкаловск,36,388.1405564716003,196.32029874260465,-134.5584182457784,0.04788623609213806,0.5555555555555556,-25.098607517336006,13973.06003297761
Нижегородская область,Новости с уменьшением влияния со временем,6,1537,Ардатовский,36,372.7131589918282,185.07274534979024,-59.674200711821904,0.05395037363173015,0.4722222222222222,-4.597338848870283,13417.673723705815
Нижегородская область,Новости с уменьшением влияния со временем,6,1539,Балахнинский,36,404.18533929032134,166.74082334812817,115.2864515007243,0.04013679591989443,0.4166666666666667,-64.0088493543404,14550.672214451568
Нижегородская область,Новости с уменьшением влияния со временем,6,1540,Богородский,36,392.2425263442883,179.62028003026433,87.2294433599098,0.039690394264850465,0.5,-83.41749040136298,14120.730948394379
Нижегородская область,Новости с уменьшением влияния со временем,6,1541,Большеболдинский,36,449.20412607376494,263.33316137889744,11.368616565063949,0.05809133099115425,0.5833333333333334,-28.750485665778868,16171.348538655539
Нижегородская область,Новости с уменьшением влияния со временем,6,1542,Большемурашкинский,36,236.11353625159674,89.723882655811,65.09099958533746,0.033307291106878016,0.4444444444444444,-20.283402601558695,8500.087305057483
Нижегородская область,Новости с уменьшением влияния со временем,6,1543,Бутурлинский,36,402.1579231582313,164.97383731611387,-13.465975462485334,0.05320018385548523,0.4722222222222222,-14.271849515924442,14477.685233696327
Нижегородская область,Новости с уменьшением влияния со временем,6,1544,Вадский,36,593.5030665067594,182.699647914269,468.438071350746,0.08348811101307192,0.19444444444444445,-0.5798326268224862,21366.11039424334
Нижегородская область,Новости с уменьшением влияния со временем,6,1545,Варнавинский,36,389.08561799192637,149.44183607570562,28.03854725922696,0.04859385753833279,0.4166666666666667,-36.30863536660084,14007.08224770935
Нижегородская область,Новости с уменьшением влияния со временем,6,1546,Вачский,36,467.65388221331534,252.22066306775582,-62.170279333585185,0.06517319510560295,0.6388888888888888,-56.04706094120703,16835.539759679352
Нижегородская область,Новости с уменьшением влияния со временем,6,1547,Ветлужский,36,297.3349094455966,167.50265503500214,-101.0488378958304,0.03816797793529406,0.5555555555555556,-23.26232253831584,10704.056740041478
Нижегородская область,Новости с уменьшением влияния со временем,6,1548,Вознесенский,36,307.52161414527285,181.6440701771853,22.51413721906866,0.04377047266111234,0.4722222222222222,-45.663336506519585,11070.778109229823
Нижегородская область,Новости с уменьшением влияния со временем,6,1549,Володарский,36,386.3873842857632,165.87227088179458,89.51164448356086,0.05030048721974808,0.5277777777777778,10.09087024440173,13909.945834287475
Нижегородская область,Новости с уменьшением влияния со временем,6,1550,Воротынский,36,354.1350767546705,200.55249456544652,239.07651242955885,0.05533744862129374,0.25,-4.973414123105859,12748.862763168137
Нижегородская область,Новости с уменьшением влияния со временем,6,1551,Воскресенский,36,327.1496764879309,186.16091527337153,-10.658498813219119,0.04469071325030267,0.5833333333333334,-38.036723301895755,11777.388353565511
Нижегородская область,Новости с уменьшением влияния со временем,6,1552,Гагинский,36,349.0596554821937,219.39760856671546,-10.09477982740469,0.05081912872205091,0.5833333333333334,-40.22783372265192,12566.147597358973
Нижегородская область,Новости с уменьшением влияния со временем,6,1553,Городецкий,36,396.30659359285687,197.63776112415553,-18.15276091853336,0.0403853036301751,0.4722222222222222,-40.11717098543502,14267.037369342848
Нижегородская область,Новости с уменьшением влияния со временем,6,1554,Дальнеконстантиновский,36,396.0749625599577,187.21368816161583,-179.33583826858825,0.04925165419889149,0.6666666666666666,9.109517047518397,14258.698652158479
Нижегородская область,Новости с уменьшением влияния со временем,6,1555,Дивеевский,36,426.90161273553935,202.56763170597333,44.78640925196041,0.051337885476900366,0.4722222222222222,-78.19995512242089,15368.458058479417
Нижегородская область,Новости с уменьшением влияния со временем,6,1556,Княгининский,36,603.619223469386,274.7985489581537,514.7746807252248,0.07772949941479344,0.2222222222222222,-54.8194560811482,21730.2920448979
Нижегородская область,Новости с уменьшением влияния со временем,6,1557,Ковернинский,36,558.4741440217732,255.55557366729784,-351.1097864736116,0.0749009737830127,0.8055555555555556,24.05896585507155,20105.069184783835
Нижегородская область,Новости с уменьшением влияния со временем,6,1558,Краснобаковский,36,508.16324658109653,265.30674722182994,-102.93174328936401,0.06719538685879278,0.4722222222222222,-11.905313706205082,18293.876876919476
Нижегородская область,Новости с уменьшением влияния со временем,6,1559,Краснооктябрьский,36,454.55459988372985,201.67745996940766,-263.8869361455981,0.0680007213801893,0.7222222222222222,-21.640772199539285,16363.965595814274
Нижегородская область,Новости с уменьшением влияния со временем,6,1560,Кстовский,36,567.1990487887423,232.60293932206923,396.30209340861046,0.05046691404306601,0.2777777777777778,-175.60338635384656,20419.165756394723
Нижегородская область,Новости с уменьшением влияния со временем,6,1561,Лукояновский,36,356.2675280080342,171.94480568763606,-67.84517284335818,0.048774261418279015,0.5555555555555556,-35.3595507978835,12825.631008289232
Нижегородская область,Новости с уменьшением влияния со временем,6,1562,Лысковский,36,414.0813901250955,169.82488550637117,22.212059761698004,0.047524245367754125,0.5277777777777778,-88.42399571591578,14906.930044503437
Нижегородская область,Новости с уменьшением влияния со временем,6,1563,Павловский,36,415.30896961292393,171.79577336741,-99.86868241118863,0.0423585356835085,0.6388888888888888,-43.59198963245517,14951.122906065262
Нижегородская область,Новости с уменьшением влияния со временем,6,1564,Пильнинский,36,365.19825874446366,225.00689549918525,254.08728836121196,0.050781538976271134,0.3055555555555556,-69.71841094240739,13147.137314800691
Нижегородская область,Новости с уменьшением влияния со временем,6,1565,Починковский,36,457.4490175944872,222.71062465853618,-174.81489815738448,0.05782097247457644,0.6111111111111112,-33.079328500791355,16468.16463340154
Нижегородская область,Новости с уменьшением влияния со временем,6,1566,Сергачский,36,302.462277916868,77.47323192908519,86.04012459955779,0.038120558628634414,0.3333333333333333,-77.69526775790534,10888.642005007248
Нижегородская область,Новости с уменьшением влияния со временем,6,1567,Сеченовский,36,334.1157653270629,182.22359110403102,88.37824832325347,0.04624724147496295,0.4166666666666667,-46.95565866812731,12028.167551774264
Нижегородская область,Новости с уменьшением влияния со временем,6,1568,Сосновский,36,459.1453894492767,275.0388655720284,159.80868093248827,0.06485536943445679,0.4166666666666667,-48.56154494650973,16529.23402017396
Нижегородская область,Новости с уменьшением влияния со временем,6,1569,Спасский,36,439.5374135298168,207.921953642382,72.07220818772153,0.06759398740281,0.5833333333333334,-47.26877279970067,15823.346887073403
Нижегородская область,Новости с уменьшением влияния со временем,6,1570,Тонкинский,36,635.0983018916863,293.61862681240984,491.7272918581067,0.08545264528850084,0.25,-48.04493258151913,22863.53886810071
Нижегородская область,Новости с уменьшением влияния со временем,6,1571,Тоншаевский,36,565.8109921900136,178.0096968518352,-335.21349141084227,0.0695301180005137,0.6388888888888888,-3.1215356741715805,20369.195718840492
Нижегородская область,Новости с уменьшением влияния со временем,6,1572,Уренский,36,359.87007874945044,182.10786288931843,-144.5374975737737,0.04422849683181032,0.7222222222222222,-31.01809408961971,12955.322834980216
Нижегородская область,Новости с уменьшением влияния со временем,6,1573,Шарангский,36,312.5372982492018,169.92129470373573,-148.96782241127073,0.04004863187765184,0.6666666666666666,-22.846053064197438,11251.342736971264
Нижегородская область,Новости с уменьшением влияния со временем,6,1574,Шатковский,36,451.77068761908964,187.56465058506865,98.34228563123139,0.06653416660920475,0.5277777777777778,-44.20428560764209,16263.744754287227
Нижегородская область,Новости с уменьшением влияния со временем,6,3005,Арзамас,36,397.65820136131356,154.10096733223304,99.562005250669,0.040432164672243635,0.4444444444444444,-78.41008666947327,14315.695249007287
Нижегородская область,Новости с уменьшением влияния со временем,12,1523,Нижний Новгород,36,358.1416422526042,235.887939453125,-35.3570556640625,0.031267216167482514,0.4166666666666667,0.0,12893.09912109375
Нижегородская область,Новости с уменьшением влияния со временем,12,1525,Бор,36,347.23446316189234,167.1383056640625,-176.12915717230902,0.032191412854036726,0.5555555555555556,0.0,12500.440673828125
Нижегородская область,Новости с уменьшением влияния со временем,12,1526,Выкса,36,405.1656968858507,207.63946533203125,-256.2888997395833,0.037801086629357786,0.5555555555555556,0.0,14585.965087890625
Нижегородская область,Новости с уменьшением влияния со временем,12,1527,Дзержинск,36,392.5444030761719,270.5069580078125,-160.52865600585938,0.034606668586777946,0.4722222222222222,0.0,14131.598510742188
Нижегородская область,Новости с уменьшением влияния со временем,12,1528,Кулебаки,36,503.3524644639757,170.22552490234375,-395.84990776909723,0.057781702903334516,0.6111111111111112,0.0,18120.688720703125
Нижегородская область,Новости с уменьшением влияния со временем,12,1529,Навашинский,36,679.1301125420464,440.61846923828125,-339.70184919569226,0.09036493153522822,0.75,0.0,24448.684051513672
Нижегородская область,Новости с уменьшением влияния со временем,12,1530,Перевозский,36,350.2112536960178,183.0438232421875,30.987998962402344,0.048281507209352696,0.5,0.0,12607.60513305664
Нижегородская область,Новости с уменьшением влияния со временем,12,1532,Семеновский,36,458.09712982177734,179.25201416015625,-301.67766910129126,0.055717527547380886,0.6666666666666666,0.0,16491.496673583984
Нижегородская область,Новости с уменьшением влияния со временем,12,1533,Шахунья,36,427.4051335652669,246.22897338867188,-362.4313617282444,0.05626980690070548,0.6111111111111112,0.0,15386.58480834961
Нижегородская область,Новости с уменьшением влияния со временем,12,1534,Первомайск,36,282.48639467027454,149.0233154296875,64.8783827887641,0.03926921835482194,0.4166666666666667,0.0,10169.510208129883
Нижегородская область,Новости с уменьшением влияния со временем,12,1535,Сокольский,36,469.98962063259546,158.95462036132812,-353.43175252278644,0.06317395003761188,0.7777777777777778,0.0,16919.626342773438
Нижегородская область,Новости с уменьшением влияния со временем,12,1536,Чкаловск,36,483.8110622829861,181.02655029296875,-425.54673258463544,0.0596894356082739,0.8333333333333334,0.0,17417.1982421875
Нижегородская область,Новости с уменьшением влияния со временем,12,1537,Ардатовский,36,512.5265553792318,193.5357666015625,-436.93524000379773,0.07418841672692174,0.7222222222222222,0.0,18450.955993652344
Нижегородская область,Новости с уменьшением влияния со временем,12,1539,Балахнинский,36,371.79140218098956,163.1798095703125,-227.78316243489584,0.03691998245238458,0.5833333333333334,0.0,13384.490478515625
Нижегородская область,Новости с уменьшением влияния со временем,12,1540,Богородский,36,428.47476874457465,222.1392822265625,-343.44349161783856,0.043356676958289826,0.7222222222222222,0.0,15425.091674804688
Нижегородская область,Новости с уменьшением влияния со временем,12,1541,Большеболдинский,36,445.8819410536024,242.0184326171875,-156.01456366644965,0.05766170415021908,0.5555555555555556,0.0,16051.749877929688
Нижегородская область,Новости с уменьшением влияния со временем,12,1542,Большемурашкинский,36,498.6956977844238,323.20751953125,-359.1360045539008,0.0703483715654237,0.6666666666666666,0.0,17953.045120239258
Нижегородская область,Новости с уменьшением влияния со временем,12,1543,Бутурлинский,36,551.0072292751736,306.46478271484375,-208.74027506510416,0.07289098191311054,0.6666666666666666,0.0,19836.26025390625
Нижегородская область,Новости с уменьшением влияния со временем,12,1544,Вадский,36,527.9641698201498,310.3746337890625,116.87321387396918,0.07426875059013197,0.3333333333333333,0.0,19006.71011352539
Нижегородская область,Новости с уменьшением влияния со временем,12,1545,Варнавинский,36,492.62255605061847,299.1513366699219,-418.3867145114475,0.061524839783180685,0.6944444444444444,0.0,17734.412017822266
Нижегородская область,Новости с уменьшением влияния со временем,12,1546,Вачский,36,632.4468710157606,288.8108215332031,-442.83673646714954,0.08813908081669009,0.7777777777777778,0.0,22768.087356567383
Нижегородская область,Новости с уменьшением влияния со временем,12,1547,Ветлужский,36,447.3238932291667,225.08499145507812,-397.5440097384983,0.05742160756883678,0.6666666666666666,0.0,16103.66015625
Нижегородская область,Новости с уменьшением влияния со временем,12,1548,Вознесенский,36,425.23062388102215,231.50228881835938,-319.0266104804145,0.06052434866727605,0.75,0.0,15308.302459716797
Нижегородская область,Новости с уменьшением влияния со временем,12,1549,Володарский,36,699.1289791531033,253.036865234375,-541.0487993028429,0.0910136554946055,0.7777777777777778,0.0,25168.64324951172
Нижегородская область,Новости с уменьшением влияния со временем,12,1550,Воротынский,36,368.7606608072917,216.1336669921875,55.600667317708336,0.05762285483828087,0.3333333333333333,0.0,13275.3837890625
Нижегородская область,Новости с уменьшением влияния со временем,12,1551,Воскресенский,36,343.1753167046441,165.796875,-282.83642917209204,0.046879916978902626,0.8333333333333334,0.0,12354.311401367188
Нижегородская область,Новости с уменьшением влияния со временем,12,1552,Гагинский,36,408.044985877143,124.186279296875,-248.8268682691786,0.05940672414012565,0.6111111111111112,0.0,14689.619491577148
Нижегородская область,Новости с уменьшением влияния со временем,12,1553,Городецкий,36,419.12768893771704,166.104248046875,-354.73795912000867,0.042710868936368794,0.6388888888888888,0.0,15088.596801757812
Нижегородская область,Новости с уменьшением влияния со временем,12,1554,Дальнеконстантиновский,36,716.9919060601128,345.91796875,-573.0581834581163,0.089157459467868,0.7222222222222222,0.0,25811.708618164062
Нижегородская область,Новости с уменьшением влияния со временем,12,1555,Дивеевский,36,404.8882412380642,130.56790161132812,-335.5641038682726,0.04869062458309358,0.8055555555555556,0.0,14575.976684570312
Нижегородская область,Новости с уменьшением влияния со временем,12,1556,Княгининский,36,540.512451171875,267.9169921875,354.193359375,0.06960308854243051,0.4166666666666667,0.0,19458.4482421875
Нижегородская область,Новости с уменьшением влияния со временем,12,1557,Ковернинский,36,791.4369379679362,362.5582275390625,-710.3473112318251,0.10614528528528103,0.8611111111111112,0.0,28491.729766845703
Нижегородская область,Новости с уменьшением влияния со временем,12,1558,Краснобаковский,36,674.3919847276476,322.1517333984375,-468.8903283013238,0.08917612718575757,0.6666666666666666,0.0,24278.111450195312
Нижегородская область,Новости с уменьшением влияния со временем,12,1559,Краснооктябрьский,36,733.8019820319282,400.5154113769531,-709.8078346252441,0.10977573242278808,0.9166666666666666,0.0,26416.871353149414
Нижегородская область,Новости с уменьшением влияния со временем,12,1560,Кстовский,36,413.7107103135851,252.482177734375,-3.0695902506510415,0.03681018665436429,0.4166666666666667,0.0,14893.585571289062
Нижегородская область,Новости с уменьшением влияния со временем,12,1561,Лукояновский,36,512.7576658460829,178.69293212890625,-378.35035536024304,0.07019830456633537,0.6388888888888888,0.0,18459.275970458984
Нижегородская область,Новости с уменьшением влияния со временем,12,1562,Лысковский,36,368.43163045247394,204.051025390625,-224.0591057671441,0.04228500875534499,0.6666666666666666,0.0,13263.538696289062
Нижегородская область,Новости с уменьшением влияния со временем,12,1563,Павловский,36,559.8595987955729,225.64154052734375,-508.9712863498264,0.057101662926855916,0.7777777777777778,0.0,20154.945556640625
Нижегородская область,Новости с уменьшением влияния со временем,12,1564,Пильнинский,36,278.96589279174805,177.80145263671875,28.434806399875217,0.03879075822145931,0.4722222222222222,0.0,10042.77214050293
Нижегородская область,Новости с уменьшением влияния со временем,12,1565,Починковский,36,543.2731704711914,243.22149658203125,-299.9308497111003,0.06866903595328476,0.5555555555555556,0.0,19557.83413696289
Нижегородская область,Новости с уменьшением влияния со временем,12,1566,Сергачский,36,336.09632703993054,175.69061279296875,-164.65016004774304,0.042359595477607946,0.5833333333333334,0.0,12099.4677734375
Нижегородская область,Новости с уменьшением влияния со временем,12,1567,Сеченовский,36,340.2886267768012,116.336181640625,-181.4722442626953,0.0471016693220838,0.5,0.0,12250.390563964844
Нижегородская область,Новости с уменьшением влияния со временем,12,1568,Сосновский,36,503.53284793429907,208.8189697265625,-199.40449608696832,0.07112520266038917,0.5833333333333334,0.0,18127.182525634766
Нижегородская область,Новости с уменьшением влияния со временем,12,1569,Спасский,36,533.5983979966906,223.51641845703125,-250.57583533393012,0.08205909731937111,0.75,0.0,19209.54232788086
Нижегородская область,Новости с уменьшением влияния со временем,12,1570,Тонкинский,36,574.432369656033,299.6658935546875,282.94465806749133,0.0772900279850245,0.3055555555555556,0.0,20679.565307617188
Нижегородская область,Новости с уменьшением влияния со временем,12,1571,Тоншаевский,36,740.2538367377388,314.0244140625,-509.9074995252821,0.09096666082694814,0.5833333333333334,0.0,26649.138122558594
Нижегородская область,Новости с уменьшением влияния со временем,12,1572,Уренский,36,489.8596920437283,342.41094970703125,-479.7491404215495,0.060204387963779006,0.8888888888888888,0.0,17634.94891357422
Нижегородская область,Новости с уменьшением влияния со временем,12,1573,Шарангский,36,414.74511422051324,239.55697631835938,-280.2482778761122,0.05314557492983775,0.75,0.0,14930.824111938477
Нижегородская область,Новости с уменьшением влияния со временем,12,1574,Шатковский,36,497.6887075636122,244.60311889648438,-235.86071311102972,0.07329670626279461,0.6944444444444444,0.0,17916.79347229004
Нижегородская область,Новости с уменьшением влияния со временем,12,3005,Арзамас,36,372.20875379774304,206.8326416015625,-214.0980970594618,0.03784457500054721,0.5,0.0,13399.51513671875
Нижегородская область,Только количество новостей,1,1523,Нижний Новгород,36,382.19327121310766,197.118896484375,136.8671400282118,0.03336702080666973,0.3611111111111111,0.0,13758.957763671875
Нижегородская область,Только количество новостей,1,1525,Бор,36,352.9056328667535,153.1041259765625,-12.479838053385416,0.03271717565900742,0.5277777777777778,0.0,12704.602783203125
Нижегородская область,Только количество новостей,1,1526,Выкса,36,373.4102613661024,166.0302734375,20.634992811414932,0.034838372909362925,0.4722222222222222,0.0,13442.769409179688
Нижегородская область,Только количество новостей,1,1527,Дзержинск,36,390.9348551432292,178.4791259765625,56.70105658637153,0.034464771029575805,0.3888888888888889,0.0,14073.65478515625
Нижегородская область,Только количество новостей,1,1528,Кулебаки,36,335.711671617296,127.00640869140625,57.55808681911893,0.03853759232356095,0.4166666666666667,0.0,12085.620178222656
Нижегородская область,Только количество новостей,1,1529,Навашинский,36,413.821161058214,150.82171630859375,242.3502917819553,0.055062969814254785,0.4166666666666667,0.0,14897.561798095703
Нижегородская область,Только количество новостей,1,1530,Перевозский,36,325.8410390218099,120.36944580078125,267.82794358995227,0.04492173312137449,0.3333333333333333,0.0,11730.277404785156
Нижегородская область,Только количество новостей,1,1532,Семеновский,36,355.93038092719183,92.2110595703125,-71.32571241590712,0.043291170176019335,0.6388888888888888,0.0,12813.493713378906
Нижегородская область,Только количество новостей,1,1533,Шахунья,36,320.44618055555554,100.45880126953125,37.72068956163194,0.04218817998632256,0.4444444444444444,0.0,11536.0625
Нижегородская область,Только количество новостей,1,1534,Первомайск,36,413.0810250176324,165.26995849609375,279.56624094645184,0.05742354065789637,0.2777777777777778,0.0,14870.916900634766
Нижегородская область,Только количество новостей,1,1535,Сокольский,36,282.5723105536567,119.7540283203125,0.41131337483723956,0.03798213459459366,0.5,0.0,10172.60317993164
Нижегородская область,Только количество новостей,1,1536,Чкаловск,36,309.4668189154731,135.60964965820312,-41.42848205566406,0.03817998636366046,0.5277777777777778,0.0,11140.805480957031
Нижегородская область,Только количество новостей,1,1537,Ардатовский,36,351.83694034152563,156.93511962890625,77.11862097846137,0.05092853292385696,0.4166666666666667,0.0,12666.129852294922
Нижегородская область,Только количество новостей,1,1539,Балахнинский,36,309.0827874077691,132.081787109375,21.456783718532986,0.030692832110931566,0.4166666666666667,0.0,11126.980346679688
Нижегородская область,Только количество новостей,1,1540,Богородский,36,289.49451700846356,111.332275390625,5.355465359157986,0.029293487436629885,0.5277777777777778,0.0,10421.802612304688
Нижегородская область,Только количество новостей,1,1541,Большеболдинский,36,386.40738677978516,179.29296875,22.382484436035156,0.049970421240443805,0.4722222222222222,0.0,13910.665924072266
Нижегородская область,Только количество новостей,1,1542,Большемурашкинский,36,327.4782532585992,169.51904296875,121.70032289293077,0.04619562980427101,0.3333333333333333,0.0,11789.21711730957
Нижегородская область,Только количество новостей,1,1543,Бутурлинский,36,347.3563062879774,127.2437744140625,42.548672146267364,0.04595065344668543,0.3888888888888889,0.0,12504.827026367188
Нижегородская область,Только количество новостей,1,1544,Вадский,36,470.74855041503906,210.753662109375,311.3159823947483,0.06622022606827736,0.3055555555555556,0.0,16946.947814941406
Нижегородская область,Только количество новостей,1,1545,Варнавинский,36,404.5223897298177,142.39288330078125,59.97298940022787,0.05052179383819987,0.4166666666666667,0.0,14562.806030273438
Нижегородская область,Только количество новостей,1,1546,Вачский,36,449.02177132500543,189.123779296875,10.593930986192492,0.06257658627942163,0.4722222222222222,0.0,16164.783767700195
Нижегородская область,Только количество новостей,1,1547,Ветлужский,36,274.46178351508246,146.455322265625,-8.745427449544271,0.03523182433175359,0.5555555555555556,0.0,9880.624206542969
Нижегородская область,Только количество новостей,1,1548,Вознесенский,36,275.33860778808594,132.28009033203125,46.634724934895836,0.03918976894757043,0.4722222222222222,0.0,9912.189880371094
Нижегородская область,Только количество новостей,1,1549,Володарский,36,387.90707058376734,142.703125,150.3581746419271,0.05049832225349818,0.3333333333333333,0.0,13964.654541015625
Нижегородская область,Только количество новостей,1,1550,Воротынский,36,374.77820671929254,155.02685546875,214.44510226779514,0.05856316168611766,0.2222222222222222,0.0,13492.015441894531
Нижегородская область,Только количество новостей,1,1551,Воскресенский,36,313.3960206773546,122.46380615234375,67.54064687093098,0.04281187694952308,0.4444444444444444,0.0,11282.256744384766
Нижегородская область,Только количество новостей,1,1552,Гагинский,36,296.9618721008301,106.584716796875,47.95463434855143,0.04323428206845046,0.3888888888888889,0.0,10690.627395629883
Нижегородская область,Только количество новостей,1,1553,Городецкий,36,313.0105489095052,147.3138427734375,-33.21550496419271,0.0318970874104225,0.5277777777777778,0.0,11268.379760742188
Нижегородская область,Только количество новостей,1,1554,Дальнеконстантиновский,36,357.45472717285156,134.19219970703125,-155.73789638943143,0.04444925400153591,0.5277777777777778,0.0,12868.370178222656
Нижегородская область,Только количество новостей,1,1555,Дивеевский,36,287.3879224989149,162.5501708984375,-58.17882622612847,0.034560394743304655,0.5555555555555556,0.0,10345.965209960938
Нижегородская область,Только количество новостей,1,1556,Княгининский,36,480.7412050035265,135.78875732421875,315.8707114325629,0.0619062013933423,0.25,0.0,17306.683380126953
Нижегородская область,Только количество новостей,1,1557,Ковернинский,36,338.01598273383246,109.05242919921875,-95.85498555501302,0.045333748271073046,0.6111111111111112,0.0,12168.575378417969
Нижегородская область,Только количество новостей,1,1558,Краснобаковский,36,438.48150126139325,244.4285888671875,-4.569090101453993,0.05798123793075514,0.4166666666666667,0.0,15785.334045410156
Нижегородская область,Только количество новостей,1,1559,Краснооктябрьский,36,469.5246590508355,272.9586181640625,-144.37428538004556,0.07024022093145925,0.6388888888888888,0.0,16902.887725830078
Нижегородская область,Только количество новостей,1,1560,Кстовский,36,401.717291937934,182.0159912109375,170.1027357313368,0.0357430642472674,0.3611111111111111,0.0,14461.822509765625
Нижегородская область,Только количество новостей,1,1561,Лукояновский,36,312.2930497063531,82.9732666015625,9.022279951307508,0.0427540026750509,0.5,0.0,11242.549789428711
Нижегородская область,Только количество новостей,1,1562,Лысковский,36,380.39358859592016,169.76068115234375,31.276553683810764,0.04365788628001761,0.4444444444444444,0.0,13694.169189453125
Нижегородская область,Только количество новостей,1,1563,Павловский,36,355.638909233941,161.00634765625,-107.7335205078125,0.036272617567759714,0.6388888888888888,0.0,12803.000732421875
Нижегородская область,Только количество новостей,1,1564,Пильнинский,36,359.69983249240454,218.94195556640625,157.30113389756946,0.050016971949070524,0.3055555555555556,0.0,12949.193969726562
Нижегородская область,Только количество новостей,1,1565,Починковский,36,331.8453776041667,110.59375,-15.16532728407118,0.04194483255241158,0.4166666666666667,0.0,11946.43359375
Нижегородская область,Только количество новостей,1,1566,Сергачский,36,291.72899627685547,112.27069091796875,31.675383673773872,0.03676779922057295,0.5,0.0,10502.243865966797
Нижегородская область,Только количество новостей,1,1567,Сеченовский,36,297.85885365804035,165.99658203125,91.31301964653863,0.04122867508839242,0.3055555555555556,0.0,10722.918731689453
Нижегородская область,Только количество новостей,1,1568,Сосновский,36,438.8350847032335,229.7623291015625,159.19191318088107,0.06198649097482336,0.4166666666666667,0.0,15798.063049316406
Нижегородская область,Только количество новостей,1,1569,Спасский,36,392.26362779405383,135.85862731933594,63.515096028645836,0.06032401770479354,0.4444444444444444,0.0,14121.490600585938
Нижегородская область,Только количество новостей,1,1570,Тонкинский,36,470.4124467637804,179.2901611328125,383.81625196668836,0.0632941197179531,0.3055555555555556,0.0,16934.848083496094
Нижегородская область,Только количество новостей,1,1571,Тоншаевский,36,360.2331263224284,106.33418273925781,-78.97539181179471,0.04426752418496841,0.5277777777777778,0.0,12968.392547607422
Нижегородская область,Только количество новостей,1,1572,Уренский,36,330.7389882405599,132.69683837890625,-16.939261542426216,0.04064824823554768,0.5,0.0,11906.603576660156
Нижегородская область,Только количество новостей,1,1573,Шарангский,36,339.462274339464,142.843994140625,-54.08389027913412,0.04349880714247319,0.5555555555555556,0.0,12220.641876220703
Нижегородская область,Только количество новостей,1,1574,Шатковский,36,418.08555603027344,119.19891357421875,117.55531989203558,0.06157321580207102,0.4166666666666667,0.0,15051.080017089844
Нижегородская область,Только количество новостей,1,3005,Арзамас,36,324.39683024088544,152.4327392578125,19.879007975260418,0.03298326556463007,0.4722222222222222,0.0,11678.285888671875
Нижегородская область,Только количество новостей,3,1523,Нижний Новгород,36,478.96395534939234,237.22314453125,162.71411810980902,0.04181549354090225,0.3888888888888889,0.0,17242.702392578125
Нижегородская область,Только количество новостей,3,1525,Бор,36,414.7479485405816,202.77630615234375,-30.551347520616318,0.03845045310381477,0.5833333333333334,0.0,14930.926147460938
Нижегородская область,Только количество новостей,3,1526,Выкса,36,467.0791998969184,200.98614501953125,-25.428110758463543,0.043577483073669175,0.5,0.0,16814.851196289062
Нижегородская область,Только количество новостей,3,1527,Дзержинск,36,483.09590996636285,229.20782470703125,76.18059963650174,0.042589678825683576,0.4166666666666667,0.0,17391.452758789062
Нижегородская область,Только количество новостей,3,1528,Кулебаки,36,378.7347869873047,165.209228515625,23.78317430284288,0.043476375871453254,0.4444444444444444,0.0,13634.452331542969
Нижегородская область,Только количество новостей,3,1529,Навашинский,36,382.60894690619574,165.62945556640625,166.28830040825738,0.05090987817125186,0.5555555555555556,0.0,13773.922088623047
Нижегородская область,Только количество новостей,3,1530,Перевозский,36,380.9197531806098,113.7030029296875,261.7486750284831,0.05251510228548543,0.3888888888888889,0.0,13713.111114501953
Нижегородская область,Только количество новостей,3,1532,Семеновский,36,425.57141876220703,134.63955688476562,-129.3416010538737,0.051761483983727,0.6944444444444444,0.0,15320.571075439453
Нижегородская область,Только количество новостей,3,1533,Шахунья,36,387.37313503689234,163.310302734375,-10.090101453993055,0.050999414361779696,0.5,0.0,13945.432861328125
Нижегородская область,Только количество новостей,3,1534,Первомайск,36,450.1485527886285,165.450927734375,305.5849914550781,0.06257640065177927,0.3055555555555556,0.0,16205.347900390625
Нижегородская область,Только количество новостей,3,1535,Сокольский,36,348.4746339586046,146.02667236328125,-123.00801849365234,0.046840436785486717,0.6666666666666666,0.0,12545.086822509766
Нижегородская область,Только количество новостей,3,1536,Чкаловск,36,382.2710935804579,201.0360870361328,-162.5520773993598,0.04716210025770136,0.6944444444444444,0.0,13761.759368896484
Нижегородская область,Только количество новостей,3,1537,Ардатовский,36,419.62205929226343,190.01763916015625,12.460000779893663,0.060740455057101954,0.5277777777777778,0.0,15106.394134521484
Нижегородская область,Только количество новостей,3,1539,Балахнинский,36,397.3140936957465,211.2452392578125,28.53411865234375,0.03945446097269135,0.5,0.0,14303.307373046875
Нижегородская область,Только количество новостей,3,1540,Богородский,36,357.9403076171875,147.4261474609375,14.83150906032986,0.036219407581874766,0.5555555555555556,0.0,12885.85107421875
Нижегородская область,Только количество новостей,3,1541,Большеболдинский,36,485.3396937052409,231.276611328125,-29.2246339586046,0.0627644029822352,0.5277777777777778,0.0,17472.228973388672
Нижегородская область,Только количество новостей,3,1542,Большемурашкинский,36,307.5981263054742,133.14599609375,77.4640753004286,0.04339124515872552,0.3333333333333333,0.0,11073.53254699707
Нижегородская область,Только количество новостей,3,1543,Бутурлинский,36,391.8975185818142,166.88427734375,-46.098114013671875,0.05184286779016856,0.5,0.0,14108.310668945312
Нижегородская область,Только количество новостей,3,1544,Вадский,36,516.9383460150825,178.151611328125,332.49156867133246,0.07271774731180679,0.25,0.0,18609.78045654297
Нижегородская область,Только количество новостей,3,1545,Варнавинский,36,446.6078813340929,121.375,41.43345472547743,0.055777954150687405,0.5,0.0,16077.883728027344
Нижегородская область,Только количество новостей,3,1546,Вачский,36,431.5368724399143,150.67840576171875,-64.07436498006184,0.06013985524867186,0.4722222222222222,0.0,15535.327407836914
Нижегородская область,Только количество новостей,3,1547,Ветлужский,36,311.8750296698676,143.130615234375,-81.25529903835721,0.04003444894245321,0.5555555555555556,0.0,11227.501068115234
Нижегородская область,Только количество новостей,3,1548,Вознесенский,36,289.2604988945855,106.80596923828125,27.654531690809463,0.0411713134180679,0.5,0.0,10413.377960205078
Нижегородская область,Только количество новостей,3,1549,Володарский,36,438.7509545220269,182.5648193359375,67.62130567762587,0.057117255060960985,0.4722222222222222,0.0,15795.034362792969
Нижегородская область,Только количество новостей,3,1550,Воротынский,36,357.0633816189236,146.81576538085938,163.4161088731554,0.055795028032681306,0.3055555555555556,0.0,12854.28173828125
Нижегородская область,Только количество новостей,3,1551,Воскресенский,36,365.47689225938586,181.26123046875,-6.048920525444879,0.049926453135828004,0.6388888888888888,0.0,13157.16812133789
Нижегородская область,Только количество новостей,3,1552,Гагинский,36,324.1932657029894,137.21975708007812,14.313922458224827,0.04719886426812424,0.5,0.0,11670.957565307617
Нижегородская область,Только количество новостей,3,1553,Городецкий,36,404.7598707411024,212.67913818359375,-56.83105129665799,0.04124672801680199,0.5277777777777778,0.0,14571.355346679688
Нижегородская область,Только количество новостей,3,1554,Дальнеконстантиновский,36,441.65784539116754,147.775390625,-260.97994147406683,0.054919854905346094,0.75,0.0,15899.682434082031
Нижегородская область,Только количество новостей,3,1555,Дивеевский,36,380.32673814561633,238.942138671875,-119.75448947482639,0.04573693315798819,0.6666666666666666,0.0,13691.762573242188
Нижегородская область,Только количество новостей,3,1556,Княгининский,36,537.8267957899305,164.74606323242188,348.68325975206164,0.06925725023854194,0.2777777777777778,0.0,19361.7646484375
Нижегородская область,Только количество новостей,3,1557,Ковернинский,36,458.7694812350803,175.53936767578125,-231.58096398247613,0.06152886620494181,0.7222222222222222,0.0,16515.70132446289
Нижегородская область,Только количество новостей,3,1558,Краснобаковский,36,513.2235344780815,177.3909912109375,-88.28533596462674,0.06786451829468956,0.5,0.0,18476.047241210938
Нижегородская область,Только количество новостей,3,1559,Краснооктябрьский,36,524.9067404005262,324.4451904296875,-207.82808134290906,0.07852530150105112,0.6388888888888888,0.0,18896.642654418945
Нижегородская область,Только количество новостей,3,1560,Кстовский,36,503.1221991644965,223.55694580078125,226.8343505859375,0.04476563356834907,0.3333333333333333,0.0,18112.399169921875
Нижегородская область,Только количество новостей,3,1561,Лукояновский,36,349.17330593532984,121.63525390625,-63.08643256293403,0.04780303778791323,0.5833333333333334,0.0,12570.239013671875
Нижегородская область,Только количество новостей,3,1562,Лысковский,36,427.6169653998481,191.949462890625,-8.458406236436632,0.049077727402666915,0.4166666666666667,0.0,15394.210754394531
Нижегородская область,Только количество новостей,3,1563,Павловский,36,415.6014811197917,153.20001220703125,-151.9930894639757,0.042388369758879045,0.6388888888888888,0.0,14961.6533203125
Нижегородская область,Только количество новостей,3,1564,Пильнинский,36,394.87950727674695,208.1767578125,173.826776292589,0.054908775191439385,0.3611111111111111,0.0,14215.66226196289
Нижегородская область,Только количество новостей,3,1565,Починковский,36,390.1753277248806,124.9578857421875,-128.08885108100043,0.04931766386399393,0.5,0.0,14046.311798095703
Нижегородская область,Только количество новостей,3,1566,Сергачский,36,315.8381695217556,114.57569885253906,-17.995073954264324,0.03980637698471558,0.5555555555555556,0.0,11370.174102783203
Нижегородская область,Только количество новостей,3,1567,Сеченовский,36,361.8346773783366,197.28271484375,49.18282614813911,0.05008400511227187,0.4444444444444444,0.0,13026.048385620117
Нижегородская область,Только количество новостей,3,1568,Сосновский,36,474.10553487141925,199.0506591796875,181.06556362575955,0.06696852526797178,0.3888888888888889,0.0,17067.799255371094
Нижегородская область,Только количество новостей,3,1569,Спасский,36,422.9662501017253,154.22451782226562,37.17263878716363,0.06504560135527655,0.5555555555555556,0.0,15226.78500366211
Нижегородская область,Только количество новостей,3,1570,Тонкинский,36,544.4838536580404,192.32763671875,442.86909739176434,0.07326044719907254,0.3888888888888889,0.0,19601.418731689453
Нижегородская область,Только количество новостей,3,1571,Тоншаевский,36,430.711908976237,165.9842529296875,-206.7203860812717,0.052928363479525974,0.5833333333333334,0.0,15505.628723144531
Нижегородская область,Только количество новостей,3,1572,Уренский,36,416.7206759982639,149.689453125,-86.52711317274306,0.051215508558495895,0.5833333333333334,0.0,15001.9443359375
Нижегородская область,Только количество новостей,3,1573,Шарангский,36,374.91674550374347,193.185791015625,-136.72178734673395,0.04804195470287378,0.5833333333333334,0.0,13497.002838134766
Нижегородская область,Только количество новостей,3,1574,Шатковский,36,454.5669818454319,182.55914306640625,76.14032830132379,0.0669459886043951,0.4166666666666667,0.0,16364.411346435547
Нижегородская область,Только количество новостей,3,3005,Арзамас,36,406.0483567979601,198.4158935546875,11.244049072265625,0.04128523936070451,0.4722222222222222,0.0,14617.740844726562
Нижегородская область,Только количество новостей,6,1523,Нижний Новгород,36,512.9046413311817,262.28751718054855,329.69619330077694,0.044778652917707544,0.2222222222222222,-173.6246289885167,18464.56708792254
Нижегородская область,Только количество новостей,6,1525,Бор,36,402.43235344520485,140.83173760273576,65.72154022437941,0.037308698905086,0.4722222222222222,-90.5250726292327,14487.564724027376
Нижегородская область,Только количество новостей,6,1526,Выкса,36,410.1761096083594,152.07248904797348,0.09735359719943265,0.038268547341920894,0.4722222222222222,-60.093851171944465,14766.339945900938
Нижегородская область,Только количество новостей,6,1527,Дзержинск,36,464.21585630361346,140.43732008287202,173.9211121233019,0.0409252155066624,0.2777777777777778,-133.04659903364825,16711.770826930086
Нижегородская область,Только количество новостей,6,1528,Кулебаки,36,380.5836781300798,183.62724287368223,6.837358085239966,0.04368861696741413,0.5277777777777778,-49.337502999871525,13701.012412682874
Нижегородская область,Только количество новостей,6,1529,Навашинский,36,445.48596337140714,148.06880336376855,211.32766747665548,0.059276282757186737,0.5833333333333334,9.202742072928762,16037.494681370657
Нижегородская область,Только количество новостей,6,1530,Перевозский,36,422.2632423085203,113.09264254526863,292.37597885775114,0.05821487905542794,0.3333333333333333,-46.72702642039096,15201.47672310673
Нижегородская область,Только количество новостей,6,1532,Семеновский,36,380.05166391472454,178.90449555534656,-31.914660542437414,0.04622499831386184,0.5277777777777778,-20.303578892751926,13681.859900930083
Нижегородская область,Только количество новостей,6,1533,Шахунья,36,326.4928361560776,82.60442270164756,-73.53507892280201,0.04298424937416132,0.5277777777777778,-13.291307394955666,11753.742101618795
Нижегородская область,Только количество новостей,6,1534,Первомайск,36,402.0958584478506,143.43084871134363,370.47267390776676,0.05589646214072967,0.3333333333333333,-38.167283567886415,14475.450904122623
Нижегородская область,Только количество новостей,6,1535,Сокольский,36,346.20052241176404,123.3134658117929,-147.10535354227807,0.04653476065364642,0.6111111111111112,-4.726993019945488,12463.218806823506
Нижегородская область,Только количество новостей,6,1536,Чкаловск,36,397.72600409781467,196.17785371739683,-161.66009362731646,0.049068825750509186,0.5555555555555556,-34.684055143550346,14318.136147521329
Нижегородская область,Только количество новостей,6,1537,Ардатовский,36,387.95591950711395,202.16335351825478,-83.74947216864469,0.05615676910003901,0.4722222222222222,-19.840099364156025,13966.413102256101
Нижегородская область,Только количество новостей,6,1539,Балахнинский,36,390.14103547021256,168.49961698156903,79.3539278911861,0.03874215514134851,0.4166666666666667,-49.964545534231696,14045.077276927652
Нижегородская область,Только количество новостей,6,1540,Богородский,36,364.5392384486603,121.5538267540411,51.89572050478615,0.03688714284472013,0.5277777777777778,-55.71420250573496,13123.41258415177
Нижегородская область,Только количество новостей,6,1541,Большеболдинский,36,454.63303223522615,238.55730688713606,-14.561780253098878,0.05879340019853631,0.5833333333333334,-34.17939182724008,16366.78916046814
Нижегородская область,Только количество новостей,6,1542,Большемурашкинский,36,253.90473932656226,109.5345027489227,40.69670374440251,0.03581700227959123,0.4444444444444444,-38.07460567652429,9140.570615756242
Нижегородская область,Только количество новостей,6,1543,Бутурлинский,36,411.10236009655443,179.32797110319098,-39.97498094303433,0.05438341477597951,0.4722222222222222,-23.216286454247623,14799.68496347596
Нижегородская область,Только количество новостей,6,1544,Вадский,36,566.4347894249405,182.9397167654338,442.6755546742898,0.07968041489577857,0.2222222222222222,26.48844445499673,20391.652419297858
Нижегородская область,Только количество новостей,6,1545,Варнавинский,36,400.7296052658519,163.68709516285492,0.6193729235808989,0.050048103680062545,0.4444444444444444,-47.952622640526414,14426.265789570669
Нижегородская область,Только количество новостей,6,1546,Вачский,36,451.95628347304336,243.68489254774113,-87.68059362175165,0.062985545854094,0.6388888888888888,-40.349462200935086,16270.42620502956
Нижегородская область,Только количество новостей,6,1547,Ветлужский,36,296.8479727430905,156.36668687758856,-127.71996331857346,0.03810547135188684,0.5833333333333334,-22.77538583580967,10686.527018751258
Нижегородская область,Только количество новостей,6,1548,Вознесенский,36,295.56187646535767,152.1209806034317,-2.4632795339517326,0.042068207366336964,0.5,-33.70359882660444,10640.227552752876
Нижегородская область,Только количество новостей,6,1549,Володарский,36,407.9404565683187,167.31861345264923,58.289563850058144,0.05310629838487969,0.5555555555555556,-11.462202038153777,14685.856436459473
Нижегородская область,Только количество новостей,6,1550,Воротынский,36,340.64161275196267,174.14560836743863,216.21092214304693,0.05322894844724745,0.3055555555555556,8.520049879602029,12263.098059070657
Нижегородская область,Только количество новостей,6,1551,Воскресенский,36,334.16958199139503,160.87698346192576,-35.40107559656054,0.04564967670479079,0.5833333333333334,-45.05662880535992,12030.104951690222
Нижегородская область,Только количество новостей,6,1552,Гагинский,36,357.3017826593225,209.7513665263316,-32.9160191889683,0.05201908900213373,0.5833333333333334,-48.46996089978072,12862.86417573561
Нижегородская область,Только количество новостей,6,1553,Городецкий,36,393.64989393400015,192.9178011376481,-52.3884535633609,0.04011457479519807,0.5277777777777778,-37.46047132657836,14171.396181624006
Нижегородская область,Только количество новостей,6,1554,Дальнеконстантиновский,36,405.9398909746348,172.47304517515747,-205.38252103197894,0.050478351387313096,0.6666666666666666,-0.7554113671586499,14613.836075086852
Нижегородская область,Только количество новостей,6,1555,Дивеевский,36,406.8910599719084,198.13167218113836,16.795114617976182,0.04893147745345456,0.4722222222222222,-58.18940235878992,14648.078158988703
Нижегородская область,Только количество новостей,6,1556,Княгининский,36,574.5918804307839,261.19213319361506,487.1844383369788,0.073991578626314,0.25,-25.792113042546095,20685.30769550822
Нижегородская область,Только количество новостей,6,1557,Ковернинский,36,567.733165063072,232.74218330432223,-376.51759067633907,0.07614276751633842,0.8055555555555556,14.799944813772559,20438.39394227059
Нижегородская область,Только количество новостей,6,1558,Краснобаковский,36,523.8542474622163,268.67419863045484,-129.05241419268447,0.06927023757163402,0.4444444444444444,-27.596314587324837,18858.752908639788
Нижегородская область,Только количество новостей,6,1559,Краснооктябрьский,36,463.32305233377946,229.36561026565045,-286.43537966166383,0.06931246939053565,0.7222222222222222,-30.409224649588843,16679.62988401606
Нижегородская область,Только количество новостей,6,1560,Кстовский,36,548.7462818938922,216.78782658665318,350.44896355787,0.04882506678904145,0.2777777777777778,-157.15061945899632,19754.866148180117
Нижегородская область,Только количество новостей,6,1561,Лукояновский,36,359.5047377659379,177.5857946022602,-92.9735551968044,0.04921744667257544,0.6111111111111112,-38.596760555787085,12942.170559573764
Нижегородская область,Только количество новостей,6,1562,Лысковский,36,401.0791261038519,174.33094555908815,-8.609848879232974,0.046031971625398245,0.5277777777777778,-75.42173169467219,14438.848539738668
Нижегородская область,Только количество новостей,6,1563,Павловский,36,427.3433837602314,171.23663678586524,-134.045507114706,0.04358595959771856,0.6666666666666666,-55.62640377976274,15384.361815368331
Нижегородская область,Только количество новостей,6,1564,Пильнинский,36,357.3384517408383,234.13848035583908,228.85884835275698,0.04968861729292913,0.3055555555555556,-61.85860393878218,12864.18426267018
Нижегородская область,Только количество новостей,6,1565,Починковский,36,468.3383269095684,215.38902733608802,-202.9836982111483,0.05919736728570839,0.6111111111111112,-43.96863781587257,16860.179768744463
Нижегородская область,Только количество новостей,6,1566,Сергачский,36,282.4425695063865,76.6618489917141,58.627478798614675,0.035597392852571325,0.3888888888888889,-57.675559347423814,10167.932502229914
Нижегородская область,Только количество новостей,6,1567,Сеченовский,36,339.91186148932485,183.61489191156898,63.52590230557538,0.04704951866941332,0.4166666666666667,-52.75175483038934,12236.827013615695
Нижегородская область,Только количество новостей,6,1568,Сосновский,36,449.74698708027375,260.9427498579713,134.17705675659167,0.06352782292796465,0.4166666666666667,-39.163142577506875,16190.891534889855
Нижегородская область,Только количество новостей,6,1569,Спасский,36,424.19691677602424,195.77551031545255,49.47961651482142,0.0652348586633441,0.5833333333333334,-31.928276045908092,15271.089003936873
Нижегородская область,Только количество новостей,6,1570,Тонкинский,36,615.3687742441699,270.60342036460327,464.5874378644286,0.08279803210066645,0.2777777777777778,-28.315404934002856,22153.275872790116
Нижегородская область,Только количество новостей,6,1571,Тоншаевский,36,576.6026094619896,172.5143620545931,-363.37002717516384,0.07085625417088502,0.6666666666666666,-13.913152946147546,20757.693940631623
Нижегородская область,Только количество новостей,6,1572,Уренский,36,367.6783137589954,171.48150111280574,-172.74987245664545,0.045188138985394664,0.7222222222222222,-38.82632909916467,13236.419295323834
Нижегородская область,Только количество новостей,6,1573,Шарангский,36,321.5647448443999,146.783543198463,-175.25544361169892,0.04120541184443193,0.6666666666666666,-31.873499659395538,11576.330814398396
Нижегородская область,Только количество новостей,6,1574,Шатковский,36,436.26580985700303,169.65062669152002,74.21608393100487,0.06425069814046731,0.5277777777777778,-28.699407845555623,15705.56915485211
Нижегородская область,Только количество новостей,6,3005,Арзамас,36,386.0165192640277,194.3805164815874,64.49919597304222,0.03924848882698754,0.4722222222222222,-66.76840457218748,13896.594693504998
Нижегородская область,Только количество новостей,12,1523,Нижний Новгород,36,358.1416422526042,235.887939453125,-35.3570556640625,0.031267216167482514,0.4166666666666667,0.0,12893.09912109375
Нижегородская область,Только количество новостей,12,1525,Бор,36,347.23446316189234,167.1383056640625,-176.12915717230902,0.032191412854036726,0.5555555555555556,0.0,12500.440673828125
Нижегородская область,Только количество новостей,12,1526,Выкса,36,405.1656968858507,207.63946533203125,-256.2888997395833,0.037801086629357786,0.5555555555555556,0.0,14585.965087890625
Нижегородская область,Только количество новостей,12,1527,Дзержинск,36,392.5444030761719,270.5069580078125,-160.52865600585938,0.034606668586777946,0.4722222222222222,0.0,14131.598510742188
Нижегородская область,Только количество новостей,12,1528,Кулебаки,36,503.3524644639757,170.22552490234375,-395.84990776909723,0.057781702903334516,0.6111111111111112,0.0,18120.688720703125
Нижегородская область,Только количество новостей,12,1529,Навашинский,36,679.1301125420464,440.61846923828125,-339.70184919569226,0.09036493153522822,0.75,0.0,24448.684051513672
Нижегородская область,Только количество новостей,12,1530,Перевозский,36,350.2112536960178,183.0438232421875,30.987998962402344,0.048281507209352696,0.5,0.0,12607.60513305664
Нижегородская область,Только количество новостей,12,1532,Семеновский,36,458.09712982177734,179.25201416015625,-301.67766910129126,0.055717527547380886,0.6666666666666666,0.0,16491.496673583984
Нижегородская область,Только количество новостей,12,1533,Шахунья,36,427.4051335652669,246.22897338867188,-362.4313617282444,0.05626980690070548,0.6111111111111112,0.0,15386.58480834961
Нижегородская область,Только количество новостей,12,1534,Первомайск,36,282.48639467027454,149.0233154296875,64.8783827887641,0.03926921835482194,0.4166666666666667,0.0,10169.510208129883
Нижегородская область,Только количество новостей,12,1535,Сокольский,36,469.98962063259546,158.95462036132812,-353.43175252278644,0.06317395003761188,0.7777777777777778,0.0,16919.626342773438
Нижегородская область,Только количество новостей,12,1536,Чкаловск,36,483.8110622829861,181.02655029296875,-425.54673258463544,0.0596894356082739,0.8333333333333334,0.0,17417.1982421875
Нижегородская область,Только количество новостей,12,1537,Ардатовский,36,512.5265553792318,193.5357666015625,-436.93524000379773,0.07418841672692174,0.7222222222222222,0.0,18450.955993652344
Нижегородская область,Только количество новостей,12,1539,Балахнинский,36,371.79140218098956,163.1798095703125,-227.78316243489584,0.03691998245238458,0.5833333333333334,0.0,13384.490478515625
Нижегородская область,Только количество новостей,12,1540,Богородский,36,428.47476874457465,222.1392822265625,-343.44349161783856,0.043356676958289826,0.7222222222222222,0.0,15425.091674804688
Нижегородская область,Только количество новостей,12,1541,Большеболдинский,36,445.8819410536024,242.0184326171875,-156.01456366644965,0.05766170415021908,0.5555555555555556,0.0,16051.749877929688
Нижегородская область,Только количество новостей,12,1542,Большемурашкинский,36,498.6956977844238,323.20751953125,-359.1360045539008,0.0703483715654237,0.6666666666666666,0.0,17953.045120239258
Нижегородская область,Только количество новостей,12,1543,Бутурлинский,36,551.0072292751736,306.46478271484375,-208.74027506510416,0.07289098191311054,0.6666666666666666,0.0,19836.26025390625
Нижегородская область,Только количество новостей,12,1544,Вадский,36,527.9641698201498,310.3746337890625,116.87321387396918,0.07426875059013197,0.3333333333333333,0.0,19006.71011352539
Нижегородская область,Только количество новостей,12,1545,Варнавинский,36,492.62255605061847,299.1513366699219,-418.3867145114475,0.061524839783180685,0.6944444444444444,0.0,17734.412017822266
Нижегородская область,Только количество новостей,12,1546,Вачский,36,632.4468710157606,288.8108215332031,-442.83673646714954,0.08813908081669009,0.7777777777777778,0.0,22768.087356567383
Нижегородская область,Только количество новостей,12,1547,Ветлужский,36,447.3238932291667,225.08499145507812,-397.5440097384983,0.05742160756883678,0.6666666666666666,0.0,16103.66015625
Нижегородская область,Только количество новостей,12,1548,Вознесенский,36,425.23062388102215,231.50228881835938,-319.0266104804145,0.06052434866727605,0.75,0.0,15308.302459716797
Нижегородская область,Только количество новостей,12,1549,Володарский,36,699.1289791531033,253.036865234375,-541.0487993028429,0.0910136554946055,0.7777777777777778,0.0,25168.64324951172
Нижегородская область,Только количество новостей,12,1550,Воротынский,36,368.7606608072917,216.1336669921875,55.600667317708336,0.05762285483828087,0.3333333333333333,0.0,13275.3837890625
Нижегородская область,Только количество новостей,12,1551,Воскресенский,36,343.1753167046441,165.796875,-282.83642917209204,0.046879916978902626,0.8333333333333334,0.0,12354.311401367188
Нижегородская область,Только количество новостей,12,1552,Гагинский,36,408.044985877143,124.186279296875,-248.8268682691786,0.05940672414012565,0.6111111111111112,0.0,14689.619491577148
Нижегородская область,Только количество новостей,12,1553,Городецкий,36,419.12768893771704,166.104248046875,-354.73795912000867,0.042710868936368794,0.6388888888888888,0.0,15088.596801757812
Нижегородская область,Только количество новостей,12,1554,Дальнеконстантиновский,36,716.9919060601128,345.91796875,-573.0581834581163,0.089157459467868,0.7222222222222222,0.0,25811.708618164062
Нижегородская область,Только количество новостей,12,1555,Дивеевский,36,404.8882412380642,130.56790161132812,-335.5641038682726,0.04869062458309358,0.8055555555555556,0.0,14575.976684570312
Нижегородская область,Только количество новостей,12,1556,Княгининский,36,540.512451171875,267.9169921875,354.193359375,0.06960308854243051,0.4166666666666667,0.0,19458.4482421875
Нижегородская область,Только количество новостей,12,1557,Ковернинский,36,791.4369379679362,362.5582275390625,-710.3473112318251,0.10614528528528103,0.8611111111111112,0.0,28491.729766845703
Нижегородская область,Только количество новостей,12,1558,Краснобаковский,36,674.3919847276476,322.1517333984375,-468.8903283013238,0.08917612718575757,0.6666666666666666,0.0,24278.111450195312
Нижегородская область,Только количество новостей,12,1559,Краснооктябрьский,36,733.8019820319282,400.5154113769531,-709.8078346252441,0.10977573242278808,0.9166666666666666,0.0,26416.871353149414
Нижегородская область,Только количество новостей,12,1560,Кстовский,36,413.7107103135851,252.482177734375,-3.0695902506510415,0.03681018665436429,0.4166666666666667,0.0,14893.585571289062
Нижегородская область,Только количество новостей,12,1561,Лукояновский,36,512.7576658460829,178.69293212890625,-378.35035536024304,0.07019830456633537,0.6388888888888888,0.0,18459.275970458984
Нижегородская область,Только количество новостей,12,1562,Лысковский,36,368.43163045247394,204.051025390625,-224.0591057671441,0.04228500875534499,0.6666666666666666,0.0,13263.538696289062
Нижегородская область,Только количество новостей,12,1563,Павловский,36,559.8595987955729,225.64154052734375,-508.9712863498264,0.057101662926855916,0.7777777777777778,0.0,20154.945556640625
Нижегородская область,Только количество новостей,12,1564,Пильнинский,36,278.96589279174805,177.80145263671875,28.434806399875217,0.03879075822145931,0.4722222222222222,0.0,10042.77214050293
Нижегородская область,Только количество новостей,12,1565,Починковский,36,543.2731704711914,243.22149658203125,-299.9308497111003,0.06866903595328476,0.5555555555555556,0.0,19557.83413696289
Нижегородская область,Только количество новостей,12,1566,Сергачский,36,336.09632703993054,175.69061279296875,-164.65016004774304,0.042359595477607946,0.5833333333333334,0.0,12099.4677734375
Нижегородская область,Только количество новостей,12,1567,Сеченовский,36,340.2886267768012,116.336181640625,-181.4722442626953,0.0471016693220838,0.5,0.0,12250.390563964844
Нижегородская область,Только количество новостей,12,1568,Сосновский,36,503.53284793429907,208.8189697265625,-199.40449608696832,0.07112520266038917,0.5833333333333334,0.0,18127.182525634766
Нижегородская область,Только количество новостей,12,1569,Спасский,36,533.5983979966906,223.51641845703125,-250.57583533393012,0.08205909731937111,0.75,0.0,19209.54232788086
Нижегородская область,Только количество новостей,12,1570,Тонкинский,36,574.432369656033,299.6658935546875,282.94465806749133,0.0772900279850245,0.3055555555555556,0.0,20679.565307617188
Нижегородская область,Только количество новостей,12,1571,Тоншаевский,36,740.2538367377388,314.0244140625,-509.9074995252821,0.09096666082694814,0.5833333333333334,0.0,26649.138122558594
Нижегородская область,Только количество новостей,12,1572,Уренский,36,489.8596920437283,342.41094970703125,-479.7491404215495,0.060204387963779006,0.8888888888888888,0.0,17634.94891357422
Нижегородская область,Только количество новостей,12,1573,Шарангский,36,414.74511422051324,239.55697631835938,-280.2482778761122,0.05314557492983775,0.75,0.0,14930.824111938477
Нижегородская область,Только количество новостей,12,1574,Шатковский,36,497.6887075636122,244.60311889648438,-235.86071311102972,0.07329670626279461,0.6944444444444444,0.0,17916.79347229004
Нижегородская область,Только количество новостей,12,3005,Арзамас,36,372.20875379774304,206.8326416015625,-214.0980970594618,0.03784457500054721,0.5,0.0,13399.51513671875
Костромская область,Исходная модель,1,1303,Кострома,36,318.91034613715277,180.5255126953125,-63.626749674479164,0.031218705111685018,0.4444444444444444,0.0,11480.7724609375
Костромская область,Исходная модель,1,1304,Буй,36,457.50218794080945,146.27850341796875,279.9786554972331,0.0603693205308558,0.25,0.0,16470.07876586914
Костромская область,Исходная модель,1,1305,Волгореченск,36,947.1639251708984,197.57159423828125,537.2249637179905,0.1370285137565498,0.3333333333333333,0.0,34097.901306152344
Костромская область,Исходная модель,1,1306,Галич,36,429.78670501708984,120.27215576171875,264.4707090589735,0.052733666367700736,0.3333333333333333,0.0,15472.321380615234
Костромская область,Исходная модель,1,1308,Шарья,36,322.9789462619358,116.91497802734375,108.8351813422309,0.039986663590194885,0.3611111111111111,0.0,11627.242065429688
Костромская область,Исходная модель,1,1309,Антроповский,36,581.1293070051405,100.98934936523438,27.83623610602485,0.08355261234393307,0.4166666666666667,0.0,20920.65505218506
Костромская область,Исходная модель,1,1310,Буйский,36,403.92176225450305,199.7530517578125,282.99874793158637,0.053048135043438686,0.3055555555555556,0.0,14541.18344116211
Костромская область,Исходная модель,1,1311,Вохомский,36,398.04326799180774,142.40435791015625,22.126758151584202,0.05980067626388678,0.4166666666666667,0.0,14329.557647705078
Костромская область,Исходная модель,1,1312,Галичский,36,261.18989902072485,175.59747314453125,-28.68631150987413,0.035662868950978706,0.5,0.0,9402.836364746094
Костромская область,Исходная модель,1,1313,Кадыйский,36,346.62806532118054,126.626220703125,21.26195780436198,0.050035928640990324,0.4722222222222222,0.0,12478.6103515625
Костромская область,Исходная модель,1,1314,Кологривский,36,366.2756699456109,231.99658203125,10.732919057210287,0.05167323376156342,0.4444444444444444,0.0,13185.924118041992
Костромская область,Исходная модель,1,1315,Костромской,36,383.91955905490454,226.16094970703125,-61.603607177734375,0.040017905643974956,0.5,0.0,13821.104125976562
Костромская область,Исходная модель,1,1316,Красносельский,36,369.8749542236328,121.8919677734375,140.8584238688151,0.04748564910809769,0.4444444444444444,0.0,13315.498352050781
Костромская область,Исходная модель,1,1317,Макарьевский,36,326.8334138658312,138.15374755859375,65.39643944634332,0.05087649243369074,0.4722222222222222,0.0,11766.002899169922
Костромская область,Исходная модель,1,1319,Межевской,36,453.34406195746527,231.48406982421875,1.4123899671766493,0.06580615156212828,0.4444444444444444,0.0,16320.38623046875
Костромская область,Исходная модель,1,1320,Нейский,36,378.2310040791829,177.57354736328125,-7.099927690294054,0.050423703874456875,0.4444444444444444,0.0,13616.316146850586
Костромская область,Исходная модель,1,1321,Нерехта и Нерехтский,36,323.24610222710504,216.56784057617188,15.326349894205729,0.04244782753716384,0.3611111111111111,0.0,11636.859680175781
Костромская область,Исходная модель,1,1322,Октябрьский,36,406.72062555948895,157.390869140625,-64.8328251308865,0.05780611668709721,0.5277777777777778,0.0,14641.942520141602
Костромская область,Исходная модель,1,1323,Островский,36,392.06448618570965,125.61865234375,162.85174306233725,0.05924736282069432,0.3333333333333333,0.0,14114.321502685547
Костромская область,Исходная модель,1,1324,Павинский,36,417.7781211005317,158.80401611328125,-152.66200002034506,0.05930417163346243,0.5833333333333334,0.0,15040.01235961914
Костромская область,Исходная модель,1,1325,Парфеньевский,36,527.6065839131674,148.67886352539062,130.25911161634656,0.07578437146739825,0.3888888888888889,0.0,18993.837020874023
Костромская область,Исходная модель,1,1326,Поназыревский,36,458.61571248372394,167.83349609375,-126.95265028211806,0.06686172457544269,0.5277777777777778,0.0,16510.165649414062
Костромская область,Исходная модель,1,1327,Пыщугский,36,344.2085181342231,173.67872619628906,-10.878960503472221,0.04947440002248648,0.4722222222222222,0.0,12391.506652832031
Костромская область,Исходная модель,1,1328,Солигаличский,36,421.0719926622179,174.58935546875,213.6692623562283,0.061652370891520154,0.4444444444444444,0.0,15158.591735839844
Костромская область,Исходная модель,1,1329,Судиславский,36,345.101075914171,173.435791015625,85.34114922417535,0.04958625854298275,0.3888888888888889,0.0,12423.638732910156
Костромская область,Исходная модель,1,1330,Сусанинский,36,482.67920303344727,171.171875,176.76891962687174,0.07257394117388351,0.4722222222222222,0.0,17376.4513092041
Костромская область,Исходная модель,1,1331,Чухломский,36,406.8681644863552,149.35671997070312,-15.964807722303602,0.055803739442958224,0.4444444444444444,0.0,14647.253921508789
Костромская область,Исходная модель,1,2618,Мантуровский,36,406.096307542589,137.013427734375,155.22235361735025,0.05277481109947874,0.4444444444444444,0.0,14619.467071533203
Костромская область,Исходная модель,3,1303,Кострома,36,375.0918206108941,193.3624267578125,-128.92221069335938,0.03671841029710753,0.5555555555555556,0.0,13503.305541992188
Костромская область,Исходная модель,3,1304,Буй,36,503.7415720621745,157.22406005859375,256.5638834635417,0.06647079998767798,0.3333333333333333,0.0,18134.69659423828
Костромская область,Исходная модель,3,1305,Волгореченск,36,1257.0876922607422,271.696533203125,878.4964514838325,0.1818659405773504,0.3333333333333333,0.0,45255.15692138672
Костромская область,Исходная модель,3,1306,Галич,36,496.9875954522027,145.69720458984375,309.17309315999347,0.06097903388244678,0.3333333333333333,0.0,17891.553436279297
Костромская область,Исходная модель,3,1308,Шарья,36,376.58129543728296,173.1542510986328,81.12157864040799,0.04662294477485294,0.5,0.0,13556.926635742188
Костромская область,Исходная модель,3,1309,Антроповский,36,775.9006360371908,230.182861328125,34.84065712822808,0.11155611028175705,0.4166666666666667,0.0,27932.422897338867
Костромская область,Исходная модель,3,1310,Буйский,36,447.535528394911,225.74600219726562,264.93047671847876,0.0587760486449632,0.3333333333333333,0.0,16111.279022216797
Костромская область,Исходная модель,3,1311,Вохомский,36,455.6509958902995,171.3846435546875,-19.832093132866753,0.06845546674366619,0.5,0.0,16403.43585205078
Костромская область,Исходная модель,3,1312,Галичский,36,305.480724758572,176.71319580078125,4.898718939887153,0.0417103383207423,0.5,0.0,10997.306091308594
Костромская область,Исходная модель,3,1313,Кадыйский,36,428.6895768907335,266.2978515625,-85.16409132215712,0.061881547469521625,0.5555555555555556,0.0,15432.824768066406
Костромская область,Исходная модель,3,1314,Кологривский,36,428.9294895595974,229.1298828125,-38.67949464586046,0.06051227422376257,0.5277777777777778,0.0,15441.461624145508
Костромская область,Исходная модель,3,1315,Костромской,36,454.55481296115454,269.735107421875,-85.93896823459201,0.047380580608795596,0.5555555555555556,0.0,16363.973266601562
Костромская область,Исходная модель,3,1316,Красносельский,36,432.43577575683594,213.0382080078125,154.1801232231988,0.05551739385133284,0.4722222222222222,0.0,15567.687927246094
Костромская область,Исходная модель,3,1317,Макарьевский,36,361.8113513522678,150.45758056640625,23.222703721788193,0.05632132976175331,0.5277777777777778,0.0,13025.20864868164
Костромская область,Исходная модель,3,1319,Межевской,36,524.4535386827257,191.32757568359375,-53.27944098578559,0.07612820360948733,0.5,0.0,18880.327392578125
Костромская область,Исходная модель,3,1320,Нейский,36,416.54992336697046,155.0364990234375,-59.24464755588107,0.05553217414293891,0.4722222222222222,0.0,14995.797241210938
Костромская область,Исходная модель,3,1321,Нерехта и Нерехтский,36,425.69842020670575,267.21728515625,-53.48292202419705,0.055901596335666916,0.4722222222222222,0.0,15325.143127441406
Костромская область,Исходная модель,3,1322,Октябрьский,36,440.3357785542806,220.78945922851562,-132.64218690660266,0.0625837486397392,0.5555555555555556,0.0,15852.088027954102
Костромская область,Исходная модель,3,1323,Островский,36,460.19128036499023,169.87506103515625,179.87786738077799,0.06954243680665773,0.3888888888888889,0.0,16566.88609313965
Костромская область,Исходная модель,3,1324,Павинский,36,481.8170577155219,322.66973876953125,-164.12981033325195,0.06839458565092106,0.6111111111111112,0.0,17345.41407775879
Костромская область,Исходная модель,3,1325,Парфеньевский,36,558.8174694908989,157.97723388671875,146.0149228837755,0.08026744165372207,0.5277777777777778,0.0,20117.428901672363
Костромская область,Исходная модель,3,1326,Поназыревский,36,510.71301608615454,182.07470703125,-172.95878431532117,0.07445700635443876,0.5277777777777778,0.0,18385.668579101562
Костромская область,Исходная модель,3,1327,Пыщугский,36,391.2125642564562,205.6475830078125,-70.15131208631728,0.056230470421708686,0.6111111111111112,0.0,14083.652313232422
Костромская область,Исходная модель,3,1328,Солигаличский,36,506.4102834065755,252.76373291015625,217.0151892768012,0.07414740272433103,0.5,0.0,18230.77020263672
Костромская область,Исходная модель,3,1329,Судиславский,36,322.3683785332574,134.17156982421875,22.33576880560981,0.046319883882389924,0.4166666666666667,0.0,11605.261627197266
Костромская область,Исходная модель,3,1330,Сусанинский,36,528.4466989305284,211.87014770507812,196.65729395548502,0.07945538030371599,0.4444444444444444,0.0,19024.081161499023
Костромская область,Исходная модель,3,1331,Чухломский,36,493.3460790846083,127.79743957519531,-65.43401463826497,0.06766456178059074,0.5,0.0,17760.4588470459
Костромская область,Исходная модель,3,2618,Мантуровский,36,462.51645999484595,176.0859375,151.77059173583984,0.06010697057142711,0.4722222222222222,0.0,16650.592559814453
Костромская область,Исходная модель,6,1303,Кострома,36,325.36991034613715,158.43603515625,-228.9828864203559,0.03185104342442057,0.6666666666666666,0.0,11713.316772460938
Костромская область,Исходная модель,6,1304,Буй,36,522.2997216118706,200.9627685546875,157.16574944390192,0.06891962516962467,0.3611111111111111,0.0,18802.789978027344
Костромская область,Исходная модель,6,1305,Волгореченск,36,1368.1437445746528,468.3292236328125,1219.766825358073,0.19793269036355982,0.2222222222222222,0.0,49253.1748046875
Костромская область,Исходная модель,6,1306,Галич,36,450.0352308485243,180.5858154296875,267.51416015625,0.055218105726033556,0.4444444444444444,0.0,16201.268310546875
Костромская область,Исходная модель,6,1308,Шарья,36,316.2842076619466,149.526123046875,11.178211636013454,0.0391578161890861,0.5833333333333334,0.0,11386.231475830078
Костромская область,Исходная модель,6,1309,Антроповский,36,875.4503243764242,340.6070556640625,173.44430181715222,0.125868994554678,0.3333333333333333,0.0,31516.21167755127
Костромская область,Исходная модель,6,1310,Буйский,36,472.50928836398657,250.25625610351562,125.21971723768446,0.062055919934857214,0.4166666666666667,0.0,17010.334381103516
Костромская область,Исходная модель,6,1311,Вохомский,36,474.38055843777124,191.66094970703125,-156.52329593234592,0.0712693329650857,0.5277777777777778,0.0,17077.700103759766
Костромская область,Исходная модель,6,1312,Галичский,36,296.34976959228516,200.01370239257812,-37.36095767550998,0.04046359769748905,0.5277777777777778,0.0,10668.591705322266
Костромская область,Исходная модель,6,1313,Кадыйский,36,498.9209096696642,183.9964599609375,-288.32176144917804,0.0720194742759737,0.5833333333333334,0.0,17961.15274810791
Костромская область,Исходная модель,6,1314,Кологривский,36,476.9749575720893,262.2143249511719,-252.5196442074246,0.06729040584293855,0.6111111111111112,0.0,17171.098472595215
Костромская область,Исходная модель,6,1315,Костромской,36,468.10462443033856,235.140625,-236.31632826063367,0.048792946986279145,0.6388888888888888,0.0,16851.766479492188
Костромская область,Исходная модель,6,1316,Красносельский,36,405.8866661919488,191.22528076171875,44.46890428331163,0.052108940030562836,0.5,0.0,14611.919982910156
Костромская область,Исходная модель,6,1317,Макарьевский,36,359.77606752183704,215.1092529296875,-55.39190122816298,0.05600450749693484,0.5277777777777778,0.0,12951.938430786133
Костромская область,Исходная модель,6,1319,Межевской,36,604.801025390625,288.7705078125,-248.43765428331164,0.08779121925616011,0.5833333333333334,0.0,21772.8369140625
Костромская область,Исходная модель,6,1320,Нейский,36,391.50436782836914,135.4923095703125,-158.14872953626843,0.05219323666232637,0.6111111111111112,0.0,14094.157241821289
Костромская область,Исходная модель,6,1321,Нерехта и Нерехтский,36,433.1156412760417,226.08837890625,-269.4151373969184,0.05687560628841489,0.5,0.0,15592.1630859375
Костромская область,Исходная модель,6,1322,Октябрьский,36,494.82321082221137,233.96844482421875,-403.9008017645942,0.0703279019226654,0.6111111111111112,0.0,17813.63558959961
Костромская область,Исходная модель,6,1323,Островский,36,534.610232035319,296.34503173828125,151.33030107286243,0.08078835880597701,0.5,0.0,19245.968353271484
Костромская область,Исходная модель,6,1324,Павинский,36,509.4961802164714,231.048828125,-389.6226687961155,0.07232367467821586,0.7222222222222222,0.0,18341.86248779297
Костромская область,Исходная модель,6,1325,Парфеньевский,36,544.2087355719673,233.667724609375,-14.038264380560982,0.07816907186127288,0.5555555555555556,0.0,19591.51448059082
Костромская область,Исходная модель,6,1326,Поназыревский,36,522.4900394015842,183.41357421875,-351.4982604980469,0.07617398217493634,0.5833333333333334,0.0,18809.64141845703
Костромская область,Исходная модель,6,1327,Пыщугский,36,448.89245859781903,234.782470703125,-204.0522520277235,0.06452102110699579,0.5833333333333334,0.0,16160.128509521484
Костромская область,Исходная модель,6,1328,Солигаличский,36,511.4520780775282,294.76605224609375,301.5786090426975,0.0748856104427955,0.4166666666666667,0.0,18412.274810791016
Костромская область,Исходная модель,6,1329,Судиславский,36,369.6256332397461,160.1982421875,13.289019266764322,0.053110098730895165,0.5555555555555556,0.0,13306.52279663086
Костромская область,Исходная модель,6,1330,Сусанинский,36,525.2817844814724,282.55059814453125,200.40431933932834,0.07897951493888848,0.3611111111111111,0.0,18910.144241333008
Костромская область,Исходная модель,6,1331,Чухломский,36,439.503180609809,227.82098388671875,-180.34257168240018,0.060279773931350915,0.5,0.0,15822.114501953125
Костромская область,Исходная модель,6,2618,Мантуровский,36,392.0797475179036,160.69732666015625,116.7545149061415,0.05095326952466475,0.3888888888888889,0.0,14114.870910644531
Костромская область,Исходная модель,12,1303,Кострома,36,600.925296359592,217.5557861328125,-490.50740220811633,0.05882565381912673,0.6666666666666666,0.0,21633.310668945312
Костромская область,Исходная модель,12,1304,Буй,36,469.30790371365015,148.244384765625,-109.72467888726129,0.06192713393234932,0.4444444444444444,0.0,16895.084533691406
Костромская область,Исходная модель,12,1305,Волгореченск,36,1280.8025546603733,376.54278564453125,1020.6024475097656,0.18529682752543195,0.19444444444444445,0.0,46108.89196777344
Костромская область,Исходная модель,12,1306,Галич,36,336.9334877861871,128.5162353515625,17.766819424099392,0.04134082773062059,0.4166666666666667,0.0,12129.605560302734
Костромская область,Исходная модель,12,1308,Шарья,36,394.2573496500651,103.84750366210938,-237.99304707845053,0.048811342630468414,0.6111111111111112,0.0,14193.264587402344
Костромская область,Исходная модель,12,1309,Антроповский,36,963.2670572068956,266.7041015625,199.40656026204428,0.1384949580830158,0.2222222222222222,0.0,34677.61405944824
Костромская область,Исходная модель,12,1310,Буйский,36,534.7133865356445,167.91485595703125,-148.34620073106555,0.0702253520091466,0.4722222222222222,0.0,19249.681915283203
Костромская область,Исходная модель,12,1311,Вохомский,36,551.7054379781088,194.1932373046875,-324.92007658216687,0.08288636171641967,0.4722222222222222,0.0,19861.395767211914
Костромская область,Исходная модель,12,1312,Галичский,36,509.14757453070746,222.80654907226562,-380.0503116183811,0.0695190100967745,0.6111111111111112,0.0,18329.31268310547
Костромская область,Исходная модель,12,1313,Кадыйский,36,611.6273481580946,201.01284790039062,-482.63743591308594,0.08828870310590677,0.7222222222222222,0.0,22018.584533691406
Костромская область,Исходная модель,12,1314,Кологривский,36,505.124719619751,270.9188232421875,-306.8944212595622,0.07126170220241883,0.5277777777777778,0.0,18184.489906311035
Костромская область,Исходная модель,12,1315,Костромской,36,719.9863789876302,234.7464599609375,-494.9668884277344,0.07504787474282787,0.6111111111111112,0.0,25919.509643554688
Костромская область,Исходная модель,12,1316,Красносельский,36,503.8850335015191,135.18978881835938,-415.2926669650608,0.06469026252912577,0.7222222222222222,0.0,18139.861206054688
Костромская область,Исходная модель,12,1317,Макарьевский,36,376.69499503241644,111.57330322265625,-193.45617124769421,0.058638190746443455,0.6111111111111112,0.0,13561.019821166992
Костромская область,Исходная модель,12,1319,Межевской,36,712.4168650309244,232.0509033203125,-368.041997273763,0.10341243247615302,0.5277777777777778,0.0,25647.00714111328
Костромская область,Исходная модель,12,1320,Нейский,36,571.4089274936252,189.7760009765625,-470.4750794304742,0.07617713577263388,0.6666666666666666,0.0,20570.721389770508
Костромская область,Исходная модель,12,1321,Нерехта и Нерехтский,36,760.7889438205295,354.240234375,-627.5414360894097,0.09990480212128276,0.7222222222222222,0.0,27388.401977539062
Костромская область,Исходная модель,12,1322,Октябрьский,36,823.6014887491862,521.3165893554688,-702.9563573201498,0.1170562808237491,0.6944444444444444,0.0,29649.653594970703
Костромская область,Исходная модель,12,1323,Островский,36,507.4532767401801,215.28839111328125,-184.86883460150824,0.07668449824178823,0.5,0.0,18268.317962646484
Костромская область,Исходная модель,12,1324,Павинский,36,637.526831732856,200.53927612304688,-495.1111704508464,0.09049779952676104,0.5833333333333334,0.0,22950.965942382812
Костромская область,Исходная модель,12,1325,Парфеньевский,36,590.9488508436415,307.287109375,-276.50547790527344,0.0848827300417791,0.5833333333333334,0.0,21274.158630371094
Костромская область,Исходная модель,12,1326,Поназыревский,36,735.56140560574,398.99560546875,-535.195189581977,0.10723772162882858,0.6111111111111112,0.0,26480.21060180664
Костромская область,Исходная модель,12,1327,Пыщугский,36,551.576661851671,274.1878662109375,-257.47552659776477,0.0792802123533622,0.5833333333333334,0.0,19856.759826660156
Костромская область,Исходная модель,12,1328,Солигаличский,36,526.3646562364366,260.499755859375,231.5387725830078,0.07706907506552889,0.3055555555555556,0.0,18949.12762451172
Костромская область,Исходная модель,12,1329,Судиславский,36,490.2572970920139,227.38357543945312,-291.0129208034939,0.0704432028262774,0.6944444444444444,0.0,17649.2626953125
Костромская область,Исходная модель,12,1330,Сусанинский,36,524.322395324707,283.41796875,-12.80757310655382,0.07883526457179502,0.5277777777777778,0.0,18875.606231689453
Костромская область,Исходная модель,12,1331,Чухломский,36,477.5005917019314,162.8740234375,-415.25679355197485,0.06549128422675246,0.6666666666666666,0.0,17190.02130126953
Костромская область,Исходная модель,12,2618,Мантуровский,36,404.435553656684,275.80096435546875,-19.861312866210938,0.05255898551578474,0.4722222222222222,0.0,14559.679931640625
Костромская область,Поправка без новостей,1,1303,Кострома,36,318.91034613715277,180.5255126953125,-63.626749674479164,0.031218705111685018,0.4444444444444444,0.0,11480.7724609375
Костромская область,Поправка без новостей,1,1304,Буй,36,457.50218794080945,146.27850341796875,279.9786554972331,0.0603693205308558,0.25,0.0,16470.07876586914
Костромская область,Поправка без новостей,1,1305,Волгореченск,36,947.1639251708984,197.57159423828125,537.2249637179905,0.1370285137565498,0.3333333333333333,0.0,34097.901306152344
Костромская область,Поправка без новостей,1,1306,Галич,36,429.78670501708984,120.27215576171875,264.4707090589735,0.052733666367700736,0.3333333333333333,0.0,15472.321380615234
Костромская область,Поправка без новостей,1,1308,Шарья,36,322.9789462619358,116.91497802734375,108.8351813422309,0.039986663590194885,0.3611111111111111,0.0,11627.242065429688
Костромская область,Поправка без новостей,1,1309,Антроповский,36,581.1293070051405,100.98934936523438,27.83623610602485,0.08355261234393307,0.4166666666666667,0.0,20920.65505218506
Костромская область,Поправка без новостей,1,1310,Буйский,36,403.92176225450305,199.7530517578125,282.99874793158637,0.053048135043438686,0.3055555555555556,0.0,14541.18344116211
Костромская область,Поправка без новостей,1,1311,Вохомский,36,398.04326799180774,142.40435791015625,22.126758151584202,0.05980067626388678,0.4166666666666667,0.0,14329.557647705078
Костромская область,Поправка без новостей,1,1312,Галичский,36,261.18989902072485,175.59747314453125,-28.68631150987413,0.035662868950978706,0.5,0.0,9402.836364746094
Костромская область,Поправка без новостей,1,1313,Кадыйский,36,346.62806532118054,126.626220703125,21.26195780436198,0.050035928640990324,0.4722222222222222,0.0,12478.6103515625
Костромская область,Поправка без новостей,1,1314,Кологривский,36,366.2756699456109,231.99658203125,10.732919057210287,0.05167323376156342,0.4444444444444444,0.0,13185.924118041992
Костромская область,Поправка без новостей,1,1315,Костромской,36,383.91955905490454,226.16094970703125,-61.603607177734375,0.040017905643974956,0.5,0.0,13821.104125976562
Костромская область,Поправка без новостей,1,1316,Красносельский,36,369.8749542236328,121.8919677734375,140.8584238688151,0.04748564910809769,0.4444444444444444,0.0,13315.498352050781
Костромская область,Поправка без новостей,1,1317,Макарьевский,36,326.8334138658312,138.15374755859375,65.39643944634332,0.05087649243369074,0.4722222222222222,0.0,11766.002899169922
Костромская область,Поправка без новостей,1,1319,Межевской,36,453.34406195746527,231.48406982421875,1.4123899671766493,0.06580615156212828,0.4444444444444444,0.0,16320.38623046875
Костромская область,Поправка без новостей,1,1320,Нейский,36,378.2310040791829,177.57354736328125,-7.099927690294054,0.050423703874456875,0.4444444444444444,0.0,13616.316146850586
Костромская область,Поправка без новостей,1,1321,Нерехта и Нерехтский,36,323.24610222710504,216.56784057617188,15.326349894205729,0.04244782753716384,0.3611111111111111,0.0,11636.859680175781
Костромская область,Поправка без новостей,1,1322,Октябрьский,36,406.72062555948895,157.390869140625,-64.8328251308865,0.05780611668709721,0.5277777777777778,0.0,14641.942520141602
Костромская область,Поправка без новостей,1,1323,Островский,36,392.06448618570965,125.61865234375,162.85174306233725,0.05924736282069432,0.3333333333333333,0.0,14114.321502685547
Костромская область,Поправка без новостей,1,1324,Павинский,36,417.7781211005317,158.80401611328125,-152.66200002034506,0.05930417163346243,0.5833333333333334,0.0,15040.01235961914
Костромская область,Поправка без новостей,1,1325,Парфеньевский,36,527.6065839131674,148.67886352539062,130.25911161634656,0.07578437146739825,0.3888888888888889,0.0,18993.837020874023
Костромская область,Поправка без новостей,1,1326,Поназыревский,36,458.61571248372394,167.83349609375,-126.95265028211806,0.06686172457544269,0.5277777777777778,0.0,16510.165649414062
Костромская область,Поправка без новостей,1,1327,Пыщугский,36,344.2085181342231,173.67872619628906,-10.878960503472221,0.04947440002248648,0.4722222222222222,0.0,12391.506652832031
Костромская область,Поправка без новостей,1,1328,Солигаличский,36,421.0719926622179,174.58935546875,213.6692623562283,0.061652370891520154,0.4444444444444444,0.0,15158.591735839844
Костромская область,Поправка без новостей,1,1329,Судиславский,36,345.101075914171,173.435791015625,85.34114922417535,0.04958625854298275,0.3888888888888889,0.0,12423.638732910156
Костромская область,Поправка без новостей,1,1330,Сусанинский,36,482.67920303344727,171.171875,176.76891962687174,0.07257394117388351,0.4722222222222222,0.0,17376.4513092041
Костромская область,Поправка без новостей,1,1331,Чухломский,36,406.8681644863552,149.35671997070312,-15.964807722303602,0.055803739442958224,0.4444444444444444,0.0,14647.253921508789
Костромская область,Поправка без новостей,1,2618,Мантуровский,36,406.096307542589,137.013427734375,155.22235361735025,0.05277481109947874,0.4444444444444444,0.0,14619.467071533203
Костромская область,Поправка без новостей,3,1303,Кострома,36,349.29412644545556,167.79853866040582,-100.00556223573535,0.03419302779864855,0.5277777777777778,25.797694165438436,12574.5885520364
Костромская область,Поправка без новостей,3,1304,Буй,36,491.5492413001746,170.45102021978508,283.16155205502173,0.06486197112698494,0.3055555555555556,12.192330761999983,17695.772686806285
Костромская область,Поправка без новостей,3,1305,Волгореченск,36,1277.5794958922054,259.16871735227335,886.1974889741742,0.18483053975726935,0.3333333333333333,-20.491803631463217,45992.86185211939
Костромская область,Поправка без новостей,3,1306,Галич,36,516.9524265156401,148.8753162288093,336.3888195387482,0.06342866465998549,0.3055555555555556,-19.964831063437465,18610.287354563043
Костромская область,Поправка без новостей,3,1308,Шарья,36,390.3505578679388,188.6792756861859,109.29660901604876,0.04832765918757883,0.4444444444444444,-13.769262430655793,14052.620083245796
Костромская область,Поправка без новостей,3,1309,Антроповский,36,771.8108846351143,197.52627586605217,47.90133068931016,0.11096810102226581,0.4166666666666667,4.089751402076365,27785.191846864116
Костромская область,Поправка без новостей,3,1310,Буйский,36,433.71336078651785,230.74284030770278,293.89247677108165,0.05696074607302333,0.3333333333333333,13.822167608393116,15613.680988314643
Костромская область,Поправка без новостей,3,1311,Вохомский,36,429.5155522853231,183.59311381592943,7.467603951586972,0.06452896596419207,0.5,26.13544360497633,15462.559882271633
Костромская область,Поправка без новостей,3,1312,Галичский,36,323.10436960310784,163.51240215433234,33.276769360336914,0.04411667079717318,0.4722222222222222,-17.62364484453578,11631.757305711883
Костромская область,Поправка без новостей,3,1313,Кадыйский,36,401.77574341705423,297.82678137409937,-54.71220716048526,0.05799652260895034,0.5833333333333334,26.91383347367925,14463.926763013953
Костромская область,Поправка без новостей,3,1314,Кологривский,36,410.4969555719797,224.15118645229535,-7.548906587059715,0.057911859520537616,0.5,18.432533987617735,14777.890400591268
Костромская область,Поправка без новостей,3,1315,Костромской,36,432.3703502518778,230.5951535259801,-51.31419535685883,0.045068180225633164,0.5555555555555556,22.18446270927671,15565.332609067602
Костромская область,Поправка без новостей,3,1316,Красносельский,36,418.335112800897,176.2341580399389,188.47427391110762,0.05370710871125702,0.5,14.100662955938898,15060.064060832292
Костромская область,Поправка без новостей,3,1317,Макарьевский,36,349.92539170942774,122.8163524906991,48.95203821488524,0.05447110297899129,0.4722222222222222,11.885959642840035,12597.3141015394
Костромская область,Поправка без новостей,3,1319,Межевской,36,502.7043735735828,225.74870857206986,-24.480060579983167,0.07297115584902435,0.5,21.74916510914287,18097.35744864898
Костромская область,Поправка без новостей,3,1320,Нейский,36,403.3736733688617,154.13766164184005,-32.84207230554627,0.05377558803308801,0.5,13.176249998108814,14521.452241279021
Костромская область,Поправка без новостей,3,1321,Нерехта и Нерехтский,36,398.59344676833246,258.37128785243254,-19.683449786279457,0.05234224254923478,0.4722222222222222,27.1049734383733,14349.364083659968
Костромская область,Поправка без новостей,3,1322,Октябрьский,36,423.5286192905952,201.16916922993948,-97.47427460586279,0.06019499196373158,0.5277777777777778,16.807159263685346,15247.030294461427
Костромская область,Поправка без новостей,3,1323,Островский,36,460.68084470351926,181.16679927720395,202.26024746445336,0.06961641799345453,0.3611111111111111,-0.4895643385289006,16584.510409326693
Костромская область,Поправка без новостей,3,1324,Павинский,36,462.14917901781945,267.056806329428,-133.46204872512604,0.06560270356077687,0.6111111111111112,19.667878697702655,16637.3704446415
Костромская область,Поправка без новостей,3,1325,Парфеньевский,36,546.480018289238,139.19182005021042,181.76822385020975,0.0784953144412583,0.5,12.337451201660937,19673.28065841257
Костромская область,Поправка без новостей,3,1326,Поназыревский,36,496.02478070260196,170.9289430627129,-146.16698170270533,0.07231560403877078,0.5555555555555556,14.688235383552552,17856.89210529367
Костромская область,Поправка без новостей,3,1327,Пыщугский,36,365.9204657027201,206.1378109367877,-43.31932651048063,0.052595140860318385,0.6111111111111112,25.292098553736018,13173.136765297924
Костромская область,Поправка без новостей,3,1328,Солигаличский,36,506.88843709867183,192.88504712653094,235.50999804061126,0.07421741286340935,0.5,-0.47815369209624237,18247.983735552185
Костромская область,Поправка без новостей,3,1329,Судиславский,36,313.21271943598344,108.96789947216655,47.789407735601884,0.04500434211560114,0.4166666666666667,9.15565909727397,11275.657899695403
Костромская область,Поправка без новостей,3,1330,Сусанинский,36,531.0859960409825,176.85499009994396,217.6583784000994,0.07985221570087153,0.3888888888888889,-2.6392971104540988,19119.09585747537
Костромская область,Поправка без новостей,3,1331,Чухломский,36,476.84217995724975,166.54044003790835,-34.91264889695779,0.06540098019057212,0.5,16.50389912735857,17166.31847846099
Костромская область,Поправка без новостей,3,2618,Мантуровский,36,470.3158411663048,135.91534759479396,175.1797467355828,0.06112055001150465,0.5,-7.7993811714589025,16931.370281986972
Костромская область,Поправка без новостей,6,1303,Кострома,36,339.49029958970044,188.99595277092317,-69.31509557958476,0.03323331362416953,0.6111111111111112,-14.120389243563295,12221.650785229216
Костромская область,Поправка без новостей,6,1304,Буй,36,493.8158649725422,173.63773648338048,273.3585184441644,0.06516106156765775,0.3611111111111111,28.483856639328394,17777.37113901152
Костромская область,Поправка без новостей,6,1305,Волгореченск,36,1397.6494655990664,248.70439002484193,1334.2418673179773,0.20220135494404548,0.25,-29.505721024413496,50315.38076156639
Костромская область,Поправка без новостей,6,1306,Галич,36,500.8360937605451,179.23652860274012,404.0719978648147,0.061451234216798024,0.3888888888888889,-50.80086291202078,18030.099375379625
Костромская область,Поправка без новостей,6,1308,Шарья,36,350.2185040881449,155.96563943569095,139.94662679311824,0.0433590785656866,0.5,-33.93429642619831,12607.866147173218
Костромская область,Поправка без новостей,6,1309,Антроповский,36,896.9632093380244,359.65846067498137,252.5811575545568,0.12896203721476932,0.3611111111111111,-21.512884961600165,32290.675536168877
Костромская область,Поправка без новостей,6,1310,Буйский,36,434.09240031433694,209.87298772842064,258.8879619554916,0.05701052635707219,0.3055555555555556,38.416888049649614,15627.32641131613
Костромская область,Поправка без новостей,6,1311,Вохомский,36,445.41115115627974,248.16946413797393,-36.24952801981012,0.06691706705405209,0.5555555555555556,28.969407281491513,16034.80144162607
Костромская область,Поправка без новостей,6,1312,Галичский,36,289.9459857812382,158.41377357181483,109.15154430817844,0.03958922505252836,0.4722222222222222,6.403783811046967,10438.055488124575
Костромская область,Поправка без новостей,6,1313,Кадыйский,36,447.6509014625938,211.15152386105865,-170.3469757255805,0.06461862382927099,0.6111111111111112,51.270008207070255,16115.432452653378
Костромская область,Поправка без новостей,6,1314,Кологривский,36,387.9700050845095,205.60161057706273,-125.8387959613486,0.054733815020210685,0.5833333333333334,89.00495248757977,13966.920183042343
Костромская область,Поправка без новостей,6,1315,Костромской,36,451.278121152597,251.7857076530995,-49.990563576225526,0.047039034207924456,0.5833333333333334,16.826503277741526,16246.012361493493
Костромская область,Поправка без новостей,6,1316,Красносельский,36,407.10098247427374,192.01341695411958,188.29756973276366,0.05226483757439564,0.4166666666666667,-1.2143162823249756,14655.635369073854
Костромская область,Поправка без новостей,6,1317,Макарьевский,36,346.5120927806251,202.94118864631656,61.05298008541527,0.0539397721243179,0.4722222222222222,13.263974741211904,12474.435340102504
Костромская область,Поправка без новостей,6,1319,Межевской,36,581.1280546383513,385.84441938098666,-138.36985119476893,0.08435491726838616,0.6111111111111112,23.672970752273606,20920.609966980646
Костромская область,Поправка без новостей,6,1320,Нейский,36,401.09835009199537,145.33623997455294,-37.887421105045725,0.05347225428758853,0.5277777777777778,-9.593982263626236,14439.540603311832
Костромская область,Поправка без новостей,6,1321,Нерехта и Нерехтский,36,373.05969378312665,217.87587484350814,-123.61284760420222,0.048989217298118,0.4722222222222222,60.05594749291507,13430.148976192559
Костромская область,Поправка без новостей,6,1322,Октябрьский,36,416.4612621578525,217.85401377193944,-250.16527106525731,0.059190527362206334,0.5277777777777778,78.36194866435883,14992.60543768269
Костромская область,Поправка без новостей,6,1323,Островский,36,547.589301929273,253.105163751718,266.2151902719439,0.08274970876287671,0.4444444444444444,-12.979069893954033,19713.21486945383
Костромская область,Поправка без новостей,6,1324,Павинский,36,467.43579553835866,179.23974294781942,-239.2968064857028,0.06635314595509964,0.6388888888888888,42.06038467811269,16827.68863938091
Костромская область,Поправка без новостей,6,1325,Парфеньевский,36,579.8947529994551,215.19256905935708,130.44018846368965,0.08329494118014756,0.4722222222222222,-35.686017427487826,20876.211107980384
Костромская область,Поправка без новостей,6,1326,Поназыревский,36,491.3531545759653,142.71931781130144,-245.0857305148087,0.07163452624118069,0.5555555555555556,31.13688482561891,17688.71356473475
Костромская область,Поправка без новостей,6,1327,Пыщугский,36,390.2480126494942,241.7934739631513,-91.13265794472593,0.05609183174912778,0.5555555555555556,58.6444459483248,14048.928455381792
Костромская область,Поправка без новостей,6,1328,Солигаличский,36,514.3819003334885,184.7849967888166,377.4751110002628,0.07531458812717831,0.4166666666666667,-2.9298222559601603,18517.748412005585
Костромская область,Поправка без новостей,6,1329,Судиславский,36,371.3105820007904,176.73064344419913,122.73047691902487,0.05335220259764057,0.5,-1.684948761044271,13367.180952028455
Костромская область,Поправка без новостей,6,1330,Сусанинский,36,540.3688976740178,207.91148919717273,295.37339337093016,0.0812479600229905,0.3333333333333333,-15.087113192545258,19453.28031626464
Костромская область,Поправка без новостей,6,1331,Чухломский,36,411.8695259272734,202.2192069966968,-57.418658086180386,0.05648969793042405,0.4722222222222222,27.633654682535557,14827.302933381843
Костромская область,Поправка без новостей,6,2618,Мантуровский,36,423.08862845099907,187.064023476108,231.44504255716407,0.054983071823418016,0.3611111111111111,-31.008880933095377,15231.190624235966
Костромская область,Поправка без новостей,12,1303,Кострома,36,600.925296359592,217.5557861328125,-490.50740220811633,0.05882565381912673,0.6666666666666666,0.0,21633.310668945312
Костромская область,Поправка без новостей,12,1304,Буй,36,469.30790371365015,148.244384765625,-109.72467888726129,0.06192713393234932,0.4444444444444444,0.0,16895.084533691406
Костромская область,Поправка без новостей,12,1305,Волгореченск,36,1280.8025546603733,376.54278564453125,1020.6024475097656,0.18529682752543195,0.19444444444444445,0.0,46108.89196777344
Костромская область,Поправка без новостей,12,1306,Галич,36,336.9334877861871,128.5162353515625,17.766819424099392,0.04134082773062059,0.4166666666666667,0.0,12129.605560302734
Костромская область,Поправка без новостей,12,1308,Шарья,36,394.2573496500651,103.84750366210938,-237.99304707845053,0.048811342630468414,0.6111111111111112,0.0,14193.264587402344
Костромская область,Поправка без новостей,12,1309,Антроповский,36,963.2670572068956,266.7041015625,199.40656026204428,0.1384949580830158,0.2222222222222222,0.0,34677.61405944824
Костромская область,Поправка без новостей,12,1310,Буйский,36,534.7133865356445,167.91485595703125,-148.34620073106555,0.0702253520091466,0.4722222222222222,0.0,19249.681915283203
Костромская область,Поправка без новостей,12,1311,Вохомский,36,551.7054379781088,194.1932373046875,-324.92007658216687,0.08288636171641967,0.4722222222222222,0.0,19861.395767211914
Костромская область,Поправка без новостей,12,1312,Галичский,36,509.14757453070746,222.80654907226562,-380.0503116183811,0.0695190100967745,0.6111111111111112,0.0,18329.31268310547
Костромская область,Поправка без новостей,12,1313,Кадыйский,36,611.6273481580946,201.01284790039062,-482.63743591308594,0.08828870310590677,0.7222222222222222,0.0,22018.584533691406
Костромская область,Поправка без новостей,12,1314,Кологривский,36,505.124719619751,270.9188232421875,-306.8944212595622,0.07126170220241883,0.5277777777777778,0.0,18184.489906311035
Костромская область,Поправка без новостей,12,1315,Костромской,36,719.9863789876302,234.7464599609375,-494.9668884277344,0.07504787474282787,0.6111111111111112,0.0,25919.509643554688
Костромская область,Поправка без новостей,12,1316,Красносельский,36,503.8850335015191,135.18978881835938,-415.2926669650608,0.06469026252912577,0.7222222222222222,0.0,18139.861206054688
Костромская область,Поправка без новостей,12,1317,Макарьевский,36,376.69499503241644,111.57330322265625,-193.45617124769421,0.058638190746443455,0.6111111111111112,0.0,13561.019821166992
Костромская область,Поправка без новостей,12,1319,Межевской,36,712.4168650309244,232.0509033203125,-368.041997273763,0.10341243247615302,0.5277777777777778,0.0,25647.00714111328
Костромская область,Поправка без новостей,12,1320,Нейский,36,571.4089274936252,189.7760009765625,-470.4750794304742,0.07617713577263388,0.6666666666666666,0.0,20570.721389770508
Костромская область,Поправка без новостей,12,1321,Нерехта и Нерехтский,36,760.7889438205295,354.240234375,-627.5414360894097,0.09990480212128276,0.7222222222222222,0.0,27388.401977539062
Костромская область,Поправка без новостей,12,1322,Октябрьский,36,823.6014887491862,521.3165893554688,-702.9563573201498,0.1170562808237491,0.6944444444444444,0.0,29649.653594970703
Костромская область,Поправка без новостей,12,1323,Островский,36,507.4532767401801,215.28839111328125,-184.86883460150824,0.07668449824178823,0.5,0.0,18268.317962646484
Костромская область,Поправка без новостей,12,1324,Павинский,36,637.526831732856,200.53927612304688,-495.1111704508464,0.09049779952676104,0.5833333333333334,0.0,22950.965942382812
Костромская область,Поправка без новостей,12,1325,Парфеньевский,36,590.9488508436415,307.287109375,-276.50547790527344,0.0848827300417791,0.5833333333333334,0.0,21274.158630371094
Костромская область,Поправка без новостей,12,1326,Поназыревский,36,735.56140560574,398.99560546875,-535.195189581977,0.10723772162882858,0.6111111111111112,0.0,26480.21060180664
Костромская область,Поправка без новостей,12,1327,Пыщугский,36,551.576661851671,274.1878662109375,-257.47552659776477,0.0792802123533622,0.5833333333333334,0.0,19856.759826660156
Костромская область,Поправка без новостей,12,1328,Солигаличский,36,526.3646562364366,260.499755859375,231.5387725830078,0.07706907506552889,0.3055555555555556,0.0,18949.12762451172
Костромская область,Поправка без новостей,12,1329,Судиславский,36,490.2572970920139,227.38357543945312,-291.0129208034939,0.0704432028262774,0.6944444444444444,0.0,17649.2626953125
Костромская область,Поправка без новостей,12,1330,Сусанинский,36,524.322395324707,283.41796875,-12.80757310655382,0.07883526457179502,0.5277777777777778,0.0,18875.606231689453
Костромская область,Поправка без новостей,12,1331,Чухломский,36,477.5005917019314,162.8740234375,-415.25679355197485,0.06549128422675246,0.6666666666666666,0.0,17190.02130126953
Костромская область,Поправка без новостей,12,2618,Мантуровский,36,404.435553656684,275.80096435546875,-19.861312866210938,0.05255898551578474,0.4722222222222222,0.0,14559.679931640625
Костромская область,Прежние доли новостей,1,1303,Кострома,36,318.91034613715277,180.5255126953125,-63.626749674479164,0.031218705111685018,0.4444444444444444,0.0,11480.7724609375
Костромская область,Прежние доли новостей,1,1304,Буй,36,457.50218794080945,146.27850341796875,279.9786554972331,0.0603693205308558,0.25,0.0,16470.07876586914
Костромская область,Прежние доли новостей,1,1305,Волгореченск,36,947.1639251708984,197.57159423828125,537.2249637179905,0.1370285137565498,0.3333333333333333,0.0,34097.901306152344
Костромская область,Прежние доли новостей,1,1306,Галич,36,429.78670501708984,120.27215576171875,264.4707090589735,0.052733666367700736,0.3333333333333333,0.0,15472.321380615234
Костромская область,Прежние доли новостей,1,1308,Шарья,36,322.9789462619358,116.91497802734375,108.8351813422309,0.039986663590194885,0.3611111111111111,0.0,11627.242065429688
Костромская область,Прежние доли новостей,1,1309,Антроповский,36,581.1293070051405,100.98934936523438,27.83623610602485,0.08355261234393307,0.4166666666666667,0.0,20920.65505218506
Костромская область,Прежние доли новостей,1,1310,Буйский,36,403.92176225450305,199.7530517578125,282.99874793158637,0.053048135043438686,0.3055555555555556,0.0,14541.18344116211
Костромская область,Прежние доли новостей,1,1311,Вохомский,36,398.04326799180774,142.40435791015625,22.126758151584202,0.05980067626388678,0.4166666666666667,0.0,14329.557647705078
Костромская область,Прежние доли новостей,1,1312,Галичский,36,261.18989902072485,175.59747314453125,-28.68631150987413,0.035662868950978706,0.5,0.0,9402.836364746094
Костромская область,Прежние доли новостей,1,1313,Кадыйский,36,346.62806532118054,126.626220703125,21.26195780436198,0.050035928640990324,0.4722222222222222,0.0,12478.6103515625
Костромская область,Прежние доли новостей,1,1314,Кологривский,36,366.2756699456109,231.99658203125,10.732919057210287,0.05167323376156342,0.4444444444444444,0.0,13185.924118041992
Костромская область,Прежние доли новостей,1,1315,Костромской,36,383.91955905490454,226.16094970703125,-61.603607177734375,0.040017905643974956,0.5,0.0,13821.104125976562
Костромская область,Прежние доли новостей,1,1316,Красносельский,36,369.8749542236328,121.8919677734375,140.8584238688151,0.04748564910809769,0.4444444444444444,0.0,13315.498352050781
Костромская область,Прежние доли новостей,1,1317,Макарьевский,36,326.8334138658312,138.15374755859375,65.39643944634332,0.05087649243369074,0.4722222222222222,0.0,11766.002899169922
Костромская область,Прежние доли новостей,1,1319,Межевской,36,453.34406195746527,231.48406982421875,1.4123899671766493,0.06580615156212828,0.4444444444444444,0.0,16320.38623046875
Костромская область,Прежние доли новостей,1,1320,Нейский,36,378.2310040791829,177.57354736328125,-7.099927690294054,0.050423703874456875,0.4444444444444444,0.0,13616.316146850586
Костромская область,Прежние доли новостей,1,1321,Нерехта и Нерехтский,36,323.24610222710504,216.56784057617188,15.326349894205729,0.04244782753716384,0.3611111111111111,0.0,11636.859680175781
Костромская область,Прежние доли новостей,1,1322,Октябрьский,36,406.72062555948895,157.390869140625,-64.8328251308865,0.05780611668709721,0.5277777777777778,0.0,14641.942520141602
Костромская область,Прежние доли новостей,1,1323,Островский,36,392.06448618570965,125.61865234375,162.85174306233725,0.05924736282069432,0.3333333333333333,0.0,14114.321502685547
Костромская область,Прежние доли новостей,1,1324,Павинский,36,417.7781211005317,158.80401611328125,-152.66200002034506,0.05930417163346243,0.5833333333333334,0.0,15040.01235961914
Костромская область,Прежние доли новостей,1,1325,Парфеньевский,36,527.6065839131674,148.67886352539062,130.25911161634656,0.07578437146739825,0.3888888888888889,0.0,18993.837020874023
Костромская область,Прежние доли новостей,1,1326,Поназыревский,36,458.61571248372394,167.83349609375,-126.95265028211806,0.06686172457544269,0.5277777777777778,0.0,16510.165649414062
Костромская область,Прежние доли новостей,1,1327,Пыщугский,36,344.2085181342231,173.67872619628906,-10.878960503472221,0.04947440002248648,0.4722222222222222,0.0,12391.506652832031
Костромская область,Прежние доли новостей,1,1328,Солигаличский,36,421.0719926622179,174.58935546875,213.6692623562283,0.061652370891520154,0.4444444444444444,0.0,15158.591735839844
Костромская область,Прежние доли новостей,1,1329,Судиславский,36,345.101075914171,173.435791015625,85.34114922417535,0.04958625854298275,0.3888888888888889,0.0,12423.638732910156
Костромская область,Прежние доли новостей,1,1330,Сусанинский,36,482.67920303344727,171.171875,176.76891962687174,0.07257394117388351,0.4722222222222222,0.0,17376.4513092041
Костромская область,Прежние доли новостей,1,1331,Чухломский,36,406.8681644863552,149.35671997070312,-15.964807722303602,0.055803739442958224,0.4444444444444444,0.0,14647.253921508789
Костромская область,Прежние доли новостей,1,2618,Мантуровский,36,406.096307542589,137.013427734375,155.22235361735025,0.05277481109947874,0.4444444444444444,0.0,14619.467071533203
Костромская область,Прежние доли новостей,3,1303,Кострома,36,369.9749451504168,180.10850770711943,-63.77635541021468,0.036217510191392056,0.5,5.116875460477356,13319.098025415004
Костромская область,Прежние доли новостей,3,1304,Буй,36,504.77812582753955,146.88144264952223,291.88401156892013,0.06660757757729004,0.3055555555555556,-1.0365537653650831,18172.012529791424
Костромская область,Прежние доли новостей,3,1305,Волгореченск,36,1281.6613802336078,261.8306000153284,892.3692830935149,0.18542107591449006,0.3333333333333333,-24.57368797286567,46139.80968840988
Костромская область,Прежние доли новостей,3,1306,Галич,36,529.8686301257296,148.10966717069914,345.1798024839641,0.0650134479116793,0.3055555555555556,-32.881034673527,19075.270684526266
Костромская область,Прежние доли новостей,3,1308,Шарья,36,403.0644595786996,192.46592520891724,118.07758713455269,0.049901713832659914,0.4444444444444444,-26.483164141416598,14510.320544833185
Костромская область,Прежние доли новостей,3,1309,Антроповский,36,782.1888537082624,334.83708266976305,55.663874663978206,0.11246020685212788,0.4166666666666667,-6.288217671071642,28158.798733497446
Костромская область,Прежние доли новостей,3,1310,Буйский,36,454.50701263456847,235.4473709916773,302.5855157061122,0.059691632483116326,0.3333333333333333,-6.97148423965739,16362.252454844465
Костромская область,Прежние доли новостей,3,1311,Вохомский,36,451.6740002631152,221.2092583461424,14.765653962973907,0.06785797635222203,0.5,3.976995627184212,16260.264009472148
Костромская область,Прежние доли новостей,3,1312,Галичский,36,331.97977059651794,166.0190873717828,41.57780743288052,0.045328518053526126,0.5,-26.499045837945946,11951.271741474646
Костромская область,Прежние доли новостей,3,1313,Кадыйский,36,394.97365177153534,300.95928476998995,-47.341609786251205,0.057014637394695415,0.5833333333333334,33.715925119198175,14219.051463775273
Костромская область,Прежние доли новостей,3,1314,Кологривский,36,433.1124113837549,216.24994201787814,0.14712399569053738,0.06110239012542245,0.5555555555555556,-4.182921824157457,15592.046809815176
Костромская область,Прежние доли новостей,3,1315,Костромской,36,457.8442343569355,228.93357773812932,-41.55709296150211,0.047723453879862286,0.5555555555555556,-3.289421395781056,16482.392436849677
Костромская область,Прежние доли новостей,3,1316,Красносельский,36,438.16834149961784,185.8634630870078,197.0180008296848,0.056253357728428065,0.5,-5.732565742781923,15774.060293986242
Костромская область,Прежние доли новостей,3,1317,Макарьевский,36,364.73445858033944,141.0455072330143,56.082640380405174,0.056776354971730475,0.5,-2.923107228071632,13130.44050889222
Костромская область,Прежние доли новостей,3,1319,Межевской,36,524.0134361826472,262.9570736540676,-17.303713589115933,0.0760643195658804,0.4722222222222222,0.44010250007852236,18864.4837025753
Костромская область,Прежние доли новостей,3,1320,Нейский,36,421.2779282499125,144.9358009784096,-24.85177997718789,0.05616248608342844,0.5,-4.728004882942023,15166.00541699685
Костромская область,Прежние доли новостей,3,1321,Нерехта и Нерехтский,36,424.1637903192652,257.9214571582371,-11.024466568900854,0.055700072777156426,0.4722222222222222,1.5346298874404896,15269.896451493549
Костромская область,Прежние доли новостей,3,1322,Октябрьский,36,446.0772959261666,206.08904391038993,-89.8776955890603,0.06339977517565358,0.5277777777777778,-5.741517371885965,16058.782653341998
Костромская область,Прежние доли новостей,3,1323,Островский,36,470.89580202973025,165.07655954942095,209.78352472471633,0.07116006528676552,0.3611111111111111,-10.704521664739984,16952.24887307029
Костромская область,Прежние доли новостей,3,1324,Павинский,36,485.57425316454163,290.1509832477517,-125.51167253574911,0.0689279246471858,0.6388888888888888,-3.7571954490195814,17480.673113923498
Костромская область,Прежние доли новостей,3,1325,Парфеньевский,36,563.9072078290022,146.10445533486126,188.9101809863998,0.08099852165281123,0.5,-5.089738338103193,20300.65948184408
Костромская область,Прежние доли новостей,3,1326,Поназыревский,36,510.98511221764716,156.47747338081552,-138.60511188337895,0.07449667533242335,0.5833333333333334,-0.27209613149261397,18395.464039835297
Костромская область,Прежние доли новостей,3,1327,Пыщугский,36,382.6977543810445,222.12769752045787,-35.56023268365965,0.05500660439952249,0.5833333333333334,8.514809875411625,13777.119157717601
Костромская область,Прежние доли новостей,3,1328,Солигаличский,36,518.5686538438388,201.4503950718895,242.67388148693954,0.07592760272978702,0.5,-12.158370437263288,18668.471538378195
Костромская область,Прежние доли новостей,3,1329,Судиславский,36,326.28289772168563,176.44393338210165,56.103749717746844,0.046882346227761294,0.4166666666666667,-3.9145191884282458,11746.184317980682
Костромская область,Прежние доли новостей,3,1330,Сусанинский,36,541.6230128763148,184.9505088382358,224.68730591156543,0.08143652435794584,0.3888888888888889,-13.176313945786298,19498.42846354733
Костромская область,Прежние доли новостей,3,1331,Чухломский,36,500.67335664188795,160.34122954609762,-26.779185826810547,0.06866952978576478,0.5277777777777778,-7.327277557279656,18024.240839107966
Костромская область,Прежние доли новостей,3,2618,Мантуровский,36,482.90289423622653,142.53099731983457,183.43937817148728,0.06275631801955178,0.5,-20.38643424138057,17384.504192504155
Костромская область,Прежние доли новостей,6,1303,Кострома,36,325.36991034613715,158.43603515625,-228.9828864203559,0.03185104342442057,0.6666666666666666,0.0,11713.316772460938
Костромская область,Прежние доли новостей,6,1304,Буй,36,522.2997216118706,200.9627685546875,157.16574944390192,0.06891962516962467,0.3611111111111111,0.0,18802.789978027344
Костромская область,Прежние доли новостей,6,1305,Волгореченск,36,1368.1437445746528,468.3292236328125,1219.766825358073,0.19793269036355982,0.2222222222222222,0.0,49253.1748046875
Костромская область,Прежние доли новостей,6,1306,Галич,36,450.0352308485243,180.5858154296875,267.51416015625,0.055218105726033556,0.4444444444444444,0.0,16201.268310546875
Костромская область,Прежние доли новостей,6,1308,Шарья,36,316.2842076619466,149.526123046875,11.178211636013454,0.0391578161890861,0.5833333333333334,0.0,11386.231475830078
Костромская область,Прежние доли новостей,6,1309,Антроповский,36,875.4503243764242,340.6070556640625,173.44430181715222,0.125868994554678,0.3333333333333333,0.0,31516.21167755127
Костромская область,Прежние доли новостей,6,1310,Буйский,36,472.50928836398657,250.25625610351562,125.21971723768446,0.062055919934857214,0.4166666666666667,0.0,17010.334381103516
Костромская область,Прежние доли новостей,6,1311,Вохомский,36,474.38055843777124,191.66094970703125,-156.52329593234592,0.0712693329650857,0.5277777777777778,0.0,17077.700103759766
Костромская область,Прежние доли новостей,6,1312,Галичский,36,296.34976959228516,200.01370239257812,-37.36095767550998,0.04046359769748905,0.5277777777777778,0.0,10668.591705322266
Костромская область,Прежние доли новостей,6,1313,Кадыйский,36,498.9209096696642,183.9964599609375,-288.32176144917804,0.0720194742759737,0.5833333333333334,0.0,17961.15274810791
Костромская область,Прежние доли новостей,6,1314,Кологривский,36,476.9749575720893,262.2143249511719,-252.5196442074246,0.06729040584293855,0.6111111111111112,0.0,17171.098472595215
Костромская область,Прежние доли новостей,6,1315,Костромской,36,468.10462443033856,235.140625,-236.31632826063367,0.048792946986279145,0.6388888888888888,0.0,16851.766479492188
Костромская область,Прежние доли новостей,6,1316,Красносельский,36,405.8866661919488,191.22528076171875,44.46890428331163,0.052108940030562836,0.5,0.0,14611.919982910156
Костромская область,Прежние доли новостей,6,1317,Макарьевский,36,359.77606752183704,215.1092529296875,-55.39190122816298,0.05600450749693484,0.5277777777777778,0.0,12951.938430786133
Костромская область,Прежние доли новостей,6,1319,Межевской,36,604.801025390625,288.7705078125,-248.43765428331164,0.08779121925616011,0.5833333333333334,0.0,21772.8369140625
Костромская область,Прежние доли новостей,6,1320,Нейский,36,391.50436782836914,135.4923095703125,-158.14872953626843,0.05219323666232637,0.6111111111111112,0.0,14094.157241821289
Костромская область,Прежние доли новостей,6,1321,Нерехта и Нерехтский,36,433.1156412760417,226.08837890625,-269.4151373969184,0.05687560628841489,0.5,0.0,15592.1630859375
Костромская область,Прежние доли новостей,6,1322,Октябрьский,36,494.82321082221137,233.96844482421875,-403.9008017645942,0.0703279019226654,0.6111111111111112,0.0,17813.63558959961
Костромская область,Прежние доли новостей,6,1323,Островский,36,534.610232035319,296.34503173828125,151.33030107286243,0.08078835880597701,0.5,0.0,19245.968353271484
Костромская область,Прежние доли новостей,6,1324,Павинский,36,509.4961802164714,231.048828125,-389.6226687961155,0.07232367467821586,0.7222222222222222,0.0,18341.86248779297
Костромская область,Прежние доли новостей,6,1325,Парфеньевский,36,544.2087355719673,233.667724609375,-14.038264380560982,0.07816907186127288,0.5555555555555556,0.0,19591.51448059082
Костромская область,Прежние доли новостей,6,1326,Поназыревский,36,522.4900394015842,183.41357421875,-351.4982604980469,0.07617398217493634,0.5833333333333334,0.0,18809.64141845703
Костромская область,Прежние доли новостей,6,1327,Пыщугский,36,448.89245859781903,234.782470703125,-204.0522520277235,0.06452102110699579,0.5833333333333334,0.0,16160.128509521484
Костромская область,Прежние доли новостей,6,1328,Солигаличский,36,511.4520780775282,294.76605224609375,301.5786090426975,0.0748856104427955,0.4166666666666667,0.0,18412.274810791016
Костромская область,Прежние доли новостей,6,1329,Судиславский,36,369.6256332397461,160.1982421875,13.289019266764322,0.053110098730895165,0.5555555555555556,0.0,13306.52279663086
Костромская область,Прежние доли новостей,6,1330,Сусанинский,36,525.2817844814724,282.55059814453125,200.40431933932834,0.07897951493888848,0.3611111111111111,0.0,18910.144241333008
Костромская область,Прежние доли новостей,6,1331,Чухломский,36,439.503180609809,227.82098388671875,-180.34257168240018,0.060279773931350915,0.5,0.0,15822.114501953125
Костромская область,Прежние доли новостей,6,2618,Мантуровский,36,392.0797475179036,160.69732666015625,116.7545149061415,0.05095326952466475,0.3888888888888889,0.0,14114.870910644531
Костромская область,Прежние доли новостей,12,1303,Кострома,36,600.925296359592,217.5557861328125,-490.50740220811633,0.05882565381912673,0.6666666666666666,0.0,21633.310668945312
Костромская область,Прежние доли новостей,12,1304,Буй,36,469.30790371365015,148.244384765625,-109.72467888726129,0.06192713393234932,0.4444444444444444,0.0,16895.084533691406
Костромская область,Прежние доли новостей,12,1305,Волгореченск,36,1280.8025546603733,376.54278564453125,1020.6024475097656,0.18529682752543195,0.19444444444444445,0.0,46108.89196777344
Костромская область,Прежние доли новостей,12,1306,Галич,36,336.9334877861871,128.5162353515625,17.766819424099392,0.04134082773062059,0.4166666666666667,0.0,12129.605560302734
Костромская область,Прежние доли новостей,12,1308,Шарья,36,394.2573496500651,103.84750366210938,-237.99304707845053,0.048811342630468414,0.6111111111111112,0.0,14193.264587402344
Костромская область,Прежние доли новостей,12,1309,Антроповский,36,963.2670572068956,266.7041015625,199.40656026204428,0.1384949580830158,0.2222222222222222,0.0,34677.61405944824
Костромская область,Прежние доли новостей,12,1310,Буйский,36,534.7133865356445,167.91485595703125,-148.34620073106555,0.0702253520091466,0.4722222222222222,0.0,19249.681915283203
Костромская область,Прежние доли новостей,12,1311,Вохомский,36,551.7054379781088,194.1932373046875,-324.92007658216687,0.08288636171641967,0.4722222222222222,0.0,19861.395767211914
Костромская область,Прежние доли новостей,12,1312,Галичский,36,509.14757453070746,222.80654907226562,-380.0503116183811,0.0695190100967745,0.6111111111111112,0.0,18329.31268310547
Костромская область,Прежние доли новостей,12,1313,Кадыйский,36,611.6273481580946,201.01284790039062,-482.63743591308594,0.08828870310590677,0.7222222222222222,0.0,22018.584533691406
Костромская область,Прежние доли новостей,12,1314,Кологривский,36,505.124719619751,270.9188232421875,-306.8944212595622,0.07126170220241883,0.5277777777777778,0.0,18184.489906311035
Костромская область,Прежние доли новостей,12,1315,Костромской,36,719.9863789876302,234.7464599609375,-494.9668884277344,0.07504787474282787,0.6111111111111112,0.0,25919.509643554688
Костромская область,Прежние доли новостей,12,1316,Красносельский,36,503.8850335015191,135.18978881835938,-415.2926669650608,0.06469026252912577,0.7222222222222222,0.0,18139.861206054688
Костромская область,Прежние доли новостей,12,1317,Макарьевский,36,376.69499503241644,111.57330322265625,-193.45617124769421,0.058638190746443455,0.6111111111111112,0.0,13561.019821166992
Костромская область,Прежние доли новостей,12,1319,Межевской,36,712.4168650309244,232.0509033203125,-368.041997273763,0.10341243247615302,0.5277777777777778,0.0,25647.00714111328
Костромская область,Прежние доли новостей,12,1320,Нейский,36,571.4089274936252,189.7760009765625,-470.4750794304742,0.07617713577263388,0.6666666666666666,0.0,20570.721389770508
Костромская область,Прежние доли новостей,12,1321,Нерехта и Нерехтский,36,760.7889438205295,354.240234375,-627.5414360894097,0.09990480212128276,0.7222222222222222,0.0,27388.401977539062
Костромская область,Прежние доли новостей,12,1322,Октябрьский,36,823.6014887491862,521.3165893554688,-702.9563573201498,0.1170562808237491,0.6944444444444444,0.0,29649.653594970703
Костромская область,Прежние доли новостей,12,1323,Островский,36,507.4532767401801,215.28839111328125,-184.86883460150824,0.07668449824178823,0.5,0.0,18268.317962646484
Костромская область,Прежние доли новостей,12,1324,Павинский,36,637.526831732856,200.53927612304688,-495.1111704508464,0.09049779952676104,0.5833333333333334,0.0,22950.965942382812
Костромская область,Прежние доли новостей,12,1325,Парфеньевский,36,590.9488508436415,307.287109375,-276.50547790527344,0.0848827300417791,0.5833333333333334,0.0,21274.158630371094
Костромская область,Прежние доли новостей,12,1326,Поназыревский,36,735.56140560574,398.99560546875,-535.195189581977,0.10723772162882858,0.6111111111111112,0.0,26480.21060180664
Костромская область,Прежние доли новостей,12,1327,Пыщугский,36,551.576661851671,274.1878662109375,-257.47552659776477,0.0792802123533622,0.5833333333333334,0.0,19856.759826660156
Костромская область,Прежние доли новостей,12,1328,Солигаличский,36,526.3646562364366,260.499755859375,231.5387725830078,0.07706907506552889,0.3055555555555556,0.0,18949.12762451172
Костромская область,Прежние доли новостей,12,1329,Судиславский,36,490.2572970920139,227.38357543945312,-291.0129208034939,0.0704432028262774,0.6944444444444444,0.0,17649.2626953125
Костромская область,Прежние доли новостей,12,1330,Сусанинский,36,524.322395324707,283.41796875,-12.80757310655382,0.07883526457179502,0.5277777777777778,0.0,18875.606231689453
Костромская область,Прежние доли новостей,12,1331,Чухломский,36,477.5005917019314,162.8740234375,-415.25679355197485,0.06549128422675246,0.6666666666666666,0.0,17190.02130126953
Костромская область,Прежние доли новостей,12,2618,Мантуровский,36,404.435553656684,275.80096435546875,-19.861312866210938,0.05255898551578474,0.4722222222222222,0.0,14559.679931640625
Костромская область,Новости с уменьшением влияния со временем,1,1303,Кострома,36,318.91034613715277,180.5255126953125,-63.626749674479164,0.031218705111685018,0.4444444444444444,0.0,11480.7724609375
Костромская область,Новости с уменьшением влияния со временем,1,1304,Буй,36,457.50218794080945,146.27850341796875,279.9786554972331,0.0603693205308558,0.25,0.0,16470.07876586914
Костромская область,Новости с уменьшением влияния со временем,1,1305,Волгореченск,36,947.1639251708984,197.57159423828125,537.2249637179905,0.1370285137565498,0.3333333333333333,0.0,34097.901306152344
Костромская область,Новости с уменьшением влияния со временем,1,1306,Галич,36,429.78670501708984,120.27215576171875,264.4707090589735,0.052733666367700736,0.3333333333333333,0.0,15472.321380615234
Костромская область,Новости с уменьшением влияния со временем,1,1308,Шарья,36,322.9789462619358,116.91497802734375,108.8351813422309,0.039986663590194885,0.3611111111111111,0.0,11627.242065429688
Костромская область,Новости с уменьшением влияния со временем,1,1309,Антроповский,36,581.1293070051405,100.98934936523438,27.83623610602485,0.08355261234393307,0.4166666666666667,0.0,20920.65505218506
Костромская область,Новости с уменьшением влияния со временем,1,1310,Буйский,36,403.92176225450305,199.7530517578125,282.99874793158637,0.053048135043438686,0.3055555555555556,0.0,14541.18344116211
Костромская область,Новости с уменьшением влияния со временем,1,1311,Вохомский,36,398.04326799180774,142.40435791015625,22.126758151584202,0.05980067626388678,0.4166666666666667,0.0,14329.557647705078
Костромская область,Новости с уменьшением влияния со временем,1,1312,Галичский,36,261.18989902072485,175.59747314453125,-28.68631150987413,0.035662868950978706,0.5,0.0,9402.836364746094
Костромская область,Новости с уменьшением влияния со временем,1,1313,Кадыйский,36,346.62806532118054,126.626220703125,21.26195780436198,0.050035928640990324,0.4722222222222222,0.0,12478.6103515625
Костромская область,Новости с уменьшением влияния со временем,1,1314,Кологривский,36,366.2756699456109,231.99658203125,10.732919057210287,0.05167323376156342,0.4444444444444444,0.0,13185.924118041992
Костромская область,Новости с уменьшением влияния со временем,1,1315,Костромской,36,383.91955905490454,226.16094970703125,-61.603607177734375,0.040017905643974956,0.5,0.0,13821.104125976562
Костромская область,Новости с уменьшением влияния со временем,1,1316,Красносельский,36,369.8749542236328,121.8919677734375,140.8584238688151,0.04748564910809769,0.4444444444444444,0.0,13315.498352050781
Костромская область,Новости с уменьшением влияния со временем,1,1317,Макарьевский,36,326.8334138658312,138.15374755859375,65.39643944634332,0.05087649243369074,0.4722222222222222,0.0,11766.002899169922
Костромская область,Новости с уменьшением влияния со временем,1,1319,Межевской,36,453.34406195746527,231.48406982421875,1.4123899671766493,0.06580615156212828,0.4444444444444444,0.0,16320.38623046875
Костромская область,Новости с уменьшением влияния со временем,1,1320,Нейский,36,378.2310040791829,177.57354736328125,-7.099927690294054,0.050423703874456875,0.4444444444444444,0.0,13616.316146850586
Костромская область,Новости с уменьшением влияния со временем,1,1321,Нерехта и Нерехтский,36,323.24610222710504,216.56784057617188,15.326349894205729,0.04244782753716384,0.3611111111111111,0.0,11636.859680175781
Костромская область,Новости с уменьшением влияния со временем,1,1322,Октябрьский,36,406.72062555948895,157.390869140625,-64.8328251308865,0.05780611668709721,0.5277777777777778,0.0,14641.942520141602
Костромская область,Новости с уменьшением влияния со временем,1,1323,Островский,36,392.06448618570965,125.61865234375,162.85174306233725,0.05924736282069432,0.3333333333333333,0.0,14114.321502685547
Костромская область,Новости с уменьшением влияния со временем,1,1324,Павинский,36,417.7781211005317,158.80401611328125,-152.66200002034506,0.05930417163346243,0.5833333333333334,0.0,15040.01235961914
Костромская область,Новости с уменьшением влияния со временем,1,1325,Парфеньевский,36,527.6065839131674,148.67886352539062,130.25911161634656,0.07578437146739825,0.3888888888888889,0.0,18993.837020874023
Костромская область,Новости с уменьшением влияния со временем,1,1326,Поназыревский,36,458.61571248372394,167.83349609375,-126.95265028211806,0.06686172457544269,0.5277777777777778,0.0,16510.165649414062
Костромская область,Новости с уменьшением влияния со временем,1,1327,Пыщугский,36,344.2085181342231,173.67872619628906,-10.878960503472221,0.04947440002248648,0.4722222222222222,0.0,12391.506652832031
Костромская область,Новости с уменьшением влияния со временем,1,1328,Солигаличский,36,421.0719926622179,174.58935546875,213.6692623562283,0.061652370891520154,0.4444444444444444,0.0,15158.591735839844
Костромская область,Новости с уменьшением влияния со временем,1,1329,Судиславский,36,345.101075914171,173.435791015625,85.34114922417535,0.04958625854298275,0.3888888888888889,0.0,12423.638732910156
Костромская область,Новости с уменьшением влияния со временем,1,1330,Сусанинский,36,482.67920303344727,171.171875,176.76891962687174,0.07257394117388351,0.4722222222222222,0.0,17376.4513092041
Костромская область,Новости с уменьшением влияния со временем,1,1331,Чухломский,36,406.8681644863552,149.35671997070312,-15.964807722303602,0.055803739442958224,0.4444444444444444,0.0,14647.253921508789
Костромская область,Новости с уменьшением влияния со временем,1,2618,Мантуровский,36,406.096307542589,137.013427734375,155.22235361735025,0.05277481109947874,0.4444444444444444,0.0,14619.467071533203
Костромская область,Новости с уменьшением влияния со временем,3,1303,Кострома,36,368.87990575345896,176.94724500324492,-76.24819670755305,0.036110314823059285,0.5,6.211914857435084,13279.676607124522
Костромская область,Новости с уменьшением влияния со временем,3,1304,Буй,36,503.7409254540549,170.19523937129938,290.1515784422232,0.06647071466504159,0.3055555555555556,0.0006466081195400067,18134.673316345976
Костромская область,Новости с уменьшением влияния со временем,3,1305,Волгореченск,36,1280.5998794617444,259.5244819408081,892.1046911525092,0.18526750601042766,0.3333333333333333,-23.512187201002224,46101.5956606228
Костромская область,Новости с уменьшением влияния со временем,3,1306,Галич,36,529.9483341495966,161.8223720551755,343.2633297051588,0.065023227379852,0.3055555555555556,-32.96073869739397,19078.140029385475
Костромская область,Новости с уменьшением влияния со временем,3,1308,Шарья,36,403.04486016042256,191.22425553365065,116.14424128561228,0.0498992873111969,0.4444444444444444,-26.463564723139648,14509.614965775212
Костромская область,Новости с уменьшением влияния со временем,3,1309,Антроповский,36,780.722237926019,337.11184253049737,53.13383113463065,0.11224934228475167,0.4166666666666667,-4.82160188882829,28106.000565336686
Костромская область,Новости с уменьшением влияния со временем,3,1310,Буйский,36,448.86622805155076,236.39580847980457,300.6206975615658,0.05895081302184073,0.3333333333333333,-1.330699656639761,16159.184209855828
Костромская область,Новости с уменьшением влияния со временем,3,1311,Вохомский,36,444.3067635979685,220.38361848435022,12.500104558000897,0.0667511475971608,0.5,11.34423229233105,15995.043489526865
Костромская область,Новости с уменьшением влияния со временем,3,1312,Галичский,36,327.3065585131875,164.4684753720735,39.31617432488801,0.04469043767318677,0.4722222222222222,-21.825833754615417,11783.03610647475
Костромская область,Новости с уменьшением влияния со временем,3,1313,Кадыйский,36,393.6104106000375,291.8746550938894,-49.37408129529227,0.05681785287318148,0.5833333333333334,35.07916629069606,14169.97478160135
Костромская область,Новости с уменьшением влияния со временем,3,1314,Кологривский,36,424.86316583617804,216.72379470430735,-2.405278726810118,0.05993860768363545,0.5277777777777778,4.066323723419408,15295.07397010241
Костромская область,Новости с уменьшением влияния со временем,3,1315,Костромской,36,451.30587430353546,231.30382677762498,-43.35099794462833,0.04704192706125631,0.5555555555555556,3.2489386576190338,16247.011474927276
Костромская область,Новости с уменьшением влияния со временем,3,1316,Красносельский,36,434.09046687629046,182.067966579585,195.62428527074348,0.05572982802937994,0.5,-1.6546911194545575,15627.256807546457
Костромская область,Новости с уменьшением влияния со временем,3,1317,Макарьевский,36,359.4773865080449,138.2794414230732,53.97736067048268,0.055958013345193916,0.5,2.3339648442229364,12941.185914289616
Костромская область,Новости с уменьшением влияния со временем,3,1319,Межевской,36,516.362898587075,261.58088413726875,-19.416624674049267,0.07495378900246648,0.4722222222222222,8.090640095650691,18589.064349134704
Костромская область,Новости с уменьшением влияния со временем,3,1320,Нейский,36,417.82684014507487,143.53565946220806,-26.997743327629227,0.055702405754829674,0.5,-1.2769167781044075,15041.766245222696
Костромская область,Новости с уменьшением влияния со временем,3,1321,Нерехта и Нерехтский,36,417.94732179406014,257.0825148556537,-12.91733811724084,0.054883742488778434,0.4722222222222222,7.7510984126456,15046.103584586164
Костромская область,Новости с уменьшением влияния со временем,3,1322,Октябрьский,36,439.2958513934348,207.98898437826244,-92.15474264352858,0.06243594656866588,0.5277777777777778,1.0399271608457694,15814.650650163654
Костромская область,Новости с уменьшением влияния со временем,3,1323,Островский,36,468.9212665571524,181.47870998600433,207.84652136386848,0.07086168064937008,0.3611111111111111,-8.729986192162086,16881.165596057486
Костромская область,Новости с уменьшением влияния со временем,3,1324,Павинский,36,479.4963479298656,293.96766107198926,-128.24889991663878,0.06806515774532018,0.6111111111111112,2.3207097856563155,17261.86852547516
Костромская область,Новости с уменьшением влияния со временем,3,1325,Парфеньевский,36,559.8155668981738,142.63044960540213,187.02523343264386,0.08041080640120597,0.5,-0.9980974072747872,20153.360408334254
Костромская область,Новости с уменьшением влияния со временем,3,1326,Поназыревский,36,509.49833159248857,170.45067286482168,-140.40795127019194,0.07427991713169557,0.5555555555555556,1.2146844936659216,18341.93993732959
Костромская область,Новости с уменьшением влияния со временем,3,1327,Пыщугский,36,376.4397965408003,223.86372539929008,-38.18402713000242,0.054107124307657455,0.6111111111111112,14.772767715655887,13551.83267546881
Костромская область,Новости с уменьшением влияния со временем,3,1328,Солигаличский,36,516.72643576373,200.5363220361778,240.78903767414442,0.07565786949101273,0.5,-10.316152357154685,18602.151687494283
Костромская область,Новости с уменьшением влияния со временем,3,1329,Судиславский,36,324.06858043394266,185.66395188579963,53.7333862906772,0.046564179414646155,0.4166666666666667,-1.700201900685261,11666.468895621936
Костромская область,Новости с уменьшением влияния со временем,3,1330,Сусанинский,36,540.2897939637049,190.39929363685786,222.84201658759505,0.08123606626833359,0.3888888888888889,-11.843095033176557,19450.43258269338
Костромская область,Новости с уменьшением влияния со временем,3,1331,Чухломский,36,494.00133570817354,154.42445588570098,-28.85061019399938,0.06775443307817892,0.5277777777777778,-0.655256623565279,17784.048085494247
Костромская область,Новости с уменьшением влияния со временем,3,2618,Мантуровский,36,481.4118323857076,143.40557210140582,181.6142276417771,0.06256254500059734,0.5,-18.89537239086164,17330.825965885473
Костромская область,Новости с уменьшением влияния со временем,6,1303,Кострома,36,325.36991034613715,158.43603515625,-228.9828864203559,0.03185104342442057,0.6666666666666666,0.0,11713.316772460938
Костромская область,Новости с уменьшением влияния со временем,6,1304,Буй,36,522.2997216118706,200.9627685546875,157.16574944390192,0.06891962516962467,0.3611111111111111,0.0,18802.789978027344
Костромская область,Новости с уменьшением влияния со временем,6,1305,Волгореченск,36,1368.1437445746528,468.3292236328125,1219.766825358073,0.19793269036355982,0.2222222222222222,0.0,49253.1748046875
Костромская область,Новости с уменьшением влияния со временем,6,1306,Галич,36,450.0352308485243,180.5858154296875,267.51416015625,0.055218105726033556,0.4444444444444444,0.0,16201.268310546875
Костромская область,Новости с уменьшением влияния со временем,6,1308,Шарья,36,316.2842076619466,149.526123046875,11.178211636013454,0.0391578161890861,0.5833333333333334,0.0,11386.231475830078
Костромская область,Новости с уменьшением влияния со временем,6,1309,Антроповский,36,875.4503243764242,340.6070556640625,173.44430181715222,0.125868994554678,0.3333333333333333,0.0,31516.21167755127
Костромская область,Новости с уменьшением влияния со временем,6,1310,Буйский,36,472.50928836398657,250.25625610351562,125.21971723768446,0.062055919934857214,0.4166666666666667,0.0,17010.334381103516
Костромская область,Новости с уменьшением влияния со временем,6,1311,Вохомский,36,474.38055843777124,191.66094970703125,-156.52329593234592,0.0712693329650857,0.5277777777777778,0.0,17077.700103759766
Костромская область,Новости с уменьшением влияния со временем,6,1312,Галичский,36,296.34976959228516,200.01370239257812,-37.36095767550998,0.04046359769748905,0.5277777777777778,0.0,10668.591705322266
Костромская область,Новости с уменьшением влияния со временем,6,1313,Кадыйский,36,498.9209096696642,183.9964599609375,-288.32176144917804,0.0720194742759737,0.5833333333333334,0.0,17961.15274810791
Костромская область,Новости с уменьшением влияния со временем,6,1314,Кологривский,36,476.9749575720893,262.2143249511719,-252.5196442074246,0.06729040584293855,0.6111111111111112,0.0,17171.098472595215
Костромская область,Новости с уменьшением влияния со временем,6,1315,Костромской,36,468.10462443033856,235.140625,-236.31632826063367,0.048792946986279145,0.6388888888888888,0.0,16851.766479492188
Костромская область,Новости с уменьшением влияния со временем,6,1316,Красносельский,36,405.8866661919488,191.22528076171875,44.46890428331163,0.052108940030562836,0.5,0.0,14611.919982910156
Костромская область,Новости с уменьшением влияния со временем,6,1317,Макарьевский,36,359.77606752183704,215.1092529296875,-55.39190122816298,0.05600450749693484,0.5277777777777778,0.0,12951.938430786133
Костромская область,Новости с уменьшением влияния со временем,6,1319,Межевской,36,604.801025390625,288.7705078125,-248.43765428331164,0.08779121925616011,0.5833333333333334,0.0,21772.8369140625
Костромская область,Новости с уменьшением влияния со временем,6,1320,Нейский,36,391.50436782836914,135.4923095703125,-158.14872953626843,0.05219323666232637,0.6111111111111112,0.0,14094.157241821289
Костромская область,Новости с уменьшением влияния со временем,6,1321,Нерехта и Нерехтский,36,433.1156412760417,226.08837890625,-269.4151373969184,0.05687560628841489,0.5,0.0,15592.1630859375
Костромская область,Новости с уменьшением влияния со временем,6,1322,Октябрьский,36,494.82321082221137,233.96844482421875,-403.9008017645942,0.0703279019226654,0.6111111111111112,0.0,17813.63558959961
Костромская область,Новости с уменьшением влияния со временем,6,1323,Островский,36,534.610232035319,296.34503173828125,151.33030107286243,0.08078835880597701,0.5,0.0,19245.968353271484
Костромская область,Новости с уменьшением влияния со временем,6,1324,Павинский,36,509.4961802164714,231.048828125,-389.6226687961155,0.07232367467821586,0.7222222222222222,0.0,18341.86248779297
Костромская область,Новости с уменьшением влияния со временем,6,1325,Парфеньевский,36,544.2087355719673,233.667724609375,-14.038264380560982,0.07816907186127288,0.5555555555555556,0.0,19591.51448059082
Костромская область,Новости с уменьшением влияния со временем,6,1326,Поназыревский,36,522.4900394015842,183.41357421875,-351.4982604980469,0.07617398217493634,0.5833333333333334,0.0,18809.64141845703
Костромская область,Новости с уменьшением влияния со временем,6,1327,Пыщугский,36,448.89245859781903,234.782470703125,-204.0522520277235,0.06452102110699579,0.5833333333333334,0.0,16160.128509521484
Костромская область,Новости с уменьшением влияния со временем,6,1328,Солигаличский,36,511.4520780775282,294.76605224609375,301.5786090426975,0.0748856104427955,0.4166666666666667,0.0,18412.274810791016
Костромская область,Новости с уменьшением влияния со временем,6,1329,Судиславский,36,369.6256332397461,160.1982421875,13.289019266764322,0.053110098730895165,0.5555555555555556,0.0,13306.52279663086
Костромская область,Новости с уменьшением влияния со временем,6,1330,Сусанинский,36,525.2817844814724,282.55059814453125,200.40431933932834,0.07897951493888848,0.3611111111111111,0.0,18910.144241333008
Костромская область,Новости с уменьшением влияния со временем,6,1331,Чухломский,36,439.503180609809,227.82098388671875,-180.34257168240018,0.060279773931350915,0.5,0.0,15822.114501953125
Костромская область,Новости с уменьшением влияния со временем,6,2618,Мантуровский,36,392.0797475179036,160.69732666015625,116.7545149061415,0.05095326952466475,0.3888888888888889,0.0,14114.870910644531
Костромская область,Новости с уменьшением влияния со временем,12,1303,Кострома,36,600.925296359592,217.5557861328125,-490.50740220811633,0.05882565381912673,0.6666666666666666,0.0,21633.310668945312
Костромская область,Новости с уменьшением влияния со временем,12,1304,Буй,36,469.30790371365015,148.244384765625,-109.72467888726129,0.06192713393234932,0.4444444444444444,0.0,16895.084533691406
Костромская область,Новости с уменьшением влияния со временем,12,1305,Волгореченск,36,1280.8025546603733,376.54278564453125,1020.6024475097656,0.18529682752543195,0.19444444444444445,0.0,46108.89196777344
Костромская область,Новости с уменьшением влияния со временем,12,1306,Галич,36,336.9334877861871,128.5162353515625,17.766819424099392,0.04134082773062059,0.4166666666666667,0.0,12129.605560302734
Костромская область,Новости с уменьшением влияния со временем,12,1308,Шарья,36,394.2573496500651,103.84750366210938,-237.99304707845053,0.048811342630468414,0.6111111111111112,0.0,14193.264587402344
Костромская область,Новости с уменьшением влияния со временем,12,1309,Антроповский,36,963.2670572068956,266.7041015625,199.40656026204428,0.1384949580830158,0.2222222222222222,0.0,34677.61405944824
Костромская область,Новости с уменьшением влияния со временем,12,1310,Буйский,36,534.7133865356445,167.91485595703125,-148.34620073106555,0.0702253520091466,0.4722222222222222,0.0,19249.681915283203
Костромская область,Новости с уменьшением влияния со временем,12,1311,Вохомский,36,551.7054379781088,194.1932373046875,-324.92007658216687,0.08288636171641967,0.4722222222222222,0.0,19861.395767211914
Костромская область,Новости с уменьшением влияния со временем,12,1312,Галичский,36,509.14757453070746,222.80654907226562,-380.0503116183811,0.0695190100967745,0.6111111111111112,0.0,18329.31268310547
Костромская область,Новости с уменьшением влияния со временем,12,1313,Кадыйский,36,611.6273481580946,201.01284790039062,-482.63743591308594,0.08828870310590677,0.7222222222222222,0.0,22018.584533691406
Костромская область,Новости с уменьшением влияния со временем,12,1314,Кологривский,36,505.124719619751,270.9188232421875,-306.8944212595622,0.07126170220241883,0.5277777777777778,0.0,18184.489906311035
Костромская область,Новости с уменьшением влияния со временем,12,1315,Костромской,36,719.9863789876302,234.7464599609375,-494.9668884277344,0.07504787474282787,0.6111111111111112,0.0,25919.509643554688
Костромская область,Новости с уменьшением влияния со временем,12,1316,Красносельский,36,503.8850335015191,135.18978881835938,-415.2926669650608,0.06469026252912577,0.7222222222222222,0.0,18139.861206054688
Костромская область,Новости с уменьшением влияния со временем,12,1317,Макарьевский,36,376.69499503241644,111.57330322265625,-193.45617124769421,0.058638190746443455,0.6111111111111112,0.0,13561.019821166992
Костромская область,Новости с уменьшением влияния со временем,12,1319,Межевской,36,712.4168650309244,232.0509033203125,-368.041997273763,0.10341243247615302,0.5277777777777778,0.0,25647.00714111328
Костромская область,Новости с уменьшением влияния со временем,12,1320,Нейский,36,571.4089274936252,189.7760009765625,-470.4750794304742,0.07617713577263388,0.6666666666666666,0.0,20570.721389770508
Костромская область,Новости с уменьшением влияния со временем,12,1321,Нерехта и Нерехтский,36,760.7889438205295,354.240234375,-627.5414360894097,0.09990480212128276,0.7222222222222222,0.0,27388.401977539062
Костромская область,Новости с уменьшением влияния со временем,12,1322,Октябрьский,36,823.6014887491862,521.3165893554688,-702.9563573201498,0.1170562808237491,0.6944444444444444,0.0,29649.653594970703
Костромская область,Новости с уменьшением влияния со временем,12,1323,Островский,36,507.4532767401801,215.28839111328125,-184.86883460150824,0.07668449824178823,0.5,0.0,18268.317962646484
Костромская область,Новости с уменьшением влияния со временем,12,1324,Павинский,36,637.526831732856,200.53927612304688,-495.1111704508464,0.09049779952676104,0.5833333333333334,0.0,22950.965942382812
Костромская область,Новости с уменьшением влияния со временем,12,1325,Парфеньевский,36,590.9488508436415,307.287109375,-276.50547790527344,0.0848827300417791,0.5833333333333334,0.0,21274.158630371094
Костромская область,Новости с уменьшением влияния со временем,12,1326,Поназыревский,36,735.56140560574,398.99560546875,-535.195189581977,0.10723772162882858,0.6111111111111112,0.0,26480.21060180664
Костромская область,Новости с уменьшением влияния со временем,12,1327,Пыщугский,36,551.576661851671,274.1878662109375,-257.47552659776477,0.0792802123533622,0.5833333333333334,0.0,19856.759826660156
Костромская область,Новости с уменьшением влияния со временем,12,1328,Солигаличский,36,526.3646562364366,260.499755859375,231.5387725830078,0.07706907506552889,0.3055555555555556,0.0,18949.12762451172
Костромская область,Новости с уменьшением влияния со временем,12,1329,Судиславский,36,490.2572970920139,227.38357543945312,-291.0129208034939,0.0704432028262774,0.6944444444444444,0.0,17649.2626953125
Костромская область,Новости с уменьшением влияния со временем,12,1330,Сусанинский,36,524.322395324707,283.41796875,-12.80757310655382,0.07883526457179502,0.5277777777777778,0.0,18875.606231689453
Костромская область,Новости с уменьшением влияния со временем,12,1331,Чухломский,36,477.5005917019314,162.8740234375,-415.25679355197485,0.06549128422675246,0.6666666666666666,0.0,17190.02130126953
Костромская область,Новости с уменьшением влияния со временем,12,2618,Мантуровский,36,404.435553656684,275.80096435546875,-19.861312866210938,0.05255898551578474,0.4722222222222222,0.0,14559.679931640625
Костромская область,Только количество новостей,1,1303,Кострома,36,318.91034613715277,180.5255126953125,-63.626749674479164,0.031218705111685018,0.4444444444444444,0.0,11480.7724609375
Костромская область,Только количество новостей,1,1304,Буй,36,457.50218794080945,146.27850341796875,279.9786554972331,0.0603693205308558,0.25,0.0,16470.07876586914
Костромская область,Только количество новостей,1,1305,Волгореченск,36,947.1639251708984,197.57159423828125,537.2249637179905,0.1370285137565498,0.3333333333333333,0.0,34097.901306152344
Костромская область,Только количество новостей,1,1306,Галич,36,429.78670501708984,120.27215576171875,264.4707090589735,0.052733666367700736,0.3333333333333333,0.0,15472.321380615234
Костромская область,Только количество новостей,1,1308,Шарья,36,322.9789462619358,116.91497802734375,108.8351813422309,0.039986663590194885,0.3611111111111111,0.0,11627.242065429688
Костромская область,Только количество новостей,1,1309,Антроповский,36,581.1293070051405,100.98934936523438,27.83623610602485,0.08355261234393307,0.4166666666666667,0.0,20920.65505218506
Костромская область,Только количество новостей,1,1310,Буйский,36,403.92176225450305,199.7530517578125,282.99874793158637,0.053048135043438686,0.3055555555555556,0.0,14541.18344116211
Костромская область,Только количество новостей,1,1311,Вохомский,36,398.04326799180774,142.40435791015625,22.126758151584202,0.05980067626388678,0.4166666666666667,0.0,14329.557647705078
Костромская область,Только количество новостей,1,1312,Галичский,36,261.18989902072485,175.59747314453125,-28.68631150987413,0.035662868950978706,0.5,0.0,9402.836364746094
Костромская область,Только количество новостей,1,1313,Кадыйский,36,346.62806532118054,126.626220703125,21.26195780436198,0.050035928640990324,0.4722222222222222,0.0,12478.6103515625
Костромская область,Только количество новостей,1,1314,Кологривский,36,366.2756699456109,231.99658203125,10.732919057210287,0.05167323376156342,0.4444444444444444,0.0,13185.924118041992
Костромская область,Только количество новостей,1,1315,Костромской,36,383.91955905490454,226.16094970703125,-61.603607177734375,0.040017905643974956,0.5,0.0,13821.104125976562
Костромская область,Только количество новостей,1,1316,Красносельский,36,369.8749542236328,121.8919677734375,140.8584238688151,0.04748564910809769,0.4444444444444444,0.0,13315.498352050781
Костромская область,Только количество новостей,1,1317,Макарьевский,36,326.8334138658312,138.15374755859375,65.39643944634332,0.05087649243369074,0.4722222222222222,0.0,11766.002899169922
Костромская область,Только количество новостей,1,1319,Межевской,36,453.34406195746527,231.48406982421875,1.4123899671766493,0.06580615156212828,0.4444444444444444,0.0,16320.38623046875
Костромская область,Только количество новостей,1,1320,Нейский,36,378.2310040791829,177.57354736328125,-7.099927690294054,0.050423703874456875,0.4444444444444444,0.0,13616.316146850586
Костромская область,Только количество новостей,1,1321,Нерехта и Нерехтский,36,323.24610222710504,216.56784057617188,15.326349894205729,0.04244782753716384,0.3611111111111111,0.0,11636.859680175781
Костромская область,Только количество новостей,1,1322,Октябрьский,36,406.72062555948895,157.390869140625,-64.8328251308865,0.05780611668709721,0.5277777777777778,0.0,14641.942520141602
Костромская область,Только количество новостей,1,1323,Островский,36,392.06448618570965,125.61865234375,162.85174306233725,0.05924736282069432,0.3333333333333333,0.0,14114.321502685547
Костромская область,Только количество новостей,1,1324,Павинский,36,417.7781211005317,158.80401611328125,-152.66200002034506,0.05930417163346243,0.5833333333333334,0.0,15040.01235961914
Костромская область,Только количество новостей,1,1325,Парфеньевский,36,527.6065839131674,148.67886352539062,130.25911161634656,0.07578437146739825,0.3888888888888889,0.0,18993.837020874023
Костромская область,Только количество новостей,1,1326,Поназыревский,36,458.61571248372394,167.83349609375,-126.95265028211806,0.06686172457544269,0.5277777777777778,0.0,16510.165649414062
Костромская область,Только количество новостей,1,1327,Пыщугский,36,344.2085181342231,173.67872619628906,-10.878960503472221,0.04947440002248648,0.4722222222222222,0.0,12391.506652832031
Костромская область,Только количество новостей,1,1328,Солигаличский,36,421.0719926622179,174.58935546875,213.6692623562283,0.061652370891520154,0.4444444444444444,0.0,15158.591735839844
Костромская область,Только количество новостей,1,1329,Судиславский,36,345.101075914171,173.435791015625,85.34114922417535,0.04958625854298275,0.3888888888888889,0.0,12423.638732910156
Костромская область,Только количество новостей,1,1330,Сусанинский,36,482.67920303344727,171.171875,176.76891962687174,0.07257394117388351,0.4722222222222222,0.0,17376.4513092041
Костромская область,Только количество новостей,1,1331,Чухломский,36,406.8681644863552,149.35671997070312,-15.964807722303602,0.055803739442958224,0.4444444444444444,0.0,14647.253921508789
Костромская область,Только количество новостей,1,2618,Мантуровский,36,406.096307542589,137.013427734375,155.22235361735025,0.05277481109947874,0.4444444444444444,0.0,14619.467071533203
Костромская область,Только количество новостей,3,1303,Кострома,36,351.30073362465714,179.26328545205888,-93.60721174270188,0.03438945817026008,0.5277777777777778,23.791086986237,12646.826410487656
Костромская область,Только количество новостей,3,1304,Буй,36,482.40657431205636,145.5296570559085,269.6011038862439,0.0636555581120072,0.3055555555555556,21.33499775011822,17366.63667523403
Костромская область,Только количество новостей,3,1305,Волгореченск,36,1266.0445524605962,259.69566651276034,872.4450381286013,0.18316175137471552,0.3333333333333333,-8.956860199853939,45577.60388858146
Костромская область,Только количество новостей,3,1306,Галич,36,507.99570082871946,156.39206596045506,321.60094694848215,0.06232969864124299,0.3055555555555556,-11.008105376516871,18287.8452298339
Костромская область,Только количество новостей,3,1308,Шарья,36,382.1371657698557,191.91058259752364,95.06685331118054,0.047310793690426386,0.4444444444444444,-5.55587033257272,13756.937967714804
Костромская область,Только количество новостей,3,1309,Антроповский,36,764.4435334237579,195.00602217834012,36.47628525863666,0.10990885064142308,0.4166666666666667,11.457102613432813,27519.967203255284
Костромская область,Только количество новостей,3,1310,Буйский,36,431.5244779256139,229.7136383431316,280.1508872094072,0.05667327418007209,0.3333333333333333,16.011050469297125,15534.8812053221
Костромская область,Только количество новостей,3,1311,Вохомский,36,433.4941293529942,185.21478604702634,-3.8852191335040325,0.06512669394591394,0.5,22.156866537305273,15605.788656707791
Костромская область,Только количество новостей,3,1312,Галичский,36,315.87612614339065,167.96264300999724,20.41306392718859,0.04312972643134527,0.5,-10.395401384818603,11371.540541162063
Костромская область,Только количество новостей,3,1313,Кадыйский,36,404.9525620511344,294.014470223363,-66.40105034010054,0.05845509791309635,0.5833333333333334,23.73701483959907,14578.292233840839
Костромская область,Только количество новостей,3,1314,Кологривский,36,413.6798462420387,217.45547174599358,-19.60374357102966,0.05836089358729909,0.5277777777777778,15.249643317558688,14892.474464713394
Костромская область,Только количество новостей,3,1315,Костромской,36,430.5555772333914,230.52033462292422,-68.75308062528819,0.044879017121784534,0.5555555555555556,23.999235727763068,15500.00078040209
Костромская область,Только количество новостей,3,1316,Красносельский,36,416.6292121270869,182.4294247342657,174.87648681889334,0.053488100097981627,0.5,15.806563629749084,14998.651636575127
Костромская область,Только количество новостей,3,1317,Макарьевский,36,346.4821032516804,118.37687678696642,38.05622756424922,0.05393510380713333,0.5,15.329248100587314,12473.355717060496
Костромская область,Только количество новостей,3,1319,Межевской,36,505.34811664775276,220.14457496363366,-36.48918080079181,0.07335491417306407,0.4722222222222222,19.105422034972833,18192.5321993191
Костромская область,Только количество новостей,3,1320,Нейский,36,401.6600077401518,142.80653537922024,-45.60856702641389,0.0535471314357441,0.5,14.889915626818755,14459.760278645464
Костромская область,Только количество новостей,3,1321,Нерехта и Нерехтский,36,404.5826848358299,257.21249360425395,-32.87761430174227,0.05312873353185313,0.4722222222222222,21.115735370875882,14564.976654089876
Костромская область,Только количество новостей,3,1322,Октябрьский,36,427.664775676046,207.0578138778394,-109.33327241484501,0.06078285282848254,0.5277777777777778,12.67100287823454,15395.931924337656
Костромская область,Только количество новостей,3,1323,Островский,36,452.58248308240195,166.70246905883516,190.83662972425344,0.06839262296451062,0.3611111111111111,7.608797282588262,16292.969390966471
Костромская область,Только количество новостей,3,1324,Павинский,36,467.6076424821806,292.8689056879467,-145.47560755771917,0.06637753986214355,0.6111111111111112,14.209415233341357,16833.8751293585
Костромская область,Только количество новостей,3,1325,Парфеньевский,36,544.6428818424142,144.18930127753714,169.30744283383936,0.07823143177722902,0.5,14.174587648484765,19607.14374632691
Костромская область,Только количество новостей,3,1326,Поназыревский,36,494.494771389599,170.17365978051845,-157.92192684970058,0.07209254351445983,0.5833333333333334,16.21824469655557,17801.811770025564
Костромская область,Только количество новостей,3,1327,Пыщугский,36,369.605716333196,205.1429088902542,-55.051066567777724,0.05312483595579011,0.6388888888888888,21.60684792326013,13305.805787995057
Костромская область,Только количество новостей,3,1328,Солигаличский,36,499.83599238461284,198.93480560813668,223.72864656442525,0.07318481049426556,0.5,6.574291021962649,17994.095725846062
Костромская область,Только количество новостей,3,1329,Судиславский,36,305.86030658973567,109.65397849284739,36.06181162432767,0.0439479019311044,0.4166666666666667,16.508071943521784,11010.971037230483
Костромская область,Только количество новостей,3,1330,Сусанинский,36,523.4436824899532,190.13485811027903,205.93376930994577,0.07870314441170238,0.3888888888888889,5.003016440575149,18843.972569638314
Костромская область,Только количество новостей,3,1331,Чухломский,36,481.27562718318524,155.46202018199796,-47.23322780943784,0.06600904677189963,0.5277777777777778,12.070451901422972,17325.92257859467
Костромская область,Только количество новостей,3,2618,Мантуровский,36,461.89016761484606,141.57012946794555,161.7028834577349,0.06002557987312812,0.5,0.6262923799998042,16628.04603413446
Костромская область,Только количество новостей,6,1303,Кострома,36,332.45648765343094,191.1176559596172,-61.01575539259108,0.032544761172644446,0.5833333333333334,-7.086577307293788,11968.433555523514
Костромская область,Только количество новостей,6,1304,Буй,36,443.9928028254944,182.58763374724435,198.12656625108545,0.05858670085886695,0.3611111111111111,78.30691878637626,15983.740901717798
Костромская область,Только количество новостей,6,1305,Волгореченск,36,1353.4109919299326,242.98240875727322,1256.5338433169263,0.19580126712751902,0.25,14.732752644720344,48722.79570947758
Костромская область,Только количество новостей,6,1306,Галич,36,439.2427191109894,168.30868109677135,321.23194666912616,0.053893893723677574,0.4166666666666667,10.792511737534852,15812.73788799562
Костромская область,Только количество новостей,6,1308,Шарья,36,308.1185998362716,173.70835045486092,60.00129767592672,0.03814686666152796,0.5277777777777778,8.165607825675004,11092.269594105777
Костромская область,Только количество новостей,6,1309,Антроповский,36,866.3402759520706,317.7892275809006,185.61016330606657,0.12455918564423572,0.3888888888888889,9.110048424353637,31188.24993427454
Костромская область,Только количество новостей,6,1310,Буйский,36,380.86980051628956,214.77567099425664,183.05475704478016,0.050020658701288974,0.3611111111111111,91.63948784769701,13711.312818586424
Костромская область,Только количество новостей,6,1311,Вохомский,36,445.8307911965444,279.32702335272063,-99.41323138515041,0.06698011235644306,0.5555555555555556,28.549767241226903,16049.908483075598
Костромская область,Только количество новостей,6,1312,Галичский,36,277.485295607002,142.16212074779628,36.516166292051246,0.037887842409521665,0.5277777777777778,18.864473985283173,9989.470641852073
Костромская область,Только количество новостей,6,1313,Кадыйский,36,448.8268855156817,207.86403343840175,-234.47921209145494,0.06478837769530235,0.6111111111111112,50.09402415398251,16157.76787856454
Костромская область,Только количество новостей,6,1314,Кологривский,36,397.84185836243574,244.7285420957719,-192.24322908982825,0.05612651080632688,0.6111111111111112,79.13309920965357,14322.306901047687
Костромская область,Только количество новостей,6,1315,Костромской,36,470.8089276205389,261.2613737382201,-147.27983530343158,0.04907483038436531,0.6111111111111112,-2.704303190200354,16949.1213943394
Костромская область,Только количество новостей,6,1316,Красносельский,36,345.6405163733155,173.40392302680132,111.54659588560133,0.04437435974137733,0.4444444444444444,60.24614981863327,12443.058589439359
Костромская область,Только количество новостей,6,1317,Макарьевский,36,336.6651755233342,203.50602279684608,1.4208321536468054,0.05240695268150109,0.5,23.110891998502844,12119.946318840031
Костромская область,Только количество новостей,6,1319,Межевской,36,581.3133975755712,361.87399424473904,-203.05797047404437,0.08438182112892202,0.6111111111111112,23.48762781505387,20927.282312720563
Костромская область,Только количество новостей,6,1320,Нейский,36,406.112763625425,148.8042884746331,-109.62980697923058,0.05414074867431731,0.5555555555555556,-14.60839579705585,14620.0594905153
Костромская область,Только количество новостей,6,1321,Нерехта и Нерехтский,36,387.48102261490686,226.2726628637157,-196.24557069578887,0.05088298825124167,0.5555555555555556,45.634618661134745,13949.316814136648
Костромская область,Только количество новостей,6,1322,Октябрьский,36,441.60224207518735,222.4234894669562,-315.3210151458983,0.06276374771888298,0.6111111111111112,53.22096874702399,15897.680714706745
Костромская область,Только количество новостей,6,1323,Островский,36,493.2627275302402,242.8273149255183,200.4906405391373,0.07454007392566186,0.4444444444444444,41.34750450507878,17757.458191088648
Костромская область,Только количество новостей,6,1324,Павинский,36,484.7206346074763,209.29450432399767,-307.0645300059559,0.06880675233379525,0.6944444444444444,24.775545608995053,17449.942845869147
Костромская область,Только количество новостей,6,1325,Парфеньевский,36,538.8530302275815,206.91553795639038,62.44422062693305,0.07739978888478208,0.4722222222222222,5.355705344385725,19398.709088192933
Костромская область,Только количество новостей,6,1326,Поназыревский,36,512.8615683451821,136.9646689801042,-309.9348727864412,0.07477024444347206,0.5833333333333334,9.628471056402113,18463.016460426556
Костромская область,Только количество новостей,6,1327,Пыщугский,36,391.1485847601549,234.24545552588938,-157.38525377863957,0.056221274405263755,0.5555555555555556,57.74387383766404,14081.349051365576
Костромская область,Только количество новостей,6,1328,Солигаличский,36,480.9094955127332,224.40788263788295,309.6946607062081,0.07041363733348406,0.4444444444444444,30.542582564795016,17312.741838458394
Костромская область,Только количество новостей,6,1329,Судиславский,36,335.23589944439505,166.89627720374307,56.17959064626988,0.048168768928652704,0.5555555555555556,34.389733795351084,12068.49237999822
Костромская область,Только количество новостей,6,1330,Сусанинский,36,496.89100239617466,226.8834733286481,229.3084966270042,0.07471077716027702,0.3888888888888889,28.390782085297698,17888.07608626229
Костромская область,Только количество новостей,6,1331,Чухломский,36,408.74097990551184,171.37938506863935,-128.01265562572183,0.05606060422815789,0.5555555555555556,30.76220070429718,14714.675276598426
Костромская область,Только количество новостей,6,2618,Мантуровский,36,385.5062590121985,147.16713411876447,155.16182953432502,0.05009900267291111,0.3888888888888889,6.573488505705173,13878.225324439145
Костромская область,Только количество новостей,12,1303,Кострома,36,600.925296359592,217.5557861328125,-490.50740220811633,0.05882565381912673,0.6666666666666666,0.0,21633.310668945312
Костромская область,Только количество новостей,12,1304,Буй,36,469.30790371365015,148.244384765625,-109.72467888726129,0.06192713393234932,0.4444444444444444,0.0,16895.084533691406
Костромская область,Только количество новостей,12,1305,Волгореченск,36,1280.8025546603733,376.54278564453125,1020.6024475097656,0.18529682752543195,0.19444444444444445,0.0,46108.89196777344
Костромская область,Только количество новостей,12,1306,Галич,36,336.9334877861871,128.5162353515625,17.766819424099392,0.04134082773062059,0.4166666666666667,0.0,12129.605560302734
Костромская область,Только количество новостей,12,1308,Шарья,36,394.2573496500651,103.84750366210938,-237.99304707845053,0.048811342630468414,0.6111111111111112,0.0,14193.264587402344
Костромская область,Только количество новостей,12,1309,Антроповский,36,963.2670572068956,266.7041015625,199.40656026204428,0.1384949580830158,0.2222222222222222,0.0,34677.61405944824
Костромская область,Только количество новостей,12,1310,Буйский,36,534.7133865356445,167.91485595703125,-148.34620073106555,0.0702253520091466,0.4722222222222222,0.0,19249.681915283203
Костромская область,Только количество новостей,12,1311,Вохомский,36,551.7054379781088,194.1932373046875,-324.92007658216687,0.08288636171641967,0.4722222222222222,0.0,19861.395767211914
Костромская область,Только количество новостей,12,1312,Галичский,36,509.14757453070746,222.80654907226562,-380.0503116183811,0.0695190100967745,0.6111111111111112,0.0,18329.31268310547
Костромская область,Только количество новостей,12,1313,Кадыйский,36,611.6273481580946,201.01284790039062,-482.63743591308594,0.08828870310590677,0.7222222222222222,0.0,22018.584533691406
Костромская область,Только количество новостей,12,1314,Кологривский,36,505.124719619751,270.9188232421875,-306.8944212595622,0.07126170220241883,0.5277777777777778,0.0,18184.489906311035
Костромская область,Только количество новостей,12,1315,Костромской,36,719.9863789876302,234.7464599609375,-494.9668884277344,0.07504787474282787,0.6111111111111112,0.0,25919.509643554688
Костромская область,Только количество новостей,12,1316,Красносельский,36,503.8850335015191,135.18978881835938,-415.2926669650608,0.06469026252912577,0.7222222222222222,0.0,18139.861206054688
Костромская область,Только количество новостей,12,1317,Макарьевский,36,376.69499503241644,111.57330322265625,-193.45617124769421,0.058638190746443455,0.6111111111111112,0.0,13561.019821166992
Костромская область,Только количество новостей,12,1319,Межевской,36,712.4168650309244,232.0509033203125,-368.041997273763,0.10341243247615302,0.5277777777777778,0.0,25647.00714111328
Костромская область,Только количество новостей,12,1320,Нейский,36,571.4089274936252,189.7760009765625,-470.4750794304742,0.07617713577263388,0.6666666666666666,0.0,20570.721389770508
Костромская область,Только количество новостей,12,1321,Нерехта и Нерехтский,36,760.7889438205295,354.240234375,-627.5414360894097,0.09990480212128276,0.7222222222222222,0.0,27388.401977539062
Костромская область,Только количество новостей,12,1322,Октябрьский,36,823.6014887491862,521.3165893554688,-702.9563573201498,0.1170562808237491,0.6944444444444444,0.0,29649.653594970703
Костромская область,Только количество новостей,12,1323,Островский,36,507.4532767401801,215.28839111328125,-184.86883460150824,0.07668449824178823,0.5,0.0,18268.317962646484
Костромская область,Только количество новостей,12,1324,Павинский,36,637.526831732856,200.53927612304688,-495.1111704508464,0.09049779952676104,0.5833333333333334,0.0,22950.965942382812
Костромская область,Только количество новостей,12,1325,Парфеньевский,36,590.9488508436415,307.287109375,-276.50547790527344,0.0848827300417791,0.5833333333333334,0.0,21274.158630371094
Костромская область,Только количество новостей,12,1326,Поназыревский,36,735.56140560574,398.99560546875,-535.195189581977,0.10723772162882858,0.6111111111111112,0.0,26480.21060180664
Костромская область,Только количество новостей,12,1327,Пыщугский,36,551.576661851671,274.1878662109375,-257.47552659776477,0.0792802123533622,0.5833333333333334,0.0,19856.759826660156
Костромская область,Только количество новостей,12,1328,Солигаличский,36,526.3646562364366,260.499755859375,231.5387725830078,0.07706907506552889,0.3055555555555556,0.0,18949.12762451172
Костромская область,Только количество новостей,12,1329,Судиславский,36,490.2572970920139,227.38357543945312,-291.0129208034939,0.0704432028262774,0.6944444444444444,0.0,17649.2626953125
Костромская область,Только количество новостей,12,1330,Сусанинский,36,524.322395324707,283.41796875,-12.80757310655382,0.07883526457179502,0.5277777777777778,0.0,18875.606231689453
Костромская область,Только количество новостей,12,1331,Чухломский,36,477.5005917019314,162.8740234375,-415.25679355197485,0.06549128422675246,0.6666666666666666,0.0,17190.02130126953
Костромская область,Только количество новостей,12,2618,Мантуровский,36,404.435553656684,275.80096435546875,-19.861312866210938,0.05255898551578474,0.4722222222222222,0.0,14559.679931640625
